{"atividade_principal": [{"text": "Bancos comerciais", "code": "64.21-2-00"}], "data_situacao": "03/11/2005", "nome": "BANCO DO BRASIL SA", "efr": "UNI\u00c3O", "uf": "RJ", "situacao": "ATIVA", "bairro": "CENTRO", "logradouro": "AV RUI BARBOSA", "numero": "904", "cep": "27.910-361", "municipio": "MACAE", "porte": "DEMAIS", "abertura": "01/08/1966", "natureza_juridica": "203-8 - Sociedade de Economia Mista", "fantasia": "MACAE EST.UNIF.", "cnpj": "00.000.000/0051-50", "ultima_atualizacao": "2020-02-07T23:48:17.746Z", "status": "OK", "tipo": "FILIAL", "complemento": "", "email": "", "telefone": "", "motivo_situacao": "", "situacao_especial": "", "data_situacao_especial": "", "atividades_secundarias": [{"code": "00.00-0-00", "text": "N\u00e3o informada"}], "capital_social": "0.00", "qsa": [], "extra": {}, "billing": {"free": false, "database": true}}