{"atividade_principal": [{"text": "Com\u00e9rcio atacadista de m\u00e1quinas, aparelhos e equipamentos para uso odonto-m\u00e9dico-hospitalar; partes e pe\u00e7as", "code": "46.64-8-00"}], "data_situacao": "09/05/2006", "complemento": "GALPOES 5 E 8 SALAS 21 E 22 2 ANDAR EDIF BUS CENTER TAMB", "nome": "GE HEALTHCARE DO BRASIL COMERCIO E SERVICOS PARA EQUIPAMENTOS MEDICO-HOSPITALARES LTDA", "uf": "SP", "telefone": "(11) 3067-8172/ (11) 3067-8154", "email": "tributos.geh@ge.com", "atividades_secundarias": [{"text": "Fabrica\u00e7\u00e3o de aparelhos eletrom\u00e9dicos e eletroterap\u00eauticos e equipamentos de irradia\u00e7\u00e3o", "code": "26.60-4-00"}, {"text": "Manuten\u00e7\u00e3o e repara\u00e7\u00e3o de aparelhos eletrom\u00e9dicos e eletroterap\u00eauticos e equipamentos de irradia\u00e7\u00e3o", "code": "33.12-1-03"}, {"text": "Administra\u00e7\u00e3o de obras", "code": "43.99-1-01"}, {"text": "Representantes comerciais e agentes do com\u00e9rcio de m\u00e1quinas, equipamentos, embarca\u00e7\u00f5es e aeronaves", "code": "46.14-1-00"}, {"text": "Com\u00e9rcio atacadista de medicamentos e drogas de uso humano", "code": "46.44-3-01"}, {"text": "Com\u00e9rcio atacadista de outras m\u00e1quinas e equipamentos n\u00e3o especificados anteriormente; partes e pe\u00e7as", "code": "46.69-9-99"}, {"text": "Desenvolvimento de programas de computador sob encomenda", "code": "62.01-5-01"}, {"text": "Desenvolvimento e licenciamento de programas de computador customiz\u00e1veis", "code": "62.02-3-00"}, {"text": "Desenvolvimento e licenciamento de programas de computador n\u00e3o-customiz\u00e1veis", "code": "62.03-1-00"}, {"text": "Consultoria em tecnologia da informa\u00e7\u00e3o", "code": "62.04-0-00"}, {"text": "Suporte t\u00e9cnico, manuten\u00e7\u00e3o e outros servi\u00e7os em tecnologia da informa\u00e7\u00e3o", "code": "62.09-1-00"}, {"text": "Atividades de consultoria em gest\u00e3o empresarial, exceto consultoria t\u00e9cnica espec\u00edfica", "code": "70.20-4-00"}, {"text": "Aluguel de equipamentos cient\u00edficos, m\u00e9dicos e hospitalares, sem operador", "code": "77.39-0-02"}, {"text": "Treinamento em desenvolvimento profissional e gerencial", "code": "85.99-6-04"}], "situacao": "ATIVA", "bairro": "PARQUE JUBRAM", "logradouro": "AV MARCOS PENTEADO DE ULHOA RODRIGUES", "numero": "690", "cep": "06.460-040", "municipio": "BARUERI", "porte": "DEMAIS", "abertura": "09/05/2006", "natureza_juridica": "206-2 - Sociedade Empres\u00e1ria Limitada", "cnpj": "00.029.372/0003-02", "ultima_atualizacao": "2020-02-08T19:33:58.149Z", "status": "OK", "tipo": "FILIAL", "fantasia": "", "efr": "", "motivo_situacao": "", "situacao_especial": "", "data_situacao_especial": "", "capital_social": "0.00", "qsa": [], "extra": {}, "billing": {"free": false, "database": false}}