{"atividade_principal": [{"text": "Fabrica\u00e7\u00e3o de aparelhos e utens\u00edlios para corre\u00e7\u00e3o de defeitos f\u00edsicos e aparelhos ortop\u00e9dicos em geral sob encomenda", "code": "32.50-7-03"}], "data_situacao": "03/11/2005", "complemento": "1131", "nome": "BIO ENGENHARIA E INDUSTRIA DE IMPLANTES ORTOPEDICOS LTDA.", "uf": "RS", "telefone": "(51) 3588-0880", "email": "bioengenharia@bioengenharia.com.br", "atividades_secundarias": [{"text": "Fabrica\u00e7\u00e3o de aparelhos e utens\u00edlios para corre\u00e7\u00e3o de defeitos f\u00edsicos e aparelhos ortop\u00e9dicos em geral, exceto sob encomenda", "code": "32.50-7-04"}, {"text": "Com\u00e9rcio atacadista de pr\u00f3teses e artigos de ortopedia", "code": "46.45-1-02"}, {"text": "Manuten\u00e7\u00e3o e repara\u00e7\u00e3o de equipamentos e produtos n\u00e3o especificados anteriormente", "code": "33.19-8-00"}], "qsa": [{"qual": "49-S\u00f3cio-Administrador", "nome": "EDUARDO ALVES COSTA"}, {"qual": "22-S\u00f3cio", "nome": "MAGDA ALVES COSTA"}], "situacao": "ATIVA", "bairro": "JARDIM AMERICA", "logradouro": "AV SAO BORJA", "numero": "1123", "cep": "93.032-295", "municipio": "SAO LEOPOLDO", "porte": "DEMAIS", "abertura": "23/06/1994", "natureza_juridica": "206-2 - Sociedade Empres\u00e1ria Limitada", "fantasia": "BIO ENGENHARIA", "cnpj": "00.097.446/0001-86", "ultima_atualizacao": "2020-02-08T18:53:06.103Z", "status": "OK", "tipo": "MATRIZ", "efr": "", "motivo_situacao": "", "situacao_especial": "", "data_situacao_especial": "", "capital_social": "0.00", "extra": {}, "billing": {"free": false, "database": false}}