{"atividade_principal": [{"text": "Com\u00e9rcio atacadista de instrumentos e materiais para uso m\u00e9dico, cir\u00fargico, hospitalar e de laborat\u00f3rios", "code": "46.45-1-01"}], "data_situacao": "03/11/2005", "complemento": "CASA", "nome": "EUROPA MEDICO SERVICE LTDA", "uf": "PE", "telefone": "(81) 3423-6182/ (81) 3231-4191", "email": "financeiro@mtwems.com.br", "atividades_secundarias": [{"text": "Com\u00e9rcio atacadista de m\u00e1quinas, aparelhos e equipamentos para uso odonto-m\u00e9dico-hospitalar; partes e pe\u00e7as", "code": "46.64-8-00"}, {"text": "Manuten\u00e7\u00e3o e repara\u00e7\u00e3o de equipamentos e produtos n\u00e3o especificados anteriormente", "code": "33.19-8-00"}], "qsa": [{"qual": "49-S\u00f3cio-Administrador", "nome": "EDNA KOTZIAS BANDEIRA"}, {"qual": "49-S\u00f3cio-Administrador", "nome": "LEONIDAS KOTZIAS"}], "situacao": "ATIVA", "bairro": "BOA VIAGEM", "logradouro": "R WALDEMAR NERY CARNEIRO MONTEIRO", "numero": "795", "cep": "51.130-100", "municipio": "RECIFE", "porte": "EMPRESA DE PEQUENO PORTE", "abertura": "22/07/1994", "natureza_juridica": "206-2 - Sociedade Empres\u00e1ria Limitada", "cnpj": "00.118.694/0001-66", "ultima_atualizacao": "2020-02-08T03:44:54.686Z", "status": "OK", "tipo": "MATRIZ", "fantasia": "", "efr": "", "motivo_situacao": "", "situacao_especial": "", "data_situacao_especial": "", "capital_social": "200000.00", "extra": {}, "billing": {"free": false, "database": true}}