{"atividade_principal": [{"text": "Seguridade social obrigat\u00f3ria", "code": "84.30-2-00"}], "data_situacao": "27/02/1999", "complemento": "BL F ALA B SL 407", "nome": "MINISTERIO DA PREVIDENCIA SOCIAL", "efr": "UNI\u00c3O", "uf": "DF", "situacao": "ATIVA", "bairro": "PLANO PILOTO", "logradouro": "ESP DOS MINIST ED ANEX", "cep": "70.059-900", "municipio": "BRASILIA", "porte": "DEMAIS", "abertura": "08/06/1993", "natureza_juridica": "101-5 - \u00d3rg\u00e3o P\u00fablico do Poder Executivo Federal", "fantasia": "COORDENACAO GERAL DE SERVICOS GERAIS", "cnpj": "00.394.528/0005-16", "ultima_atualizacao": "2020-02-08T01:08:06.696Z", "status": "OK", "tipo": "FILIAL", "numero": "", "email": "", "telefone": "", "motivo_situacao": "", "situacao_especial": "", "data_situacao_especial": "", "atividades_secundarias": [{"code": "00.00-0-00", "text": "N\u00e3o informada"}], "capital_social": "0.00", "qsa": [], "extra": {}, "billing": {"free": false, "database": true}}