{"atividade_principal": [{"text": "Fabrica\u00e7\u00e3o de instrumentos n\u00e3o-eletr\u00f4nicos e utens\u00edlios para uso m\u00e9dico, cir\u00fargico, odontol\u00f3gico e de laborat\u00f3rio", "code": "32.50-7-01"}], "data_situacao": "03/11/2005", "nome": "ITS MATERIAL CIRURGICO EIRELI", "uf": "RS", "telefone": "(51) 3066-0200", "email": "tassilo@its-mc.com", "atividades_secundarias": [{"text": "Fabrica\u00e7\u00e3o de aparelhos eletrom\u00e9dicos e eletroterap\u00eauticos e equipamentos de irradia\u00e7\u00e3o", "code": "26.60-4-00"}, {"text": "Com\u00e9rcio atacadista de instrumentos e materiais para uso m\u00e9dico, cir\u00fargico, hospitalar e de laborat\u00f3rios", "code": "46.45-1-01"}, {"text": "Com\u00e9rcio atacadista de m\u00e1quinas, aparelhos e equipamentos para uso odonto-m\u00e9dico-hospitalar; partes e pe\u00e7as", "code": "46.64-8-00"}], "qsa": [{"qual": "65-Titular Pessoa F\u00edsica Residente ou Domiciliado no Brasil", "nome": "TASSILO SCHMIEDT"}], "situacao": "ATIVA", "bairro": "FLORESTA RONDONIA", "logradouro": "R JOAO DANIEL HILLEBRAND", "numero": "837", "cep": "93.415-520", "municipio": "NOVO HAMBURGO", "porte": "EMPRESA DE PEQUENO PORTE", "abertura": "05/05/1995", "natureza_juridica": "230-5 - Empresa Individual de Responsabilidade Limitada (de Natureza Empres\u00e1ria)", "cnpj": "00.581.295/0001-37", "ultima_atualizacao": "2020-02-08T17:04:06.102Z", "status": "OK", "tipo": "MATRIZ", "fantasia": "", "complemento": "", "efr": "", "motivo_situacao": "", "situacao_especial": "", "data_situacao_especial": "", "capital_social": "93700.00", "extra": {}, "billing": {"free": false, "database": true}}