{"atividade_principal": [{"text": "Com\u00e9rcio atacadista de instrumentos e materiais para uso m\u00e9dico, cir\u00fargico, hospitalar e de laborat\u00f3rios", "code": "46.45-1-01"}], "data_situacao": "03/11/2005", "complemento": "SIA SUL", "nome": "PMH PRODUTOS MEDICOS HOSPITALARES LTDA", "uf": "DF", "telefone": "(61) 3326-3145", "email": "oculta.fm@hotmail.com", "atividades_secundarias": [{"text": "Com\u00e9rcio varejista de artigos m\u00e9dicos e ortop\u00e9dicos", "code": "47.73-3-00"}, {"text": "Aluguel de equipamentos cient\u00edficos, m\u00e9dicos e hospitalares, sem operador", "code": "77.39-0-02"}, {"text": "Representantes comerciais e agentes do com\u00e9rcio de instrumentos e materiais odonto-m\u00e9dico-hospitalares", "code": "46.18-4-02"}, {"text": "Manuten\u00e7\u00e3o e repara\u00e7\u00e3o de equipamentos e produtos n\u00e3o especificados anteriormente", "code": "33.19-8-00"}, {"text": "Com\u00e9rcio atacadista de pr\u00f3teses e artigos de ortopedia", "code": "46.45-1-02"}, {"text": "Com\u00e9rcio atacadista de cosm\u00e9ticos e produtos de perfumaria", "code": "46.46-0-01"}], "qsa": [{"qual": "49-S\u00f3cio-Administrador", "nome": "ADRIANA DA SILVA ALMEIDA XAVIER"}, {"qual": "49-S\u00f3cio-Administrador", "nome": "DALVA DA SILVA ALMEIDA"}, {"qual": "49-S\u00f3cio-Administrador", "nome": "ANDRE DA SILVA ALMEIDA"}, {"qual": "49-S\u00f3cio-Administrador", "nome": "ANDREA ALMEIDA ANDRADE"}], "situacao": "ATIVA", "bairro": "GUARA", "logradouro": "ST DE INDUSTRIA E ABASTECIMENTO TRECHO 17 RUA 8 LOTE 170", "numero": "SN", "cep": "71.200-222", "municipio": "BRASILIA", "porte": "DEMAIS", "abertura": "12/03/1984", "natureza_juridica": "206-2 - Sociedade Empres\u00e1ria Limitada", "cnpj": "00.740.696/0001-92", "ultima_atualizacao": "2020-02-08T18:48:46.397Z", "status": "OK", "tipo": "MATRIZ", "fantasia": "", "efr": "", "motivo_situacao": "", "situacao_especial": "", "data_situacao_especial": "", "capital_social": "6000000.00", "extra": {}, "billing": {"free": false, "database": false}}