{"atividade_principal": [{"text": "Com\u00e9rcio varejista especializado de equipamentos e suprimentos de inform\u00e1tica", "code": "47.51-2-01"}], "data_situacao": "03/11/2005", "nome": "CS E CS COMERCIO E SERVICOS EIRELI", "uf": "RJ", "qsa": [{"qual": "65-Titular Pessoa F\u00edsica Residente ou Domiciliado no Brasil", "nome": "LUCIA MARIA MOLINA SOARES"}], "situacao": "ATIVA", "bairro": "ABOLICAO", "logradouro": "AV DOM HELDER CAMARA", "numero": "7659", "cep": "20.751-000", "municipio": "RIO DE JANEIRO", "porte": "EMPRESA DE PEQUENO PORTE", "abertura": "18/04/1996", "natureza_juridica": "230-5 - Empresa Individual de Responsabilidade Limitada (de Natureza Empres\u00e1ria)", "cnpj": "01.165.267/0001-00", "ultima_atualizacao": "2020-02-08T17:11:33.104Z", "status": "OK", "tipo": "MATRIZ", "fantasia": "", "complemento": "", "email": "", "telefone": "", "efr": "", "motivo_situacao": "", "situacao_especial": "", "data_situacao_especial": "", "atividades_secundarias": [{"code": "00.00-0-00", "text": "N\u00e3o informada"}], "capital_social": "180000.00", "extra": {}, "billing": {"free": false, "database": true}}