{"atividade_principal": [{"text": "Com\u00e9rcio atacadista de instrumentos e materiais para uso m\u00e9dico, cir\u00fargico, hospitalar e de laborat\u00f3rios", "code": "46.45-1-01"}], "data_situacao": "10/12/2012", "complemento": "131 SETOR 1 PARTE 8", "nome": "AUTO SUTURE DO BRASIL LTDA.", "uf": "SP", "telefone": "(11) 2187-6204/ (11) 5083-3108", "email": "vanessa.a.marinho@medtronic.com", "atividades_secundarias": [{"text": "Manuten\u00e7\u00e3o e repara\u00e7\u00e3o de aparelhos eletrom\u00e9dicos e eletroterap\u00eauticos e equipamentos de irradia\u00e7\u00e3o", "code": "33.12-1-03"}, {"text": "Com\u00e9rcio atacadista de equipamentos de inform\u00e1tica", "code": "46.51-6-01"}, {"text": "Com\u00e9rcio atacadista de m\u00e1quinas, aparelhos e equipamentos para uso odonto-m\u00e9dico-hospitalar; partes e pe\u00e7as", "code": "46.64-8-00"}, {"text": "Suporte t\u00e9cnico, manuten\u00e7\u00e3o e outros servi\u00e7os em tecnologia da informa\u00e7\u00e3o", "code": "62.09-1-00"}], "situacao": "ATIVA", "bairro": "PARQUE INDUSTRIAL ANHANGUERA", "logradouro": "PC AGRICOLA LA PAZ TRISTANTE", "numero": "121", "cep": "06.276-035", "municipio": "OSASCO", "porte": "DEMAIS", "abertura": "10/12/2012", "natureza_juridica": "206-2 - Sociedade Empres\u00e1ria Limitada", "fantasia": "AUTO SUTURE DO BRASIL LTDA", "cnpj": "01.645.409/0003-90", "ultima_atualizacao": "2020-02-08T18:52:40.464Z", "status": "OK", "tipo": "FILIAL", "efr": "", "motivo_situacao": "", "situacao_especial": "", "data_situacao_especial": "", "capital_social": "0.00", "qsa": [], "extra": {}, "billing": {"free": false, "database": false}}