{"atividade_principal": [{"text": "Administra\u00e7\u00e3o de caixas escolares", "code": "85.50-3-01"}], "data_situacao": "28/06/1999", "nome": "CONSELHO ESCOLAR DA ESCOLA MUNICIPAL JOFFRE FROSSARD", "uf": "RJ", "atividades_secundarias": [{"text": "Outras atividades de ensino n\u00e3o especificadas anteriormente", "code": "85.99-6-99"}], "qsa": [{"qual": "16-Presidente", "nome": "NORMA CRISTINA MALDONADO"}], "situacao": "ATIVA", "bairro": "CENTRO", "logradouro": "R DR. TELIO BARRETO", "numero": "994", "cep": "27.937-300", "municipio": "MACAE", "porte": "DEMAIS", "abertura": "26/05/1997", "natureza_juridica": "399-9 - Associa\u00e7\u00e3o Privada", "fantasia": "CE EMJF", "cnpj": "01.858.629/0001-30", "ultima_atualizacao": "2020-02-08T19:00:10.191Z", "status": "OK", "tipo": "MATRIZ", "complemento": "", "email": "", "telefone": "", "efr": "", "motivo_situacao": "", "situacao_especial": "", "data_situacao_especial": "", "capital_social": "0.00", "extra": {}, "billing": {"free": false, "database": false}}