{"atividade_principal": [{"text": "Administra\u00e7\u00e3o de caixas escolares", "code": "85.50-3-01"}], "data_situacao": "28/06/1999", "nome": "CONSELHO ESCOLAR DA ESCOLA MUNICIPAL ENGENHO DA PRAIA", "uf": "RJ", "telefone": "(22) 9905-9136", "email": "gestaodasuexs@gmail.com", "atividades_secundarias": [{"text": "Outras atividades de ensino n\u00e3o especificadas anteriormente", "code": "85.99-6-99"}], "qsa": [{"qual": "16-Presidente", "nome": "IVONE DE JESUS RODRIGUES"}], "situacao": "ATIVA", "bairro": "LAGOMAR", "logradouro": "R CEARA", "numero": "SN", "cep": "27.966-056", "municipio": "MACAE", "porte": "DEMAIS", "abertura": "02/06/1997", "natureza_juridica": "399-9 - Associa\u00e7\u00e3o Privada", "fantasia": "CE EMEP", "cnpj": "01.869.120/0001-92", "ultima_atualizacao": "2020-02-08T18:37:35.496Z", "status": "OK", "tipo": "MATRIZ", "complemento": "", "efr": "", "motivo_situacao": "", "situacao_especial": "", "data_situacao_especial": "", "capital_social": "0.00", "extra": {}, "billing": {"free": false, "database": false}}