{"atividade_principal": [{"text": "Administra\u00e7\u00e3o de caixas escolares", "code": "85.50-3-01"}], "data_situacao": "28/06/1999", "nome": "CONSELHO ESCOLAR DA ESCOLA MUNICIPAL PEDRO ADAMI", "uf": "RJ", "telefone": "(22) 2796-1138", "email": "gestaodasuexs@gmail.com", "atividades_secundarias": [{"text": "Outras atividades de ensino n\u00e3o especificadas anteriormente", "code": "85.99-6-99"}], "qsa": [{"qual": "16-Presidente", "nome": "ANA CRISTINA PINHEIRO"}], "situacao": "ATIVA", "bairro": "CORREGO DO OURO", "logradouro": "R PEDRO ADAMI", "numero": "108", "cep": "27.980-000", "municipio": "MACAE", "porte": "DEMAIS", "abertura": "27/05/1997", "natureza_juridica": "399-9 - Associa\u00e7\u00e3o Privada", "fantasia": "CE EMPA", "cnpj": "01.862.360/0001-65", "ultima_atualizacao": "2020-02-08T18:55:25.222Z", "status": "OK", "tipo": "MATRIZ", "complemento": "", "efr": "", "motivo_situacao": "", "situacao_especial": "", "data_situacao_especial": "", "capital_social": "0.00", "extra": {}, "billing": {"free": false, "database": false}}