{"atividade_principal": [{"text": "Administra\u00e7\u00e3o de caixas escolares", "code": "85.50-3-01"}], "data_situacao": "28/06/1999", "nome": "CONSELHO ESCOLAR DA ESCOLA ESTADUAL MUNICIPALIZADA JACYRA TAVARES DUVAL", "uf": "RJ", "atividades_secundarias": [{"text": "Outras atividades de ensino n\u00e3o especificadas anteriormente", "code": "85.99-6-99"}], "qsa": [{"qual": "16-Presidente", "nome": "LUZENILDA VIEIRA HELENOS"}], "situacao": "ATIVA", "bairro": "NOVO CAVALEIRO", "logradouro": "AV PASSARGADA", "numero": "34", "cep": "27.930-300", "municipio": "MACAE", "porte": "DEMAIS", "abertura": "04/06/1997", "natureza_juridica": "399-9 - Associa\u00e7\u00e3o Privada", "fantasia": "CE EEMJTD", "cnpj": "01.877.498/0001-38", "ultima_atualizacao": "2020-02-08T00:47:52.579Z", "status": "OK", "tipo": "MATRIZ", "complemento": "", "email": "", "telefone": "", "efr": "", "motivo_situacao": "", "situacao_especial": "", "data_situacao_especial": "", "capital_social": "0.00", "extra": {}, "billing": {"free": false, "database": true}}