{"atividade_principal": [{"text": "Administra\u00e7\u00e3o de caixas escolares", "code": "85.50-3-01"}], "data_situacao": "28/06/1999", "nome": "CONSELHO ESCOLAR DO COLEGIO ESTADUAL MUNICIPALIZADO RAUL VEIGA", "uf": "RJ", "atividades_secundarias": [{"text": "Outras atividades de ensino n\u00e3o especificadas anteriormente", "code": "85.99-6-99"}], "qsa": [{"qual": "16-Presidente", "nome": "JANNE PARENTE DA SILVA PEREIRA"}], "situacao": "ATIVA", "bairro": "GLICERIO", "logradouro": "R PRINCIPAL", "numero": "S/N", "cep": "27.949-360", "municipio": "MACAE", "porte": "DEMAIS", "abertura": "03/06/1997", "natureza_juridica": "399-9 - Associa\u00e7\u00e3o Privada", "fantasia": "CE CEMRV", "cnpj": "01.876.199/0001-89", "ultima_atualizacao": "2020-02-08T18:49:55.111Z", "status": "OK", "tipo": "MATRIZ", "complemento": "", "email": "", "telefone": "", "efr": "", "motivo_situacao": "", "situacao_especial": "", "data_situacao_especial": "", "capital_social": "0.00", "extra": {}, "billing": {"free": false, "database": false}}