{"atividade_principal": [{"text": "Administra\u00e7\u00e3o de caixas escolares", "code": "85.50-3-01"}], "data_situacao": "28/06/1999", "nome": "CONSELHO ESCOLAR DA ESCOLA MUNICIPAL PROFESSOR JOAQUIM LUIZ FREIRE PINHEIRO", "uf": "RJ", "telefone": "(22) 2101-0000", "atividades_secundarias": [{"text": "Outras atividades de ensino n\u00e3o especificadas anteriormente", "code": "85.99-6-99"}], "qsa": [{"qual": "16-Presidente", "nome": "ELAINE SCHUINTD DE OLIVEIRA DA CRUZ"}], "situacao": "ATIVA", "bairro": "ALTO DOS CAJUEIROS", "logradouro": "R WALTER ALMEIDA", "numero": "SN", "cep": "27.915-200", "municipio": "MACAE", "porte": "DEMAIS", "abertura": "28/05/1997", "natureza_juridica": "399-9 - Associa\u00e7\u00e3o Privada", "fantasia": "CE EMPJLFP", "cnpj": "01.876.193/0001-01", "ultima_atualizacao": "2020-02-08T18:59:14.877Z", "status": "OK", "tipo": "MATRIZ", "complemento": "", "email": "", "efr": "", "motivo_situacao": "", "situacao_especial": "", "data_situacao_especial": "", "capital_social": "0.00", "extra": {}, "billing": {"free": false, "database": false}}