{"atividade_principal": [{"text": "Administra\u00e7\u00e3o de caixas escolares", "code": "85.50-3-01"}], "data_situacao": "28/06/1999", "nome": "CONSELHO ESCOLAR DO COLEGIO MUNICIPAL ANCYRA GONCALVES PIMENTEL", "uf": "RJ", "telefone": "(22) 2762-4404", "atividades_secundarias": [{"text": "Outras atividades de ensino n\u00e3o especificadas anteriormente", "code": "85.99-6-99"}], "qsa": [{"qual": "16-Presidente", "nome": "EDER PEREIRA PECANHA"}], "situacao": "ATIVA", "bairro": "MIRAMAR", "logradouro": "AV AMARAL PEIXOTO", "numero": "555", "cep": "27.943-400", "municipio": "MACAE", "porte": "DEMAIS", "abertura": "03/06/1997", "natureza_juridica": "399-9 - Associa\u00e7\u00e3o Privada", "fantasia": "CE CMAGP", "cnpj": "01.899.364/0001-18", "ultima_atualizacao": "2020-02-07T23:28:16.443Z", "status": "OK", "tipo": "MATRIZ", "complemento": "", "email": "", "efr": "", "motivo_situacao": "", "situacao_especial": "", "data_situacao_especial": "", "capital_social": "0.00", "extra": {}, "billing": {"free": false, "database": true}}