{"atividade_principal": [{"text": "Fabrica\u00e7\u00e3o de medicamentos alop\u00e1ticos para uso humano", "code": "21.21-1-01"}], "data_situacao": "27/08/2005", "complemento": "QUADRA08-B MODULOS 09/21", "nome": "F.B.M. INDUSTRIA FARMACEUTICA LTDA", "uf": "GO", "telefone": "(62) 3269-3500", "email": "alessandro.oliveira@fbmfarma.com.br", "atividades_secundarias": [{"text": "Fabrica\u00e7\u00e3o de outros produtos aliment\u00edcios n\u00e3o especificados anteriormente", "code": "10.99-6-99"}, {"text": "Fabrica\u00e7\u00e3o de desinfestantes domissanit\u00e1rios", "code": "20.52-5-00"}, {"text": "Fabrica\u00e7\u00e3o de sab\u00f5es e detergentes sint\u00e9ticos", "code": "20.61-4-00"}, {"text": "Fabrica\u00e7\u00e3o de cosm\u00e9ticos, produtos de perfumaria e de higiene pessoal", "code": "20.63-1-00"}, {"text": "Fabrica\u00e7\u00e3o de produtos farmoqu\u00edmicos", "code": "21.10-6-00"}, {"text": "Fabrica\u00e7\u00e3o de medicamentos fitoter\u00e1picos para uso humano", "code": "21.21-1-03"}, {"text": "Fabrica\u00e7\u00e3o de materiais para medicina e odontologia", "code": "32.50-7-05"}, {"text": "Representantes comerciais e agentes do com\u00e9rcio de mercadorias em geral n\u00e3o especializado", "code": "46.19-2-00"}, {"text": "Com\u00e9rcio atacadista de medicamentos e drogas de uso humano", "code": "46.44-3-01"}, {"text": "Com\u00e9rcio atacadista de instrumentos e materiais para uso m\u00e9dico, cir\u00fargico, hospitalar e de laborat\u00f3rios", "code": "46.45-1-01"}, {"text": "Com\u00e9rcio atacadista de cosm\u00e9ticos e produtos de perfumaria", "code": "46.46-0-01"}, {"text": "Com\u00e9rcio varejista de produtos farmac\u00eauticos, sem manipula\u00e7\u00e3o de f\u00f3rmulas", "code": "47.71-7-01"}, {"text": "Com\u00e9rcio varejista de cosm\u00e9ticos, produtos de perfumaria e de higiene pessoal", "code": "47.72-5-00"}, {"text": "Com\u00e9rcio varejista de artigos m\u00e9dicos e ortop\u00e9dicos", "code": "47.73-3-00"}, {"text": "Transporte rodovi\u00e1rio de carga, exceto produtos perigosos e mudan\u00e7as, municipal.", "code": "49.30-2-01"}, {"text": "Transporte rodovi\u00e1rio de carga, exceto produtos perigosos e mudan\u00e7as, intermunicipal, interestadual e internacional", "code": "49.30-2-02"}, {"text": "Armaz\u00e9ns gerais - emiss\u00e3o de warrant", "code": "52.11-7-01"}, {"text": "Outras atividades profissionais, cient\u00edficas e t\u00e9cnicas n\u00e3o especificadas anteriormente", "code": "74.90-1-99"}, {"text": "Aluguel de equipamentos cient\u00edficos, m\u00e9dicos e hospitalares, sem operador", "code": "77.39-0-02"}, {"text": "Atividades de limpeza n\u00e3o especificadas anteriormente", "code": "81.29-0-00"}, {"text": "Envasamento e empacotamento sob contrato", "code": "82.92-0-00"}, {"text": "Outras atividades de servi\u00e7os prestados principalmente \u00e0s empresas n\u00e3o especificadas anteriormente", "code": "82.99-7-99"}, {"text": "Lavanderias", "code": "96.01-7-01"}], "qsa": [{"qual": "05-Administrador", "nome": "MARCELO REIS PERILLO"}, {"qual": "22-S\u00f3cio", "qual_rep_legal": "05-Administrador", "nome_rep_legal": "BRANDAO DE SOUSA REZENDE", "nome": "BRASHE PARTICIPACOES E INVESTIMENTOS - EIRELI"}, {"qual": "22-S\u00f3cio", "qual_rep_legal": "05-Administrador", "nome_rep_legal": "MARCELO REIS PERILLO", "nome": "MRP PARTICIPACOES E INVESTIMENTOS - EIRELI"}, {"qual": "22-S\u00f3cio", "qual_rep_legal": "05-Administrador", "nome_rep_legal": "MOISES ALVES DE OLIVEIRA NETO", "nome": "PATRIA PARTICIPACOES E INVESTIMENTOS - EIRELI"}], "situacao": "ATIVA", "bairro": "DISTRITO AGROINDUSTRIAL DE ANAPOLIS", "logradouro": "R VP 3D", "numero": "S/N", "cep": "75.132-095", "municipio": "ANAPOLIS", "porte": "DEMAIS", "abertura": "13/05/1986", "natureza_juridica": "206-2 - Sociedade Empres\u00e1ria Limitada", "fantasia": "FBMFARMA INDUSTRIA FARMACEUTICA", "cnpj": "02.060.549/0001-05", "ultima_atualizacao": "2020-02-08T00:34:52.033Z", "status": "OK", "tipo": "MATRIZ", "efr": "", "motivo_situacao": "", "situacao_especial": "", "data_situacao_especial": "", "capital_social": "24000000.00", "extra": {}, "billing": {"free": false, "database": true}}