{"atividade_principal": [{"text": "Tratamento de dados, provedores de servi\u00e7os de aplica\u00e7\u00e3o e servi\u00e7os de hospedagem na internet", "code": "63.11-9-00"}], "data_situacao": "28/08/2004", "nome": "DESTAQUE EMPREENDIMENTOS EM INFORMTICA LTDA", "uf": "RJ", "telefone": "(21) 2252-0401", "email": "patricia@mcfile.com.br", "atividades_secundarias": [{"text": "Guarda-m\u00f3veis", "code": "52.11-7-02"}, {"text": "Suporte t\u00e9cnico, manuten\u00e7\u00e3o e outros servi\u00e7os em tecnologia da informa\u00e7\u00e3o", "code": "62.09-1-00"}, {"text": "Atividades de bibliotecas e arquivos", "code": "91.01-5-00"}], "qsa": [{"qual": "49-S\u00f3cio-Administrador", "nome": "MARIO SCHEEL"}, {"qual": "22-S\u00f3cio", "nome": "PATRICIA FURTADO DA SILVA CRUZ"}, {"qual": "22-S\u00f3cio", "nome": "RAFAEL LESSA BARRETO"}], "situacao": "ATIVA", "bairro": "MARIA DA GRACA", "logradouro": "AV DOM HELDER CAMARA", "numero": "2606", "cep": "21.050-455", "municipio": "RIO DE JANEIRO", "porte": "EMPRESA DE PEQUENO PORTE", "abertura": "28/04/1998", "natureza_juridica": "224-0 - Sociedade Simples Limitada", "cnpj": "02.548.026/0001-02", "ultima_atualizacao": "2020-02-08T19:12:03.691Z", "status": "OK", "tipo": "MATRIZ", "fantasia": "", "complemento": "", "efr": "", "motivo_situacao": "", "situacao_especial": "", "data_situacao_especial": "", "capital_social": "0.00", "extra": {}, "billing": {"free": false, "database": false}}