{"atividade_principal": [{"text": "Lojas de variedades, exceto lojas de departamentos ou magazines", "code": "47.13-0-02"}], "data_situacao": "19/03/2005", "nome": "SEMPRE LAR VARIEDADES LTDA", "uf": "RJ", "telefone": "(22) 2762-2040", "email": "contas.pagar@bol.com.br", "atividades_secundarias": [{"text": "Com\u00e9rcio varejista de m\u00f3veis", "code": "47.54-7-01"}], "qsa": [{"qual": "22-S\u00f3cio", "nome": "LUCIANO CASTILHO CORDEIRO"}, {"qual": "49-S\u00f3cio-Administrador", "nome": "LUCIA HELENA DOS SANTOS JOSE"}], "situacao": "ATIVA", "bairro": "CENTRO", "logradouro": "AV RUI BARBOSA", "numero": "429", "cep": "27.910-361", "municipio": "MACAE", "porte": "EMPRESA DE PEQUENO PORTE", "abertura": "14/05/1998", "natureza_juridica": "206-2 - Sociedade Empres\u00e1ria Limitada", "fantasia": "SEMPRE LAR", "cnpj": "02.552.969/0001-09", "ultima_atualizacao": "2020-02-08T19:01:08.680Z", "status": "OK", "tipo": "MATRIZ", "complemento": "", "efr": "", "motivo_situacao": "", "situacao_especial": "", "data_situacao_especial": "", "capital_social": "0.00", "extra": {}, "billing": {"free": false, "database": false}}