{"atividade_principal": [{"text": "Corretores e agentes de seguros, de planos de previd\u00eancia complementar e de sa\u00fade", "code": "66.22-3-00"}], "data_situacao": "15/07/2000", "nome": "COMPANHIA DO MAR ADMINISTRADORA E CORRETORA DE SEGUROS S/S LTDA", "uf": "SP", "telefone": "(11) 5072-4183/ (11) 8187-0586", "email": "medutzmann@terra.com.br", "atividades_secundarias": [{"text": "Auditoria e consultoria atuarial", "code": "66.21-5-02"}], "qsa": [{"qual": "49-S\u00f3cio-Administrador", "nome": "RICHARD MENDES DUTZMANN"}, {"qual": "22-S\u00f3cio", "nome": "MARIA EUGENIA SILVA DUTZMANN"}], "situacao": "ATIVA", "bairro": "PLANALTO PAULISTA", "logradouro": "AV PROFESSOR CIRO DE BARROS RESENDE", "numero": "71", "cep": "04.066-020", "municipio": "SAO PAULO", "porte": "MICRO EMPRESA", "abertura": "04/06/1998", "natureza_juridica": "224-0 - Sociedade Simples Limitada", "cnpj": "02.571.427/0001-75", "ultima_atualizacao": "2020-02-08T19:14:12.005Z", "status": "OK", "tipo": "MATRIZ", "fantasia": "", "complemento": "", "efr": "", "motivo_situacao": "", "situacao_especial": "", "data_situacao_especial": "", "capital_social": "5000.00", "extra": {}, "billing": {"free": false, "database": false}}