{"atividade_principal": [{"text": "Aluguel de outras m\u00e1quinas e equipamentos comerciais e industriais n\u00e3o especificados anteriormente, sem operador", "code": "77.39-0-99"}], "data_situacao": "08/02/2003", "complemento": "BAIXOS", "nome": "SCHMIDT EQUIPAMENTOS TOPOGRAFICOS LTDA", "uf": "SP", "atividades_secundarias": [{"text": "Com\u00e9rcio atacadista de outras m\u00e1quinas e equipamentos n\u00e3o especificados anteriormente; partes e pe\u00e7as", "code": "46.69-9-99"}, {"text": "Com\u00e9rcio atacadista de m\u00e1quinas, equipamentos para terraplenagem, minera\u00e7\u00e3o e constru\u00e7\u00e3o; partes e pe\u00e7as", "code": "46.62-1-00"}], "qsa": [{"qual": "49-S\u00f3cio-Administrador", "nome": "MARCELO FURTADO SCHMIDT"}, {"qual": "49-S\u00f3cio-Administrador", "nome": "ADRIANA FURTADO SCHMIDT DE ABREU"}], "situacao": "ATIVA", "bairro": "SANTANA", "logradouro": "R VOLUNTARIOS DA PATRIA", "numero": "1113", "cep": "02.011-100", "municipio": "SAO PAULO", "porte": "EMPRESA DE PEQUENO PORTE", "abertura": "08/07/1998", "natureza_juridica": "206-2 - Sociedade Empres\u00e1ria Limitada", "cnpj": "02.631.972/0001-00", "ultima_atualizacao": "2020-02-08T17:16:07.827Z", "status": "OK", "tipo": "MATRIZ", "fantasia": "", "email": "", "telefone": "", "efr": "", "motivo_situacao": "", "situacao_especial": "", "data_situacao_especial": "", "capital_social": "200000.00", "extra": {}, "billing": {"free": false, "database": true}}