{"atividade_principal": [{"text": "Com\u00e9rcio varejista especializado de equipamentos e suprimentos de inform\u00e1tica", "code": "47.51-2-01"}], "data_situacao": "02/10/2004", "nome": "DISPLAY PAINEIS ELETRONICOS EIRELI", "uf": "GO", "telefone": "(62) 3207-3333", "email": "faturamento@displaypaineis.com.br", "atividades_secundarias": [{"text": "Com\u00e9rcio varejista especializado de equipamentos de telefonia e comunica\u00e7\u00e3o", "code": "47.52-1-00"}, {"text": "Com\u00e9rcio varejista de outros produtos n\u00e3o especificados anteriormente", "code": "47.89-0-99"}, {"text": "Instala\u00e7\u00e3o de m\u00e1quinas e equipamentos industriais", "code": "33.21-0-00"}, {"text": "Repara\u00e7\u00e3o e manuten\u00e7\u00e3o de equipamentos de comunica\u00e7\u00e3o", "code": "95.12-6-00"}, {"text": "Repara\u00e7\u00e3o e manuten\u00e7\u00e3o de computadores e de equipamentos perif\u00e9ricos", "code": "95.11-8-00"}, {"text": "Desenvolvimento de programas de computador sob encomenda", "code": "62.01-5-01"}, {"text": "Aluguel de outras m\u00e1quinas e equipamentos comerciais e industriais n\u00e3o especificados anteriormente, sem operador", "code": "77.39-0-99"}, {"text": "Agenciamento de espa\u00e7os para publicidade, exceto em ve\u00edculos de comunica\u00e7\u00e3o", "code": "73.12-2-00"}], "qsa": [{"qual": "65-Titular Pessoa F\u00edsica Residente ou Domiciliado no Brasil", "nome": "JOSE CARLOS FERREIRA DOS SANTOS"}], "situacao": "ATIVA", "bairro": "SANTA GENOVEVA", "logradouro": "AV CAIAPO", "numero": "762", "cep": "74.672-400", "municipio": "GOIANIA", "porte": "EMPRESA DE PEQUENO PORTE", "abertura": "22/07/1998", "natureza_juridica": "230-5 - Empresa Individual de Responsabilidade Limitada (de Natureza Empres\u00e1ria)", "fantasia": "DISPLAY PAINEIS", "cnpj": "02.648.737/0001-40", "ultima_atualizacao": "2020-02-08T03:56:07.010Z", "status": "OK", "tipo": "MATRIZ", "complemento": "", "efr": "", "motivo_situacao": "", "situacao_especial": "", "data_situacao_especial": "", "capital_social": "67800.00", "extra": {}, "billing": {"free": false, "database": true}}