{"atividade_principal": [{"text": "Fabrica\u00e7\u00e3o de instrumentos n\u00e3o-eletr\u00f4nicos e utens\u00edlios para uso m\u00e9dico, cir\u00fargico, odontol\u00f3gico e de laborat\u00f3rio", "code": "32.50-7-01"}], "data_situacao": "30/10/2004", "nome": "FRADEL-MED INDUSTRIA E COMERCIO DE APARELHOS MEDICOS LTDA", "uf": "SP", "telefone": "(11) 5562-3541", "email": "fradelmed@fradel-med.com.br", "atividades_secundarias": [{"text": "Fabrica\u00e7\u00e3o de aparelhos eletrom\u00e9dicos e eletroterap\u00eauticos e equipamentos de irradia\u00e7\u00e3o", "code": "26.60-4-00"}, {"text": "Manuten\u00e7\u00e3o e repara\u00e7\u00e3o de aparelhos eletrom\u00e9dicos e eletroterap\u00eauticos e equipamentos de irradia\u00e7\u00e3o", "code": "33.12-1-03"}, {"text": "Com\u00e9rcio atacadista de instrumentos e materiais para uso m\u00e9dico, cir\u00fargico, hospitalar e de laborat\u00f3rios", "code": "46.45-1-01"}, {"text": "Manuten\u00e7\u00e3o e repara\u00e7\u00e3o de equipamentos e produtos n\u00e3o especificados anteriormente", "code": "33.19-8-00"}], "qsa": [{"qual": "49-S\u00f3cio-Administrador", "nome": "ANTONIO UILAME FELIX DA SILVA"}, {"qual": "49-S\u00f3cio-Administrador", "nome": "RITA DE CASSIA MANGANELLI FELEX"}], "situacao": "ATIVA", "bairro": "VILA SANTA CATARINA", "logradouro": "R TENENTE AMERICO MORETTI", "numero": "579", "cep": "04.372-060", "municipio": "SAO PAULO", "porte": "EMPRESA DE PEQUENO PORTE", "abertura": "05/01/1999", "natureza_juridica": "206-2 - Sociedade Empres\u00e1ria Limitada", "fantasia": "FRADEL-MED", "cnpj": "02.916.028/0001-07", "ultima_atualizacao": "2020-02-08T18:54:54.221Z", "status": "OK", "tipo": "MATRIZ", "complemento": "", "efr": "", "motivo_situacao": "", "situacao_especial": "", "data_situacao_especial": "", "capital_social": "200000.00", "extra": {}, "billing": {"free": false, "database": false}}