{"atividade_principal": [{"text": "Outras atividades de servi\u00e7os prestados principalmente \u00e0s empresas n\u00e3o especificadas anteriormente", "code": "82.99-7-99"}], "data_situacao": "03/11/2005", "complemento": "SALA 901", "nome": "AGUIAS - ASSESSORIAS E CONSULTORIAS LTDA.", "uf": "RJ", "atividades_secundarias": [{"text": "Com\u00e9rcio varejista de outros artigos de uso pessoal e dom\u00e9stico n\u00e3o especificados anteriormente", "code": "47.59-8-99"}, {"text": "Com\u00e9rcio varejista de artigos de papelaria", "code": "47.61-0-03"}, {"text": "Com\u00e9rcio varejista de materiais de constru\u00e7\u00e3o em geral", "code": "47.44-0-99"}, {"text": "Com\u00e9rcio varejista de material el\u00e9trico", "code": "47.42-3-00"}, {"text": "Outras atividades de presta\u00e7\u00e3o de servi\u00e7os de informa\u00e7\u00e3o n\u00e3o especificadas anteriormente", "code": "63.99-2-00"}, {"text": "atividades de design n\u00e3o especificadas anteriormente", "code": "74.10-2-99"}, {"text": "Agenciamento de profissionais para atividades esportivas, culturais e art\u00edsticas", "code": "74.90-1-05"}, {"text": "Outras atividades profissionais, cient\u00edficas e t\u00e9cnicas n\u00e3o especificadas anteriormente", "code": "74.90-1-99"}, {"text": "Prepara\u00e7\u00e3o de documentos e servi\u00e7os especializados de apoio administrativo n\u00e3o especificados anteriormente", "code": "82.19-9-99"}, {"text": "Servi\u00e7os de grava\u00e7\u00e3o de carimbos, exceto confec\u00e7\u00e3o", "code": "82.99-7-03"}, {"text": "Salas de acesso \u00e0 internet", "code": "82.99-7-07"}], "qsa": [{"qual": "49-S\u00f3cio-Administrador", "nome": "JOANNA HELENA DA COSTA FELIX ASSED"}, {"qual": "49-S\u00f3cio-Administrador", "nome": "FELIPE CORREIA ASSED"}], "situacao": "ATIVA", "bairro": "CENTRO", "logradouro": "PC SAO SALVADOR", "numero": "41", "cep": "28.030-002", "municipio": "CAMPOS DOS GOYTACAZES", "porte": "MICRO EMPRESA", "abertura": "30/06/1999", "natureza_juridica": "206-2 - Sociedade Empres\u00e1ria Limitada", "cnpj": "03.255.094/0001-38", "ultima_atualizacao": "2020-02-08T19:24:04.614Z", "status": "OK", "tipo": "MATRIZ", "fantasia": "", "email": "", "telefone": "", "efr": "", "motivo_situacao": "", "situacao_especial": "", "data_situacao_especial": "", "capital_social": "5000.00", "extra": {}, "billing": {"free": false, "database": false}}