{"atividade_principal": [{"text": "Atividades de atendimento em pronto-socorro e unidades hospitalares para atendimento a urg\u00eancias", "code": "86.10-1-02"}], "data_situacao": "03/11/2005", "nome": "CALREN - HOSPITAL DE URGENCIAS UROLOGICAS LTDA", "uf": "RJ", "atividades_secundarias": [{"text": "Atividade m\u00e9dica ambulatorial com recursos para realiza\u00e7\u00e3o de procedimentos cir\u00fargicos", "code": "86.30-5-01"}, {"text": "Atividade m\u00e9dica ambulatorial com recursos para realiza\u00e7\u00e3o de exames complementares", "code": "86.30-5-02"}, {"text": "Atividades de aten\u00e7\u00e3o ambulatorial n\u00e3o especificadas anteriormente", "code": "86.30-5-99"}, {"text": "Atividades de profissionais da \u00e1rea de sa\u00fade n\u00e3o especificadas anteriormente", "code": "86.50-0-99"}, {"text": "Outras atividades de aten\u00e7\u00e3o \u00e0 sa\u00fade humana n\u00e3o especificadas anteriormente", "code": "86.90-9-99"}, {"text": "Servi\u00e7os de diagn\u00f3stico por imagem com uso de radia\u00e7\u00e3o ionizante, exceto tomografia", "code": "86.40-2-05"}, {"text": "Servi\u00e7os de tomografia", "code": "86.40-2-04"}], "qsa": [{"qual": "49-S\u00f3cio-Administrador", "nome": "GISELE CASTILHO CARDOSO"}, {"qual": "49-S\u00f3cio-Administrador", "nome": "JOSE AUGUSTO DE MESQUITA NETO"}], "situacao": "ATIVA", "bairro": "RECREIO", "logradouro": "R GENERAL ORLANDO GAISEL", "numero": "100", "cep": "22.790-280", "municipio": "RIO DE JANEIRO", "porte": "EMPRESA DE PEQUENO PORTE", "abertura": "09/08/1999", "natureza_juridica": "224-0 - Sociedade Simples Limitada", "fantasia": "CALREN - HOSPITAL DO CALCULO RENAL", "cnpj": "03.341.603/0001-45", "ultima_atualizacao": "2020-02-08T17:45:39.113Z", "status": "OK", "tipo": "MATRIZ", "complemento": "", "email": "", "telefone": "", "efr": "", "motivo_situacao": "", "situacao_especial": "", "data_situacao_especial": "", "capital_social": "0.00", "extra": {}, "billing": {"free": false, "database": true}}