{"atividade_principal": [{"text": "Fabrica\u00e7\u00e3o de aparelhos eletrom\u00e9dicos e eletroterap\u00eauticos e equipamentos de irradia\u00e7\u00e3o", "code": "26.60-4-00"}], "data_situacao": "27/08/2005", "nome": "BK COMERCIAL DE EQUIPAMENTOS TECNOLOGICOS LTDA", "uf": "PR", "telefone": "(41) 3282-0072/ (41) 3013-7937", "email": "bkcomercial@yahoo.com.br", "atividades_secundarias": [{"text": "Com\u00e9rcio atacadista de m\u00e1quinas, aparelhos e equipamentos para uso odonto-m\u00e9dico-hospitalar; partes e pe\u00e7as", "code": "46.64-8-00"}, {"text": "Com\u00e9rcio varejista de artigos m\u00e9dicos e ortop\u00e9dicos", "code": "47.73-3-00"}], "qsa": [{"qual": "49-S\u00f3cio-Administrador", "nome": "HENRIQUE MARTINIANO HAMPE BEZERRA"}, {"qual": "49-S\u00f3cio-Administrador", "nome": "EVALDO CARLOS KLAESIUS"}], "situacao": "ATIVA", "bairro": "CRUZEIRO", "logradouro": "R ADRIANOPOLIS", "numero": "100", "cep": "83.010-070", "municipio": "SAO JOSE DOS PINHAIS", "porte": "EMPRESA DE PEQUENO PORTE", "abertura": "03/11/1999", "natureza_juridica": "206-2 - Sociedade Empres\u00e1ria Limitada", "cnpj": "03.489.343/0001-50", "ultima_atualizacao": "2020-02-08T18:54:36.667Z", "status": "OK", "tipo": "MATRIZ", "fantasia": "", "complemento": "", "efr": "", "motivo_situacao": "", "situacao_especial": "", "data_situacao_especial": "", "capital_social": "20000.00", "extra": {}, "billing": {"free": false, "database": false}}