{"atividade_principal": [{"text": "Fabrica\u00e7\u00e3o de materiais para medicina e odontologia", "code": "32.50-7-05"}], "data_situacao": "03/11/2005", "nome": "INDUSTRIAS H. A. BARONE LTDA", "uf": "SP", "telefone": "(19) 3238-8615/ (19) 3262-0722", "email": "contato@jbgcontabilidade.cnt.br", "qsa": [{"qual": "49-S\u00f3cio-Administrador", "nome": "CELESTE APARECIDA CAMARGO DE BARONE"}, {"qual": "49-S\u00f3cio-Administrador", "nome": "HECTOR AMERICO BARONE FILHO"}], "situacao": "ATIVA", "bairro": "JARDIM DO TREVO", "logradouro": "R DOUTOR FERNAO POMPEU DE CAMARGO", "numero": "1990", "cep": "13.040-010", "municipio": "CAMPINAS", "porte": "EMPRESA DE PEQUENO PORTE", "abertura": "31/08/2000", "natureza_juridica": "206-2 - Sociedade Empres\u00e1ria Limitada", "fantasia": "INDUSTRIAS BARONE", "cnpj": "04.040.383/0001-82", "ultima_atualizacao": "2020-02-08T19:09:15.335Z", "status": "OK", "tipo": "MATRIZ", "complemento": "", "efr": "", "motivo_situacao": "", "situacao_especial": "", "data_situacao_especial": "", "atividades_secundarias": [{"code": "00.00-0-00", "text": "N\u00e3o informada"}], "capital_social": "1500000.00", "extra": {}, "billing": {"free": false, "database": false}}