{"atividade_principal": [{"text": "Com\u00e9rcio atacadista de medicamentos e drogas de uso humano", "code": "46.44-3-01"}], "data_situacao": "10/10/2018", "complemento": "LOTE 1 PAL 45297", "nome": "503 COMERCIO DE MEDICAMENTOS E MATERIAIS CIRURGICOS LTDA", "uf": "RJ", "telefone": "(21) 2597-7871", "atividades_secundarias": [{"text": "Representantes comerciais e agentes do com\u00e9rcio de mercadorias em geral n\u00e3o especializado", "code": "46.19-2-00"}, {"text": "Com\u00e9rcio atacadista de produtos aliment\u00edcios em geral", "code": "46.39-7-01"}, {"text": "Com\u00e9rcio atacadista de instrumentos e materiais para uso m\u00e9dico, cir\u00fargico, hospitalar e de laborat\u00f3rios", "code": "46.45-1-01"}, {"text": "Com\u00e9rcio atacadista de cosm\u00e9ticos e produtos de perfumaria", "code": "46.46-0-01"}, {"text": "Com\u00e9rcio atacadista de produtos de higiene, limpeza e conserva\u00e7\u00e3o domiciliar", "code": "46.49-4-08"}, {"text": "Com\u00e9rcio atacadista de embalagens", "code": "46.86-9-02"}, {"text": "Transporte rodovi\u00e1rio de carga, exceto produtos perigosos e mudan\u00e7as, intermunicipal, interestadual e internacional", "code": "49.30-2-02"}, {"text": "Atividades de profissionais da nutri\u00e7\u00e3o", "code": "86.50-0-02"}], "qsa": [{"qual": "49-S\u00f3cio-Administrador", "nome": "ROSIMERI BARBOSA"}, {"qual": "22-S\u00f3cio", "nome": "RAYSSA VENTURA COUTINHO"}], "situacao": "ATIVA", "bairro": "CAMPINHO", "logradouro": "R CANDIDO BENICIO", "numero": "503", "cep": "21.320-060", "municipio": "RIO DE JANEIRO", "porte": "MICRO EMPRESA", "abertura": "19/10/2000", "natureza_juridica": "206-2 - Sociedade Empres\u00e1ria Limitada", "fantasia": "METABOLICA 503 COMERCIO", "cnpj": "04.110.063/0001-51", "ultima_atualizacao": "2020-02-08T17:55:12.711Z", "status": "OK", "tipo": "MATRIZ", "email": "", "efr": "", "motivo_situacao": "", "situacao_especial": "", "data_situacao_especial": "", "capital_social": "200000.00", "extra": {}, "billing": {"free": false, "database": true}}