{"atividade_principal": [{"text": "Com\u00e9rcio atacadista de medicamentos e drogas de uso humano", "code": "46.44-3-01"}], "data_situacao": "11/11/2016", "nome": "ONCO PROD DISTRIBUIDORA DE PRODUTOS HOSPITALARES E ONCOLOGICOS LTDA.", "uf": "ES", "telefone": "(11) 5053-5616/ (11) 1234-5678", "email": "fiscal@oncorpod.com.br", "atividades_secundarias": [{"text": "Outras atividades auxiliares dos transportes terrestres n\u00e3o especificadas anteriormente", "code": "52.29-0-99"}, {"text": "Agenciamento de cargas, exceto para o transporte mar\u00edtimo", "code": "52.50-8-03"}, {"text": "Organiza\u00e7\u00e3o log\u00edstica do transporte de carga", "code": "52.50-8-04"}, {"text": "Com\u00e9rcio atacadista de instrumentos e materiais para uso m\u00e9dico, cir\u00fargico, hospitalar e de laborat\u00f3rios", "code": "46.45-1-01"}, {"text": "Com\u00e9rcio atacadista de cosm\u00e9ticos e produtos de perfumaria", "code": "46.46-0-01"}], "situacao": "ATIVA", "bairro": "SAO DIOGO I", "logradouro": "R TANCREDO NEVES", "numero": "337", "cep": "29.163-267", "municipio": "SERRA", "porte": "DEMAIS", "abertura": "11/11/2016", "natureza_juridica": "206-2 - Sociedade Empres\u00e1ria Limitada", "cnpj": "04.307.650/0012-98", "ultima_atualizacao": "2020-02-08T18:42:31.241Z", "status": "OK", "tipo": "FILIAL", "fantasia": "", "complemento": "", "efr": "", "motivo_situacao": "", "situacao_especial": "", "data_situacao_especial": "", "capital_social": "0.00", "qsa": [], "extra": {}, "billing": {"free": false, "database": false}}