{"atividade_principal": [{"text": "Laborat\u00f3rios de anatomia patol\u00f3gica e citol\u00f3gica", "code": "86.40-2-01"}], "data_situacao": "03/11/2005", "nome": "ALCYR ALVES FERREIRA & CIA LTDA", "uf": "RJ", "telefone": "(024) 7621-015", "atividades_secundarias": [{"text": "Laborat\u00f3rios cl\u00ednicos", "code": "86.40-2-02"}], "qsa": [{"qual": "49-S\u00f3cio-Administrador", "nome": "ALCYR ALVES FERREIRA"}, {"qual": "49-S\u00f3cio-Administrador", "nome": "PAULO ROBERTO SANTOS ANDRADE"}], "situacao": "ATIVA", "bairro": "CENTRO", "logradouro": "R CONDE DE ARARUAMA", "numero": "365", "cep": "27.910-640", "municipio": "MACAE", "porte": "DEMAIS", "abertura": "20/02/2001", "natureza_juridica": "206-2 - Sociedade Empres\u00e1ria Limitada", "fantasia": "HEMOLABES", "cnpj": "04.353.185/0001-79", "ultima_atualizacao": "2020-02-07T23:12:58.859Z", "status": "OK", "tipo": "MATRIZ", "complemento": "", "email": "", "efr": "", "motivo_situacao": "", "situacao_especial": "", "data_situacao_especial": "", "capital_social": "0.00", "extra": {}, "billing": {"free": false, "database": true}}