{"atividade_principal": [{"text": "Atividades de organiza\u00e7\u00f5es pol\u00edticas", "code": "94.92-8-00"}], "data_situacao": "29/03/2019", "complemento": "SALA 506", "nome": "PARTIDO TRABALHISTA CRISTAO PTC DIRETORIO ESTADUAL", "uf": "RJ", "telefone": "(21) 2220-4016", "email": "ptcrj@uol.com.br", "situacao": "ATIVA", "bairro": "CENTRO", "logradouro": "AV AVENIDA NILO PECANHA", "numero": "50", "cep": "20.020-100", "municipio": "RIO DE JANEIRO", "porte": "DEMAIS", "abertura": "13/06/2001", "natureza_juridica": "326-3 - \u00d3rg\u00e3o de Dire\u00e7\u00e3o Regional de Partido Pol\u00edtico", "fantasia": "PTC-REGIONAL", "cnpj": "04.713.245/0001-17", "ultima_atualizacao": "2020-02-08T19:03:43.527Z", "status": "OK", "tipo": "MATRIZ", "efr": "", "motivo_situacao": "", "situacao_especial": "", "data_situacao_especial": "", "atividades_secundarias": [{"code": "00.00-0-00", "text": "N\u00e3o informada"}], "capital_social": "0.00", "qsa": [], "extra": {}, "billing": {"free": false, "database": false}}