{"atividade_principal": [{"text": "Servi\u00e7os de engenharia", "code": "71.12-0-00"}], "data_situacao": "16/07/2005", "nome": "LHS OFFSHORE LTDA", "uf": "RJ", "telefone": "(22) 2765-0076/ (22) 2759-5351", "email": "lhs.henrique@bol.com.br", "atividades_secundarias": [{"text": "Fabrica\u00e7\u00e3o de estruturas met\u00e1licas", "code": "25.11-0-00"}, {"text": "Servi\u00e7os de usinagem, tornearia e solda", "code": "25.39-0-01"}, {"text": "Instala\u00e7\u00e3o de m\u00e1quinas e equipamentos industriais", "code": "33.21-0-00"}, {"text": "Constru\u00e7\u00e3o de edif\u00edcios", "code": "41.20-4-00"}, {"text": "Obras de montagem industrial", "code": "42.92-8-02"}, {"text": "Servi\u00e7os de pintura de edif\u00edcios em geral", "code": "43.30-4-04"}, {"text": "Outras obras de acabamento da constru\u00e7\u00e3o", "code": "43.30-4-99"}, {"text": "Sele\u00e7\u00e3o e agenciamento de m\u00e3o-de-obra", "code": "78.10-8-00"}], "qsa": [{"qual": "49-S\u00f3cio-Administrador", "nome": "LUIS HENRIQUE SOUZA DA SILVA"}, {"qual": "22-S\u00f3cio", "nome": "ERIKA KARLA DE SOUZA CARNEIRO DA SILVA"}], "situacao": "ATIVA", "bairro": "SAO JOSE DO BARRETO", "logradouro": "AV TENENTE CORONEL UBIRAJARA BARRETO", "numero": "871", "cep": "27.965-050", "municipio": "MACAE", "porte": "MICRO EMPRESA", "abertura": "11/01/2002", "natureza_juridica": "206-2 - Sociedade Empres\u00e1ria Limitada", "cnpj": "04.863.405/0001-04", "ultima_atualizacao": "2020-02-08T19:05:25.648Z", "status": "OK", "tipo": "MATRIZ", "fantasia": "", "complemento": "", "efr": "", "motivo_situacao": "", "situacao_especial": "", "data_situacao_especial": "", "capital_social": "300000.00", "extra": {}, "billing": {"free": false, "database": false}}