{"atividade_principal": [{"text": "Atividades de associa\u00e7\u00f5es de defesa de direitos sociais", "code": "94.30-8-00"}], "data_situacao": "15/01/2002", "complemento": "CAMPO DO COELHO", "nome": "ASNTR-NF ( ASSOCIACAO SERRA NOVA DOS TRABALHADORES RURAIS DO MUNICIPIO DE NOVA FRIBURGO-RJ )", "uf": "RJ", "atividades_secundarias": [{"text": "Cultivo de outras oleaginosas de lavoura tempor\u00e1ria n\u00e3o especificadas anteriormente", "code": "01.16-4-99"}, {"text": "Cultivo de tomate rasteiro", "code": "01.19-9-09"}, {"text": "Cultivo de outras plantas de lavoura tempor\u00e1ria n\u00e3o especificadas anteriormente", "code": "01.19-9-99"}, {"text": "Cultivo de frutas de lavoura permanente n\u00e3o especificadas anteriormente", "code": "01.33-4-99"}, {"text": "Cultivo de outras plantas de lavoura permanente n\u00e3o especificadas anteriormente", "code": "01.39-3-99"}, {"text": "Servi\u00e7o de prepara\u00e7\u00e3o de terreno, cultivo e colheita", "code": "01.61-0-03"}, {"text": "Atividades de organiza\u00e7\u00f5es associativas ligadas \u00e0 cultura e \u00e0 arte", "code": "94.93-6-00"}, {"text": "Atividades associativas n\u00e3o especificadas anteriormente", "code": "94.99-5-00"}], "qsa": [{"qual": "16-Presidente", "nome": "GUSTAVO DUARTE DOMINGUES"}], "situacao": "ATIVA", "bairro": "TERCEIRO DISTRITO", "logradouro": "EST DA FAZENDA DO RIO GRANDE - CONQUISTA", "numero": "S/N", "cep": "28.625-270", "municipio": "NOVA FRIBURGO", "porte": "DEMAIS", "abertura": "15/01/2002", "natureza_juridica": "399-9 - Associa\u00e7\u00e3o Privada", "cnpj": "04.873.844/0001-06", "ultima_atualizacao": "2020-02-08T17:07:24.239Z", "status": "OK", "tipo": "MATRIZ", "fantasia": "", "email": "", "telefone": "", "efr": "", "motivo_situacao": "", "situacao_especial": "", "data_situacao_especial": "", "capital_social": "0.00", "extra": {}, "billing": {"free": false, "database": true}}