{"atividade_principal": [{"text": "Aluguel de im\u00f3veis pr\u00f3prios", "code": "68.10-2-02"}], "data_situacao": "05/02/2002", "complemento": "SALA 02", "nome": "A-GOULART CONSULTORIA, EMPREENDIMENTOS E PROJETOS LTDA", "uf": "RJ", "telefone": "(22) 2772-4399", "qsa": [{"qual": "49-S\u00f3cio-Administrador", "nome": "ADALBERTO GOULART CORREIA"}, {"qual": "22-S\u00f3cio", "nome": "JURACI GOULART CORREIA"}], "situacao": "ATIVA", "bairro": "GRANJA DOS CAVALEIROS", "logradouro": "EST JOAO BATISTA QUARESMA", "numero": "44", "cep": "27.937-300", "municipio": "MACAE", "porte": "MICRO EMPRESA", "abertura": "05/02/2002", "natureza_juridica": "206-2 - Sociedade Empres\u00e1ria Limitada", "fantasia": "A.C. - GOULART", "cnpj": "04.937.643/0001-17", "ultima_atualizacao": "2020-02-08T19:13:00.438Z", "status": "OK", "tipo": "MATRIZ", "email": "", "efr": "", "motivo_situacao": "", "situacao_especial": "", "data_situacao_especial": "", "atividades_secundarias": [{"code": "00.00-0-00", "text": "N\u00e3o informada"}], "capital_social": "0.00", "extra": {}, "billing": {"free": false, "database": false}}