{"atividade_principal": [{"text": "Com\u00e9rcio atacadista de instrumentos e materiais para uso m\u00e9dico, cir\u00fargico, hospitalar e de laborat\u00f3rios", "code": "46.45-1-01"}], "data_situacao": "24/09/2005", "complemento": "2 ANDAR", "nome": "OLYMPUS OPTICAL DO BRASIL LTDA.", "uf": "SP", "telefone": "(11) 3046-6599/ (11) 3046-6531", "email": "tatiana.vidal@olympus.com", "atividades_secundarias": [{"text": "Manuten\u00e7\u00e3o e repara\u00e7\u00e3o de aparelhos eletrom\u00e9dicos e eletroterap\u00eauticos e equipamentos de irradia\u00e7\u00e3o", "code": "33.12-1-03"}, {"text": "Manuten\u00e7\u00e3o e repara\u00e7\u00e3o de equipamentos e produtos n\u00e3o especificados anteriormente", "code": "33.19-8-00"}, {"text": "Com\u00e9rcio atacadista de aparelhos eletr\u00f4nicos de uso pessoal e dom\u00e9stico", "code": "46.49-4-02"}, {"text": "Com\u00e9rcio atacadista de m\u00e1quinas, aparelhos e equipamentos para uso odonto-m\u00e9dico-hospitalar; partes e pe\u00e7as", "code": "46.64-8-00"}, {"text": "Aluguel de material m\u00e9dico", "code": "77.29-2-03"}, {"text": "Aluguel de equipamentos cient\u00edficos, m\u00e9dicos e hospitalares, sem operador", "code": "77.39-0-02"}, {"text": "Outras atividades profissionais, cient\u00edficas e t\u00e9cnicas n\u00e3o especificadas anteriormente", "code": "74.90-1-99"}, {"text": "Atividades de intermedia\u00e7\u00e3o e agenciamento de servi\u00e7os e neg\u00f3cios em geral, exceto imobili\u00e1rios", "code": "74.90-1-04"}, {"text": "Outras sociedades de participa\u00e7\u00e3o, exceto holdings", "code": "64.63-8-00"}], "qsa": [{"qual": "37-S\u00f3cio Pessoa Jur\u00eddica Domiciliado no Exterior", "pais_origem": "ESTADOS UNIDOS", "nome_rep_legal": "VIVIAN DE MORAES SIMOES BOCCHIO", "qual_rep_legal": "17-Procurador", "nome": "OLYMPUS LATIN AMERICA, INC."}, {"qual": "37-S\u00f3cio Pessoa Jur\u00eddica Domiciliado no Exterior", "pais_origem": "JAP\u00c3O", "nome_rep_legal": "VIVIAN DE MORAES SIMOES BOCCHIO", "qual_rep_legal": "17-Procurador", "nome": "OLYMPUS CORPORATION"}, {"qual": "05-Administrador", "nome": "DANIEL FERRAZ SILVEIRA"}, {"qual": "05-Administrador", "nome": "TATIANA HATORI VIDAL"}, {"qual": "05-Administrador", "nome": "HIDEKI NAGAI"}], "situacao": "ATIVA", "bairro": "VILA OLIMPIA", "logradouro": "R DO ROCIO", "numero": "430", "cep": "04.552-906", "municipio": "SAO PAULO", "porte": "DEMAIS", "abertura": "08/03/2002", "natureza_juridica": "206-2 - Sociedade Empres\u00e1ria Limitada", "fantasia": "OLYMPUS", "cnpj": "04.937.243/0001-01", "ultima_atualizacao": "2020-02-08T19:29:06.624Z", "status": "OK", "tipo": "MATRIZ", "efr": "", "motivo_situacao": "", "situacao_especial": "", "data_situacao_especial": "", "capital_social": "159796649.00", "extra": {}, "billing": {"free": false, "database": false}}