{"atividade_principal": [{"text": "Com\u00e9rcio atacadista de M\u00e1quinas e equipamentos para uso industrial; partes e pe\u00e7as", "code": "46.63-0-00"}], "data_situacao": "03/11/2005", "complemento": "LOTES 04 E 05", "nome": "PRO - MAQUINAS DE MACAE EQUIPAMENTOS LTDA", "uf": "RJ", "telefone": "(22) 2759-1969", "email": "troykapraia@troyka.com.br", "atividades_secundarias": [{"text": "Manuten\u00e7\u00e3o e repara\u00e7\u00e3o de compressores", "code": "33.14-7-04"}, {"text": "Manuten\u00e7\u00e3o e repara\u00e7\u00e3o de m\u00e1quinas e equipamentos para uso geral n\u00e3o especificados anteriormente", "code": "33.14-7-10"}, {"text": "Representantes comerciais e agentes do com\u00e9rcio de m\u00e1quinas, equipamentos, embarca\u00e7\u00f5es e aeronaves", "code": "46.14-1-00"}, {"text": "Com\u00e9rcio atacadista de roupas e acess\u00f3rios para uso profissional e de seguran\u00e7a do trabalho", "code": "46.42-7-02"}, {"text": "Com\u00e9rcio atacadista de bombas e compressores; partes e pe\u00e7as", "code": "46.69-9-01"}, {"text": "Com\u00e9rcio atacadista de outras m\u00e1quinas e equipamentos n\u00e3o especificados anteriormente; partes e pe\u00e7as", "code": "46.69-9-99"}, {"text": "Com\u00e9rcio atacadista especializado em outros produtos intermedi\u00e1rios n\u00e3o especificados anteriormente", "code": "46.89-3-99"}, {"text": "Com\u00e9rcio varejista de produtos saneantes domissanit\u00e1rios", "code": "47.89-0-05"}, {"text": "Aluguel de outras m\u00e1quinas e equipamentos comerciais e industriais n\u00e3o especificados anteriormente, sem operador", "code": "77.39-0-99"}], "qsa": [{"qual": "49-S\u00f3cio-Administrador", "nome": "MARIO JORGE BARQUETA DONNINI DE SOUZA"}, {"qual": "49-S\u00f3cio-Administrador", "nome": "MARI NEUSA BARQUETA DONNINI DE SOUZA"}], "situacao": "ATIVA", "bairro": "PRAIA CAMPISTA", "logradouro": "AV GUADALAJARA", "numero": "1272", "cep": "27.923-220", "municipio": "MACAE", "porte": "EMPRESA DE PEQUENO PORTE", "abertura": "07/03/2002", "natureza_juridica": "206-2 - Sociedade Empres\u00e1ria Limitada", "fantasia": "TROYKA PRAIA", "cnpj": "04.940.886/0001-04", "ultima_atualizacao": "2020-02-08T03:50:36.371Z", "status": "OK", "tipo": "MATRIZ", "efr": "", "motivo_situacao": "", "situacao_especial": "", "data_situacao_especial": "", "capital_social": "0.00", "extra": {}, "billing": {"free": false, "database": true}}