{"atividade_principal": [{"text": "Fornecimento de alimentos preparados preponderantemente para empresas", "code": "56.20-1-01"}], "data_situacao": "03/11/2005", "nome": "GLOBAL TRADE INDUSTRIA DE ALIMENTACAO - EIRELI", "uf": "RJ", "telefone": "(22) 2527-2727/ (22) 2523-8539", "email": "global@globalalimentacao.com.br", "atividades_secundarias": [{"text": "Com\u00e9rcio atacadista especializado em outros produtos aliment\u00edcios n\u00e3o especificados anteriormente", "code": "46.37-1-99"}, {"text": "Com\u00e9rcio atacadista de produtos aliment\u00edcios em geral", "code": "46.39-7-01"}], "qsa": [{"qual": "65-Titular Pessoa F\u00edsica Residente ou Domiciliado no Brasil", "nome": "RICARDO SILVEIRA MORA"}], "situacao": "ATIVA", "bairro": "PERISSE", "logradouro": "R CONSELHEIRO SINIMBU", "numero": "188", "cep": "28.613-270", "municipio": "NOVA FRIBURGO", "porte": "MICRO EMPRESA", "abertura": "17/09/2002", "natureza_juridica": "230-5 - Empresa Individual de Responsabilidade Limitada (de Natureza Empres\u00e1ria)", "fantasia": "GLOBAL ALIMENTACAO", "cnpj": "05.286.560/0001-78", "ultima_atualizacao": "2020-02-08T18:58:33.487Z", "status": "OK", "tipo": "MATRIZ", "complemento": "", "efr": "", "motivo_situacao": "", "situacao_especial": "", "data_situacao_especial": "", "capital_social": "1300000.00", "extra": {}, "billing": {"free": false, "database": false}}