{"atividade_principal": [{"text": "Com\u00e9rcio varejista de materiais de constru\u00e7\u00e3o em geral", "code": "47.44-0-99"}], "data_situacao": "03/11/2005", "complemento": "KM 158", "nome": "AREAL DA SEVERINA LTDA", "uf": "RJ", "telefone": "(22) 2764-2151/ (22) 2764-3680", "email": "ferdazdobrasil@ferdazdobrasil.com.br", "atividades_secundarias": [{"text": "Aluguel de m\u00e1quinas e equipamentos para constru\u00e7\u00e3o sem operador, exceto andaimes", "code": "77.32-2-01"}, {"text": "Extra\u00e7\u00e3o de areia, cascalho ou pedregulho e beneficiamento associado", "code": "08.10-0-06"}, {"text": "Limpeza em pr\u00e9dios e em domic\u00edlios", "code": "81.21-4-00"}, {"text": "Com\u00e9rcio varejista de outros artigos de uso pessoal e dom\u00e9stico n\u00e3o especificados anteriormente", "code": "47.59-8-99"}, {"text": "Com\u00e9rcio varejista de produtos aliment\u00edcios em geral ou especializado em produtos aliment\u00edcios n\u00e3o especificados anteriormente", "code": "47.29-6-99"}, {"text": "Com\u00e9rcio varejista de produtos saneantes domissanit\u00e1rios", "code": "47.89-0-05"}], "qsa": [{"qual": "49-S\u00f3cio-Administrador", "nome": "BITANOR FERREIRA GUIMARAES FILHO"}, {"qual": "22-S\u00f3cio", "nome": "HIGOR SOUZA FERREIRA GUIMARAES"}], "situacao": "ATIVA", "bairro": "CORREDO DO OURO", "logradouro": "ROD BR 101", "numero": "S/N", "cep": "27.910-000", "municipio": "MACAE", "porte": "MICRO EMPRESA", "abertura": "03/09/2002", "natureza_juridica": "206-2 - Sociedade Empres\u00e1ria Limitada", "fantasia": "A. SEVERINA LTDA", "cnpj": "05.488.194/0001-30", "ultima_atualizacao": "2020-02-08T18:47:01.461Z", "status": "OK", "tipo": "MATRIZ", "efr": "", "motivo_situacao": "", "situacao_especial": "", "data_situacao_especial": "", "capital_social": "50000.00", "extra": {}, "billing": {"free": false, "database": false}}