{"atividade_principal": [{"text": "Com\u00e9rcio atacadista de componentes eletr\u00f4nicos e equipamentos de telefonia e comunica\u00e7\u00e3o", "code": "46.52-4-00"}], "data_situacao": "20/12/2019", "complemento": "LOJA 14", "nome": "LM TELECOMUNICACOES COMERCIO E SERVICOS EIRELI", "uf": "RJ", "telefone": "(21) 2618-2975", "email": "fiscalcontadnit@hotmail.com", "atividades_secundarias": [{"text": "Servi\u00e7os de encaderna\u00e7\u00e3o e plastifica\u00e7\u00e3o", "code": "18.22-9-01"}, {"text": "Servi\u00e7os de acabamentos gr\u00e1ficos, exceto encaderna\u00e7\u00e3o e plastifica\u00e7\u00e3o", "code": "18.22-9-99"}, {"text": "Constru\u00e7\u00e3o de edif\u00edcios", "code": "41.20-4-00"}, {"text": "Pintura para sinaliza\u00e7\u00e3o em pistas rodovi\u00e1rias e aeroportos", "code": "42.11-1-02"}, {"text": "Montagem e instala\u00e7\u00e3o de sistemas e equipamentos de ilumina\u00e7\u00e3o e sinaliza\u00e7\u00e3o em vias p\u00fablicas, portos e aeroportos", "code": "43.29-1-04"}, {"text": "Com\u00e9rcio por atacado de pneum\u00e1ticos e c\u00e2maras-de-ar", "code": "45.30-7-02"}, {"text": "Com\u00e9rcio atacadista de alimentos para animais", "code": "46.23-1-09"}, {"text": "Com\u00e9rcio atacadista de artigos de cama, mesa e banho", "code": "46.41-9-02"}, {"text": "Com\u00e9rcio atacadista de roupas e acess\u00f3rios para uso profissional e de seguran\u00e7a do trabalho", "code": "46.42-7-02"}, {"text": "Com\u00e9rcio atacadista de instrumentos e materiais para uso m\u00e9dico, cir\u00fargico, hospitalar e de laborat\u00f3rios", "code": "46.45-1-01"}, {"text": "Com\u00e9rcio atacadista de artigos de escrit\u00f3rio e de papelaria", "code": "46.47-8-01"}, {"text": "Com\u00e9rcio atacadista de livros, jornais e outras publica\u00e7\u00f5es", "code": "46.47-8-02"}, {"text": "Com\u00e9rcio atacadista de m\u00f3veis e artigos de colchoaria", "code": "46.49-4-04"}, {"text": "Com\u00e9rcio atacadista de equipamentos de inform\u00e1tica", "code": "46.51-6-01"}, {"text": "Com\u00e9rcio atacadista de ferragens e ferramentas", "code": "46.72-9-00"}, {"text": "Com\u00e9rcio atacadista de material el\u00e9trico", "code": "46.73-7-00"}, {"text": "Com\u00e9rcio atacadista de materiais de constru\u00e7\u00e3o em geral", "code": "46.79-6-99"}, {"text": "Com\u00e9rcio atacadista de res\u00edduos de papel e papel\u00e3o", "code": "46.87-7-01"}, {"text": "Com\u00e9rcio atacadista de mercadorias em geral, com predomin\u00e2ncia de insumos agropecu\u00e1rios", "code": "46.92-3-00"}, {"text": "Com\u00e9rcio varejista de mercadorias em geral, com predomin\u00e2ncia de produtos aliment\u00edcios - minimercados, mercearias e armaz\u00e9ns", "code": "47.12-1-00"}, {"text": "Com\u00e9rcio varejista especializado de eletrodom\u00e9sticos e equipamentos de \u00e1udio e v\u00eddeo", "code": "47.53-9-00"}, {"text": "Com\u00e9rcio varejista de m\u00f3veis", "code": "47.54-7-01"}, {"text": "Com\u00e9rcio varejista de tecidos", "code": "47.55-5-01"}, {"text": "Com\u00e9rcio varejista especializado de instrumentos musicais e acess\u00f3rios", "code": "47.56-3-00"}, {"text": "Com\u00e9rcio varejista de brinquedos e artigos recreativos", "code": "47.63-6-01"}, {"text": "Com\u00e9rcio varejista de artigos esportivos", "code": "47.63-6-02"}, {"text": "Com\u00e9rcio varejista de artigos de ca\u00e7a, pesca e camping", "code": "47.63-6-04"}, {"text": "Com\u00e9rcio varejista de cosm\u00e9ticos, produtos de perfumaria e de higiene pessoal", "code": "47.72-5-00"}, {"text": "Com\u00e9rcio varejista de artigos de \u00f3ptica", "code": "47.74-1-00"}, {"text": "Com\u00e9rcio varejista de artigos do vestu\u00e1rio e acess\u00f3rios", "code": "47.81-4-00"}, {"text": "Com\u00e9rcio varejista de cal\u00e7ados", "code": "47.82-2-01"}, {"text": "Com\u00e9rcio varejista de produtos saneantes domissanit\u00e1rios", "code": "47.89-0-05"}, {"text": "Com\u00e9rcio varejista de artigos fotogr\u00e1ficos e para filmagem", "code": "47.89-0-08"}, {"text": "Fornecimento de alimentos preparados preponderantemente para empresas", "code": "56.20-1-01"}, {"text": "Servi\u00e7os de comunica\u00e7\u00e3o multim\u00eddia - SCM", "code": "61.10-8-03"}, {"text": "Servi\u00e7os de telecomunica\u00e7\u00f5es por fio n\u00e3o especificados anteriormente", "code": "61.10-8-99"}, {"text": "Telecomunica\u00e7\u00f5es por sat\u00e9lite", "code": "61.30-2-00"}, {"text": "Aluguel de m\u00e1quinas e equipamentos para escrit\u00f3rios", "code": "77.33-1-00"}, {"text": "Servi\u00e7os combinados para apoio a edif\u00edcios, exceto condom\u00ednios prediais", "code": "81.11-7-00"}, {"text": "Limpeza em pr\u00e9dios e em domic\u00edlios", "code": "81.21-4-00"}, {"text": "Atividades paisag\u00edsticas", "code": "81.30-3-00"}, {"text": "Repara\u00e7\u00e3o e manuten\u00e7\u00e3o de computadores e de equipamentos perif\u00e9ricos", "code": "95.11-8-00"}, {"text": "Repara\u00e7\u00e3o e manuten\u00e7\u00e3o de equipamentos de comunica\u00e7\u00e3o", "code": "95.12-6-00"}, {"text": "Repara\u00e7\u00e3o e manuten\u00e7\u00e3o de equipamentos eletroeletr\u00f4nicos de uso pessoal e dom\u00e9stico", "code": "95.21-5-00"}, {"text": "Repara\u00e7\u00e3o de artigos do mobili\u00e1rio", "code": "95.29-1-05"}], "qsa": [{"qual": "65-Titular Pessoa F\u00edsica Residente ou Domiciliado no Brasil", "nome": "LEONARDO LUIZ SANTOS NOVARINO"}], "situacao": "ATIVA", "bairro": "CENTRO", "logradouro": "R CORONEL GOMES MACHADO", "numero": "174", "cep": "24.020-069", "municipio": "NITEROI", "porte": "MICRO EMPRESA", "abertura": "28/05/2003", "natureza_juridica": "230-5 - Empresa Individual de Responsabilidade Limitada (de Natureza Empres\u00e1ria)", "cnpj": "05.673.486/0001-42", "ultima_atualizacao": "2020-02-08T18:39:31.869Z", "status": "OK", "tipo": "MATRIZ", "fantasia": "", "efr": "", "motivo_situacao": "", "situacao_especial": "", "data_situacao_especial": "", "capital_social": "250000.00", "extra": {}, "billing": {"free": false, "database": false}}