{"atividade_principal": [{"text": "Administra\u00e7\u00e3o de caixas escolares", "code": "85.50-3-01"}], "data_situacao": "12/06/2003", "nome": "CONSELHO ESCOLAR DA ESCOLA MUNICIPAL PROFESSORA MARIA LETICIA SANTOS CARVALHO", "uf": "RJ", "telefone": "(22) 2772-4955", "atividades_secundarias": [{"text": "Outras atividades de ensino n\u00e3o especificadas anteriormente", "code": "85.99-6-99"}], "qsa": [{"qual": "16-Presidente", "nome": "SIMONE VIANA DE CARVALHO"}], "situacao": "ATIVA", "bairro": "GRANJA DOS CAVALEIRO", "logradouro": "R PROJETADA", "numero": "130", "cep": "27.950-030", "municipio": "MACAE", "porte": "DEMAIS", "abertura": "12/06/2003", "natureza_juridica": "399-9 - Associa\u00e7\u00e3o Privada", "fantasia": "CE EMPMLSC", "cnpj": "05.730.277/0001-93", "ultima_atualizacao": "2020-02-08T19:03:10.373Z", "status": "OK", "tipo": "MATRIZ", "complemento": "", "email": "", "efr": "", "motivo_situacao": "", "situacao_especial": "", "data_situacao_especial": "", "capital_social": "0.00", "extra": {}, "billing": {"free": false, "database": false}}