{"atividade_principal": [{"text": "Outras obras de engenharia civil n\u00e3o especificadas anteriormente", "code": "42.99-5-99"}], "data_situacao": "16/07/2005", "complemento": ": PARTE;", "nome": "MJRE CONSTRUTORA LTDA", "uf": "RJ", "telefone": "(21) 2501-0353", "email": "dir.contabil@mjre.com.br", "atividades_secundarias": [{"text": "Obras de urbaniza\u00e7\u00e3o - ruas, pra\u00e7as e cal\u00e7adas", "code": "42.13-8-00"}, {"text": "Constru\u00e7\u00e3o de rodovias e ferrovias", "code": "42.11-1-01"}, {"text": "Servi\u00e7os especializados para constru\u00e7\u00e3o n\u00e3o especificados anteriormente", "code": "43.99-1-99"}, {"text": "Constru\u00e7\u00e3o de obras de arte especiais", "code": "42.12-0-00"}, {"text": "Constru\u00e7\u00e3o de redes de abastecimento de \u00e1gua, coleta de esgoto e constru\u00e7\u00f5es correlatas, exceto obras de irriga\u00e7\u00e3o", "code": "42.22-7-01"}, {"text": "Obras de terraplenagem", "code": "43.13-4-00"}, {"text": "Outras obras de instala\u00e7\u00f5es em constru\u00e7\u00f5es n\u00e3o especificadas anteriormente", "code": "43.29-1-99"}, {"text": "Loca\u00e7\u00e3o de autom\u00f3veis sem condutor", "code": "77.11-0-00"}, {"text": "Loca\u00e7\u00e3o de outros meios de transporte n\u00e3o especificados anteriormente, sem condutor", "code": "77.19-5-99"}, {"text": "Aluguel de m\u00e1quinas e equipamentos para constru\u00e7\u00e3o sem operador, exceto andaimes", "code": "77.32-2-01"}, {"text": "Servi\u00e7os de engenharia", "code": "71.12-0-00"}, {"text": "Atividades t\u00e9cnicas relacionadas \u00e0 engenharia e arquitetura n\u00e3o especificadas anteriormente", "code": "71.19-7-99"}], "qsa": [{"qual": "49-S\u00f3cio-Administrador", "nome": "RODRIGO DA COSTA EVANGELHO"}, {"qual": "49-S\u00f3cio-Administrador", "nome": "ANTONIO MACHADO EVANGELHO"}, {"qual": "49-S\u00f3cio-Administrador", "nome": "VINICIUS MARTINEZ MACHADO"}, {"qual": "22-S\u00f3cio", "qual_rep_legal": "05-Administrador", "nome_rep_legal": "RODRIGO DA COSTA EVANGELHO", "nome": "MPC - MACHADO PARTICIPACOES E CONSULTORIA LTDA"}], "situacao": "ATIVA", "bairro": "CACHAMBI", "logradouro": "R BALDRACO", "numero": "179", "cep": "20.780-220", "municipio": "RIO DE JANEIRO", "porte": "DEMAIS", "abertura": "12/08/2003", "natureza_juridica": "206-2 - Sociedade Empres\u00e1ria Limitada", "cnpj": "05.851.921/0001-81", "ultima_atualizacao": "2020-02-08T04:05:20.488Z", "status": "OK", "tipo": "MATRIZ", "fantasia": "", "efr": "", "motivo_situacao": "", "situacao_especial": "", "data_situacao_especial": "", "capital_social": "12866598.00", "extra": {}, "billing": {"free": false, "database": true}}