{"atividade_principal": [{"text": "Constru\u00e7\u00e3o de edif\u00edcios", "code": "41.20-4-00"}], "data_situacao": "03/11/2005", "nome": "LEAO MOTA COMERCIO E SERVICOS EM GERAL - EIRELI", "uf": "RJ", "telefone": "(21) 2222-2222", "email": "leaomota@gmail.com", "atividades_secundarias": [{"text": "Instala\u00e7\u00e3o e manuten\u00e7\u00e3o el\u00e9trica", "code": "43.21-5-00"}, {"text": "Com\u00e9rcio atacadista de roupas e acess\u00f3rios para uso profissional e de seguran\u00e7a do trabalho", "code": "46.42-7-02"}, {"text": "Com\u00e9rcio atacadista de materiais de constru\u00e7\u00e3o em geral", "code": "46.79-6-99"}, {"text": "Com\u00e9rcio varejista de material el\u00e9trico", "code": "47.42-3-00"}], "qsa": [{"qual": "65-Titular Pessoa F\u00edsica Residente ou Domiciliado no Brasil", "nome": "VALNEI DE JESUS"}], "situacao": "ATIVA", "bairro": "TRINDADE", "logradouro": "R TAUBATE", "numero": "200", "cep": "24.456-060", "municipio": "SAO GONCALO", "porte": "MICRO EMPRESA", "abertura": "29/10/2003", "natureza_juridica": "230-5 - Empresa Individual de Responsabilidade Limitada (de Natureza Empres\u00e1ria)", "fantasia": "LEAO MOTA", "cnpj": "05.988.263/0001-74", "ultima_atualizacao": "2020-02-08T19:32:54.245Z", "status": "OK", "tipo": "MATRIZ", "complemento": "", "efr": "", "motivo_situacao": "", "situacao_especial": "", "data_situacao_especial": "", "capital_social": "800000.00", "extra": {}, "billing": {"free": false, "database": false}}