{"atividade_principal": [{"text": "Com\u00e9rcio atacadista de artigos de escrit\u00f3rio e de papelaria", "code": "46.47-8-01"}], "data_situacao": "18/07/2003", "nome": "BRUCE VISUAL COMERCIAL DE GRAVURAS LTDA", "uf": "RJ", "telefone": "(21) 2532-6136", "email": "maraujo@maraujocontadores.com.br", "atividades_secundarias": [{"text": "Com\u00e9rcio atacadista de embalagens", "code": "46.86-9-02"}, {"text": "Com\u00e9rcio atacadista de m\u00e1quinas e equipamentos para uso comercial; partes e pe\u00e7as", "code": "46.65-6-00"}], "qsa": [{"qual": "49-S\u00f3cio-Administrador", "nome": "ALEJANDRO KIENITZ"}, {"qual": "49-S\u00f3cio-Administrador", "nome": "ANDRE VINCENTI"}], "situacao": "ATIVA", "bairro": "SAO CRISTOVAO", "logradouro": "R GOTEMBURGO", "numero": "257", "cep": "20.941-080", "municipio": "RIO DE JANEIRO", "porte": "MICRO EMPRESA", "abertura": "18/07/2003", "natureza_juridica": "206-2 - Sociedade Empres\u00e1ria Limitada", "fantasia": "COMPANHIA VISUAL", "cnpj": "06.026.078/0001-61", "ultima_atualizacao": "2020-02-08T19:32:17.554Z", "status": "OK", "tipo": "MATRIZ", "complemento": "", "efr": "", "motivo_situacao": "", "situacao_especial": "", "data_situacao_especial": "", "capital_social": "50000.00", "extra": {}, "billing": {"free": false, "database": false}}