{"data_situacao": "28/11/2018", "motivo_situacao": "OMISSAO DE DECLARACOES", "nome": "EMPREITEIRA GOMES E ESTEVES DE MACAE LTDA", "qsa": [{"qual": "49-S\u00f3cio-Administrador", "nome": "CAMILA GOMES ESTEVES"}, {"qual": "49-S\u00f3cio-Administrador", "nome": "DILMA RIBEIRO GOMES"}], "situacao": "INAPTA", "porte": "MICRO EMPRESA", "abertura": "10/03/2004", "natureza_juridica": "206-2 - Sociedade Empres\u00e1ria Limitada", "cnpj": "06.154.555/0001-74", "ultima_atualizacao": "2020-02-08T19:12:20.406Z", "status": "OK", "tipo": "MATRIZ", "fantasia": "", "logradouro": "", "numero": "", "complemento": "", "cep": "", "bairro": "", "municipio": "", "uf": "", "email": "", "telefone": "", "efr": "", "situacao_especial": "", "data_situacao_especial": "", "atividade_principal": [{"code": "00.00-0-00", "text": "********"}], "atividades_secundarias": [{"code": "00.00-0-00", "text": "N\u00e3o informada"}], "capital_social": "0.00", "extra": {}, "billing": {"free": false, "database": false}}