{"atividade_principal": [{"text": "Com\u00e9rcio atacadista de produtos odontol\u00f3gicos", "code": "46.45-1-03"}], "data_situacao": "03/11/2005", "complemento": "SALA 402", "nome": "DENTSUL COMERCIO DE MATERIAIS ODONTOLOGICOS LTDA", "uf": "RJ", "telefone": "(21) 2594-0699/ (21) 2594-0052", "atividades_secundarias": [{"text": "Com\u00e9rcio varejista de cosm\u00e9ticos, produtos de perfumaria e de higiene pessoal", "code": "47.72-5-00"}, {"text": "Com\u00e9rcio atacadista de instrumentos e materiais para uso m\u00e9dico, cir\u00fargico, hospitalar e de laborat\u00f3rios", "code": "46.45-1-01"}], "qsa": [{"qual": "49-S\u00f3cio-Administrador", "nome": "RODRIGO BORNEO DE CASTRO DA SILVA"}, {"qual": "49-S\u00f3cio-Administrador", "nome": "DANILO BATISTA FRAGA"}, {"qual": "22-S\u00f3cio", "nome": "UBIRATAN VEIGA DE MORAES"}], "situacao": "ATIVA", "bairro": "MEIER", "logradouro": "R MANUELA BARBOSA", "numero": "39", "cep": "20.735-110", "municipio": "RIO DE JANEIRO", "porte": "MICRO EMPRESA", "abertura": "22/01/2004", "natureza_juridica": "206-2 - Sociedade Empres\u00e1ria Limitada", "fantasia": "DENTSUL ODONTO-HOSPITALAR", "cnpj": "06.150.220/0001-88", "ultima_atualizacao": "2020-02-08T00:51:54.024Z", "status": "OK", "tipo": "MATRIZ", "email": "", "efr": "", "motivo_situacao": "", "situacao_especial": "", "data_situacao_especial": "", "capital_social": "0.00", "extra": {}, "billing": {"free": false, "database": true}}