{"atividade_principal": [{"text": "Com\u00e9rcio atacadista de medicamentos e drogas de uso humano", "code": "46.44-3-01"}], "data_situacao": "28/04/2004", "complemento": "KM 341 LOTE 01/04 GALPAO02 ARMZ 03", "nome": "EXPRESSA DISTRIBUIDORA DE MEDICAMENTOS LTDA", "uf": "DF", "telefone": "(11) 2184-0744/ (11) 2184-0734", "email": "fiscal@expressa.com", "atividades_secundarias": [{"text": "Representantes comerciais e agentes do com\u00e9rcio de medicamentos, cosm\u00e9ticos e produtos de perfumaria", "code": "46.18-4-01"}, {"text": "Representantes comerciais e agentes do com\u00e9rcio de instrumentos e materiais odonto-m\u00e9dico-hospitalares", "code": "46.18-4-02"}, {"text": "Com\u00e9rcio atacadista especializado em outros produtos aliment\u00edcios n\u00e3o especificados anteriormente", "code": "46.37-1-99"}, {"text": "Com\u00e9rcio atacadista de produtos aliment\u00edcios em geral", "code": "46.39-7-01"}, {"text": "Com\u00e9rcio atacadista de instrumentos e materiais para uso m\u00e9dico, cir\u00fargico, hospitalar e de laborat\u00f3rios", "code": "46.45-1-01"}, {"text": "Com\u00e9rcio atacadista de cosm\u00e9ticos e produtos de perfumaria", "code": "46.46-0-01"}, {"text": "Com\u00e9rcio atacadista de produtos de higiene pessoal", "code": "46.46-0-02"}, {"text": "Com\u00e9rcio atacadista de produtos de higiene, limpeza e conserva\u00e7\u00e3o domiciliar", "code": "46.49-4-08"}, {"text": "Com\u00e9rcio atacadista de m\u00e1quinas, aparelhos e equipamentos para uso odonto-m\u00e9dico-hospitalar; partes e pe\u00e7as", "code": "46.64-8-00"}, {"text": "Com\u00e9rcio atacadista de mercadorias em geral, sem predomin\u00e2ncia de alimentos ou de insumos agropecu\u00e1rios", "code": "46.93-1-00"}, {"text": "Transporte rodovi\u00e1rio de carga, exceto produtos perigosos e mudan\u00e7as, municipal.", "code": "49.30-2-01"}, {"text": "Dep\u00f3sitos de mercadorias para terceiros, exceto armaz\u00e9ns gerais e guarda-m\u00f3veis", "code": "52.11-7-99"}, {"text": "Servi\u00e7os de entrega r\u00e1pida", "code": "53.20-2-02"}], "qsa": [{"qual": "37-S\u00f3cio Pessoa Jur\u00eddica Domiciliado no Exterior", "pais_origem": "ESTADOS UNIDOS", "nome_rep_legal": "MARIANA BRAGA AITKEN", "qual_rep_legal": "17-Procurador", "nome": "MAYFAIR PHARMA LLC"}, {"qual": "05-Administrador", "nome": "MURILO BRAGA PITHON"}], "situacao": "ATIVA", "bairro": "NUCLEO RURAL HORTIGRANJEIRO DE SANTA MAR", "logradouro": "ROD DF-290", "numero": "GL.24", "cep": "72.578-000", "municipio": "BRASILIA", "porte": "DEMAIS", "abertura": "28/04/2004", "natureza_juridica": "206-2 - Sociedade Empres\u00e1ria Limitada", "fantasia": "EXPRESSA", "cnpj": "06.234.797/0001-78", "ultima_atualizacao": "2020-02-08T01:04:42.182Z", "status": "OK", "tipo": "MATRIZ", "efr": "", "motivo_situacao": "", "situacao_especial": "", "data_situacao_especial": "", "capital_social": "137995441.00", "extra": {}, "billing": {"free": false, "database": true}}