{"atividade_principal": [{"text": "Administra\u00e7\u00e3o de caixas escolares", "code": "85.50-3-01"}], "data_situacao": "31/05/2004", "nome": "CONSELHO ESCOLAR DA ESCOLA MUNICIPAL PROFESSORA SANDRA MARIA DE OLIVEIRA ARAUJO FRANCO", "uf": "RJ", "telefone": "(22) 2765-2011", "atividades_secundarias": [{"text": "Outras atividades de ensino n\u00e3o especificadas anteriormente", "code": "85.99-6-99"}], "qsa": [{"qual": "16-Presidente", "nome": "ELISA CRISTINA DE SALES FELIX"}], "situacao": "ATIVA", "bairro": "SOL Y MAR", "logradouro": "R COMERCIANTE JONAS MUSSI", "numero": "SN", "cep": "27.940-550", "municipio": "MACAE", "porte": "DEMAIS", "abertura": "31/05/2004", "natureza_juridica": "399-9 - Associa\u00e7\u00e3o Privada", "fantasia": "CE EMPSMOAF", "cnpj": "06.310.616/0001-45", "ultima_atualizacao": "2020-02-08T17:43:28.626Z", "status": "OK", "tipo": "MATRIZ", "complemento": "", "email": "", "efr": "", "motivo_situacao": "", "situacao_especial": "", "data_situacao_especial": "", "capital_social": "0.00", "extra": {}, "billing": {"free": false, "database": true}}