{"atividade_principal": [{"text": "Com\u00e9rcio varejista de outros produtos n\u00e3o especificados anteriormente", "code": "47.89-0-99"}], "data_situacao": "05/07/2004", "complemento": "LOJA 03 LOTE 02 QUADRA00I", "nome": "MALUAP EMBALAGENS DESCARTAVEIS LTDA", "uf": "RJ", "telefone": "(22) 2764-0211", "email": "saene_embalagem@hotmail.com", "atividades_secundarias": [{"text": "Com\u00e9rcio varejista de outros artigos de uso pessoal e dom\u00e9stico n\u00e3o especificados anteriormente", "code": "47.59-8-99"}, {"text": "Lojas de variedades, exceto lojas de departamentos ou magazines", "code": "47.13-0-02"}], "qsa": [{"qual": "49-S\u00f3cio-Administrador", "nome": "MARIA LUIZA AMORIM DA PAIXAO"}, {"qual": "49-S\u00f3cio-Administrador", "nome": "PEDRO ROBERTO CARDOSO"}], "situacao": "ATIVA", "bairro": "NOVO RIO DAS OSTRAS", "logradouro": "ROD AMARAL PEIXOTO", "numero": "5019", "cep": "28.893-446", "municipio": "RIO DAS OSTRAS", "porte": "EMPRESA DE PEQUENO PORTE", "abertura": "05/07/2004", "natureza_juridica": "206-2 - Sociedade Empres\u00e1ria Limitada", "fantasia": "SAENE - EMBALAGENS DESCARTAVEIS", "cnpj": "06.636.903/0001-40", "ultima_atualizacao": "2020-02-08T18:47:44.398Z", "status": "OK", "tipo": "MATRIZ", "efr": "", "motivo_situacao": "", "situacao_especial": "", "data_situacao_especial": "", "capital_social": "15000.00", "extra": {}, "billing": {"free": false, "database": false}}