{"atividade_principal": [{"text": "Manuten\u00e7\u00e3o e repara\u00e7\u00e3o de aparelhos e instrumentos de medida, teste e controle", "code": "33.12-1-02"}], "data_situacao": "14/10/2004", "nome": "METROBRAS - METROLOGIA DAS RADIACOES IONIZANTES LTDA", "uf": "SP", "telefone": "(16) 3663-8484/ (16) 3601-0500", "email": "metrobras@metrobras.com.br", "atividades_secundarias": [{"text": "Com\u00e9rcio atacadista de outras m\u00e1quinas e equipamentos n\u00e3o especificados anteriormente; partes e pe\u00e7as", "code": "46.69-9-99"}, {"text": "Pesquisa e desenvolvimento experimental em ci\u00eancias f\u00edsicas e naturais", "code": "72.10-0-00"}, {"text": "Testes e an\u00e1lises t\u00e9cnicas", "code": "71.20-1-00"}, {"text": "Outras atividades profissionais, cient\u00edficas e t\u00e9cnicas n\u00e3o especificadas anteriormente", "code": "74.90-1-99"}, {"text": "Educa\u00e7\u00e3o profissional de n\u00edvel t\u00e9cnico", "code": "85.41-4-00"}, {"text": "Outras atividades de ensino n\u00e3o especificadas anteriormente", "code": "85.99-6-99"}], "qsa": [{"qual": "49-S\u00f3cio-Administrador", "nome": "MARCIO DONIZETI DANIEL"}, {"qual": "49-S\u00f3cio-Administrador", "nome": "MARCOS AURELIO ALVES VALERO"}, {"qual": "22-S\u00f3cio", "qual_rep_legal": "05-Administrador", "nome_rep_legal": "JOSE LUIZ BRUCO", "nome": "M.R.A. - INDUSTRIA DE EQUIPAMENTOS ELETRONICOS LTDA"}, {"qual": "05-Administrador", "nome": "JOSE LUIZ BRUCO"}], "situacao": "ATIVA", "bairro": "DIST.INDL.ADIB RASSI", "logradouro": "R DOMICIANO LEITE DE ASSIS", "numero": "367", "cep": "14.680-000", "municipio": "JARDINOPOLIS", "porte": "MICRO EMPRESA", "abertura": "14/10/2004", "natureza_juridica": "206-2 - Sociedade Empres\u00e1ria Limitada", "fantasia": "METROBRAS", "cnpj": "07.041.060/0001-00", "ultima_atualizacao": "2020-02-08T18:59:49.106Z", "status": "OK", "tipo": "MATRIZ", "complemento": "", "efr": "", "motivo_situacao": "", "situacao_especial": "", "data_situacao_especial": "", "capital_social": "214000.00", "extra": {}, "billing": {"free": false, "database": false}}