{"atividade_principal": [{"text": "Fabrica\u00e7\u00e3o de artefatos t\u00eaxteis para uso dom\u00e9stico", "code": "13.51-1-00"}], "data_situacao": "30/11/2004", "nome": "ABSOLUTA FORMA IND. E COM. EIRELI", "uf": "RJ", "telefone": "(22) 2522-8428", "atividades_secundarias": [{"text": "Fabrica\u00e7\u00e3o de outros produtos t\u00eaxteis n\u00e3o especificados anteriormente", "code": "13.59-6-00"}, {"text": "Fabrica\u00e7\u00e3o de outros produtos de metal n\u00e3o especificados anteriormente", "code": "25.99-3-99"}, {"text": "Fabrica\u00e7\u00e3o de artigos para viagem, bolsas e semelhantes de qualquer material", "code": "15.21-1-00"}, {"text": "Fac\u00e7\u00e3o de pe\u00e7as do vestu\u00e1rio, exceto roupas \u00edntimas", "code": "14.12-6-03"}, {"text": "Fac\u00e7\u00e3o de roupas profissionais", "code": "14.13-4-03"}, {"text": "Fac\u00e7\u00e3o de roupas \u00edntimas", "code": "14.11-8-02"}], "qsa": [{"qual": "65-Titular Pessoa F\u00edsica Residente ou Domiciliado no Brasil", "nome": "JOAO MENDES DA SILVA NETO"}], "situacao": "ATIVA", "bairro": "CONSELHEIRO PAULINO", "logradouro": "R ROSA RIBEIRO", "numero": "229", "cep": "28.633-450", "municipio": "NOVA FRIBURGO", "porte": "MICRO EMPRESA", "abertura": "30/11/2004", "natureza_juridica": "230-5 - Empresa Individual de Responsabilidade Limitada (de Natureza Empres\u00e1ria)", "fantasia": "ABS BANDEIRAS", "cnpj": "07.123.374/0001-43", "ultima_atualizacao": "2020-02-08T18:51:22.588Z", "status": "OK", "tipo": "MATRIZ", "complemento": "", "email": "", "efr": "", "motivo_situacao": "", "situacao_especial": "", "data_situacao_especial": "", "capital_social": "88000.00", "extra": {}, "billing": {"free": false, "database": false}}