{"atividade_principal": [{"text": "Com\u00e9rcio atacadista de produtos aliment\u00edcios em geral", "code": "46.39-7-01"}], "data_situacao": "27/01/2006", "nome": "MACBOU EIRELI", "uf": "RJ", "telefone": "(22) 2778-2209", "email": "macbouu@gmail.com", "atividades_secundarias": [{"text": "Impress\u00e3o de livros, revistas e outras publica\u00e7\u00f5es peri\u00f3dicas", "code": "18.11-3-02"}, {"text": "Constru\u00e7\u00e3o de edif\u00edcios", "code": "41.20-4-00"}, {"text": "Constru\u00e7\u00e3o de rodovias e ferrovias", "code": "42.11-1-01"}, {"text": "Obras de urbaniza\u00e7\u00e3o - ruas, pra\u00e7as e cal\u00e7adas", "code": "42.13-8-00"}, {"text": "Manuten\u00e7\u00e3o de esta\u00e7\u00f5es e redes de telecomunica\u00e7\u00f5es", "code": "42.21-9-05"}, {"text": "Montagem de estruturas met\u00e1licas", "code": "42.92-8-01"}, {"text": "Obras de terraplenagem", "code": "43.13-4-00"}, {"text": "Instala\u00e7\u00e3o e manuten\u00e7\u00e3o el\u00e9trica", "code": "43.21-5-00"}, {"text": "Instala\u00e7\u00f5es hidr\u00e1ulicas, sanit\u00e1rias e de g\u00e1s", "code": "43.22-3-01"}, {"text": "Instala\u00e7\u00e3o e manuten\u00e7\u00e3o de sistemas centrais de ar condicionado, de ventila\u00e7\u00e3o e refrigera\u00e7\u00e3o", "code": "43.22-3-02"}, {"text": "Instala\u00e7\u00e3o de portas, janelas, tetos, divis\u00f3rias e arm\u00e1rios embutidos de qualquer material", "code": "43.30-4-02"}, {"text": "Outras obras de acabamento da constru\u00e7\u00e3o", "code": "43.30-4-99"}, {"text": "Servi\u00e7os de manuten\u00e7\u00e3o e repara\u00e7\u00e3o mec\u00e2nica de ve\u00edculos automotores", "code": "45.20-0-01"}, {"text": "Servi\u00e7os de manuten\u00e7\u00e3o e repara\u00e7\u00e3o el\u00e9trica de ve\u00edculos automotores", "code": "45.20-0-03"}, {"text": "Servi\u00e7os de instala\u00e7\u00e3o, manuten\u00e7\u00e3o e repara\u00e7\u00e3o de acess\u00f3rios para ve\u00edculos automotores", "code": "45.20-0-07"}, {"text": "Com\u00e9rcio a varejo de pe\u00e7as e acess\u00f3rios usados para ve\u00edculos automotores", "code": "45.30-7-04"}, {"text": "Com\u00e9rcio atacadista de medicamentos e drogas de uso humano", "code": "46.44-3-01"}, {"text": "Com\u00e9rcio atacadista de cosm\u00e9ticos e produtos de perfumaria", "code": "46.46-0-01"}, {"text": "Com\u00e9rcio atacadista de artigos de escrit\u00f3rio e de papelaria", "code": "46.47-8-01"}, {"text": "Com\u00e9rcio atacadista de outros equipamentos e artigos de uso pessoal e dom\u00e9stico n\u00e3o especificados anteriormente", "code": "46.49-4-99"}, {"text": "Com\u00e9rcio atacadista de equipamentos de inform\u00e1tica", "code": "46.51-6-01"}, {"text": "Com\u00e9rcio atacadista de componentes eletr\u00f4nicos e equipamentos de telefonia e comunica\u00e7\u00e3o", "code": "46.52-4-00"}, {"text": "Com\u00e9rcio atacadista de m\u00e1quinas, equipamentos para terraplenagem, minera\u00e7\u00e3o e constru\u00e7\u00e3o; partes e pe\u00e7as", "code": "46.62-1-00"}, {"text": "Com\u00e9rcio atacadista de m\u00e1quinas, aparelhos e equipamentos para uso odonto-m\u00e9dico-hospitalar; partes e pe\u00e7as", "code": "46.64-8-00"}, {"text": "Com\u00e9rcio varejista de carnes - a\u00e7ougues", "code": "47.22-9-01"}, {"text": "Com\u00e9rcio varejista de hortifrutigranjeiros", "code": "47.24-5-00"}, {"text": "Com\u00e9rcio varejista de produtos aliment\u00edcios em geral ou especializado em produtos aliment\u00edcios n\u00e3o especificados anteriormente", "code": "47.29-6-99"}, {"text": "Com\u00e9rcio varejista de lubrificantes", "code": "47.32-6-00"}, {"text": "Com\u00e9rcio varejista de material el\u00e9trico", "code": "47.42-3-00"}, {"text": "Com\u00e9rcio varejista de materiais de constru\u00e7\u00e3o em geral", "code": "47.44-0-99"}, {"text": "Com\u00e9rcio varejista especializado de eletrodom\u00e9sticos e equipamentos de \u00e1udio e v\u00eddeo", "code": "47.53-9-00"}, {"text": "Comercio varejista de artigos de cama, mesa e banho", "code": "47.55-5-03"}, {"text": "Com\u00e9rcio varejista de artigos de papelaria", "code": "47.61-0-03"}, {"text": "Com\u00e9rcio varejista de artigos esportivos", "code": "47.63-6-02"}, {"text": "Com\u00e9rcio varejista de produtos farmac\u00eauticos, sem manipula\u00e7\u00e3o de f\u00f3rmulas", "code": "47.71-7-01"}, {"text": "Com\u00e9rcio varejista de cosm\u00e9ticos, produtos de perfumaria e de higiene pessoal", "code": "47.72-5-00"}, {"text": "Com\u00e9rcio varejista de artigos m\u00e9dicos e ortop\u00e9dicos", "code": "47.73-3-00"}, {"text": "Com\u00e9rcio varejista de artigos de \u00f3ptica", "code": "47.74-1-00"}, {"text": "Com\u00e9rcio varejista de artigos do vestu\u00e1rio e acess\u00f3rios", "code": "47.81-4-00"}, {"text": "Servi\u00e7o de t\u00e1xi", "code": "49.23-0-01"}, {"text": "Servi\u00e7o de transporte de passageiros - loca\u00e7\u00e3o de autom\u00f3veis com motorista", "code": "49.23-0-02"}, {"text": "Estacionamento de ve\u00edculos", "code": "52.23-1-00"}, {"text": "Servi\u00e7os de reboque de ve\u00edculos", "code": "52.29-0-02"}, {"text": "Loca\u00e7\u00e3o de autom\u00f3veis sem condutor", "code": "77.11-0-00"}, {"text": "Loca\u00e7\u00e3o de outros meios de transporte n\u00e3o especificados anteriormente, sem condutor", "code": "77.19-5-99"}, {"text": "Aluguel de m\u00e1quinas e equipamentos para constru\u00e7\u00e3o sem operador, exceto andaimes", "code": "77.32-2-01"}, {"text": "Atividades de vigil\u00e2ncia e seguran\u00e7a privada", "code": "80.11-1-01"}, {"text": "Limpeza em pr\u00e9dios e em domic\u00edlios", "code": "81.21-4-00"}, {"text": "Atividades paisag\u00edsticas", "code": "81.30-3-00"}, {"text": "Servi\u00e7os de organiza\u00e7\u00e3o de feiras, congressos, exposi\u00e7\u00f5es e festas", "code": "82.30-0-01"}, {"text": "Atividades de assist\u00eancia social prestadas em resid\u00eancias coletivas e particulares n\u00e3o especificadas anteriormente", "code": "87.30-1-99"}], "qsa": [{"qual": "65-Titular Pessoa F\u00edsica Residente ou Domiciliado no Brasil", "nome": "EVARISTO TIAGO MACEDO BOUCINHA"}], "situacao": "ATIVA", "bairro": "MATARUNA", "logradouro": "R PASTOR LUIZ LAURENTINO DA SILVA", "numero": "805", "cep": "28.860-000", "municipio": "CASIMIRO DE ABREU", "porte": "MICRO EMPRESA", "abertura": "27/01/2006", "natureza_juridica": "230-5 - Empresa Individual de Responsabilidade Limitada (de Natureza Empres\u00e1ria)", "cnpj": "07.911.707/0001-07", "ultima_atualizacao": "2020-02-08T17:18:58.862Z", "status": "OK", "tipo": "MATRIZ", "fantasia": "", "complemento": "", "efr": "", "motivo_situacao": "", "situacao_especial": "", "data_situacao_especial": "", "capital_social": "400000.00", "extra": {}, "billing": {"free": false, "database": true}}