{"atividade_principal": [{"text": "Produ\u00e7\u00e3o e promo\u00e7\u00e3o de eventos esportivos", "code": "93.19-1-01"}], "data_situacao": "04/04/2006", "complemento": "SALA 1409", "nome": "ASSOCIACAO MACAENSE DE ARBITRAGEM DE DESPORTOS E EVENTOS DESPORTIVOS DO ESTADO DO RIO DE JANEIRO", "uf": "RJ", "telefone": "(21) 3145-7009/ (22) 8805-4839", "email": "elgenpecanha@yahoo.com.br", "atividades_secundarias": [{"text": "Outras atividades esportivas n\u00e3o especificadas anteriormente", "code": "93.19-1-99"}], "qsa": [{"qual": "16-Presidente", "nome": "ELGEN CORREA PECANHA"}], "situacao": "ATIVA", "bairro": "CENTRO", "logradouro": "AV PRESIDENTE VARGAS", "numero": "633", "cep": "20.071-004", "municipio": "RIO DE JANEIRO", "porte": "DEMAIS", "abertura": "04/04/2006", "natureza_juridica": "399-9 - Associa\u00e7\u00e3o Privada", "fantasia": "AMADERJ", "cnpj": "07.995.567/0001-94", "ultima_atualizacao": "2020-02-07T20:26:16.545Z", "status": "OK", "tipo": "MATRIZ", "efr": "", "motivo_situacao": "", "situacao_especial": "", "data_situacao_especial": "", "capital_social": "0.00", "extra": {}, "billing": {"free": false, "database": true}}