{"atividade_principal": [{"text": "Administra\u00e7\u00e3o de caixas escolares", "code": "85.50-3-01"}], "data_situacao": "05/06/2006", "complemento": "ESCOLA", "nome": "CONSELHO ESCOLAR DO COLEGIO MUNICIPAL NEUSA GOULART BRIZOLA", "uf": "RJ", "telefone": "(22) 2772-4955/ (22) 2772-2381", "atividades_secundarias": [{"text": "Outras atividades de ensino n\u00e3o especificadas anteriormente", "code": "85.99-6-99"}], "qsa": [{"qual": "16-Presidente", "nome": "ERIKA ANTUNES RODRIGUES ALVES"}], "situacao": "ATIVA", "bairro": "BARRA DE MACAE", "logradouro": "R ROBERTO PEREIRA DA SILVA", "numero": "S/N", "cep": "27.973-480", "municipio": "MACAE", "porte": "DEMAIS", "abertura": "05/06/2006", "natureza_juridica": "399-9 - Associa\u00e7\u00e3o Privada", "fantasia": "CE CMNGB", "cnpj": "08.154.966/0001-95", "ultima_atualizacao": "2020-02-07T23:54:55.716Z", "status": "OK", "tipo": "MATRIZ", "email": "", "efr": "", "motivo_situacao": "", "situacao_especial": "", "data_situacao_especial": "", "capital_social": "0.00", "extra": {}, "billing": {"free": false, "database": true}}