{"atividade_principal": [{"text": "Servi\u00e7os de organiza\u00e7\u00e3o de feiras, congressos, exposi\u00e7\u00f5es e festas", "code": "82.30-0-01"}], "data_situacao": "23/08/2006", "complemento": "LOJA 78 H", "nome": "K.J.B. PRODUTORA DE EVENTOS - EIRELI", "uf": "RJ", "telefone": "(22) 2762-5696", "atividades_secundarias": [{"text": "Outras atividades de servi\u00e7os prestados principalmente \u00e0s empresas n\u00e3o especificadas anteriormente", "code": "82.99-7-99"}, {"text": "Aluguel de outras m\u00e1quinas e equipamentos comerciais e industriais n\u00e3o especificados anteriormente, sem operador", "code": "77.39-0-99"}, {"text": "Loca\u00e7\u00e3o de autom\u00f3veis sem condutor", "code": "77.11-0-00"}, {"text": "Constru\u00e7\u00e3o de edif\u00edcios", "code": "41.20-4-00"}, {"text": "Transporte rodovi\u00e1rio de carga, exceto produtos perigosos e mudan\u00e7as, municipal", "code": "49.30-2-01"}, {"text": "Transporte rodovi\u00e1rio de carga, exceto produtos perigosos e mudan\u00e7as, intermunicipal, interestadual e internacional", "code": "49.30-2-02"}, {"text": "Com\u00e9rcio varejista de outros produtos n\u00e3o especificados anteriormente", "code": "47.89-0-99"}, {"text": "Ag\u00eancias de publicidade", "code": "73.11-4-00"}], "qsa": [{"qual": "65-Titular Pessoa F\u00edsica Residente ou Domiciliado no Brasil", "nome": "KLEBER JOSE BERTI"}], "situacao": "ATIVA", "bairro": "IMBETIBA", "logradouro": "AV RUI BARBOSA", "numero": "1725", "cep": "27.915-011", "municipio": "MACAE", "porte": "EMPRESA DE PEQUENO PORTE", "abertura": "23/08/2006", "natureza_juridica": "230-5 - Empresa Individual de Responsabilidade Limitada (de Natureza Empres\u00e1ria)", "fantasia": "ELO PRODUCOES E EVENTOS", "cnpj": "08.295.999/0001-55", "ultima_atualizacao": "2020-02-07T22:24:46.004Z", "status": "OK", "tipo": "MATRIZ", "email": "", "efr": "", "motivo_situacao": "", "situacao_especial": "", "data_situacao_especial": "", "capital_social": "530000.00", "extra": {}, "billing": {"free": false, "database": true}}