{"atividade_principal": [{"text": "Provedores de acesso \u00e0s redes de comunica\u00e7\u00f5es", "code": "61.90-6-01"}], "data_situacao": "23/10/2006", "complemento": "SALA 105/106", "nome": "FORTE TELECOM LTDA", "uf": "RJ", "telefone": "(22) 2767-2514", "email": "adilsonsoares@point.com.br", "atividades_secundarias": [{"text": "Com\u00e9rcio varejista especializado de equipamentos de telefonia e comunica\u00e7\u00e3o", "code": "47.52-1-00"}, {"text": "Com\u00e9rcio varejista especializado de equipamentos e suprimentos de inform\u00e1tica", "code": "47.51-2-01"}], "qsa": [{"qual": "22-S\u00f3cio", "nome": "NELTON GONCALVES DE SOUZA"}, {"qual": "49-S\u00f3cio-Administrador", "nome": "SERGIO LUIZ NEVES SIMAS JUNIOR"}], "situacao": "ATIVA", "bairro": "CENTRO", "logradouro": "R GASTAO MACHADO", "numero": "66", "cep": "28.035-120", "municipio": "CAMPOS DOS GOYTACAZES", "porte": "MICRO EMPRESA", "abertura": "23/10/2006", "natureza_juridica": "206-2 - Sociedade Empres\u00e1ria Limitada", "fantasia": "FORTE TELECOM", "cnpj": "08.436.839/0001-89", "ultima_atualizacao": "2020-02-08T19:10:24.887Z", "status": "OK", "tipo": "MATRIZ", "efr": "", "motivo_situacao": "", "situacao_especial": "", "data_situacao_especial": "", "capital_social": "160000.00", "extra": {}, "billing": {"free": false, "database": false}}