{"atividade_principal": [{"text": "Administra\u00e7\u00e3o p\u00fablica em geral", "code": "84.11-6-00"}], "data_situacao": "13/03/2006", "nome": "FUNDO ESPECIAL DA PROCURADORIA GERAL DO ESTADO DO RIO DE JANEIRO", "uf": "RJ", "telefone": "(21) 2332-9335/ (21) 2332-7377", "email": "santose@pge.rj.gov.br", "situacao": "ATIVA", "bairro": "CENTRO", "logradouro": "R CARMO", "numero": "27", "cep": "20.011-900", "municipio": "RIO DE JANEIRO", "porte": "DEMAIS", "abertura": "13/03/2006", "natureza_juridica": "132-5 - Fundo P\u00fablico da Administra\u00e7\u00e3o Direta Estadual ou do Distrito Federal", "fantasia": "FUNPERJ - FUNDO ESPECIAL DA PROCURADORIA GERAL DO ERJ", "cnpj": "08.778.206/0001-59", "ultima_atualizacao": "2020-02-08T18:48:39.681Z", "status": "OK", "tipo": "MATRIZ", "complemento": "", "efr": "", "motivo_situacao": "", "situacao_especial": "", "data_situacao_especial": "", "atividades_secundarias": [{"code": "00.00-0-00", "text": "N\u00e3o informada"}], "capital_social": "0.00", "qsa": [], "extra": {}, "billing": {"free": false, "database": false}}