{"atividade_principal": [{"text": "Com\u00e9rcio atacadista de instrumentos e materiais para uso m\u00e9dico, cir\u00fargico, hospitalar e de laborat\u00f3rios", "code": "46.45-1-01"}], "data_situacao": "20/08/2007", "complemento": "SALA: 1005;", "nome": "ECO MEDICE - DISTRIBUIDORA DE PRODUTOS MEDICOS HOSPITALARES EIRELI", "uf": "RJ", "telefone": "(21) 2621-1000/ (21) 8835-2787", "email": "legaliza@conthabil.com.br", "qsa": [{"qual": "65-Titular Pessoa F\u00edsica Residente ou Domiciliado no Brasil", "nome": "RAFAEL GALVAO MOTTA"}], "situacao": "ATIVA", "bairro": "CENTRO", "logradouro": "R LUIZ LEOPOLDO FERNANDES PINHEIRO", "numero": "555", "cep": "24.030-127", "municipio": "NITEROI", "porte": "MICRO EMPRESA", "abertura": "20/08/2007", "natureza_juridica": "230-5 - Empresa Individual de Responsabilidade Limitada (de Natureza Empres\u00e1ria)", "cnpj": "09.009.056/0001-81", "ultima_atualizacao": "2020-02-08T18:40:32.377Z", "status": "OK", "tipo": "MATRIZ", "fantasia": "", "efr": "", "motivo_situacao": "", "situacao_especial": "", "data_situacao_especial": "", "atividades_secundarias": [{"code": "00.00-0-00", "text": "N\u00e3o informada"}], "capital_social": "600000.00", "extra": {}, "billing": {"free": false, "database": false}}