{"atividade_principal": [{"text": "Lavanderias", "code": "96.01-7-01"}], "data_situacao": "14/01/2008", "complemento": "LOTE 10 QUADRA69", "nome": "PEROLA HIGIENIZACAO TEXTIL EIRELI", "uf": "RJ", "telefone": "(22) 2777-2789/ (22) 9753-6496", "email": "contato@safetyservices.com.br", "atividades_secundarias": [{"text": "Com\u00e9rcio varejista de produtos saneantes domissanit\u00e1rios", "code": "47.89-0-05"}, {"text": "Outras atividades de servi\u00e7os prestados principalmente \u00e0s empresas n\u00e3o especificadas anteriormente", "code": "82.99-7-99"}, {"text": "Toalheiros", "code": "96.01-7-03"}], "qsa": [{"qual": "65-Titular Pessoa F\u00edsica Residente ou Domiciliado no Brasil", "nome": "NARA VANESSA SOUSA DA SILVA CUNHA"}], "situacao": "ATIVA", "bairro": "ENSEADA DAS GAIVOTAS", "logradouro": "R IVAN LINS", "numero": "90", "cep": "28.897-198", "municipio": "RIO DAS OSTRAS", "porte": "MICRO EMPRESA", "abertura": "14/01/2008", "natureza_juridica": "230-5 - Empresa Individual de Responsabilidade Limitada (de Natureza Empres\u00e1ria)", "fantasia": "PEROLA HIGIENIZACAO TEXTIL", "cnpj": "09.319.428/0001-76", "ultima_atualizacao": "2020-02-07T23:45:02.958Z", "status": "OK", "tipo": "MATRIZ", "efr": "", "motivo_situacao": "", "situacao_especial": "", "data_situacao_especial": "", "capital_social": "300000.00", "extra": {}, "billing": {"free": false, "database": true}}