{"atividade_principal": [{"text": "Aluguel de outras m\u00e1quinas e equipamentos comerciais e industriais n\u00e3o especificados anteriormente, sem operador", "code": "77.39-0-99"}], "data_situacao": "13/08/2008", "nome": "FIXA SOM SONORIZACAO DE MACUCO LTDA", "uf": "RJ", "telefone": "(22) 2554-1224", "qsa": [{"qual": "49-S\u00f3cio-Administrador", "nome": "JORGE COUTO DE SOUZA"}, {"qual": "22-S\u00f3cio", "nome": "LAURA THOMAZ DE SOUZA"}], "situacao": "ATIVA", "bairro": "CENTRO", "logradouro": "R ABDO ELIAS ANTONIO", "numero": "72", "cep": "28.545-000", "municipio": "MACUCO", "porte": "MICRO EMPRESA", "abertura": "13/08/2008", "natureza_juridica": "206-2 - Sociedade Empres\u00e1ria Limitada", "fantasia": "FIXA SOM", "cnpj": "10.306.619/0001-82", "ultima_atualizacao": "2020-02-08T18:58:48.497Z", "status": "OK", "tipo": "MATRIZ", "complemento": "", "email": "", "efr": "", "motivo_situacao": "", "situacao_especial": "", "data_situacao_especial": "", "atividades_secundarias": [{"code": "00.00-0-00", "text": "N\u00e3o informada"}], "capital_social": "80000.00", "extra": {}, "billing": {"free": false, "database": false}}