{"atividade_principal": [{"text": "Fabrica\u00e7\u00e3o de produtos diversos n\u00e3o especificados anteriormente", "code": "32.99-0-99"}], "data_situacao": "28/08/2008", "complemento": "BLOCO A", "nome": "PUBLIC SYSTEM INDUSTRIA E COMERCIO DE ORIENTADORES DE PUBLICO LTDA", "uf": "SP", "telefone": "(11) 3336-4000", "email": "comercial@publicsystem.com.br", "atividades_secundarias": [{"text": "Servi\u00e7os de confec\u00e7\u00e3o de arma\u00e7\u00f5es met\u00e1licas para a constru\u00e7\u00e3o", "code": "25.99-3-01"}, {"text": "Fabrica\u00e7\u00e3o de letras, letreiros e placas de qualquer material, exceto luminosos", "code": "32.99-0-03"}, {"text": "Manuten\u00e7\u00e3o e repara\u00e7\u00e3o de equipamentos e produtos n\u00e3o especificados anteriormente", "code": "33.19-8-00"}, {"text": "Com\u00e9rcio varejista de outros produtos n\u00e3o especificados anteriormente", "code": "47.89-0-99"}, {"text": "Agenciamento de espa\u00e7os para publicidade, exceto em ve\u00edculos de comunica\u00e7\u00e3o (Dispensada *)", "code": "73.12-2-00"}], "qsa": [{"qual": "49-S\u00f3cio-Administrador", "nome": "ERICA PIZA DE TOLEDO DE LORENZO"}, {"qual": "22-S\u00f3cio", "nome": "AGER DE LORENZO"}], "situacao": "ATIVA", "bairro": "ALPHAVILLE EMPRESARIAL", "logradouro": "R CEARA", "numero": "244", "cep": "06.465-120", "municipio": "BARUERI", "porte": "EMPRESA DE PEQUENO PORTE", "abertura": "28/08/2008", "natureza_juridica": "206-2 - Sociedade Empres\u00e1ria Limitada", "fantasia": "PUBLIC SYSTEM", "cnpj": "10.322.423/0001-81", "ultima_atualizacao": "2020-02-08T15:15:29.920Z", "status": "OK", "tipo": "MATRIZ", "efr": "", "motivo_situacao": "", "situacao_especial": "", "data_situacao_especial": "", "capital_social": "200000.00", "extra": {}, "billing": {"free": false, "database": true}}