{"atividade_principal": [{"text": "Atividades de produ\u00e7\u00e3o cinematogr\u00e1fica, de v\u00eddeos e de programas de televis\u00e3o n\u00e3o especificadas anteriormente", "code": "59.11-1-99"}], "data_situacao": "23/09/2008", "complemento": "APT 104", "nome": "SAPO PRODUCOES ARTISTICAS E CULTURAIS LTDA", "uf": "RJ", "telefone": "(21) 3322-0000", "atividades_secundarias": [{"text": "Servi\u00e7os de organiza\u00e7\u00e3o de feiras, congressos, exposi\u00e7\u00f5es e festas", "code": "82.30-0-01"}], "qsa": [{"qual": "49-S\u00f3cio-Administrador", "nome": "FELIPE NEVES PINHO DE ARGOLLO"}, {"qual": "22-S\u00f3cio", "nome": "ANDREA NEVES PINHO DE ARGOLLO"}], "situacao": "ATIVA", "bairro": "SAO CONRADO", "logradouro": "R POVINA CAVALCANTI", "numero": "83", "cep": "22.610-080", "municipio": "RIO DE JANEIRO", "porte": "MICRO EMPRESA", "abertura": "23/09/2008", "natureza_juridica": "206-2 - Sociedade Empres\u00e1ria Limitada", "fantasia": "ARGOLLO PRODUES ARTISTICAS", "cnpj": "10.400.308/0001-88", "ultima_atualizacao": "2020-02-08T18:44:29.185Z", "status": "OK", "tipo": "MATRIZ", "email": "", "efr": "", "motivo_situacao": "", "situacao_especial": "", "data_situacao_especial": "", "capital_social": "30000.00", "extra": {}, "billing": {"free": false, "database": false}}