{"atividade_principal": [{"text": "Fornecimento de alimentos preparados preponderantemente para empresas", "code": "56.20-1-01"}], "data_situacao": "12/03/2009", "complemento": "QUADRA39 LOTE 01 PARTE", "nome": "JB ALIMENTACAO E SERVICOS LTDA", "uf": "RJ", "telefone": "(21) 2674-0387", "atividades_secundarias": [{"text": "Atividades de limpeza n\u00e3o especificadas anteriormente", "code": "81.29-0-00"}, {"text": "Atividades paisag\u00edsticas", "code": "81.30-3-00"}, {"text": "Com\u00e9rcio varejista de produtos aliment\u00edcios em geral ou especializado em produtos aliment\u00edcios n\u00e3o especificados anteriormente", "code": "47.29-6-99"}, {"text": "Fabrica\u00e7\u00e3o de produtos de padaria e confeitaria com predomin\u00e2ncia de produ\u00e7\u00e3o pr\u00f3pria", "code": "10.91-1-02"}, {"text": "Fornecimento e gest\u00e3o de recursos humanos para terceiros", "code": "78.30-2-00"}, {"text": "Limpeza em pr\u00e9dios e em domic\u00edlios", "code": "81.21-4-00"}, {"text": "Loca\u00e7\u00e3o de autom\u00f3veis sem condutor", "code": "77.11-0-00"}, {"text": "Loca\u00e7\u00e3o de m\u00e3o-de-obra tempor\u00e1ria", "code": "78.20-5-00"}, {"text": "Manuten\u00e7\u00e3o e repara\u00e7\u00e3o de equipamentos de transmiss\u00e3o para fins industriais", "code": "33.14-7-05"}, {"text": "Restaurantes e similares", "code": "56.11-2-01"}, {"text": "Sele\u00e7\u00e3o e agenciamento de m\u00e3o-de-obra", "code": "78.10-8-00"}, {"text": "Servi\u00e7o de transporte de passageiros - loca\u00e7\u00e3o de autom\u00f3veis com motorista", "code": "49.23-0-02"}, {"text": "Servi\u00e7os combinados de escrit\u00f3rio e apoio administrativo", "code": "82.11-3-00"}, {"text": "Servi\u00e7os combinados para apoio a edif\u00edcios, exceto condom\u00ednios prediais", "code": "81.11-7-00"}, {"text": "Servi\u00e7os de alimenta\u00e7\u00e3o para eventos e recep\u00e7\u00f5es - buf\u00ea", "code": "56.20-1-02"}, {"text": "Treinamento em desenvolvimento profissional e gerencial", "code": "85.99-6-04"}], "qsa": [{"qual": "49-S\u00f3cio-Administrador", "nome": "ADILSON COELHO DE SOUZA FILHO"}, {"qual": "49-S\u00f3cio-Administrador", "nome": "JOSE CARLOS COELHO DE SOUZA"}], "situacao": "ATIVA", "bairro": "JARDIM GRAMACHO", "logradouro": "AV PELOTAS", "numero": "790", "cep": "25.055-191", "municipio": "DUQUE DE CAXIAS", "porte": "DEMAIS", "abertura": "12/03/2009", "natureza_juridica": "206-2 - Sociedade Empres\u00e1ria Limitada", "fantasia": "JB SERVICE", "cnpj": "10.687.537/0001-25", "ultima_atualizacao": "2020-02-08T05:03:14.152Z", "status": "OK", "tipo": "MATRIZ", "email": "", "efr": "", "motivo_situacao": "", "situacao_especial": "", "data_situacao_especial": "", "capital_social": "3200000.00", "extra": {}, "billing": {"free": false, "database": true}}