{"atividade_principal": [{"text": "Com\u00e9rcio atacadista de roupas e acess\u00f3rios para uso profissional e de seguran\u00e7a do trabalho", "code": "46.42-7-02"}], "data_situacao": "02/04/2009", "nome": "MPT COMERCIAL E MARKETING EIRELI", "uf": "RJ", "telefone": "(22) 2733-1496", "atividades_secundarias": [{"text": "Treinamento em desenvolvimento profissional e gerencial", "code": "85.99-6-04"}, {"text": "Com\u00e9rcio varejista especializado de equipamentos e suprimentos de inform\u00e1tica", "code": "47.51-2-01"}, {"text": "Repara\u00e7\u00e3o e manuten\u00e7\u00e3o de computadores e de equipamentos perif\u00e9ricos", "code": "95.11-8-00"}, {"text": "Com\u00e9rcio varejista de artigos de papelaria", "code": "47.61-0-03"}, {"text": "Com\u00e9rcio varejista de livros", "code": "47.61-0-01"}, {"text": "Com\u00e9rcio varejista de materiais de constru\u00e7\u00e3o em geral", "code": "47.44-0-99"}, {"text": "Instala\u00e7\u00e3o e manuten\u00e7\u00e3o el\u00e9trica", "code": "43.21-5-00"}, {"text": "Instala\u00e7\u00f5es hidr\u00e1ulicas, sanit\u00e1rias e de g\u00e1s", "code": "43.22-3-01"}, {"text": "Com\u00e9rcio atacadista de pescados e frutos do mar", "code": "46.34-6-03"}, {"text": "Com\u00e9rcio atacadista de sorvetes", "code": "46.37-1-06"}, {"text": "Com\u00e9rcio atacadista de defensivos agr\u00edcolas, adubos, fertilizantes e corretivos do solo", "code": "46.83-4-00"}, {"text": "Com\u00e9rcio varejista de ferragens e ferramentas", "code": "47.44-0-01"}, {"text": "Com\u00e9rcio varejista especializado de equipamentos de telefonia e comunica\u00e7\u00e3o", "code": "47.52-1-00"}, {"text": "Com\u00e9rcio varejista de madeira e artefatos", "code": "47.44-0-02"}, {"text": "Comercio varejista de artigos de cama, mesa e banho", "code": "47.55-5-03"}, {"text": "Com\u00e9rcio varejista de artigos do vestu\u00e1rio e acess\u00f3rios", "code": "47.81-4-00"}, {"text": "Com\u00e9rcio varejista de artigos esportivos", "code": "47.63-6-02"}, {"text": "Com\u00e9rcio varejista de vidros", "code": "47.43-1-00"}, {"text": "Com\u00e9rcio varejista de tintas e materiais para pintura", "code": "47.41-5-00"}, {"text": "Com\u00e9rcio atacadista de m\u00e1quinas, aparelhos e equipamentos para uso agropecu\u00e1rio; partes e pe\u00e7as", "code": "46.61-3-00"}, {"text": "Com\u00e9rcio a varejo de pe\u00e7as e acess\u00f3rios novos para  motocicletas e motonetas", "code": "45.41-2-06"}, {"text": "Com\u00e9rcio varejista de produtos aliment\u00edcios em geral ou especializado em produtos aliment\u00edcios n\u00e3o especificados anteriormente", "code": "47.29-6-99"}, {"text": "Com\u00e9rcio varejista especializado de eletrodom\u00e9sticos e equipamentos de \u00e1udio e v\u00eddeo", "code": "47.53-9-00"}, {"text": "Com\u00e9rcio varejista de m\u00f3veis", "code": "47.54-7-01"}, {"text": "Com\u00e9rcio varejista de objetos de arte", "code": "47.89-0-03"}, {"text": "Com\u00e9rcio varejista de suvenires, bijuterias e artesanatos", "code": "47.89-0-01"}, {"text": "Comercio varejista de artigos de armarinho", "code": "47.55-5-02"}, {"text": "Com\u00e9rcio atacadista de outros equipamentos e artigos de uso pessoal e dom\u00e9stico n\u00e3o especificados anteriormente", "code": "46.49-4-99"}, {"text": "Com\u00e9rcio varejista de brinquedos e artigos recreativos", "code": "47.63-6-01"}, {"text": "Outros servi\u00e7os de acabamento em fios, tecidos, artefatos t\u00eaxteis e pe\u00e7as do vestu\u00e1rio", "code": "13.40-5-99"}, {"text": "Com\u00e9rcio varejista de outros artigos de uso pessoal e dom\u00e9stico n\u00e3o especificados anteriormente", "code": "47.59-8-99"}, {"text": "Educa\u00e7\u00e3o profissional de n\u00edvel t\u00e9cnico", "code": "85.41-4-00"}, {"text": "Com\u00e9rcio varejista de produtos farmac\u00eauticos, sem manipula\u00e7\u00e3o de f\u00f3rmulas", "code": "47.71-7-01"}, {"text": "Confec\u00e7\u00e3o de roupas profissionais, exceto sob medida", "code": "14.13-4-01"}, {"text": "Com\u00e9rcio atacadista de m\u00e1quinas, equipamentos para terraplenagem, minera\u00e7\u00e3o e constru\u00e7\u00e3o; partes e pe\u00e7as", "code": "46.62-1-00"}, {"text": "Com\u00e9rcio varejista de artigos de ilumina\u00e7\u00e3o", "code": "47.54-7-03"}, {"text": "Montagem e instala\u00e7\u00e3o de sistemas e equipamentos de ilumina\u00e7\u00e3o e sinaliza\u00e7\u00e3o em vias p\u00fablicas, portos e aeroportos", "code": "43.29-1-04"}, {"text": "Com\u00e9rcio atacadista de produtos de higiene, limpeza e conserva\u00e7\u00e3o domiciliar", "code": "46.49-4-08"}, {"text": "Com\u00e9rcio atacadista de filmes, CDs, DVDs, fitas e discos", "code": "46.49-4-07"}, {"text": "Com\u00e9rcio atacadista de m\u00e1quinas, aparelhos e equipamentos para uso odonto-m\u00e9dico-hospitalar; partes e pe\u00e7as", "code": "46.64-8-00"}, {"text": "Com\u00e9rcio atacadista de outras m\u00e1quinas e equipamentos n\u00e3o especificados anteriormente; partes e pe\u00e7as", "code": "46.69-9-99"}, {"text": "Com\u00e9rcio varejista de materiais hidr\u00e1ulicos", "code": "47.44-0-03"}, {"text": "Com\u00e9rcio varejista de produtos saneantes domissanit\u00e1rios", "code": "47.89-0-05"}, {"text": "Com\u00e9rcio varejista de cosm\u00e9ticos, produtos de perfumaria e de higiene pessoal", "code": "47.72-5-00"}, {"text": "Servi\u00e7os de organiza\u00e7\u00e3o de feiras, congressos, exposi\u00e7\u00f5es e festas", "code": "82.30-0-01"}], "qsa": [{"qual": "65-Titular Pessoa F\u00edsica Residente ou Domiciliado no Brasil", "nome": "TELMA PEREIRA MONCAO"}], "situacao": "ATIVA", "bairro": "BAIRRO PQ LEOPOLDINA", "logradouro": "R DR HENRIQUE GASPARY", "numero": "21", "cep": "28.051-180", "municipio": "CAMPOS DOS GOYTACAZES", "porte": "EMPRESA DE PEQUENO PORTE", "abertura": "02/04/2009", "natureza_juridica": "230-5 - Empresa Individual de Responsabilidade Limitada (de Natureza Empres\u00e1ria)", "fantasia": "MPT", "cnpj": "10.754.758/0001-79", "ultima_atualizacao": "2020-02-08T18:41:37.157Z", "status": "OK", "tipo": "MATRIZ", "complemento": "", "email": "", "efr": "", "motivo_situacao": "", "situacao_especial": "", "data_situacao_especial": "", "capital_social": "1200000.00", "extra": {}, "billing": {"free": false, "database": false}}