{"atividade_principal": [{"text": "Treinamento em desenvolvimento profissional e gerencial", "code": "85.99-6-04"}], "data_situacao": "12/05/2009", "complemento": "SALA 408 A 411", "nome": "IOC CAPACITACAO LTDA", "uf": "DF", "telefone": "(61) 3361-8276/ (61) 3032-9006", "email": "amaurifs@hotmail.com", "atividades_secundarias": [{"text": "Servi\u00e7os de organiza\u00e7\u00e3o de feiras, congressos, exposi\u00e7\u00f5es e festas", "code": "82.30-0-01"}, {"text": "Servi\u00e7os de alimenta\u00e7\u00e3o para eventos e recep\u00e7\u00f5es - buf\u00ea", "code": "56.20-1-02"}, {"text": "Gest\u00e3o de espa\u00e7os para artes c\u00eanicas, espet\u00e1culos e outras atividades art\u00edsticas", "code": "90.03-5-00"}, {"text": "Aluguel de palcos, coberturas e outras estruturas de uso tempor\u00e1rio, exceto andaimes", "code": "77.39-0-03"}, {"text": "Edi\u00e7\u00e3o de livros", "code": "58.11-5-00"}, {"text": "Aluguel de m\u00e1quinas e equipamentos para escrit\u00f3rios", "code": "77.33-1-00"}], "qsa": [{"qual": "22-S\u00f3cio", "nome": "MARIO SERGIO DE SOUZA LEMOS"}, {"qual": "49-S\u00f3cio-Administrador", "nome": "ILMA CHAVES DE OLIVEIRA"}], "situacao": "ATIVA", "bairro": "ASA SUL", "logradouro": "ST SCS QUADRA 2 BLOCO B", "numero": "20", "cep": "70.318-900", "municipio": "BRASILIA", "porte": "EMPRESA DE PEQUENO PORTE", "abertura": "12/05/2009", "natureza_juridica": "206-2 - Sociedade Empres\u00e1ria Limitada", "fantasia": "ONE CURSOS - TREINAMENTO E DESENVOLVIMENTO", "cnpj": "10.825.457/0001-99", "ultima_atualizacao": "2020-02-08T18:57:18.084Z", "status": "OK", "tipo": "MATRIZ", "efr": "", "motivo_situacao": "", "situacao_especial": "", "data_situacao_especial": "", "capital_social": "30000.00", "extra": {}, "billing": {"free": false, "database": false}}