{"atividade_principal": [{"text": "Administra\u00e7\u00e3o de caixas escolares", "code": "85.50-3-01"}], "data_situacao": "11/11/2009", "nome": "CONSELHO ESCOLAR DA ESCOLA MUNICIPAL DE EDUCACAO INFANTIL PROFESSORA LEDA MARIA LEDO ESTEVES", "uf": "RJ", "telefone": "(22) 2772-4955/ (22) 2772-2381", "email": "pablo_parga@hotmail.com", "atividades_secundarias": [{"text": "Outras atividades de ensino n\u00e3o especificadas anteriormente", "code": "85.99-6-99"}], "qsa": [{"qual": "16-Presidente", "nome": "ELIANE DOS SANTOS MARTINS"}], "situacao": "ATIVA", "bairro": "CENTRO", "logradouro": "R ANTERO PERLINGEIRO", "numero": "243", "cep": "27.910-170", "municipio": "MACAE", "porte": "DEMAIS", "abertura": "11/11/2009", "natureza_juridica": "399-9 - Associa\u00e7\u00e3o Privada", "fantasia": "CE EMEIPLMLE", "cnpj": "11.482.069/0001-15", "ultima_atualizacao": "2020-02-08T19:29:48.196Z", "status": "OK", "tipo": "MATRIZ", "complemento": "", "efr": "", "motivo_situacao": "", "situacao_especial": "", "data_situacao_especial": "", "capital_social": "0.00", "extra": {}, "billing": {"free": false, "database": false}}