{"atividade_principal": [{"text": "Administra\u00e7\u00e3o de caixas escolares", "code": "85.50-3-01"}], "data_situacao": "24/11/2009", "nome": "CONSELHO ESCOLAR DA ESCOLA MUNICIPAL DE EDUCACAO INFANTIL PROFESSORA MARIA ANGELICA DE OLIVEIRA DAS DORES", "uf": "RJ", "telefone": "(22) 9968-4441", "email": "pablo_parga@hotmail.com", "atividades_secundarias": [{"text": "Outras atividades de ensino n\u00e3o especificadas anteriormente", "code": "85.99-6-99"}], "qsa": [{"qual": "16-Presidente", "nome": "EDNA MUNIZ COELHO REIS"}], "situacao": "ATIVA", "bairro": "LAGOMAR", "logradouro": "AV HULDA ALVES FERNANDES", "numero": "39", "cep": "27.966-690", "municipio": "MACAE", "porte": "DEMAIS", "abertura": "24/11/2009", "natureza_juridica": "399-9 - Associa\u00e7\u00e3o Privada", "fantasia": "CE EMEIPMAOD", "cnpj": "11.522.136/0001-88", "ultima_atualizacao": "2020-02-08T19:07:17.668Z", "status": "OK", "tipo": "MATRIZ", "complemento": "", "efr": "", "motivo_situacao": "", "situacao_especial": "", "data_situacao_especial": "", "capital_social": "0.00", "extra": {}, "billing": {"free": false, "database": false}}