{"atividade_principal": [{"text": "Administra\u00e7\u00e3o de caixas escolares", "code": "85.50-3-01"}], "data_situacao": "03/12/2009", "nome": "CONSELHO ESCOLAR DA ESCOLA MUNICIPAL DE EDUCACAO INFANTIL PROFESSORA ANA CRISTINA FERREIRA AZARANY ALMEIDA", "uf": "RJ", "telefone": "(22) 9985-5188", "email": "pablo_parga@hotmail.com", "atividades_secundarias": [{"text": "Outras atividades de ensino n\u00e3o especificadas anteriormente", "code": "85.99-6-99"}], "qsa": [{"qual": "16-Presidente", "nome": "SISLEIDA ANACLETA DE OLIVEIRA PEREIRA"}], "situacao": "ATIVA", "bairro": "LAGOMAR", "logradouro": "AV DOUTOR PERY GONCALVES DOS SANTOS", "numero": "784", "cep": "27.966-780", "municipio": "MACAE", "porte": "DEMAIS", "abertura": "03/12/2009", "natureza_juridica": "399-9 - Associa\u00e7\u00e3o Privada", "fantasia": "CE EMEIPACFAA", "cnpj": "11.572.937/0001-58", "ultima_atualizacao": "2020-02-08T19:22:01.137Z", "status": "OK", "tipo": "MATRIZ", "complemento": "", "efr": "", "motivo_situacao": "", "situacao_especial": "", "data_situacao_especial": "", "capital_social": "0.00", "extra": {}, "billing": {"free": false, "database": false}}