{"atividade_principal": [{"text": "Administra\u00e7\u00e3o de caixas escolares", "code": "85.50-3-01"}], "data_situacao": "02/12/2009", "nome": "CONSELHO ESCOLAR DA ESCOLA MUNICIPAL DE EDUCACAO INFANTIL PROFESSORA ARLEA CARVALHO JOSE", "uf": "RJ", "telefone": "(22) 9849-0720", "email": "emeiarleacjose@gmail.com", "atividades_secundarias": [{"text": "Outras atividades de ensino n\u00e3o especificadas anteriormente", "code": "85.99-6-99"}], "qsa": [{"qual": "16-Presidente", "nome": "MARINEZ MADUREIRA PEREIRA DIAS"}], "situacao": "ATIVA", "bairro": "BOTAFOGO", "logradouro": "AV GASTAO HENRIQUE SCHUELER", "numero": "143", "cep": "27.946-190", "municipio": "MACAE", "porte": "DEMAIS", "abertura": "02/12/2009", "natureza_juridica": "399-9 - Associa\u00e7\u00e3o Privada", "fantasia": "CE EMEIPACJ", "cnpj": "11.572.901/0001-74", "ultima_atualizacao": "2020-02-08T18:43:09.419Z", "status": "OK", "tipo": "MATRIZ", "complemento": "", "efr": "", "motivo_situacao": "", "situacao_especial": "", "data_situacao_especial": "", "capital_social": "0.00", "extra": {}, "billing": {"free": false, "database": false}}