{"atividade_principal": [{"text": "Administra\u00e7\u00e3o de caixas escolares", "code": "85.50-3-01"}], "data_situacao": "12/11/2009", "nome": "CONSELHO ESCOLAR DA ESCOLA MUNICIPAL DE EDUCACAO INFANTIL DOUTOR JUVENTINO DA SILVA PACHECO", "uf": "RJ", "telefone": "(22) 2796-1138", "email": "gestaodasuexs@gmail.com", "atividades_secundarias": [{"text": "Outras atividades de ensino n\u00e3o especificadas anteriormente", "code": "85.99-6-99"}], "qsa": [{"qual": "16-Presidente", "nome": "LUIZIANE LUSITANO RAMOS"}], "situacao": "ATIVA", "bairro": "FRONTEIRA", "logradouro": "ROD AMARAL PEIXOTO RJ 106", "numero": "SN", "cep": "27.961-214", "municipio": "MACAE", "porte": "DEMAIS", "abertura": "12/11/2009", "natureza_juridica": "399-9 - Associa\u00e7\u00e3o Privada", "fantasia": "CE EMEIDJSP", "cnpj": "11.572.581/0001-52", "ultima_atualizacao": "2020-02-08T18:51:14.549Z", "status": "OK", "tipo": "MATRIZ", "complemento": "", "efr": "", "motivo_situacao": "", "situacao_especial": "", "data_situacao_especial": "", "capital_social": "0.00", "extra": {}, "billing": {"free": false, "database": false}}