{"atividade_principal": [{"text": "Administra\u00e7\u00e3o de caixas escolares", "code": "85.50-3-01"}], "data_situacao": "05/01/2010", "nome": "CONSELHO ESCOLAR DA ESCOLA MUNICIPAL DE EDUCACAO INFANTIL PROFESSORA MARIA DA CONCEICAO CARVALHO", "uf": "RJ", "telefone": "(22) 2759-0630", "email": "pablo_parga@hotmail.com", "atividades_secundarias": [{"text": "Outras atividades de ensino n\u00e3o especificadas anteriormente", "code": "85.99-6-99"}], "qsa": [{"qual": "16-Presidente", "nome": "FATIMA DA SILVA PEREIRA"}], "situacao": "ATIVA", "bairro": "PARQUE AEROPORTO", "logradouro": "R TENENTE FRANCISCO PIRES", "numero": "S/N", "cep": "27.963-508", "municipio": "MACAE", "porte": "DEMAIS", "abertura": "05/01/2010", "natureza_juridica": "399-9 - Associa\u00e7\u00e3o Privada", "fantasia": "CE EMEIPMCC", "cnpj": "11.720.673/0001-32", "ultima_atualizacao": "2020-02-08T19:20:41.684Z", "status": "OK", "tipo": "MATRIZ", "complemento": "", "efr": "", "motivo_situacao": "", "situacao_especial": "", "data_situacao_especial": "", "capital_social": "0.00", "extra": {}, "billing": {"free": false, "database": false}}