{"atividade_principal": [{"text": "Com\u00e9rcio varejista de brinquedos e artigos recreativos", "code": "47.63-6-01"}], "data_situacao": "30/03/2010", "complemento": "LOJA A", "nome": "MARTIN LEANDRO TORCHIANA 05791060718", "uf": "RJ", "telefone": "(21) 3905-7757", "email": "martinmalabares@gmail.com", "atividades_secundarias": [{"text": "Produ\u00e7\u00e3o musical", "code": "90.01-9-02"}, {"text": "Repara\u00e7\u00e3o e manuten\u00e7\u00e3o de outros objetos e equipamentos pessoais e dom\u00e9sticos n\u00e3o especificados anteriormente", "code": "95.29-1-99"}, {"text": "Com\u00e9rcio varejista de suvenires, bijuterias e artesanatos", "code": "47.89-0-01"}, {"text": "Servi\u00e7os de organiza\u00e7\u00e3o de feiras, congressos, exposi\u00e7\u00f5es e festas", "code": "82.30-0-01"}, {"text": "Ensino de artes c\u00eanicas, exceto dan\u00e7a", "code": "85.92-9-02"}], "qsa": [], "situacao": "ATIVA", "bairro": "CENTRO", "logradouro": "R CARLOS DE CARVALHO", "numero": "67", "cep": "20.230-180", "municipio": "RIO DE JANEIRO", "porte": "MICRO EMPRESA", "abertura": "30/03/2010", "natureza_juridica": "213-5 - Empres\u00e1rio (Individual)", "fantasia": "MARTIN MALABARES", "cnpj": "11.754.148/0001-38", "ultima_atualizacao": "2020-02-08T18:42:23.774Z", "status": "OK", "tipo": "MATRIZ", "efr": "", "motivo_situacao": "", "situacao_especial": "", "data_situacao_especial": "", "capital_social": "1.00", "extra": {}, "billing": {"free": false, "database": false}}