{"atividade_principal": [{"text": "Administra\u00e7\u00e3o de caixas escolares", "code": "85.50-3-01"}], "data_situacao": "13/01/2010", "complemento": "CASA ESCOLA", "nome": "CONSELHO ESCOLAR DA ESCOLA MUNICIPALIZADA DE EDUCACAO INFANTIL ELEA TATAGIBA DE AZEVEDO", "uf": "RJ", "telefone": "(22) 3084-5532/ (22) 9264-5694", "email": "pablo_parga@hotmail.com", "atividades_secundarias": [{"text": "Outras atividades de ensino n\u00e3o especificadas anteriormente", "code": "85.99-6-99"}], "qsa": [{"qual": "16-Presidente", "nome": "FLAVIA DE MATTOS VIANA CORREA"}], "situacao": "ATIVA", "bairro": "AROEIRA", "logradouro": "R RUBENS DE MORAES", "numero": "S/N", "cep": "27.945-150", "municipio": "MACAE", "porte": "DEMAIS", "abertura": "13/01/2010", "natureza_juridica": "399-9 - Associa\u00e7\u00e3o Privada", "fantasia": "CE EMEIETA", "cnpj": "11.788.210/0001-02", "ultima_atualizacao": "2020-02-08T19:28:42.554Z", "status": "OK", "tipo": "MATRIZ", "efr": "", "motivo_situacao": "", "situacao_especial": "", "data_situacao_especial": "", "capital_social": "0.00", "extra": {}, "billing": {"free": false, "database": false}}