{"atividade_principal": [{"text": "Administra\u00e7\u00e3o de caixas escolares", "code": "85.50-3-01"}], "data_situacao": "16/11/2009", "nome": "CONSELHO ESCOLAR DA ESCOLA MUNICIPAL DE EDUCACAO INFANTIL PROFESSORA CELITA REID FERNANDES - CE EMEIPCRF", "uf": "RJ", "telefone": "(22) 2772-4955", "email": "pablo_parga@hotmail.com", "atividades_secundarias": [{"text": "Outras atividades de ensino n\u00e3o especificadas anteriormente", "code": "85.99-6-99"}], "qsa": [{"qual": "16-Presidente", "nome": "SORAYA MOTHE ANTONIO"}], "situacao": "ATIVA", "bairro": "NOVO HORIZONTE", "logradouro": "R JOAO BATISTA LIMA", "numero": "SN", "cep": "27.935-190", "municipio": "MACAE", "porte": "DEMAIS", "abertura": "16/11/2009", "natureza_juridica": "399-9 - Associa\u00e7\u00e3o Privada", "fantasia": "CE EMEIPCRF", "cnpj": "11.788.245/0001-41", "ultima_atualizacao": "2020-02-08T19:30:25.091Z", "status": "OK", "tipo": "MATRIZ", "complemento": "", "efr": "", "motivo_situacao": "", "situacao_especial": "", "data_situacao_especial": "", "capital_social": "0.00", "extra": {}, "billing": {"free": false, "database": false}}