{"atividade_principal": [{"text": "Com\u00e9rcio varejista de hortifrutigranjeiros", "code": "47.24-5-00"}], "data_situacao": "14/06/2010", "complemento": "PAVLH 30 - CEASA", "nome": "COOPERATIVA DA AGRICULTURA FAMILIAR E PESCA DO ESTADO DO RIO DE JANEIRO", "uf": "RJ", "telefone": "(21) 7554-6048", "email": "stprcontabilidade@ibest.com.br", "atividades_secundarias": [{"text": "Com\u00e9rcio varejista de produtos aliment\u00edcios em geral ou especializado em produtos aliment\u00edcios n\u00e3o especificados anteriormente", "code": "47.29-6-99"}, {"text": "Com\u00e9rcio atacadista de mat\u00e9rias-primas agr\u00edcolas n\u00e3o especificadas anteriormente", "code": "46.23-1-99"}, {"text": "Com\u00e9rcio atacadista de frutas, verduras, ra\u00edzes, tub\u00e9rculos, hortali\u00e7as e legumes frescos", "code": "46.33-8-01"}, {"text": "Peixaria", "code": "47.22-9-02"}, {"text": "Fabrica\u00e7\u00e3o de conservas de legumes e outros vegetais, exceto palmito", "code": "10.32-5-99"}, {"text": "Outras atividades associativas profissionais", "code": "94.12-0-99"}, {"text": "Fabrica\u00e7\u00e3o de conservas de frutas", "code": "10.31-7-00"}], "qsa": [{"qual": "10-Diretor", "nome": "ANA MARIA DE ALMEIDA"}, {"qual": "16-Presidente", "nome": "BERNARDO ARAUJO PEREIRA"}], "situacao": "ATIVA", "bairro": "IRAJA", "logradouro": "AV BRASIL", "numero": "19001", "cep": "21.530-000", "municipio": "RIO DE JANEIRO", "porte": "DEMAIS", "abertura": "14/06/2010", "natureza_juridica": "214-3 - Cooperativa", "cnpj": "12.230.099/0001-05", "ultima_atualizacao": "2020-02-08T19:04:32.525Z", "status": "OK", "tipo": "MATRIZ", "fantasia": "", "efr": "", "motivo_situacao": "", "situacao_especial": "", "data_situacao_especial": "", "capital_social": "4600.00", "extra": {}, "billing": {"free": false, "database": false}}