{"atividade_principal": [{"text": "Com\u00e9rcio varejista de produtos aliment\u00edcios em geral ou especializado em produtos aliment\u00edcios n\u00e3o especificados anteriormente", "code": "47.29-6-99"}], "data_situacao": "20/08/2010", "complemento": "SALA 201", "nome": "NUTRIMIX COMERCIAL LTDA", "uf": "RJ", "telefone": "(21) 2620-7472", "atividades_secundarias": [{"text": "Com\u00e9rcio atacadista de outros equipamentos e artigos de uso pessoal e dom\u00e9stico n\u00e3o especificados anteriormente", "code": "46.49-4-99"}, {"text": "Com\u00e9rcio atacadista de roupas e acess\u00f3rios para uso profissional e de seguran\u00e7a do trabalho", "code": "46.42-7-02"}, {"text": "Com\u00e9rcio varejista de artigos de papelaria", "code": "47.61-0-03"}, {"text": "Com\u00e9rcio varejista de produtos saneantes domissanit\u00e1rios", "code": "47.89-0-05"}, {"text": "Com\u00e9rcio varejista especializado de equipamentos e suprimentos de inform\u00e1tica", "code": "47.51-2-01"}, {"text": "Outras atividades de servi\u00e7os prestados principalmente \u00e0s empresas n\u00e3o especificadas anteriormente", "code": "82.99-7-99"}, {"text": "Transporte rodovi\u00e1rio de carga, exceto produtos perigosos e mudan\u00e7as, municipal.", "code": "49.30-2-01"}], "qsa": [{"qual": "49-S\u00f3cio-Administrador", "nome": "CARLOS ALBERTO TOLOMEI DE ARAUJO"}, {"qual": "49-S\u00f3cio-Administrador", "nome": "MARCUS VINICIUS SANTOS FIGUEREDO"}], "situacao": "ATIVA", "bairro": "ICARAI", "logradouro": "R PROFESSOR MIGUEL COUTO", "numero": "368", "cep": "24.230-240", "municipio": "NITEROI", "porte": "EMPRESA DE PEQUENO PORTE", "abertura": "20/08/2010", "natureza_juridica": "206-2 - Sociedade Empres\u00e1ria Limitada", "fantasia": "NUTRIMIX", "cnpj": "12.409.711/0001-01", "ultima_atualizacao": "2020-02-08T17:51:54.870Z", "status": "OK", "tipo": "MATRIZ", "email": "", "efr": "", "motivo_situacao": "", "situacao_especial": "", "data_situacao_especial": "", "capital_social": "750000.00", "extra": {}, "billing": {"free": false, "database": true}}