{"atividade_principal": [{"text": "Administra\u00e7\u00e3o de caixas escolares", "code": "85.50-3-01"}], "data_situacao": "22/09/2010", "nome": "CONSELHO ESCOLAR DA ESCOLA MUNICIPAL DE EDUCACAO INFANTIL PROFESSORA MARIA DE MARIS SARMENTO TORRES", "uf": "RJ", "telefone": "(22) 8831-5024", "email": "mariademarissarmentotorres@bol.com", "atividades_secundarias": [{"text": "Outras atividades de ensino n\u00e3o especificadas anteriormente", "code": "85.99-6-99"}], "qsa": [{"qual": "16-Presidente", "nome": "ELIZETE FERREIRA DE FREITAS SANANDRES"}], "situacao": "ATIVA", "bairro": "PARQUE AEROPORTO", "logradouro": "R LEONY DE SOUZA ALVARENGA", "numero": "52", "cep": "27.963-778", "municipio": "MACAE", "porte": "DEMAIS", "abertura": "22/09/2010", "natureza_juridica": "399-9 - Associa\u00e7\u00e3o Privada", "fantasia": "CE EMEIPMMST", "cnpj": "12.627.221/0001-73", "ultima_atualizacao": "2020-02-07T23:19:09.249Z", "status": "OK", "tipo": "MATRIZ", "complemento": "", "efr": "", "motivo_situacao": "", "situacao_especial": "", "data_situacao_especial": "", "capital_social": "0.00", "extra": {}, "billing": {"free": false, "database": true}}