{"atividade_principal": [{"text": "Fabrica\u00e7\u00e3o de produtos do refino de petr\u00f3leo", "code": "19.21-7-00"}], "data_situacao": "16/02/2011", "complemento": "SETOR 03", "nome": "PAVIMIL PAVIMENTACAO LTDA", "uf": "RJ", "telefone": "(24) 2251-6300/ (24) 2251-6307", "email": "legalizacao@jrcontabiltr.com.br", "qsa": [{"qual": "49-S\u00f3cio-Administrador", "nome": "MARIO LUIZ DE MELLO CORREIA"}, {"qual": "49-S\u00f3cio-Administrador", "nome": "JOSEMO CORREA DE MELLO"}, {"qual": "49-S\u00f3cio-Administrador", "nome": "JURANDIR DE MELO CORREA"}], "situacao": "ATIVA", "bairro": "FERNANDES PINHEIRO", "logradouro": "FAZ SAO JOSE", "numero": "SN", "cep": "25.802-000", "municipio": "TRES RIOS", "porte": "DEMAIS", "abertura": "16/02/2011", "natureza_juridica": "206-2 - Sociedade Empres\u00e1ria Limitada", "fantasia": "PAVIMIL", "cnpj": "13.258.431/0001-02", "ultima_atualizacao": "2020-02-08T19:16:25.535Z", "status": "OK", "tipo": "MATRIZ", "efr": "", "motivo_situacao": "", "situacao_especial": "", "data_situacao_especial": "", "atividades_secundarias": [{"code": "00.00-0-00", "text": "N\u00e3o informada"}], "capital_social": "103000.00", "extra": {}, "billing": {"free": false, "database": false}}