{"atividade_principal": [{"text": "Com\u00e9rcio varejista de outros produtos n\u00e3o especificados anteriormente", "code": "47.89-0-99"}], "data_situacao": "30/06/2011", "complemento": "SALA 313 LOTE 01 PAVLH 45813", "nome": "PRESTYMEDICK COMERCIO E REPRESENTACAO COMERCIAL DE MATERIAIS MEDICOS HOSPITALARES LTDA", "uf": "RJ", "telefone": "(21) 3331-3392", "atividades_secundarias": [{"text": "Com\u00e9rcio atacadista de instrumentos e materiais para uso m\u00e9dico, cir\u00fargico, hospitalar e de laborat\u00f3rios", "code": "46.45-1-01"}, {"text": "Representantes comerciais e agentes do com\u00e9rcio de instrumentos e materiais odonto-m\u00e9dico-hospitalares", "code": "46.18-4-02"}], "qsa": [{"qual": "49-S\u00f3cio-Administrador", "nome": "MARCIO DA SILVEIRA ZACHARIAS"}, {"qual": "49-S\u00f3cio-Administrador", "nome": "FERNANDA PINHEIRO MARTINS"}], "situacao": "ATIVA", "bairro": "VILA DA PENHA", "logradouro": "AV MERITI", "numero": "2591", "cep": "21.211-007", "municipio": "RIO DE JANEIRO", "porte": "EMPRESA DE PEQUENO PORTE", "abertura": "30/06/2011", "natureza_juridica": "206-2 - Sociedade Empres\u00e1ria Limitada", "cnpj": "13.898.227/0001-48", "ultima_atualizacao": "2020-02-08T18:59:56.127Z", "status": "OK", "tipo": "MATRIZ", "fantasia": "", "email": "", "efr": "", "motivo_situacao": "", "situacao_especial": "", "data_situacao_especial": "", "capital_social": "500000.00", "extra": {}, "billing": {"free": false, "database": false}}