{"atividade_principal": [{"text": "Laborat\u00f3rios cl\u00ednicos", "code": "86.40-2-02"}], "data_situacao": "18/04/2012", "complemento": "CONJ 1202 1204 1206 CONJ 1601 1602 1605 CONJ 1606 1607 1608 CONJ 1609 E 1610", "nome": "MENDELICS ANALISE GENOMICA S.A.", "uf": "SP", "telefone": "(11) 5096-6001/ (11) 3080-1500", "email": "fiscal@inovalli.com.br", "atividades_secundarias": [{"text": "Desenvolvimento de programas de computador sob encomenda", "code": "62.01-5-01"}, {"text": "Desenvolvimento e licenciamento de programas de computador customiz\u00e1veis", "code": "62.02-3-00"}, {"text": "Holdings de institui\u00e7\u00f5es n\u00e3o-financeiras", "code": "64.62-0-00"}, {"text": "Compra e venda de im\u00f3veis pr\u00f3prios", "code": "68.10-2-01"}, {"text": "Gest\u00e3o e administra\u00e7\u00e3o da propriedade imobili\u00e1ria", "code": "68.22-6-00"}, {"text": "Atividades de servi\u00e7os de complementa\u00e7\u00e3o diagn\u00f3stica e terap\u00eautica n\u00e3o especificadas anteriormente", "code": "86.40-2-99"}, {"text": "Outras atividades de aten\u00e7\u00e3o \u00e0 sa\u00fade humana n\u00e3o especificadas anteriormente", "code": "86.90-9-99"}], "qsa": [{"qual": "10-Diretor", "nome": "DAVID SCHLESINGER"}, {"qual": "10-Diretor", "nome": "ANDRE CASTILHO VALIM"}, {"qual": "10-Diretor", "nome": "JOAO PAULO FUMIO WHITAKER KITAJIMA"}, {"qual": "10-Diretor", "nome": "FERNANDO KOK"}, {"qual": "08-Conselheiro de Administra\u00e7\u00e3o", "nome": "SYLVIA DE SOUZA LEAO WANDERLEY"}, {"qual": "10-Diretor", "nome": "CESARIO BRUNO DE BARROS MARTINS"}], "situacao": "ATIVA", "bairro": "VILA MARIANA", "logradouro": "R CUBATAO", "numero": "86", "cep": "04.013-000", "municipio": "SAO PAULO", "porte": "DEMAIS", "abertura": "18/04/2012", "natureza_juridica": "205-4 - Sociedade An\u00f4nima Fechada", "cnpj": "15.519.353/0001-70", "ultima_atualizacao": "2020-02-08T19:22:55.154Z", "status": "OK", "tipo": "MATRIZ", "fantasia": "", "efr": "", "motivo_situacao": "", "situacao_especial": "", "data_situacao_especial": "", "capital_social": "165637.00", "extra": {}, "billing": {"free": false, "database": false}}