{"atividade_principal": [{"text": "Com\u00e9rcio atacadista de lubrificantes", "code": "46.81-8-05"}], "data_situacao": "16/05/2012", "nome": "GATI PECAS E ACESSORIOS LTDA", "uf": "RJ", "telefone": "(22) 9965-0591", "atividades_secundarias": [{"text": "Reforma de pneum\u00e1ticos usados", "code": "22.12-9-00"}, {"text": "Prepara\u00e7\u00e3o de canteiro e limpeza de terreno", "code": "43.11-8-02"}, {"text": "Obras de terraplenagem", "code": "43.13-4-00"}, {"text": "Servi\u00e7os de alinhamento e balanceamento de ve\u00edculos automotores", "code": "45.20-0-04"}, {"text": "Com\u00e9rcio a varejo de pe\u00e7as e acess\u00f3rios novos para ve\u00edculos automotores", "code": "45.30-7-03"}, {"text": "Com\u00e9rcio a varejo de pneum\u00e1ticos e c\u00e2maras-de-ar", "code": "45.30-7-05"}, {"text": "Com\u00e9rcio atacadista de m\u00e1quinas, aparelhos e equipamentos para uso agropecu\u00e1rio; partes e pe\u00e7as", "code": "46.61-3-00"}, {"text": "Com\u00e9rcio atacadista de M\u00e1quinas e equipamentos para uso industrial; partes e pe\u00e7as", "code": "46.63-0-00"}, {"text": "Com\u00e9rcio atacadista de m\u00e1quinas e equipamentos para uso comercial; partes e pe\u00e7as", "code": "46.65-6-00"}, {"text": "Com\u00e9rcio varejista de lubrificantes", "code": "47.32-6-00"}], "qsa": [{"qual": "49-S\u00f3cio-Administrador", "nome": "DIOGO MENDONCA TORRES"}, {"qual": "22-S\u00f3cio", "nome": "ZEIL NEVES MARINHO"}], "situacao": "ATIVA", "bairro": "CENTRO", "logradouro": "R PAULINO DA SILVA PONTES", "numero": "73", "cep": "28.495-000", "municipio": "APERIBE", "porte": "MICRO EMPRESA", "abertura": "16/05/2012", "natureza_juridica": "206-2 - Sociedade Empres\u00e1ria Limitada", "cnpj": "15.541.500/0001-08", "ultima_atualizacao": "2020-02-08T18:34:26.939Z", "status": "OK", "tipo": "MATRIZ", "fantasia": "", "complemento": "", "email": "", "efr": "", "motivo_situacao": "", "situacao_especial": "", "data_situacao_especial": "", "capital_social": "50000.00", "extra": {}, "billing": {"free": false, "database": false}}