{"data_situacao": "30/01/2019", "motivo_situacao": "OMISSAO DE DECLARACOES", "nome": "COMISSAO PROVISORIA DO PARTIDO TRABALHISTA CRISTAO - PTC", "telefone": "(89) 9430-5896", "situacao": "INAPTA", "porte": "DEMAIS", "abertura": "05/10/2011", "natureza_juridica": "327-1 - \u00d3rg\u00e3o de Dire\u00e7\u00e3o Local de Partido Pol\u00edtico", "fantasia": "PTC SAO FRANCISCO DO PIAUI", "cnpj": "15.841.622/0001-10", "ultima_atualizacao": "2020-02-08T19:00:22.780Z", "status": "OK", "tipo": "MATRIZ", "logradouro": "", "numero": "", "complemento": "", "cep": "", "bairro": "", "municipio": "", "uf": "", "email": "", "efr": "", "situacao_especial": "", "data_situacao_especial": "", "atividade_principal": [{"code": "00.00-0-00", "text": "********"}], "atividades_secundarias": [{"code": "00.00-0-00", "text": "N\u00e3o informada"}], "capital_social": "0.00", "qsa": [], "extra": {}, "billing": {"free": false, "database": false}}