{"atividade_principal": [{"text": "Servi\u00e7os de engenharia", "code": "71.12-0-00"}], "data_situacao": "03/07/2012", "complemento": "SALA 203 EDIF CONNECT WORK STATION", "nome": "CONSTRUFACIL SERVICOS DE ENGENHARIA EIRELI", "uf": "RJ", "telefone": "(22) 2728-5125", "email": "emanuel.cancio@hotmail.com", "atividades_secundarias": [{"text": "Constru\u00e7\u00e3o de edif\u00edcios", "code": "41.20-4-00"}, {"text": "Obras de montagem industrial", "code": "42.92-8-02"}, {"text": "Obras de terraplenagem", "code": "43.13-4-00"}, {"text": "Instala\u00e7\u00e3o e manuten\u00e7\u00e3o el\u00e9trica", "code": "43.21-5-00"}, {"text": "Outras obras de instala\u00e7\u00f5es em constru\u00e7\u00f5es n\u00e3o especificadas anteriormente", "code": "43.29-1-99"}, {"text": "Servi\u00e7os de pintura de edif\u00edcios em geral", "code": "43.30-4-04"}, {"text": "Servi\u00e7os especializados para constru\u00e7\u00e3o n\u00e3o especificados anteriormente", "code": "43.99-1-99"}, {"text": "Aluguel de m\u00e1quinas e equipamentos para constru\u00e7\u00e3o sem operador, exceto andaimes", "code": "77.32-2-01"}], "qsa": [{"qual": "65-Titular Pessoa F\u00edsica Residente ou Domiciliado no Brasil", "nome": "EMANUEL BARBOSA CANCIO PEREIRA SOARES"}], "situacao": "ATIVA", "bairro": "CENTRO", "logradouro": "R SALDANHA MARINHO", "numero": "458", "cep": "28.010-272", "municipio": "CAMPOS DOS GOYTACAZES", "porte": "EMPRESA DE PEQUENO PORTE", "abertura": "03/07/2012", "natureza_juridica": "230-5 - Empresa Individual de Responsabilidade Limitada (de Natureza Empres\u00e1ria)", "cnpj": "16.384.587/0001-10", "ultima_atualizacao": "2020-02-08T19:09:27.142Z", "status": "OK", "tipo": "MATRIZ", "fantasia": "", "efr": "", "motivo_situacao": "", "situacao_especial": "", "data_situacao_especial": "", "capital_social": "600000.00", "extra": {}, "billing": {"free": false, "database": false}}