{"atividade_principal": [{"text": "Instala\u00e7\u00e3o e manuten\u00e7\u00e3o de sistemas centrais de ar condicionado, de ventila\u00e7\u00e3o e refrigera\u00e7\u00e3o", "code": "43.22-3-02"}], "data_situacao": "25/07/2012", "complemento": "PARTE", "nome": "INOBARNA COMERCIO E SERVICOS LTDA", "uf": "RJ", "telefone": "(22) 2770-0921/ (22) 2770-0921", "atividades_secundarias": [{"text": "Fabrica\u00e7\u00e3o de aparelhos e equipamentos de ar condicionado para uso n\u00e3o-industrial", "code": "28.24-1-02"}, {"text": "Instala\u00e7\u00e3o e manuten\u00e7\u00e3o el\u00e9trica", "code": "43.21-5-00"}, {"text": "Instala\u00e7\u00f5es hidr\u00e1ulicas, sanit\u00e1rias e de g\u00e1s", "code": "43.22-3-01"}], "qsa": [{"qual": "49-S\u00f3cio-Administrador", "nome": "JOSE CLAUDIO CARVALHO CABRAL"}, {"qual": "22-S\u00f3cio", "nome": "DANUZIA CARVALHO CABRAL AZEREDO"}], "situacao": "ATIVA", "bairro": "CENTRO", "logradouro": "R SALIM SELEM BICHARA", "numero": "480", "cep": "27.998-000", "municipio": "CARAPEBUS", "porte": "MICRO EMPRESA", "abertura": "25/07/2012", "natureza_juridica": "206-2 - Sociedade Empres\u00e1ria Limitada", "cnpj": "16.701.324/0001-97", "ultima_atualizacao": "2020-02-08T19:20:50.056Z", "status": "OK", "tipo": "MATRIZ", "fantasia": "", "email": "", "efr": "", "motivo_situacao": "", "situacao_especial": "", "data_situacao_especial": "", "capital_social": "60000.00", "extra": {}, "billing": {"free": false, "database": false}}