{"atividade_principal": [{"text": "Com\u00e9rcio atacadista de medicamentos e drogas de uso humano", "code": "46.44-3-01"}], "data_situacao": "29/08/2012", "complemento": "LOJA 02", "nome": "ALIANZAFARMA DISTRIBUIDORA DE MEDICAMENTOS LTDA", "uf": "ES", "telefone": "(27) 3064-0124", "email": "railane@oncovit.com.br", "atividades_secundarias": [{"text": "Com\u00e9rcio atacadista de instrumentos e materiais para uso m\u00e9dico, cir\u00fargico, hospitalar e de laborat\u00f3rios", "code": "46.45-1-01"}, {"text": "Com\u00e9rcio atacadista de produtos de higiene pessoal", "code": "46.46-0-02"}, {"text": "Com\u00e9rcio atacadista de produtos de higiene, limpeza e conserva\u00e7\u00e3o domiciliar", "code": "46.49-4-08"}, {"text": "Com\u00e9rcio atacadista de m\u00e1quinas, aparelhos e equipamentos para uso odonto-m\u00e9dico-hospitalar; partes e pe\u00e7as", "code": "46.64-8-00"}], "qsa": [{"qual": "49-S\u00f3cio-Administrador", "nome": "ROSENI GROBERIO NEVES"}, {"qual": "22-S\u00f3cio", "nome": "MARIA DA PENHA FERREIRA RIBEIRO"}], "situacao": "ATIVA", "bairro": "JABOUR", "logradouro": "R JOSE VIVACQUA", "numero": "645", "cep": "29.072-285", "municipio": "VITORIA", "porte": "EMPRESA DE PEQUENO PORTE", "abertura": "29/08/2012", "natureza_juridica": "206-2 - Sociedade Empres\u00e1ria Limitada", "cnpj": "16.803.930/0001-13", "ultima_atualizacao": "2020-02-08T17:22:45.774Z", "status": "OK", "tipo": "MATRIZ", "fantasia": "", "efr": "", "motivo_situacao": "", "situacao_especial": "", "data_situacao_especial": "", "capital_social": "200000.00", "extra": {}, "billing": {"free": false, "database": true}}