{"atividade_principal": [{"text": "Atividades de assist\u00eancia psicossocial e \u00e0 sa\u00fade a portadores de dist\u00farbios ps\u00edquicos, defici\u00eancia mental e depend\u00eancia qu\u00edmica n\u00e3o especificadas anteriormente", "code": "87.20-4-99"}], "data_situacao": "31/07/2012", "nome": "EMERSON LUIZ GABRIELLI", "uf": "SP", "telefone": "(11) 4243-7255", "email": "ctestreladamanha@gmail.com", "qsa": [], "situacao": "ATIVA", "bairro": "JARDIM SAN RESSORE (CAUCAIA DO ALTO)", "logradouro": "EST DOS PEREIRAS", "numero": "363", "cep": "06.727-000", "municipio": "COTIA", "porte": "DEMAIS", "abertura": "31/07/2012", "natureza_juridica": "213-5 - Empres\u00e1rio (Individual)", "fantasia": "CLINICA TERAPEUTICA ESTRELA DA MANHA", "cnpj": "16.810.836/0001-91", "ultima_atualizacao": "2020-02-07T23:30:57.908Z", "status": "OK", "tipo": "MATRIZ", "complemento": "", "efr": "", "motivo_situacao": "", "situacao_especial": "", "data_situacao_especial": "", "atividades_secundarias": [{"code": "00.00-0-00", "text": "N\u00e3o informada"}], "capital_social": "80000.00", "extra": {}, "billing": {"free": false, "database": true}}