{"atividade_principal": [{"text": "Desenvolvimento de programas de computador sob encomenda", "code": "62.01-5-01"}], "data_situacao": "30/08/2012", "complemento": "131", "nome": "DIGITALSIGN CERTIFICACAO DIGITAL LTDA.", "uf": "SP", "telefone": "(11) 2666-8852/ (11) 2666-8800", "email": "juridico@digitalsigncertificadora.com.br", "atividades_secundarias": [{"text": "Outras sociedades de participa\u00e7\u00e3o, exceto holdings", "code": "64.63-8-00"}, {"text": "Consultoria em tecnologia da informa\u00e7\u00e3o", "code": "62.04-0-00"}, {"text": "Desenvolvimento e licenciamento de programas de computador customiz\u00e1veis", "code": "62.02-3-00"}, {"text": "Tratamento de dados, provedores de servi\u00e7os de aplica\u00e7\u00e3o e servi\u00e7os de hospedagem na internet", "code": "63.11-9-00"}, {"text": "Suporte t\u00e9cnico, manuten\u00e7\u00e3o e outros servi\u00e7os em tecnologia da informa\u00e7\u00e3o", "code": "62.09-1-00"}, {"text": "Desenvolvimento e licenciamento de programas de computador n\u00e3o-customiz\u00e1veis", "code": "62.03-1-00"}, {"text": "Portais, provedores de conte\u00fado e outros servi\u00e7os de informa\u00e7\u00e3o na internet", "code": "63.19-4-00"}, {"text": "Prepara\u00e7\u00e3o de documentos e servi\u00e7os especializados de apoio administrativo n\u00e3o especificados anteriormente", "code": "82.19-9-99"}], "qsa": [{"qual": "37-S\u00f3cio Pessoa Jur\u00eddica Domiciliado no Exterior", "pais_origem": "PA\u00cdSES BAIXOS (HOLANDA)", "nome_rep_legal": "FERNANDO AVELINO LEITE DOS SANTOS MOREIRA", "qual_rep_legal": "17-Procurador", "nome": "AET HOLDING B.V."}, {"qual": "37-S\u00f3cio Pessoa Jur\u00eddica Domiciliado no Exterior", "pais_origem": "PORTUGAL", "nome_rep_legal": "GUILHERME SALGUEIRO DE ALMEIDA", "qual_rep_legal": "17-Procurador", "nome": "DIGITALSIGN CERTIFICADORA DIGITAL SA"}, {"qual": "05-Administrador", "nome": "FERNANDO AVELINO LEITE DOS SANTOS MOREIRA"}, {"qual": "05-Administrador", "nome": "GUILHERME SALGUEIRO DE ALMEIDA"}], "situacao": "ATIVA", "bairro": "PAULICEIA", "logradouro": "R GENERAL BERTOLDO KLINGER", "numero": "111", "cep": "09.688-000", "municipio": "SAO BERNARDO DO CAMPO", "porte": "DEMAIS", "abertura": "30/08/2012", "natureza_juridica": "206-2 - Sociedade Empres\u00e1ria Limitada", "fantasia": "DIGITALSIGN", "cnpj": "16.894.782/0001-90", "ultima_atualizacao": "2020-02-08T17:26:48.077Z", "status": "OK", "tipo": "MATRIZ", "efr": "", "motivo_situacao": "", "situacao_especial": "", "data_situacao_especial": "", "capital_social": "8003101.00", "extra": {}, "billing": {"free": false, "database": true}}