{"atividade_principal": [{"text": "Cultivo de mandioca", "code": "01.19-9-06"}], "data_situacao": "27/08/2012", "complemento": "LOTE 34", "nome": "COOPASS - COOPERATIVA DOS PRODUTORES DE AGRICULTURA FAMILIAR DO NORTE FLUMINENSE", "uf": "RJ", "telefone": "(21) 7622-6087", "email": "lenilsonbiazatti@gmail.com", "atividades_secundarias": [{"text": "Cultivo de outras plantas de lavoura tempor\u00e1ria n\u00e3o especificadas anteriormente", "code": "01.19-9-99"}, {"text": "Com\u00e9rcio atacadista de mercadorias em geral, com predomin\u00e2ncia de produtos aliment\u00edcios", "code": "46.91-5-00"}], "qsa": [{"qual": "16-Presidente", "nome": "LENILSON BIAZATI"}, {"qual": "10-Diretor", "nome": "DIONIZIO FELIPE DE JESUS NETO"}, {"qual": "10-Diretor", "nome": "ALINE WERNECK DE SIQUEIRA"}, {"qual": "10-Diretor", "nome": "RAFAEL RIBEIRO DE OLIVEIRA"}], "situacao": "ATIVA", "bairro": "PARQUE RIBEIRA", "logradouro": "R S 01", "numero": "QD 31", "cep": "28.695-000", "municipio": "CACHOEIRAS DE MACACU", "porte": "DEMAIS", "abertura": "27/08/2012", "natureza_juridica": "214-3 - Cooperativa", "fantasia": "COOPASS", "cnpj": "16.941.611/0001-74", "ultima_atualizacao": "2020-02-08T17:15:55.386Z", "status": "OK", "tipo": "MATRIZ", "efr": "", "motivo_situacao": "", "situacao_especial": "", "data_situacao_especial": "", "capital_social": "2300.00", "extra": {}, "billing": {"free": false, "database": true}}