{"atividade_principal": [{"text": "Laborat\u00f3rios cl\u00ednicos", "code": "86.40-2-02"}], "data_situacao": "14/09/2012", "nome": "CR DIAGNOSTICOS MEDICOS LTDA", "uf": "SP", "telefone": "(11) 2373-3352", "atividades_secundarias": [{"text": "Laborat\u00f3rios de anatomia patol\u00f3gica e citol\u00f3gica", "code": "86.40-2-01"}, {"text": "Servi\u00e7os de vacina\u00e7\u00e3o e imuniza\u00e7\u00e3o humana", "code": "86.30-5-06"}, {"text": "Servi\u00e7os de diagn\u00f3stico por imagem com uso de radia\u00e7\u00e3o ionizante, exceto tomografia", "code": "86.40-2-05"}, {"text": "Servi\u00e7os de diagn\u00f3stico por imagem sem uso de radia\u00e7\u00e3o ionizante, exceto resson\u00e2ncia magn\u00e9tica", "code": "86.40-2-07"}, {"text": "Servi\u00e7os de diagn\u00f3stico por registro gr\u00e1fico - ECG, EEG e outros exames an\u00e1logos", "code": "86.40-2-08"}, {"text": "Atividades de servi\u00e7os de complementa\u00e7\u00e3o diagn\u00f3stica e terap\u00eautica n\u00e3o especificadas anteriormente", "code": "86.40-2-99"}, {"text": "Servi\u00e7os de quimioterapia", "code": "86.40-2-10"}, {"text": "Pesquisa e desenvolvimento experimental em ci\u00eancias f\u00edsicas e naturais", "code": "72.10-0-00"}, {"text": "Servi\u00e7os combinados de escrit\u00f3rio e apoio administrativo", "code": "82.11-3-00"}, {"text": "Servi\u00e7os de remo\u00e7\u00e3o de pacientes, exceto os servi\u00e7os m\u00f3veis de atendimento a urg\u00eancias", "code": "86.22-4-00"}, {"text": "Atividades de consultoria em gest\u00e3o empresarial, exceto consultoria t\u00e9cnica espec\u00edfica", "code": "70.20-4-00"}, {"text": "Treinamento em desenvolvimento profissional e gerencial", "code": "85.99-6-04"}, {"text": "Atividades de atendimento hospitalar, exceto pronto-socorro e unidades para atendimento a urg\u00eancias", "code": "86.10-1-01"}, {"text": "Atividades de atendimento em pronto-socorro e unidades hospitalares para atendimento a urg\u00eancias", "code": "86.10-1-02"}], "qsa": [{"qual": "49-S\u00f3cio-Administrador", "nome": "CAROLINA APARECIDA BARBOSA"}, {"qual": "22-S\u00f3cio", "qual_rep_legal": "05-Administrador", "nome_rep_legal": "CAROLINA APARECIDA BARBOSA", "nome": "HGVC PARTICIPACOES LTDA"}], "situacao": "ATIVA", "bairro": "VILA GOMES CARDIM", "logradouro": "R SERRA DE BOTUCATU", "numero": "848", "cep": "03.317-000", "municipio": "SAO PAULO", "porte": "DEMAIS", "abertura": "14/09/2012", "natureza_juridica": "206-2 - Sociedade Empres\u00e1ria Limitada", "fantasia": "CR LIQUOR", "cnpj": "16.985.840/0001-90", "ultima_atualizacao": "2020-02-08T19:11:40.428Z", "status": "OK", "tipo": "MATRIZ", "complemento": "", "email": "", "efr": "", "motivo_situacao": "", "situacao_especial": "", "data_situacao_especial": "", "capital_social": "240000.00", "extra": {}, "billing": {"free": false, "database": false}}