{"atividade_principal": [{"text": "Administra\u00e7\u00e3o de caixas escolares", "code": "85.50-3-01"}], "data_situacao": "14/09/2012", "nome": "CONSELHO ESCOLAR DO COLEGIO DE APLICACAO DA FUNDACAO EDUCACIONAL DE MACAE", "uf": "RJ", "telefone": "(22) 2762-7670", "email": "direcao.cap@gmail.com", "atividades_secundarias": [{"text": "Ensino m\u00e9dio", "code": "85.20-1-00"}], "qsa": [{"qual": "16-Presidente", "nome": "WANESSA LEAL DE LIMA RIBEIRO"}], "situacao": "ATIVA", "bairro": "NOVO CAVALEIROS", "logradouro": "LD RAIMUNDO CORREA", "numero": "151", "cep": "27.933-140", "municipio": "MACAE", "porte": "DEMAIS", "abertura": "14/09/2012", "natureza_juridica": "399-9 - Associa\u00e7\u00e3o Privada", "fantasia": "CE CAP-FUNEMAC", "cnpj": "16.986.691/0001-84", "ultima_atualizacao": "2020-02-07T23:57:28.253Z", "status": "OK", "tipo": "MATRIZ", "complemento": "", "efr": "", "motivo_situacao": "", "situacao_especial": "", "data_situacao_especial": "", "capital_social": "0.00", "extra": {}, "billing": {"free": false, "database": true}}