{"atividade_principal": [{"text": "Aluguel de m\u00e1quinas e equipamentos para escrit\u00f3rios", "code": "77.33-1-00"}], "data_situacao": "30/10/2012", "complemento": "CASA 4", "nome": "RM MAIA INFORMATICA", "uf": "RJ", "telefone": "(22) 8827-1000", "email": "rafael.maia@nsoficce.com.br", "atividades_secundarias": [{"text": "Com\u00e9rcio varejista de material el\u00e9trico", "code": "47.42-3-00"}, {"text": "Com\u00e9rcio varejista especializado de equipamentos e suprimentos de inform\u00e1tica", "code": "47.51-2-01"}, {"text": "Recarga de cartuchos para equipamentos de inform\u00e1tica", "code": "47.51-2-02"}, {"text": "Com\u00e9rcio varejista especializado de equipamentos de telefonia e comunica\u00e7\u00e3o", "code": "47.52-1-00"}, {"text": "Com\u00e9rcio varejista de artigos de papelaria", "code": "47.61-0-03"}, {"text": "Com\u00e9rcio varejista de brinquedos e artigos recreativos", "code": "47.63-6-01"}, {"text": "Com\u00e9rcio varejista de artigos esportivos", "code": "47.63-6-02"}, {"text": "Com\u00e9rcio varejista de cosm\u00e9ticos, produtos de perfumaria e de higiene pessoal", "code": "47.72-5-00"}, {"text": "Com\u00e9rcio varejista de equipamentos para escrit\u00f3rio", "code": "47.89-0-07"}, {"text": "Atividades de monitoramento de sistemas de seguran\u00e7a eletr\u00f4nico", "code": "80.20-0-01"}, {"text": "Repara\u00e7\u00e3o e manuten\u00e7\u00e3o de computadores e de equipamentos perif\u00e9ricos", "code": "95.11-8-00"}], "qsa": [], "situacao": "ATIVA", "bairro": "CENTRO", "logradouro": "R DA IGUALDADE", "numero": "154", "cep": "27.913-140", "municipio": "MACAE", "porte": "MICRO EMPRESA", "abertura": "30/10/2012", "natureza_juridica": "213-5 - Empres\u00e1rio (Individual)", "fantasia": "NS OFFICE", "cnpj": "17.092.748/0001-64", "ultima_atualizacao": "2020-02-08T19:19:28.887Z", "status": "OK", "tipo": "MATRIZ", "efr": "", "motivo_situacao": "", "situacao_especial": "", "data_situacao_especial": "", "capital_social": "100000.00", "extra": {}, "billing": {"free": false, "database": false}}