{"atividade_principal": [{"text": "Cultivo de banana", "code": "01.33-4-02"}], "data_situacao": "31/10/2012", "complemento": "CASA", "nome": "ASSOCIACAO DOS PRODUTORES DA AGRICULTURA FAMILIAR DO SANA", "uf": "RJ", "telefone": "(22) 2793-2414/ (22) 8844-2824", "email": "apaf-sana@hotmail.com", "atividades_secundarias": [{"text": "Atividades de apoio \u00e0 agricultura n\u00e3o especificadas anteriormente", "code": "01.61-0-99"}], "qsa": [{"qual": "16-Presidente", "nome": "MARCOS AURELIO PINTO ARAUJO"}], "situacao": "ATIVA", "bairro": "SANA - SEXTO DISTRITO", "logradouro": "R DAS CACHOEIRAS", "numero": "02", "cep": "27.995-000", "municipio": "MACAE", "porte": "DEMAIS", "abertura": "31/10/2012", "natureza_juridica": "399-9 - Associa\u00e7\u00e3o Privada", "fantasia": "APAF-SANA", "cnpj": "17.159.842/0001-93", "ultima_atualizacao": "2020-02-07T23:15:27.137Z", "status": "OK", "tipo": "MATRIZ", "efr": "", "motivo_situacao": "", "situacao_especial": "", "data_situacao_especial": "", "capital_social": "0.00", "extra": {}, "billing": {"free": false, "database": true}}