{"atividade_principal": [{"text": "Atividades de servi\u00e7os de complementa\u00e7\u00e3o diagn\u00f3stica e terap\u00eautica n\u00e3o especificadas anteriormente", "code": "86.40-2-99"}], "data_situacao": "09/01/2013", "nome": "E M O WILLIAMS", "uf": "RJ", "telefone": "(22) 2772-2555", "qsa": [], "situacao": "ATIVA", "bairro": "CENTRO", "logradouro": "R DOUTOR LUIZ BELLEGARD", "numero": "192", "cep": "27.913-260", "municipio": "MACAE", "porte": "MICRO EMPRESA", "abertura": "09/01/2013", "natureza_juridica": "213-5 - Empres\u00e1rio (Individual)", "fantasia": "WILLIAMS ASSESSORIA", "cnpj": "17.596.898/0001-05", "ultima_atualizacao": "2020-02-08T00:03:41.465Z", "status": "OK", "tipo": "MATRIZ", "complemento": "", "email": "", "efr": "", "motivo_situacao": "", "situacao_especial": "", "data_situacao_especial": "", "atividades_secundarias": [{"code": "00.00-0-00", "text": "N\u00e3o informada"}], "capital_social": "3000.00", "extra": {}, "billing": {"free": false, "database": true}}