{"atividade_principal": [{"text": "Com\u00e9rcio atacadista de medicamentos e drogas de uso humano", "code": "46.44-3-01"}], "data_situacao": "10/06/2013", "nome": "BIOHOSP PRODUTOS HOSPITALARES SA", "uf": "MG", "telefone": "(31) 3071-0667/ (31) 3071-0689", "email": "ismael.santos@biohosp.com.br", "atividades_secundarias": [{"text": "Com\u00e9rcio atacadista de bebidas n\u00e3o especificadas anteriormente", "code": "46.35-4-99"}, {"text": "Com\u00e9rcio atacadista especializado em outros produtos aliment\u00edcios n\u00e3o especificados anteriormente", "code": "46.37-1-99"}, {"text": "Com\u00e9rcio atacadista de produtos aliment\u00edcios em geral", "code": "46.39-7-01"}, {"text": "Com\u00e9rcio atacadista de instrumentos e materiais para uso m\u00e9dico, cir\u00fargico, hospitalar e de laborat\u00f3rios", "code": "46.45-1-01"}, {"text": "Com\u00e9rcio atacadista de pr\u00f3teses e artigos de ortopedia", "code": "46.45-1-02"}, {"text": "Com\u00e9rcio atacadista de produtos de higiene pessoal", "code": "46.46-0-02"}, {"text": "Com\u00e9rcio atacadista de m\u00e1quinas, aparelhos e equipamentos para uso odonto-m\u00e9dico-hospitalar; partes e pe\u00e7as", "code": "46.64-8-00"}, {"text": "Transporte rodovi\u00e1rio de carga, exceto produtos perigosos e mudan\u00e7as, municipal.", "code": "49.30-2-01"}, {"text": "Transporte rodovi\u00e1rio de carga, exceto produtos perigosos e mudan\u00e7as, intermunicipal, interestadual e internacional", "code": "49.30-2-02"}, {"text": "Atividades de agenciamento mar\u00edtimo", "code": "52.32-0-00"}, {"text": "Comissaria de despachos", "code": "52.50-8-01"}, {"text": "Atividades de despachantes aduaneiros", "code": "52.50-8-02"}, {"text": "Agenciamento de cargas, exceto para o transporte mar\u00edtimo", "code": "52.50-8-03"}, {"text": "Organiza\u00e7\u00e3o log\u00edstica do transporte de carga", "code": "52.50-8-04"}, {"text": "Desenvolvimento e licenciamento de programas de computador customiz\u00e1veis", "code": "62.02-3-00"}, {"text": "Desenvolvimento e licenciamento de programas de computador n\u00e3o-customiz\u00e1veis", "code": "62.03-1-00"}, {"text": "Consultoria em tecnologia da informa\u00e7\u00e3o", "code": "62.04-0-00"}, {"text": "Suporte t\u00e9cnico, manuten\u00e7\u00e3o e outros servi\u00e7os em tecnologia da informa\u00e7\u00e3o", "code": "62.09-1-00"}, {"text": "Outras sociedades de participa\u00e7\u00e3o, exceto holdings", "code": "64.63-8-00"}, {"text": "Atividades de consultoria em gest\u00e3o empresarial, exceto consultoria t\u00e9cnica espec\u00edfica", "code": "70.20-4-00"}, {"text": "Outras atividades de publicidade n\u00e3o especificadas anteriormente", "code": "73.19-0-99"}, {"text": "Atividades de intermedia\u00e7\u00e3o e agenciamento de servi\u00e7os e neg\u00f3cios em geral, exceto imobili\u00e1rios", "code": "74.90-1-04"}, {"text": "Outras atividades profissionais, cient\u00edficas e t\u00e9cnicas n\u00e3o especificadas anteriormente", "code": "74.90-1-99"}, {"text": "Aluguel de material m\u00e9dico", "code": "77.29-2-03"}, {"text": "Aluguel de equipamentos cient\u00edficos, m\u00e9dicos e hospitalares, sem operador", "code": "77.39-0-02"}, {"text": "Servi\u00e7os combinados de escrit\u00f3rio e apoio administrativo", "code": "82.11-3-00"}, {"text": "Outras atividades de servi\u00e7os prestados principalmente \u00e0s empresas n\u00e3o especificadas anteriormente", "code": "82.99-7-99"}, {"text": "Rela\u00e7\u00f5es exteriores", "code": "84.21-3-00"}, {"text": "Atividades de apoio \u00e0 gest\u00e3o de sa\u00fade", "code": "86.60-7-00"}, {"text": "Atividades de fornecimento de infra-estrutura de apoio e assist\u00eancia a paciente no domic\u00edlio", "code": "87.12-3-00"}], "qsa": [{"qual": "10-Diretor", "nome": "GERALDO MAGELA DE OLIVEIRA"}, {"qual": "10-Diretor", "nome": "LEONARDO AUGUSTO MACHADO CAMPOS"}, {"qual": "10-Diretor", "nome": "MARCO AURELIO SILVA PEREIRA"}], "situacao": "ATIVA", "bairro": "CINCO", "logradouro": "AV SOCRATES MARIANI BITTENCOURT", "numero": "1080", "cep": "32.010-010", "municipio": "CONTAGEM", "porte": "DEMAIS", "abertura": "10/06/2013", "natureza_juridica": "205-4 - Sociedade An\u00f4nima Fechada", "fantasia": "BIOHOSP", "cnpj": "18.269.125/0001-87", "ultima_atualizacao": "2020-02-08T04:34:10.470Z", "status": "OK", "tipo": "MATRIZ", "complemento": "", "efr": "", "motivo_situacao": "", "situacao_especial": "", "data_situacao_especial": "", "capital_social": "16528194.00", "extra": {}, "billing": {"free": false, "database": true}}