{"atividade_principal": [{"text": "Atividades de servi\u00e7os de complementa\u00e7\u00e3o diagn\u00f3stica e terap\u00eautica n\u00e3o especificadas anteriormente", "code": "86.40-2-99"}], "data_situacao": "03/11/2005", "nome": "INSTITUTO HERMES PARDINI S/A", "uf": "MG", "telefone": "(31) 3629-6200", "email": "rodrigo.duarte@hermespardini.com.br", "atividades_secundarias": [{"text": "Pesquisa e desenvolvimento experimental em ci\u00eancias sociais e humanas", "code": "72.20-7-00"}, {"text": "Outras atividades profissionais, cient\u00edficas e t\u00e9cnicas n\u00e3o especificadas anteriormente", "code": "74.90-1-99"}, {"text": "Atividades veterin\u00e1rias", "code": "75.00-1-00"}, {"text": "Treinamento em desenvolvimento profissional e gerencial", "code": "85.99-6-04"}, {"text": "Atividade m\u00e9dica ambulatorial com recursos para realiza\u00e7\u00e3o de exames complementares", "code": "86.30-5-02"}, {"text": "Atividade m\u00e9dica ambulatorial restrita a consultas", "code": "86.30-5-03"}, {"text": "Atividade odontol\u00f3gica", "code": "86.30-5-04"}, {"text": "Servi\u00e7os de vacina\u00e7\u00e3o e imuniza\u00e7\u00e3o humana", "code": "86.30-5-06"}, {"text": "Laborat\u00f3rios de anatomia patol\u00f3gica e citol\u00f3gica", "code": "86.40-2-01"}, {"text": "Laborat\u00f3rios cl\u00ednicos", "code": "86.40-2-02"}, {"text": "Servi\u00e7os de tomografia", "code": "86.40-2-04"}, {"text": "Servi\u00e7os de diagn\u00f3stico por imagem com uso de radia\u00e7\u00e3o ionizante, exceto tomografia", "code": "86.40-2-05"}, {"text": "Servi\u00e7os de resson\u00e2ncia magn\u00e9tica", "code": "86.40-2-06"}, {"text": "Servi\u00e7os de diagn\u00f3stico por imagem sem uso de radia\u00e7\u00e3o ionizante, exceto resson\u00e2ncia magn\u00e9tica", "code": "86.40-2-07"}, {"text": "Servi\u00e7os de diagn\u00f3stico por registro gr\u00e1fico - ECG, EEG e outros exames an\u00e1logos", "code": "86.40-2-08"}], "qsa": [{"qual": "10-Diretor", "nome": "ROBERTO SANTORO MEIRELLES"}, {"qual": "10-Diretor", "nome": "ALESSANDRO CLAYTON DE SOUZA FERREIRA"}], "situacao": "ATIVA", "bairro": "FUNCIONARIOS", "logradouro": "R AIMORES", "numero": "66", "cep": "30.140-070", "municipio": "BELO HORIZONTE", "porte": "DEMAIS", "abertura": "02/02/1977", "natureza_juridica": "204-6 - Sociedade An\u00f4nima Aberta", "cnpj": "19.378.769/0001-76", "ultima_atualizacao": "2020-02-08T19:31:44.786Z", "status": "OK", "tipo": "MATRIZ", "fantasia": "", "complemento": "", "efr": "", "motivo_situacao": "", "situacao_especial": "", "data_situacao_especial": "", "capital_social": "148801989.16", "extra": {}, "billing": {"free": false, "database": false}}