{"atividade_principal": [{"text": "Atividades de consultoria em gest\u00e3o empresarial, exceto consultoria t\u00e9cnica espec\u00edfica", "code": "70.20-4-00"}], "data_situacao": "20/02/2004", "complemento": "SALA: 409 E 410;", "nome": "ASP ASSESSORIA SOCIAL E PESQUISA LTDA", "uf": "MG", "telefone": "(31) 3224-6161", "email": "administrativo@aspsocial.com.br", "atividades_secundarias": [{"text": "Testes e an\u00e1lises t\u00e9cnicas", "code": "71.20-1-00"}, {"text": "Pesquisa e desenvolvimento experimental em ci\u00eancias sociais e humanas", "code": "72.20-7-00"}, {"text": "Outras atividades profissionais, cient\u00edficas e t\u00e9cnicas n\u00e3o especificadas anteriormente", "code": "74.90-1-99"}, {"text": "Regula\u00e7\u00e3o das atividades de sa\u00fade, educa\u00e7\u00e3o, servi\u00e7os culturais e outros servi\u00e7os sociais", "code": "84.12-4-00"}], "qsa": [{"qual": "49-S\u00f3cio-Administrador", "nome": "GUTEMBERG FERNANDES"}, {"qual": "49-S\u00f3cio-Administrador", "nome": "CAMILO CIENFUEGOS"}], "situacao": "ATIVA", "bairro": "CENTRO", "logradouro": "R SAO PAULO", "numero": "893", "cep": "30.170-131", "municipio": "BELO HORIZONTE", "porte": "EMPRESA DE PEQUENO PORTE", "abertura": "02/07/1984", "natureza_juridica": "206-2 - Sociedade Empres\u00e1ria Limitada", "cnpj": "19.704.303/0001-13", "ultima_atualizacao": "2020-02-08T18:44:38.019Z", "status": "OK", "tipo": "MATRIZ", "fantasia": "", "efr": "", "motivo_situacao": "", "situacao_especial": "", "data_situacao_especial": "", "capital_social": "570000.00", "extra": {}, "billing": {"free": false, "database": false}}