{"atividade_principal": [{"text": "Atividade m\u00e9dica ambulatorial restrita a consultas", "code": "86.30-5-03"}], "data_situacao": "17/03/2014", "complemento": "SALA 1204", "nome": "DAG OTORRINOS ASSOCIADOS LTDA", "uf": "RJ", "telefone": "(21) 8128-7638", "atividades_secundarias": [{"text": "Atividade m\u00e9dica ambulatorial com recursos para realiza\u00e7\u00e3o de procedimentos cir\u00fargicos", "code": "86.30-5-01"}], "qsa": [{"qual": "49-S\u00f3cio-Administrador", "nome": "ANDRE DE PAULA FERNANDEZ"}, {"qual": "22-S\u00f3cio", "nome": "GUILHERME CARVALHO DE ALMEIDA"}, {"qual": "22-S\u00f3cio", "nome": "DANIELA CECILIO CAPRA MARQUES DE OLIVEIRA"}], "situacao": "ATIVA", "bairro": "CATETE", "logradouro": "LRG DO MACHADO", "numero": "54", "cep": "22.221-020", "municipio": "RIO DE JANEIRO", "porte": "MICRO EMPRESA", "abertura": "17/03/2014", "natureza_juridica": "206-2 - Sociedade Empres\u00e1ria Limitada", "cnpj": "19.895.353/0001-25", "ultima_atualizacao": "2020-02-08T19:19:04.621Z", "status": "OK", "tipo": "MATRIZ", "fantasia": "", "email": "", "efr": "", "motivo_situacao": "", "situacao_especial": "", "data_situacao_especial": "", "capital_social": "60000.00", "extra": {}, "billing": {"free": false, "database": false}}