{"atividade_principal": [{"text": "Constru\u00e7\u00e3o de edif\u00edcios", "code": "41.20-4-00"}], "data_situacao": "26/03/2014", "nome": "OMEGA ENGENHARIA CSA LTDA", "uf": "RJ", "telefone": "(22) 9964-4607", "email": "omegaengenharia.csa@gmail.com", "atividades_secundarias": [{"text": "Manuten\u00e7\u00e3o e repara\u00e7\u00e3o de m\u00e1quinas e aparelhos de refrigera\u00e7\u00e3o e ventila\u00e7\u00e3o para uso industrial e comercial", "code": "33.14-7-07"}, {"text": "Atividades relacionadas a esgoto, exceto a gest\u00e3o de redes", "code": "37.02-9-00"}, {"text": "Obras de urbaniza\u00e7\u00e3o - ruas, pra\u00e7as e cal\u00e7adas", "code": "42.13-8-00"}, {"text": "Constru\u00e7\u00e3o de redes de abastecimento de \u00e1gua, coleta de esgoto e constru\u00e7\u00f5es correlatas, exceto obras de irriga\u00e7\u00e3o", "code": "42.22-7-01"}, {"text": "Montagem de estruturas met\u00e1licas", "code": "42.92-8-01"}, {"text": "Constru\u00e7\u00e3o de instala\u00e7\u00f5es esportivas e recreativas", "code": "42.99-5-01"}, {"text": "Outras obras de engenharia civil n\u00e3o especificadas anteriormente", "code": "42.99-5-99"}, {"text": "Obras de terraplenagem", "code": "43.13-4-00"}, {"text": "Instala\u00e7\u00e3o e manuten\u00e7\u00e3o el\u00e9trica", "code": "43.21-5-00"}, {"text": "Montagem e instala\u00e7\u00e3o de sistemas e equipamentos de ilumina\u00e7\u00e3o e sinaliza\u00e7\u00e3o em vias p\u00fablicas, portos e aeroportos", "code": "43.29-1-04"}, {"text": "Outras obras de instala\u00e7\u00f5es em constru\u00e7\u00f5es n\u00e3o especificadas anteriormente", "code": "43.29-1-99"}, {"text": "Outras obras de acabamento da constru\u00e7\u00e3o", "code": "43.30-4-99"}, {"text": "Perfura\u00e7\u00e3o e constru\u00e7\u00e3o de po\u00e7os de \u00e1gua", "code": "43.99-1-05"}, {"text": "Com\u00e9rcio varejista de materiais de constru\u00e7\u00e3o n\u00e3o especificados anteriormente", "code": "47.44-0-05"}, {"text": "Com\u00e9rcio varejista de materiais de constru\u00e7\u00e3o em geral", "code": "47.44-0-99"}, {"text": "Servi\u00e7os de engenharia", "code": "71.12-0-00"}, {"text": "Servi\u00e7os de cartografia, topografia e geod\u00e9sia", "code": "71.19-7-01"}, {"text": "Atividades de estudos geol\u00f3gicos", "code": "71.19-7-02"}, {"text": "Servi\u00e7os de desenho t\u00e9cnico relacionados \u00e0 arquitetura e engenharia", "code": "71.19-7-03"}, {"text": "Servi\u00e7os de per\u00edcia t\u00e9cnica relacionados \u00e0 seguran\u00e7a do trabalho", "code": "71.19-7-04"}, {"text": "Atividades t\u00e9cnicas relacionadas \u00e0 engenharia e arquitetura n\u00e3o especificadas anteriormente", "code": "71.19-7-99"}, {"text": "Promo\u00e7\u00e3o de vendas", "code": "73.19-0-02"}, {"text": "Aluguel de m\u00e1quinas e equipamentos para constru\u00e7\u00e3o sem operador, exceto andaimes", "code": "77.32-2-01"}, {"text": "Aluguel de palcos, coberturas e outras estruturas de uso tempor\u00e1rio, exceto andaimes", "code": "77.39-0-03"}, {"text": "Loca\u00e7\u00e3o de m\u00e3o-de-obra tempor\u00e1ria", "code": "78.20-5-00"}, {"text": "Outras atividades de servi\u00e7os pessoais n\u00e3o especificadas anteriormente", "code": "96.09-2-99"}], "qsa": [{"qual": "49-S\u00f3cio-Administrador", "nome": "MAXUEL BERNADES DONATO"}, {"qual": "22-S\u00f3cio", "nome": "LECYANA RIBEIRO DA SILVA DONATO"}], "situacao": "ATIVA", "bairro": "PARQUE BRASILIA", "logradouro": "R CORONEL PACHE FARIA", "numero": "213", "cep": "28.055-230", "municipio": "CAMPOS DOS GOYTACAZES", "porte": "EMPRESA DE PEQUENO PORTE", "abertura": "26/03/2014", "natureza_juridica": "206-2 - Sociedade Empres\u00e1ria Limitada", "fantasia": "OMEGA ENGENHARIA", "cnpj": "19.954.004/0001-37", "ultima_atualizacao": "2020-02-08T18:57:01.055Z", "status": "OK", "tipo": "MATRIZ", "complemento": "", "efr": "", "motivo_situacao": "", "situacao_especial": "", "data_situacao_especial": "", "capital_social": "500000.00", "extra": {}, "billing": {"free": false, "database": false}}