{"atividade_principal": [{"text": "Outras atividades associativas profissionais", "code": "94.12-0-99"}], "data_situacao": "17/03/2014", "complemento": "ANDAR 1 CXPST 285", "nome": "ASSOCIACAO DOS ARQUIVISTAS DA PARAIBA - AAPB", "uf": "PB", "telefone": "(83) 8827-4258", "email": "associacaodosarquivistaspb@gmail.com", "qsa": [{"qual": "16-Presidente", "nome": "REGIA SUELI FELIX"}], "situacao": "ATIVA", "bairro": "BRISAMAR", "logradouro": "AV SENADOR RUY CARNEIRO", "numero": "115", "cep": "58.032-100", "municipio": "JOAO PESSOA", "porte": "DEMAIS", "abertura": "17/03/2014", "natureza_juridica": "399-9 - Associa\u00e7\u00e3o Privada", "fantasia": "AAPB", "cnpj": "20.510.647/0001-70", "ultima_atualizacao": "2020-02-08T18:52:03.211Z", "status": "OK", "tipo": "MATRIZ", "efr": "", "motivo_situacao": "", "situacao_especial": "", "data_situacao_especial": "", "atividades_secundarias": [{"code": "00.00-0-00", "text": "N\u00e3o informada"}], "capital_social": "0.00", "extra": {}, "billing": {"free": false, "database": false}}