{"atividade_principal": [{"text": "Com\u00e9rcio varejista de outros produtos n\u00e3o especificados anteriormente", "code": "47.89-0-99"}], "data_situacao": "04/08/2014", "complemento": "QUADRA29 LOTE 03", "nome": "DORIEDSON AIALA DE SOUZA EIRELI", "uf": "GO", "telefone": "(62) 3298-7102", "email": "contabilidadecamposs@hotmail.com", "atividades_secundarias": [{"text": "Fabrica\u00e7\u00e3o de outros produtos t\u00eaxteis n\u00e3o especificados anteriormente", "code": "13.59-6-00"}, {"text": "Fabrica\u00e7\u00e3o de estruturas met\u00e1licas", "code": "25.11-0-00"}, {"text": "Fabrica\u00e7\u00e3o de produtos diversos n\u00e3o especificados anteriormente", "code": "32.99-0-99"}, {"text": "Montagem de estruturas met\u00e1licas", "code": "42.92-8-01"}, {"text": "Outras obras de acabamento da constru\u00e7\u00e3o", "code": "43.30-4-99"}, {"text": "Com\u00e9rcio varejista de ferragens e ferramentas", "code": "47.44-0-01"}, {"text": "Com\u00e9rcio varejista de cosm\u00e9ticos, produtos de perfumaria e de higiene pessoal", "code": "47.72-5-00"}, {"text": "Com\u00e9rcio varejista de artigos de \u00f3ptica", "code": "47.74-1-00"}, {"text": "Com\u00e9rcio varejista de artigos do vestu\u00e1rio e acess\u00f3rios", "code": "47.81-4-00"}, {"text": "Com\u00e9rcio varejista de cal\u00e7ados", "code": "47.82-2-01"}, {"text": "Com\u00e9rcio varejista de artigos de joalheria", "code": "47.83-1-01"}, {"text": "Com\u00e9rcio varejista de artigos de relojoaria", "code": "47.83-1-02"}, {"text": "Com\u00e9rcio varejista de suvenires, bijuterias e artesanatos", "code": "47.89-0-01"}, {"text": "Transporte rodovi\u00e1rio de carga, exceto produtos perigosos e mudan\u00e7as, municipal.", "code": "49.30-2-01"}, {"text": "Transporte rodovi\u00e1rio de carga, exceto produtos perigosos e mudan\u00e7as, intermunicipal, interestadual e internacional", "code": "49.30-2-02"}, {"text": "Aluguel de m\u00f3veis, utens\u00edlios e aparelhos de uso dom\u00e9stico e pessoal; instrumentos musicais", "code": "77.29-2-02"}, {"text": "Aluguel de palcos, coberturas e outras estruturas de uso tempor\u00e1rio, exceto andaimes", "code": "77.39-0-03"}], "qsa": [{"qual": "65-Titular Pessoa F\u00edsica Residente ou Domiciliado no Brasil", "nome": "DORIEDSON AIALA DE SOUZA"}], "situacao": "ATIVA", "bairro": "IPIRANGA", "logradouro": "R SAO PATRICIO", "numero": "583", "cep": "74.453-400", "municipio": "GOIANIA", "porte": "MICRO EMPRESA", "abertura": "04/08/2014", "natureza_juridica": "230-5 - Empresa Individual de Responsabilidade Limitada (de Natureza Empres\u00e1ria)", "fantasia": "AIALA TENDAS", "cnpj": "20.766.320/0001-64", "ultima_atualizacao": "2020-02-08T05:15:49.070Z", "status": "OK", "tipo": "MATRIZ", "efr": "", "motivo_situacao": "", "situacao_especial": "", "data_situacao_especial": "", "capital_social": "700000.00", "extra": {}, "billing": {"free": false, "database": true}}