{"atividade_principal": [{"text": "Com\u00e9rcio atacadista de instrumentos e materiais para uso m\u00e9dico, cir\u00fargico, hospitalar e de laborat\u00f3rios", "code": "46.45-1-01"}], "data_situacao": "05/08/2014", "complemento": "SALA 1204 E 1205", "nome": "ONEX IMPORTACAO, EXPORTACAO E DISTRIBUICAO DE SOLUCOES PARA MEDICINA LTDA", "uf": "ES", "telefone": "(27) 3229-1366", "email": "registro@contabilidadehupp.com.br", "atividades_secundarias": [{"text": "Manuten\u00e7\u00e3o e repara\u00e7\u00e3o de aparelhos eletrom\u00e9dicos e eletroterap\u00eauticos e equipamentos de irradia\u00e7\u00e3o", "code": "33.12-1-03"}, {"text": "Instala\u00e7\u00e3o de m\u00e1quinas e equipamentos industriais", "code": "33.21-0-00"}, {"text": "Representantes comerciais e agentes do com\u00e9rcio de instrumentos e materiais odonto-m\u00e9dico-hospitalares", "code": "46.18-4-02"}, {"text": "Com\u00e9rcio atacadista de m\u00e1quinas, aparelhos e equipamentos para uso odonto-m\u00e9dico-hospitalar; partes e pe\u00e7as", "code": "46.64-8-00"}, {"text": "Transporte rodovi\u00e1rio de carga, exceto produtos perigosos e mudan\u00e7as, municipal", "code": "49.30-2-01"}, {"text": "Transporte rodovi\u00e1rio de carga, exceto produtos perigosos e mudan\u00e7as, intermunicipal, interestadual e internacional", "code": "49.30-2-02"}, {"text": "Aluguel de equipamentos cient\u00edficos, m\u00e9dicos e hospitalares, sem operador", "code": "77.39-0-02"}], "qsa": [{"qual": "49-S\u00f3cio-Administrador", "nome": "VINICIUS VIEIRA CARVALHO"}, {"qual": "22-S\u00f3cio", "nome": "FLAVIO MOREIRA DE AVELLAR"}, {"qual": "22-S\u00f3cio", "nome": "VITTORIO ALBERTO BELTRAN GOMES"}, {"qual": "22-S\u00f3cio", "nome": "CARLOS AUGUSTO MONTANDON BORGES"}], "situacao": "ATIVA", "bairro": "ENSEADA DO SUA", "logradouro": "R JOSE ALEXANDRE BUAIZ", "numero": "190", "cep": "29.050-545", "municipio": "VITORIA", "porte": "DEMAIS", "abertura": "05/08/2014", "natureza_juridica": "206-2 - Sociedade Empres\u00e1ria Limitada", "cnpj": "20.827.215/0001-98", "ultima_atualizacao": "2020-02-08T18:52:52.246Z", "status": "OK", "tipo": "MATRIZ", "fantasia": "", "efr": "", "motivo_situacao": "", "situacao_especial": "", "data_situacao_especial": "", "capital_social": "200000.00", "extra": {}, "billing": {"free": false, "database": false}}