{"atividade_principal": [{"text": "Com\u00e9rcio a varejo de pe\u00e7as e acess\u00f3rios novos para ve\u00edculos automotores", "code": "45.30-7-03"}], "data_situacao": "11/09/2014", "nome": "A M B GASPARINI LTDA", "uf": "RJ", "telefone": "(22) 8181-7271", "email": "toninhoautopecasmacae@hotmail.com", "atividades_secundarias": [{"text": "Com\u00e9rcio por atacado de pe\u00e7as e acess\u00f3rios novos para ve\u00edculos automotores", "code": "45.30-7-01"}, {"text": "Com\u00e9rcio a varejo de pneum\u00e1ticos e c\u00e2maras-de-ar", "code": "45.30-7-05"}, {"text": "Com\u00e9rcio atacadista de aparelhos eletr\u00f4nicos de uso pessoal e dom\u00e9stico", "code": "46.49-4-02"}, {"text": "Com\u00e9rcio atacadista de produtos de higiene, limpeza e conserva\u00e7\u00e3o domiciliar", "code": "46.49-4-08"}, {"text": "Com\u00e9rcio atacadista de outros equipamentos e artigos de uso pessoal e dom\u00e9stico n\u00e3o especificados anteriormente", "code": "46.49-4-99"}, {"text": "Com\u00e9rcio atacadista de equipamentos de inform\u00e1tica", "code": "46.51-6-01"}, {"text": "Com\u00e9rcio varejista de cosm\u00e9ticos, produtos de perfumaria e de higiene pessoal", "code": "47.72-5-00"}], "qsa": [{"qual": "49-S\u00f3cio-Administrador", "nome": "ARLETE MARIA BERGAMIM GASPARINI"}, {"qual": "49-S\u00f3cio-Administrador", "nome": "ANTONIO CARLOS GREGIO GASPARINI"}], "situacao": "ATIVA", "bairro": "SOL Y MAR", "logradouro": "AV EVALDO COSTA", "numero": "735", "cep": "27.940-215", "municipio": "MACAE", "porte": "MICRO EMPRESA", "abertura": "11/09/2014", "natureza_juridica": "206-2 - Sociedade Empres\u00e1ria Limitada", "fantasia": "TONINHO AUTO-PECAS E SERVICOS", "cnpj": "21.019.481/0001-57", "ultima_atualizacao": "2020-02-08T19:10:37.332Z", "status": "OK", "tipo": "MATRIZ", "complemento": "", "efr": "", "motivo_situacao": "", "situacao_especial": "", "data_situacao_especial": "", "capital_social": "70000.00", "extra": {}, "billing": {"free": false, "database": false}}