{"atividade_principal": [{"text": "Loca\u00e7\u00e3o de autom\u00f3veis sem condutor", "code": "77.11-0-00"}], "data_situacao": "17/09/2014", "complemento": "PARTE", "nome": "PETROEBANI COMERCIO, LOCACAO E SERVICOS EIRELI", "uf": "RJ", "telefone": "(22) 2142-7681", "email": "reginaldo.ebani12@gmail.com", "atividades_secundarias": [{"text": "Servi\u00e7o de transporte de passageiros - loca\u00e7\u00e3o de autom\u00f3veis com motorista", "code": "49.23-0-02"}, {"text": "Transporte escolar", "code": "49.24-8-00"}, {"text": "Transporte rodovi\u00e1rio coletivo de passageiros, sob regime de fretamento, municipal", "code": "49.29-9-01"}, {"text": "Transporte rodovi\u00e1rio coletivo de passageiros, sob regime de fretamento, intermunicipal, interestadual e internacional", "code": "49.29-9-02"}, {"text": "Organiza\u00e7\u00e3o de excurs\u00f5es em ve\u00edculos rodovi\u00e1rios pr\u00f3prios, intermunicipal, interestadual e internacional", "code": "49.29-9-04"}, {"text": "Outros transportes rodovi\u00e1rios de passageiros n\u00e3o especificados anteriormente", "code": "49.29-9-99"}, {"text": "Loca\u00e7\u00e3o de outros meios de transporte n\u00e3o especificados anteriormente, sem condutor", "code": "77.19-5-99"}, {"text": "Aluguel de outras m\u00e1quinas e equipamentos comerciais e industriais n\u00e3o especificados anteriormente, sem operador", "code": "77.39-0-99"}, {"text": "UTI m\u00f3vel", "code": "86.21-6-01"}, {"text": "Servi\u00e7os m\u00f3veis de atendimento a urg\u00eancias, exceto por UTI m\u00f3vel", "code": "86.21-6-02"}, {"text": "Servi\u00e7os de remo\u00e7\u00e3o de pacientes, exceto os servi\u00e7os m\u00f3veis de atendimento a urg\u00eancias", "code": "86.22-4-00"}], "qsa": [{"qual": "65-Titular Pessoa F\u00edsica Residente ou Domiciliado no Brasil", "nome": "PHELIPE MANHAES DE OLIVEIRA NEVES"}], "situacao": "ATIVA", "bairro": "IMBOASSICA", "logradouro": "EST HELIO ROSA DOS SANTOS", "numero": "S/N", "cep": "27.925-540", "municipio": "MACAE", "porte": "MICRO EMPRESA", "abertura": "17/09/2014", "natureza_juridica": "230-5 - Empresa Individual de Responsabilidade Limitada (de Natureza Empres\u00e1ria)", "fantasia": "PETROLOC", "cnpj": "21.119.677/0001-13", "ultima_atualizacao": "2020-02-08T18:46:53.326Z", "status": "OK", "tipo": "MATRIZ", "efr": "", "motivo_situacao": "", "situacao_especial": "", "data_situacao_especial": "", "capital_social": "500000.00", "extra": {}, "billing": {"free": false, "database": false}}