{"atividade_principal": [{"text": "Fabrica\u00e7\u00e3o de latic\u00ednios", "code": "10.52-0-00"}], "data_situacao": "24/09/2014", "nome": "COOPERATIVA AGROPECUARIA DO VALE DO MACABU LTDA", "uf": "RJ", "telefone": "(21) 2620-1758", "email": "flavianosouza@uol.com.br", "atividades_secundarias": [{"text": "Atividades de apoio \u00e0 pecu\u00e1ria n\u00e3o especificadas anteriormente", "code": "01.62-8-99"}, {"text": "Atividades de apoio \u00e0 agricultura n\u00e3o especificadas anteriormente", "code": "01.61-0-99"}], "qsa": [{"qual": "16-Presidente", "nome": "CESAR PEIXOTO DE SOUZA"}, {"qual": "10-Diretor", "nome": "JORGE LUIZ LEITE DE AZEVEDO BRAGA"}, {"qual": "10-Diretor", "nome": "LUCIANO CESAR LEAL SILVA"}], "situacao": "ATIVA", "bairro": "BOCAINA", "logradouro": "R ROZENDO FONTES TAVARES", "numero": "211", "cep": "28.740-000", "municipio": "CONCEICAO DE MACABU", "porte": "DEMAIS", "abertura": "24/09/2014", "natureza_juridica": "214-3 - Cooperativa", "cnpj": "21.221.754/0001-41", "ultima_atualizacao": "2020-02-08T18:42:06.020Z", "status": "OK", "tipo": "MATRIZ", "fantasia": "", "complemento": "", "efr": "", "motivo_situacao": "", "situacao_especial": "", "data_situacao_especial": "", "capital_social": "0.00", "extra": {}, "billing": {"free": false, "database": false}}