{"atividade_principal": [{"text": "Com\u00e9rcio atacadista de artigos de escrit\u00f3rio e de papelaria", "code": "46.47-8-01"}], "data_situacao": "22/10/2014", "complemento": "SLJ: 117 PARTE;", "nome": "COMERCIAL SANTA RITA DE CASSIA - EIRELI", "uf": "RJ", "telefone": "(21) 7847-7559", "email": "simonecalixto@uol.com.br", "atividades_secundarias": [{"text": "Confec\u00e7\u00e3o de roupas profissionais, exceto sob medida", "code": "14.13-4-01"}, {"text": "Impress\u00e3o de material para uso publicit\u00e1rio", "code": "18.13-0-01"}, {"text": "Manuten\u00e7\u00e3o e repara\u00e7\u00e3o de m\u00e1quinas e equipamentos para uso geral n\u00e3o especificados anteriormente", "code": "33.14-7-10"}, {"text": "Com\u00e9rcio por atacado de pe\u00e7as e acess\u00f3rios novos para ve\u00edculos automotores", "code": "45.30-7-01"}, {"text": "Com\u00e9rcio atacadista de sementes, flores, plantas e gramas", "code": "46.23-1-06"}, {"text": "Com\u00e9rcio atacadista de \u00e1gua mineral", "code": "46.35-4-01"}, {"text": "Com\u00e9rcio atacadista de produtos aliment\u00edcios em geral", "code": "46.39-7-01"}, {"text": "Com\u00e9rcio atacadista de artigos de armarinho", "code": "46.41-9-03"}, {"text": "Com\u00e9rcio atacadista de artigos do vestu\u00e1rio e acess\u00f3rios, exceto profissionais e de seguran\u00e7a", "code": "46.42-7-01"}, {"text": "Com\u00e9rcio atacadista de roupas e acess\u00f3rios para uso profissional e de seguran\u00e7a do trabalho", "code": "46.42-7-02"}, {"text": "Com\u00e9rcio atacadista de cal\u00e7ados", "code": "46.43-5-01"}, {"text": "Com\u00e9rcio atacadista de bolsas, malas e artigos de viagem", "code": "46.43-5-02"}, {"text": "Com\u00e9rcio atacadista de instrumentos e materiais para uso m\u00e9dico, cir\u00fargico, hospitalar e de laborat\u00f3rios", "code": "46.45-1-01"}, {"text": "Com\u00e9rcio atacadista de cosm\u00e9ticos e produtos de perfumaria", "code": "46.46-0-01"}, {"text": "Com\u00e9rcio atacadista de produtos de higiene pessoal", "code": "46.46-0-02"}, {"text": "Com\u00e9rcio atacadista de livros, jornais e outras publica\u00e7\u00f5es", "code": "46.47-8-02"}, {"text": "Com\u00e9rcio atacadista de aparelhos eletr\u00f4nicos de uso pessoal e dom\u00e9stico", "code": "46.49-4-02"}, {"text": "Com\u00e9rcio atacadista de m\u00f3veis e artigos de colchoaria", "code": "46.49-4-04"}, {"text": "Com\u00e9rcio atacadista de filmes, CDs, DVDs, fitas e discos", "code": "46.49-4-07"}, {"text": "Com\u00e9rcio atacadista de produtos de higiene, limpeza e conserva\u00e7\u00e3o domiciliar", "code": "46.49-4-08"}, {"text": "Com\u00e9rcio atacadista de outros equipamentos e artigos de uso pessoal e dom\u00e9stico n\u00e3o especificados anteriormente", "code": "46.49-4-99"}, {"text": "Com\u00e9rcio atacadista de equipamentos de inform\u00e1tica", "code": "46.51-6-01"}, {"text": "Com\u00e9rcio atacadista de suprimentos para inform\u00e1tica", "code": "46.51-6-02"}, {"text": "Com\u00e9rcio atacadista de componentes eletr\u00f4nicos e equipamentos de telefonia e comunica\u00e7\u00e3o", "code": "46.52-4-00"}, {"text": "Com\u00e9rcio atacadista de m\u00e1quinas e equipamentos para uso comercial; partes e pe\u00e7as", "code": "46.65-6-00"}, {"text": "Com\u00e9rcio atacadista de bombas e compressores; partes e pe\u00e7as", "code": "46.69-9-01"}, {"text": "Com\u00e9rcio atacadista de outras m\u00e1quinas e equipamentos n\u00e3o especificados anteriormente; partes e pe\u00e7as", "code": "46.69-9-99"}, {"text": "Com\u00e9rcio atacadista de material el\u00e9trico", "code": "46.73-7-00"}, {"text": "Com\u00e9rcio atacadista de vidros, espelhos, vitrais e molduras", "code": "46.79-6-03"}, {"text": "Com\u00e9rcio atacadista de materiais de constru\u00e7\u00e3o em geral", "code": "46.79-6-99"}, {"text": "Com\u00e9rcio atacadista especializado em outros produtos intermedi\u00e1rios n\u00e3o especificados anteriormente", "code": "46.89-3-99"}, {"text": "Com\u00e9rcio atacadista de mercadorias em geral, sem predomin\u00e2ncia de alimentos ou de insumos agropecu\u00e1rios", "code": "46.93-1-00"}, {"text": "Servi\u00e7os de alimenta\u00e7\u00e3o para eventos e recep\u00e7\u00f5es - buf\u00ea", "code": "56.20-1-02"}, {"text": "Edi\u00e7\u00e3o de livros", "code": "58.11-5-00"}, {"text": "Aluguel de m\u00e1quinas e equipamentos para escrit\u00f3rios", "code": "77.33-1-00"}, {"text": "Aluguel de outras m\u00e1quinas e equipamentos comerciais e industriais n\u00e3o especificados anteriormente, sem operador", "code": "77.39-0-99"}, {"text": "Fotoc\u00f3pias", "code": "82.19-9-01"}, {"text": "Servi\u00e7os de organiza\u00e7\u00e3o de feiras, congressos, exposi\u00e7\u00f5es e festas", "code": "82.30-0-01"}, {"text": "Outras atividades de recrea\u00e7\u00e3o e lazer n\u00e3o especificadas anteriormente", "code": "93.29-8-99"}], "qsa": [{"qual": "65-Titular Pessoa F\u00edsica Residente ou Domiciliado no Brasil", "nome": "RICARDO D OLIVEIRA PINTO"}], "situacao": "ATIVA", "bairro": "VILAR DOS TELES", "logradouro": "AV COMENDADOR TELES", "numero": "2419", "cep": "25.561-161", "municipio": "SAO JOAO DE MERITI", "porte": "MICRO EMPRESA", "abertura": "22/10/2014", "natureza_juridica": "230-5 - Empresa Individual de Responsabilidade Limitada (de Natureza Empres\u00e1ria)", "fantasia": "COMERCIAL SANTA RITA DE CASSIA", "cnpj": "21.276.102/0001-04", "ultima_atualizacao": "2020-02-08T19:01:21.801Z", "status": "OK", "tipo": "MATRIZ", "efr": "", "motivo_situacao": "", "situacao_especial": "", "data_situacao_especial": "", "capital_social": "100000.00", "extra": {}, "billing": {"free": false, "database": false}}