{"atividade_principal": [{"text": "Laborat\u00f3rios de anatomia patol\u00f3gica e citol\u00f3gica", "code": "86.40-2-01"}], "data_situacao": "17/11/2000", "complemento": "SALAS 901 A 906", "nome": "GENEMG NUCLEO DE GENETICA MEDICA DE MINAS GERAIS LTDA", "uf": "MG", "qsa": [{"qual": "22-S\u00f3cio", "nome": "SERGIO DANILO JUNHO PENA"}, {"qual": "49-S\u00f3cio-Administrador", "nome": "FREDERICO AUGUSTO ANDRADE PENA"}], "situacao": "ATIVA", "bairro": "FUNCIONARIOS", "logradouro": "AV AFONSO PENA", "numero": "3111", "cep": "30.130-909", "municipio": "BELO HORIZONTE", "porte": "DEMAIS", "abertura": "23/01/1986", "natureza_juridica": "206-2 - Sociedade Empres\u00e1ria Limitada", "cnpj": "21.528.104/0001-43", "ultima_atualizacao": "2020-02-08T18:36:39.592Z", "status": "OK", "tipo": "MATRIZ", "fantasia": "", "email": "", "telefone": "", "efr": "", "motivo_situacao": "", "situacao_especial": "", "data_situacao_especial": "", "atividades_secundarias": [{"code": "00.00-0-00", "text": "N\u00e3o informada"}], "capital_social": "300000.00", "extra": {}, "billing": {"free": false, "database": false}}