{"atividade_principal": [{"text": "Com\u00e9rcio atacadista de medicamentos e drogas de uso humano", "code": "46.44-3-01"}], "data_situacao": "07/12/2002", "nome": "MULTIFARMA COMERCIAL LTDA", "uf": "MG", "telefone": "(31) 2522-8170", "email": "fiscal1@multifarma.com.br", "qsa": [{"qual": "22-S\u00f3cio", "nome": "LEAL PARTICIPACOES EIRELI"}, {"qual": "49-S\u00f3cio-Administrador", "nome": "LEANDRO ALVES DOS REIS"}], "situacao": "ATIVA", "bairro": "PARQUE NORTE", "logradouro": "AV TRES", "numero": "283", "cep": "33.203-144", "municipio": "VESPASIANO", "porte": "DEMAIS", "abertura": "19/02/1986", "natureza_juridica": "206-2 - Sociedade Empres\u00e1ria Limitada", "cnpj": "21.681.325/0001-57", "ultima_atualizacao": "2020-02-08T16:59:57.854Z", "status": "OK", "tipo": "MATRIZ", "fantasia": "", "complemento": "", "efr": "", "motivo_situacao": "", "situacao_especial": "", "data_situacao_especial": "", "atividades_secundarias": [{"code": "00.00-0-00", "text": "N\u00e3o informada"}], "capital_social": "3600000.00", "extra": {}, "billing": {"free": false, "database": true}}