{"atividade_principal": [{"text": "Com\u00e9rcio atacadista de instrumentos e materiais para uso m\u00e9dico, cir\u00fargico, hospitalar e de laborat\u00f3rios", "code": "46.45-1-01"}], "data_situacao": "28/01/2015", "complemento": "SLJ;", "nome": "C. G. LIMA DISTRIBUIDORA DE EQUIPAMENTOS", "uf": "RJ", "telefone": "(22) 2778-3863", "atividades_secundarias": [{"text": "Com\u00e9rcio atacadista de medicamentos e drogas de uso veterin\u00e1rio", "code": "46.44-3-02"}, {"text": "Com\u00e9rcio atacadista de m\u00e1quinas, aparelhos e equipamentos para uso odonto-m\u00e9dico-hospitalar; partes e pe\u00e7as", "code": "46.64-8-00"}, {"text": "Com\u00e9rcio atacadista de cosm\u00e9ticos e produtos de perfumaria", "code": "46.46-0-01"}, {"text": "Com\u00e9rcio varejista de tecidos", "code": "47.55-5-01"}, {"text": "Com\u00e9rcio atacadista de equipamentos el\u00e9tricos de uso pessoal e dom\u00e9stico", "code": "46.49-4-01"}, {"text": "Com\u00e9rcio atacadista especializado em outros produtos aliment\u00edcios n\u00e3o especificados anteriormente", "code": "46.37-1-99"}, {"text": "Com\u00e9rcio varejista de artigos do vestu\u00e1rio e acess\u00f3rios", "code": "47.81-4-00"}, {"text": "Com\u00e9rcio atacadista de outras m\u00e1quinas e equipamentos n\u00e3o especificados anteriormente; partes e pe\u00e7as", "code": "46.69-9-99"}, {"text": "Com\u00e9rcio atacadista de produtos aliment\u00edcios em geral", "code": "46.39-7-01"}, {"text": "Com\u00e9rcio atacadista de produtos odontol\u00f3gicos", "code": "46.45-1-03"}, {"text": "Com\u00e9rcio atacadista de medicamentos e drogas de uso humano", "code": "46.44-3-01"}, {"text": "Com\u00e9rcio atacadista de artigos de escrit\u00f3rio e de papelaria", "code": "46.47-8-01"}, {"text": "Comercio varejista de artigos de cama, mesa e banho", "code": "47.55-5-03"}, {"text": "Com\u00e9rcio atacadista de produtos de higiene, limpeza e conserva\u00e7\u00e3o domiciliar", "code": "46.49-4-08"}, {"text": "Com\u00e9rcio varejista de produtos saneantes domissanit\u00e1rios", "code": "47.89-0-05"}], "qsa": [], "situacao": "ATIVA", "bairro": "CENTRO", "logradouro": "R EVARISTO BOUCINHA", "numero": "95", "cep": "28.860-000", "municipio": "CASIMIRO DE ABREU", "porte": "MICRO EMPRESA", "abertura": "28/01/2015", "natureza_juridica": "213-5 - Empres\u00e1rio (Individual)", "fantasia": "C. G. LIMA DISTRIBUIDORA DE EQUIPAMENTOS", "cnpj": "21.777.287/0001-30", "ultima_atualizacao": "2020-02-08T17:56:37.079Z", "status": "OK", "tipo": "MATRIZ", "email": "", "efr": "", "motivo_situacao": "", "situacao_especial": "", "data_situacao_especial": "", "capital_social": "1600000.00", "extra": {}, "billing": {"free": false, "database": true}}