{"atividade_principal": [{"text": "Administra\u00e7\u00e3o de caixas escolares", "code": "85.50-3-01"}], "data_situacao": "11/02/2015", "nome": "CONSELHO ESCOLAR DA ESCOLA MUNICIPAL DE EDUCACAO INFANTIL PROFESSOR AFONSO CORREA SABINO", "uf": "RJ", "telefone": "(22) 2763-0325", "atividades_secundarias": [{"text": "Outras atividades de ensino n\u00e3o especificadas anteriormente", "code": "85.99-6-99"}], "qsa": [{"qual": "16-Presidente", "nome": "ANA BEATRIZ CURVELO VIEIRA"}], "situacao": "ATIVA", "bairro": "PARQUE AEROPORTO", "logradouro": "R IRANI MENDES NETO", "numero": "SN", "cep": "27.963-814", "municipio": "MACAE", "porte": "DEMAIS", "abertura": "11/02/2015", "natureza_juridica": "399-9 - Associa\u00e7\u00e3o Privada", "fantasia": "CE EMEIPACS", "cnpj": "21.969.622/0001-00", "ultima_atualizacao": "2020-02-07T23:55:03.630Z", "status": "OK", "tipo": "MATRIZ", "complemento": "", "email": "", "efr": "", "motivo_situacao": "", "situacao_especial": "", "data_situacao_especial": "", "capital_social": "0.00", "extra": {}, "billing": {"free": false, "database": true}}