{"atividade_principal": [{"text": "Prepara\u00e7\u00e3o de documentos e servi\u00e7os especializados de apoio administrativo n\u00e3o especificados anteriormente", "code": "82.19-9-99"}], "data_situacao": "17/03/2015", "complemento": "1 ANDAR", "nome": "SIG SERVICOS DE CERTIFICACAO DIGITAL EIRELI", "uf": "RJ", "telefone": "(22) 2726-1400", "atividades_secundarias": [{"text": "Suporte t\u00e9cnico, manuten\u00e7\u00e3o e outros servi\u00e7os em tecnologia da informa\u00e7\u00e3o", "code": "62.09-1-00"}, {"text": "Portais, provedores de conte\u00fado e outros servi\u00e7os de informa\u00e7\u00e3o na internet", "code": "63.19-4-00"}], "qsa": [{"qual": "05-Administrador", "nome": "PAULO DIANO DE AZEVEDO"}, {"qual": "65-Titular Pessoa F\u00edsica Residente ou Domiciliado no Brasil", "nome": "GIOVANNA MEDEIROS STOLLER DE AZEVEDO"}], "situacao": "ATIVA", "bairro": "CENTRO", "logradouro": "R TENENTE CORONEL CARDOSO", "numero": "348", "cep": "28.010-802", "municipio": "CAMPOS DOS GOYTACAZES", "porte": "MICRO EMPRESA", "abertura": "17/03/2015", "natureza_juridica": "230-5 - Empresa Individual de Responsabilidade Limitada (de Natureza Empres\u00e1ria)", "cnpj": "22.065.332/0001-97", "ultima_atualizacao": "2020-02-08T19:17:58.272Z", "status": "OK", "tipo": "MATRIZ", "fantasia": "", "email": "", "efr": "", "motivo_situacao": "", "situacao_especial": "", "data_situacao_especial": "", "capital_social": "100000.00", "extra": {}, "billing": {"free": false, "database": false}}