{"atividade_principal": [{"text": "Constru\u00e7\u00e3o de edif\u00edcios", "code": "41.20-4-00"}], "data_situacao": "09/04/2015", "complemento": "QUADRA: 0013; LOTE: 007;", "nome": "L L GASPAR CONSTRUCOES E REFORMAS LTDA", "uf": "RJ", "telefone": "(22) 2778-1682", "email": "llgasparcasimiro@gmail.com", "atividades_secundarias": [{"text": "Atividades de apoio \u00e0 agricultura n\u00e3o especificadas anteriormente", "code": "01.61-0-99"}, {"text": "Impress\u00e3o de material para outros usos", "code": "18.13-0-99"}, {"text": "Distribui\u00e7\u00e3o de \u00e1gua por caminh\u00f5es", "code": "36.00-6-02"}, {"text": "Descontamina\u00e7\u00e3o e outros servi\u00e7os de gest\u00e3o de res\u00edduos", "code": "39.00-5-00"}, {"text": "Constru\u00e7\u00e3o de rodovias e ferrovias", "code": "42.11-1-01"}, {"text": "Obras de terraplenagem", "code": "43.13-4-00"}, {"text": "Instala\u00e7\u00e3o e manuten\u00e7\u00e3o de sistemas centrais de ar condicionado, de ventila\u00e7\u00e3o e refrigera\u00e7\u00e3o", "code": "43.22-3-02"}, {"text": "Instala\u00e7\u00e3o de pain\u00e9is publicit\u00e1rios", "code": "43.29-1-01"}, {"text": "Instala\u00e7\u00e3o de portas, janelas, tetos, divis\u00f3rias e arm\u00e1rios embutidos de qualquer material", "code": "43.30-4-02"}, {"text": "Com\u00e9rcio a varejo de pe\u00e7as e acess\u00f3rios novos para ve\u00edculos automotores", "code": "45.30-7-03"}, {"text": "Com\u00e9rcio atacadista de sementes, flores, plantas e gramas", "code": "46.23-1-06"}, {"text": "Com\u00e9rcio atacadista de tecidos", "code": "46.41-9-01"}, {"text": "Com\u00e9rcio atacadista de artigos de cama, mesa e banho", "code": "46.41-9-02"}, {"text": "Com\u00e9rcio atacadista de artigos de armarinho", "code": "46.41-9-03"}, {"text": "Com\u00e9rcio atacadista de roupas e acess\u00f3rios para uso profissional e de seguran\u00e7a do trabalho", "code": "46.42-7-02"}, {"text": "Com\u00e9rcio atacadista de cosm\u00e9ticos e produtos de perfumaria", "code": "46.46-0-01"}, {"text": "Com\u00e9rcio atacadista de artigos de escrit\u00f3rio e de papelaria", "code": "46.47-8-01"}, {"text": "Com\u00e9rcio atacadista de livros, jornais e outras publica\u00e7\u00f5es", "code": "46.47-8-02"}, {"text": "Com\u00e9rcio atacadista de equipamentos el\u00e9tricos de uso pessoal e dom\u00e9stico", "code": "46.49-4-01"}, {"text": "Com\u00e9rcio atacadista de bicicletas, triciclos e outros ve\u00edculos recreativos", "code": "46.49-4-03"}, {"text": "Com\u00e9rcio atacadista de m\u00f3veis e artigos de colchoaria", "code": "46.49-4-04"}, {"text": "Com\u00e9rcio atacadista de artigos de tape\u00e7aria; persianas e cortinas", "code": "46.49-4-05"}, {"text": "Com\u00e9rcio atacadista de lustres, lumin\u00e1rias e abajures", "code": "46.49-4-06"}, {"text": "Com\u00e9rcio atacadista de filmes, CDs, DVDs, fitas e discos", "code": "46.49-4-07"}, {"text": "Com\u00e9rcio atacadista de outros equipamentos e artigos de uso pessoal e dom\u00e9stico n\u00e3o especificados anteriormente", "code": "46.49-4-99"}, {"text": "Com\u00e9rcio atacadista de suprimentos para inform\u00e1tica", "code": "46.51-6-02"}, {"text": "Com\u00e9rcio atacadista de componentes eletr\u00f4nicos e equipamentos de telefonia e comunica\u00e7\u00e3o", "code": "46.52-4-00"}, {"text": "Com\u00e9rcio atacadista de m\u00e1quinas, aparelhos e equipamentos para uso agropecu\u00e1rio; partes e pe\u00e7as", "code": "46.61-3-00"}, {"text": "Com\u00e9rcio atacadista de outras m\u00e1quinas e equipamentos n\u00e3o especificados anteriormente; partes e pe\u00e7as", "code": "46.69-9-99"}, {"text": "Com\u00e9rcio atacadista de madeira e produtos derivados", "code": "46.71-1-00"}, {"text": "Com\u00e9rcio atacadista de ferragens e ferramentas", "code": "46.72-9-00"}, {"text": "Com\u00e9rcio atacadista de material el\u00e9trico", "code": "46.73-7-00"}, {"text": "Com\u00e9rcio atacadista de vidros, espelhos, vitrais e molduras", "code": "46.79-6-03"}, {"text": "Com\u00e9rcio atacadista especializado de materiais de constru\u00e7\u00e3o n\u00e3o especificados anteriormente", "code": "46.79-6-04"}, {"text": "Com\u00e9rcio atacadista de materiais de constru\u00e7\u00e3o em geral", "code": "46.79-6-99"}, {"text": "Com\u00e9rcio varejista de tintas e materiais para pintura", "code": "47.41-5-00"}, {"text": "Com\u00e9rcio varejista de material el\u00e9trico", "code": "47.42-3-00"}, {"text": "Com\u00e9rcio varejista de vidros", "code": "47.43-1-00"}, {"text": "Com\u00e9rcio varejista de ferragens e ferramentas", "code": "47.44-0-01"}, {"text": "Com\u00e9rcio varejista de madeira e artefatos", "code": "47.44-0-02"}, {"text": "Com\u00e9rcio varejista de materiais hidr\u00e1ulicos", "code": "47.44-0-03"}, {"text": "Com\u00e9rcio varejista de cal, areia, pedra britada, tijolos e telhas", "code": "47.44-0-04"}, {"text": "Com\u00e9rcio varejista de materiais de constru\u00e7\u00e3o n\u00e3o especificados anteriormente", "code": "47.44-0-05"}, {"text": "Com\u00e9rcio varejista de materiais de constru\u00e7\u00e3o em geral", "code": "47.44-0-99"}, {"text": "Com\u00e9rcio varejista especializado de equipamentos e suprimentos de inform\u00e1tica", "code": "47.51-2-01"}, {"text": "Com\u00e9rcio varejista especializado de eletrodom\u00e9sticos e equipamentos de \u00e1udio e v\u00eddeo", "code": "47.53-9-00"}, {"text": "Com\u00e9rcio varejista de m\u00f3veis", "code": "47.54-7-01"}, {"text": "Com\u00e9rcio varejista de artigos de colchoaria", "code": "47.54-7-02"}, {"text": "Com\u00e9rcio varejista de artigos de ilumina\u00e7\u00e3o", "code": "47.54-7-03"}, {"text": "Com\u00e9rcio varejista de tecidos", "code": "47.55-5-01"}, {"text": "Comercio varejista de artigos de armarinho", "code": "47.55-5-02"}, {"text": "Comercio varejista de artigos de cama, mesa e banho", "code": "47.55-5-03"}, {"text": "Com\u00e9rcio varejista especializado de instrumentos musicais e acess\u00f3rios", "code": "47.56-3-00"}, {"text": "Com\u00e9rcio varejista de artigos de tape\u00e7aria, cortinas e persianas", "code": "47.59-8-01"}, {"text": "Com\u00e9rcio varejista de outros artigos de uso pessoal e dom\u00e9stico n\u00e3o especificados anteriormente", "code": "47.59-8-99"}, {"text": "Com\u00e9rcio varejista de livros", "code": "47.61-0-01"}, {"text": "Com\u00e9rcio varejista de jornais e revistas", "code": "47.61-0-02"}, {"text": "Com\u00e9rcio varejista de artigos de papelaria", "code": "47.61-0-03"}, {"text": "Com\u00e9rcio varejista de discos, CDs, DVDs e fitas", "code": "47.62-8-00"}, {"text": "Com\u00e9rcio varejista de brinquedos e artigos recreativos", "code": "47.63-6-01"}, {"text": "Com\u00e9rcio varejista de artigos esportivos", "code": "47.63-6-02"}, {"text": "Com\u00e9rcio varejista de bicicletas e triciclos; pe\u00e7as e acess\u00f3rios", "code": "47.63-6-03"}, {"text": "Com\u00e9rcio varejista de artigos de ca\u00e7a, pesca e camping", "code": "47.63-6-04"}, {"text": "Com\u00e9rcio varejista de artigos m\u00e9dicos e ortop\u00e9dicos", "code": "47.73-3-00"}, {"text": "Com\u00e9rcio varejista de plantas e flores naturais", "code": "47.89-0-02"}, {"text": "Servi\u00e7o de transporte de passageiros - loca\u00e7\u00e3o de autom\u00f3veis com motorista", "code": "49.23-0-02"}, {"text": "Servi\u00e7os de engenharia", "code": "71.12-0-00"}, {"text": "Loca\u00e7\u00e3o de autom\u00f3veis sem condutor", "code": "77.11-0-00"}, {"text": "Loca\u00e7\u00e3o de outros meios de transporte n\u00e3o especificados anteriormente, sem condutor", "code": "77.19-5-99"}, {"text": "Aluguel de m\u00e1quinas e equipamentos para constru\u00e7\u00e3o sem operador, exceto andaimes", "code": "77.32-2-01"}, {"text": "Aluguel de andaimes", "code": "77.32-2-02"}, {"text": "Aluguel de m\u00e1quinas e equipamentos para escrit\u00f3rios", "code": "77.33-1-00"}, {"text": "Aluguel de palcos, coberturas e outras estruturas de uso tempor\u00e1rio, exceto andaimes", "code": "77.39-0-03"}, {"text": "Limpeza em pr\u00e9dios e em domic\u00edlios", "code": "81.21-4-00"}, {"text": "Atividades de limpeza n\u00e3o especificadas anteriormente", "code": "81.29-0-00"}, {"text": "Atividades paisag\u00edsticas", "code": "81.30-3-00"}, {"text": "Outras atividades de ensino n\u00e3o especificadas anteriormente", "code": "85.99-6-99"}, {"text": "Produ\u00e7\u00e3o e promo\u00e7\u00e3o de eventos esportivos", "code": "93.19-1-01"}, {"text": "Outras atividades de recrea\u00e7\u00e3o e lazer n\u00e3o especificadas anteriormente", "code": "93.29-8-99"}], "qsa": [{"qual": "49-S\u00f3cio-Administrador", "nome": "LUIZ HENRIQUE GASPAR FILHO"}, {"qual": "49-S\u00f3cio-Administrador", "nome": "LEONARDO JOSE RIBEIRO GASPAR"}], "situacao": "ATIVA", "bairro": "VILA MATARUNA", "logradouro": "R OSCAR DE CARVALHO JARDIM", "numero": "182", "cep": "28.860-000", "municipio": "CASIMIRO DE ABREU", "porte": "MICRO EMPRESA", "abertura": "09/04/2015", "natureza_juridica": "206-2 - Sociedade Empres\u00e1ria Limitada", "fantasia": "L L GASPAR", "cnpj": "22.223.078/0001-08", "ultima_atualizacao": "2020-02-08T19:30:48.436Z", "status": "OK", "tipo": "MATRIZ", "efr": "", "motivo_situacao": "", "situacao_especial": "", "data_situacao_especial": "", "capital_social": "250000.00", "extra": {}, "billing": {"free": false, "database": false}}