{"atividade_principal": [{"text": "Atividades de sonoriza\u00e7\u00e3o e de ilumina\u00e7\u00e3o", "code": "90.01-9-06"}], "data_situacao": "24/07/2015", "complemento": "FUNDOSSOBRADO", "nome": "HT DE OLIVEIRA EVENTOS", "uf": "RJ", "telefone": "(22) 9988-1699", "email": "hugotolipan@gmail.com", "atividades_secundarias": [{"text": "Instala\u00e7\u00e3o e manuten\u00e7\u00e3o el\u00e9trica", "code": "43.21-5-00"}, {"text": "Montagem e instala\u00e7\u00e3o de sistemas e equipamentos de ilumina\u00e7\u00e3o e sinaliza\u00e7\u00e3o em vias p\u00fablicas, portos e aeroportos", "code": "43.29-1-04"}, {"text": "Atividades de p\u00f3s-produ\u00e7\u00e3o cinematogr\u00e1fica, de v\u00eddeos e de programas de televis\u00e3o n\u00e3o especificadas anteriormente", "code": "59.12-0-99"}, {"text": "Tratamento de dados, provedores de servi\u00e7os de aplica\u00e7\u00e3o e servi\u00e7os de hospedagem na internet", "code": "63.11-9-00"}, {"text": "Outras atividades de publicidade n\u00e3o especificadas anteriormente", "code": "73.19-0-99"}, {"text": "Atividades de produ\u00e7\u00e3o de fotografias, exceto a\u00e9rea e submarina", "code": "74.20-0-01"}, {"text": "Filmagem de festas e eventos", "code": "74.20-0-04"}, {"text": "Aluguel de m\u00f3veis, utens\u00edlios e aparelhos de uso dom\u00e9stico e pessoal; instrumentos musicais", "code": "77.29-2-02"}, {"text": "Aluguel de palcos, coberturas e outras estruturas de uso tempor\u00e1rio, exceto andaimes", "code": "77.39-0-03"}], "qsa": [], "situacao": "ATIVA", "bairro": "COLINAS R DAS OSTRAS", "logradouro": "R BEM TE VI", "numero": "12", "cep": "28.895-030", "municipio": "RIO DAS OSTRAS", "porte": "MICRO EMPRESA", "abertura": "24/07/2015", "natureza_juridica": "213-5 - Empres\u00e1rio (Individual)", "fantasia": "PICTURES EVENTOS", "cnpj": "22.925.302/0001-03", "ultima_atualizacao": "2020-02-08T19:29:31.542Z", "status": "OK", "tipo": "MATRIZ", "efr": "", "motivo_situacao": "", "situacao_especial": "", "data_situacao_especial": "", "capital_social": "280000.00", "extra": {}, "billing": {"free": false, "database": false}}