{"atividade_principal": [{"text": "Administra\u00e7\u00e3o de caixas escolares", "code": "85.50-3-01"}], "data_situacao": "28/12/2015", "complemento": "LOTE 19 KM 181", "nome": "CONSELHO ESCOLAR DA ESCOLA MUNICIPAL OLGA BENARIO PRESTES", "uf": "RJ", "telefone": "(22) 9742-1339", "atividades_secundarias": [{"text": "Outras atividades de ensino n\u00e3o especificadas anteriormente", "code": "85.99-6-99"}], "qsa": [{"qual": "16-Presidente", "nome": "MARCIO DE SOUSA FIDELIS"}], "situacao": "ATIVA", "bairro": "SAO JOSE DO BARRETO", "logradouro": "ROD AMARAL PEIXOTO", "numero": "SN", "cep": "27.965-250", "municipio": "MACAE", "porte": "DEMAIS", "abertura": "28/12/2015", "natureza_juridica": "399-9 - Associa\u00e7\u00e3o Privada", "fantasia": "CE EMOBP", "cnpj": "23.961.249/0001-69", "ultima_atualizacao": "2020-02-08T03:54:55.688Z", "status": "OK", "tipo": "MATRIZ", "email": "", "efr": "", "motivo_situacao": "", "situacao_especial": "", "data_situacao_especial": "", "capital_social": "0.00", "extra": {}, "billing": {"free": false, "database": true}}