{"data_situacao": "13/05/2019", "motivo_situacao": "EXTINCAO P/ ENC LIQ VOLUNTARIA", "nome": "DIGITAL CERTIFICADO EIRELI", "telefone": "(22) 2141-5566", "situacao": "BAIXADA", "porte": "MICRO EMPRESA", "abertura": "04/02/2016", "natureza_juridica": "230-5 - Empresa Individual de Responsabilidade Limitada (de Natureza Empres\u00e1ria)", "fantasia": "DIGITAL CERTIFICADO", "cnpj": "24.126.259/0001-41", "ultima_atualizacao": "2020-02-08T16:59:31.410Z", "status": "OK", "tipo": "MATRIZ", "logradouro": "", "numero": "", "complemento": "", "cep": "", "bairro": "", "municipio": "", "uf": "", "email": "", "efr": "", "situacao_especial": "", "data_situacao_especial": "", "atividade_principal": [{"code": "00.00-0-00", "text": "********"}], "atividades_secundarias": [{"code": "00.00-0-00", "text": "N\u00e3o informada"}], "capital_social": "0.00", "qsa": [], "extra": {}, "billing": {"free": false, "database": true}}