{"atividade_principal": [{"text": "Com\u00e9rcio atacadista de medicamentos e drogas de uso humano", "code": "46.44-3-01"}], "data_situacao": "13/05/2016", "complemento": "GALPAO", "nome": "ESSENCIAL RIO DISTRIBUIDORA DE PRODUTOS MEDICOS E HOSPITALARES EIRELI", "uf": "RJ", "telefone": "(21) 2222-2222", "atividades_secundarias": [{"text": "Com\u00e9rcio atacadista de aparelhos eletr\u00f4nicos de uso pessoal e dom\u00e9stico", "code": "46.49-4-02"}, {"text": "Com\u00e9rcio atacadista de artigos de escrit\u00f3rio e de papelaria", "code": "46.47-8-01"}, {"text": "Com\u00e9rcio atacadista de cosm\u00e9ticos e produtos de perfumaria", "code": "46.46-0-01"}, {"text": "Com\u00e9rcio atacadista de instrumentos e materiais para uso m\u00e9dico, cir\u00fargico, hospitalar e de laborat\u00f3rios", "code": "46.45-1-01"}, {"text": "Com\u00e9rcio atacadista de m\u00e1quinas, aparelhos e equipamentos para uso odonto-m\u00e9dico-hospitalar; partes e pe\u00e7as", "code": "46.64-8-00"}, {"text": "Com\u00e9rcio atacadista de m\u00f3veis e artigos de colchoaria", "code": "46.49-4-04"}, {"text": "Com\u00e9rcio atacadista de outros equipamentos e artigos de uso pessoal e dom\u00e9stico n\u00e3o especificados anteriormente", "code": "46.49-4-99"}, {"text": "Com\u00e9rcio atacadista de produtos de higiene pessoal", "code": "46.46-0-02"}, {"text": "Com\u00e9rcio atacadista de produtos de higiene, limpeza e conserva\u00e7\u00e3o domiciliar", "code": "46.49-4-08"}, {"text": "Com\u00e9rcio atacadista de pr\u00f3teses e artigos de ortopedia", "code": "46.45-1-02"}, {"text": "Com\u00e9rcio atacadista de roupas e acess\u00f3rios para uso profissional e de seguran\u00e7a do trabalho", "code": "46.42-7-02"}, {"text": "Com\u00e9rcio atacadista de suprimentos para inform\u00e1tica", "code": "46.51-6-02"}, {"text": "Com\u00e9rcio atacadista especializado em outros produtos aliment\u00edcios n\u00e3o especificados anteriormente", "code": "46.37-1-99"}], "qsa": [{"qual": "65-Titular Pessoa F\u00edsica Residente ou Domiciliado no Brasil", "nome": "ANDERSON FILIPE DE LIMA"}], "situacao": "ATIVA", "bairro": "NOVA PIAM", "logradouro": "R CASTRO ALVES", "numero": "95", "cep": "26.165-140", "municipio": "BELFORD ROXO", "porte": "MICRO EMPRESA", "abertura": "13/05/2016", "natureza_juridica": "230-5 - Empresa Individual de Responsabilidade Limitada (de Natureza Empres\u00e1ria)", "cnpj": "24.875.483/0001-36", "ultima_atualizacao": "2020-02-08T18:46:27.240Z", "status": "OK", "tipo": "MATRIZ", "fantasia": "", "email": "", "efr": "", "motivo_situacao": "", "situacao_especial": "", "data_situacao_especial": "", "capital_social": "1000000.00", "extra": {}, "billing": {"free": false, "database": false}}