{"atividade_principal": [{"text": "Limpeza em pr\u00e9dios e em domic\u00edlios", "code": "81.21-4-00"}], "data_situacao": "07/06/2016", "nome": "PABLO GUIMARAES DA CONCEICAO EIRELI", "uf": "RJ", "telefone": "(22) 3081-2421/ (22) 9727-6969", "email": "pablo.subsea@gmail.com", "atividades_secundarias": [{"text": "Instala\u00e7\u00e3o de m\u00e1quinas e equipamentos industriais", "code": "33.21-0-00"}, {"text": "Instala\u00e7\u00e3o e manuten\u00e7\u00e3o el\u00e9trica", "code": "43.21-5-00"}, {"text": "Instala\u00e7\u00f5es hidr\u00e1ulicas, sanit\u00e1rias e de g\u00e1s", "code": "43.22-3-01"}, {"text": "Servi\u00e7os de engenharia", "code": "71.12-0-00"}, {"text": "Atividades paisag\u00edsticas", "code": "81.30-3-00"}, {"text": "Treinamento em desenvolvimento profissional e gerencial", "code": "85.99-6-04"}, {"text": "Lavanderias", "code": "96.01-7-01"}], "qsa": [{"qual": "65-Titular Pessoa F\u00edsica Residente ou Domiciliado no Brasil", "nome": "PABLO GUIMARAES DA CONCEICAO"}], "situacao": "ATIVA", "bairro": "SOL E MAR", "logradouro": "R AGATA", "numero": "80", "cep": "27.940-200", "municipio": "MACAE", "porte": "MICRO EMPRESA", "abertura": "07/06/2016", "natureza_juridica": "230-5 - Empresa Individual de Responsabilidade Limitada (de Natureza Empres\u00e1ria)", "fantasia": "PREDICLEAN CONSERVACAO, LIMPEZA E MANUTENCAO PREDIAL", "cnpj": "24.948.906/0001-09", "ultima_atualizacao": "2020-02-08T19:33:44.437Z", "status": "OK", "tipo": "MATRIZ", "complemento": "", "efr": "", "motivo_situacao": "", "situacao_especial": "", "data_situacao_especial": "", "capital_social": "96000.00", "extra": {}, "billing": {"free": false, "database": false}}