{"atividade_principal": [{"text": "Administra\u00e7\u00e3o de caixas escolares", "code": "85.50-3-01"}], "data_situacao": "04/11/2016", "nome": "CONSELHO ESCOLAR DA ESCOLA MUNICIPAL DE EDUCACAO INFANTIL MARLENE DINIZ CALDAS", "uf": "RJ", "telefone": "(22) 3084-5532", "atividades_secundarias": [{"text": "Outras atividades de ensino n\u00e3o especificadas anteriormente", "code": "85.99-6-99"}], "qsa": [{"qual": "16-Presidente", "nome": "RAQUEL FAZOLI CAMOLEZI"}], "situacao": "ATIVA", "bairro": "PIRACEMA", "logradouro": "R PRINCIPAL", "numero": "S/N", "cep": "27.990-000", "municipio": "MACAE", "porte": "DEMAIS", "abertura": "04/11/2016", "natureza_juridica": "399-9 - Associa\u00e7\u00e3o Privada", "fantasia": "CE EMEIMDC", "cnpj": "26.580.099/0001-31", "ultima_atualizacao": "2020-02-08T17:26:57.374Z", "status": "OK", "tipo": "MATRIZ", "complemento": "", "email": "", "efr": "", "motivo_situacao": "", "situacao_especial": "", "data_situacao_especial": "", "capital_social": "0.00", "extra": {}, "billing": {"free": false, "database": true}}