{"atividade_principal": [{"text": "Com\u00e9rcio varejista de m\u00f3veis", "code": "47.54-7-01"}], "data_situacao": "21/11/2016", "complemento": "QUADRAA LOJA 15", "nome": "8 AM OFFICE COMERCIO & SERVICOS DE MOVEIS DE ESCRITORIO EIRELI", "uf": "RJ", "telefone": "(22) 2665-6638", "atividades_secundarias": [{"text": "Manuten\u00e7\u00e3o e repara\u00e7\u00e3o de equipamentos e produtos n\u00e3o especificados anteriormente", "code": "33.19-8-00"}, {"text": "Servi\u00e7os de montagem de m\u00f3veis de qualquer material", "code": "33.29-5-01"}, {"text": "Com\u00e9rcio atacadista de m\u00f3veis e artigos de colchoaria", "code": "46.49-4-04"}, {"text": "Com\u00e9rcio atacadista de outros equipamentos e artigos de uso pessoal e dom\u00e9stico n\u00e3o especificados anteriormente", "code": "46.49-4-99"}, {"text": "Com\u00e9rcio varejista especializado de eletrodom\u00e9sticos e equipamentos de \u00e1udio e v\u00eddeo", "code": "47.53-9-00"}, {"text": "Com\u00e9rcio varejista de tecidos", "code": "47.55-5-01"}, {"text": "Com\u00e9rcio varejista de artigos de tape\u00e7aria, cortinas e persianas", "code": "47.59-8-01"}, {"text": "Com\u00e9rcio varejista de outros produtos n\u00e3o especificados anteriormente", "code": "47.89-0-99"}, {"text": "Atividades de teleatendimento", "code": "82.20-2-00"}, {"text": "Repara\u00e7\u00e3o de artigos do mobili\u00e1rio", "code": "95.29-1-05"}], "qsa": [{"qual": "65-Titular Pessoa F\u00edsica Residente ou Domiciliado no Brasil", "nome": "LUCIANO TADEU CRUZ"}], "situacao": "ATIVA", "bairro": "BANANEIRAS", "logradouro": "R DOIS", "numero": "15", "cep": "28.970-000", "municipio": "ARARUAMA", "porte": "MICRO EMPRESA", "abertura": "21/11/2016", "natureza_juridica": "230-5 - Empresa Individual de Responsabilidade Limitada (de Natureza Empres\u00e1ria)", "fantasia": "SOLUTTI OFFICE", "cnpj": "26.592.256/0001-29", "ultima_atualizacao": "2020-02-08T19:12:51.552Z", "status": "OK", "tipo": "MATRIZ", "email": "", "efr": "", "motivo_situacao": "", "situacao_especial": "", "data_situacao_especial": "", "capital_social": "100000.00", "extra": {}, "billing": {"free": false, "database": false}}