{"atividade_principal": [{"text": "Administra\u00e7\u00e3o de caixas escolares", "code": "85.50-3-01"}], "data_situacao": "21/11/2016", "nome": "CONSELHO ESCOLAR DA ESCOLA MUNICIPAL DE EDUCACAO INFANTIL ANDRE VINICIUS DE SOUZA GONCALVES", "uf": "RJ", "telefone": "(22) 9911-6232", "atividades_secundarias": [{"text": "Outras atividades de ensino n\u00e3o especificadas anteriormente", "code": "85.99-6-99"}], "qsa": [{"qual": "16-Presidente", "nome": "CLAUDIA HELENA AZEREDO CRUZ"}], "situacao": "ATIVA", "bairro": "SAO MARCOS", "logradouro": "R CARIME MUSSI BARCELOS", "numero": "SN", "cep": "27.930-650", "municipio": "MACAE", "porte": "DEMAIS", "abertura": "21/11/2016", "natureza_juridica": "399-9 - Associa\u00e7\u00e3o Privada", "fantasia": "CE EMEIAVSG", "cnpj": "26.733.647/0001-16", "ultima_atualizacao": "2020-02-08T19:04:23.111Z", "status": "OK", "tipo": "MATRIZ", "complemento": "", "email": "", "efr": "", "motivo_situacao": "", "situacao_especial": "", "data_situacao_especial": "", "capital_social": "0.00", "extra": {}, "billing": {"free": false, "database": false}}