{"atividade_principal": [{"text": "Com\u00e9rcio varejista de outros produtos n\u00e3o especificados anteriormente", "code": "47.89-0-99"}], "data_situacao": "30/12/2016", "complemento": "A", "nome": "ESSENCIAL LABOR IMPORTACAO E EXPORTACAO DE PRODUTOS PARA LABORATORIO LTDA", "uf": "SP", "telefone": "(11) 2886-9288", "email": "financeiro@essenciallabor.com.br", "qsa": [{"qual": "49-S\u00f3cio-Administrador", "nome": "MIRIAM ALVES PATERLINI"}, {"qual": "49-S\u00f3cio-Administrador", "nome": "POLIANA GARCIA SANCHES AMORIM"}], "situacao": "ATIVA", "bairro": "JARDIM VILA FORMOSA", "logradouro": "R AREALVA", "numero": "104", "cep": "03.460-060", "municipio": "SAO PAULO", "porte": "MICRO EMPRESA", "abertura": "30/12/2016", "natureza_juridica": "206-2 - Sociedade Empres\u00e1ria Limitada", "fantasia": "ESSENCIAL", "cnpj": "26.777.546/0001-47", "ultima_atualizacao": "2020-02-08T17:33:24.795Z", "status": "OK", "tipo": "MATRIZ", "efr": "", "motivo_situacao": "", "situacao_especial": "", "data_situacao_especial": "", "atividades_secundarias": [{"code": "00.00-0-00", "text": "N\u00e3o informada"}], "capital_social": "15000.00", "extra": {}, "billing": {"free": false, "database": true}}