{"atividade_principal": [{"text": "Com\u00e9rcio atacadista de medicamentos e drogas de uso humano", "code": "46.44-3-01"}], "data_situacao": "24/09/2005", "complemento": "QUADRAO LOTE 02-05/07-11", "nome": "HOSPFAR INDUSTRIA E COMERCIO DE PRODUTOS HOSPITALARES S.A.", "uf": "GO", "telefone": "(62) 3269-3500", "email": "hospfar@hospfar.com.br", "atividades_secundarias": [{"text": "Com\u00e9rcio atacadista especializado em outros produtos aliment\u00edcios n\u00e3o especificados anteriormente", "code": "46.37-1-99"}, {"text": "Com\u00e9rcio atacadista de instrumentos e materiais para uso m\u00e9dico, cir\u00fargico, hospitalar e de laborat\u00f3rios", "code": "46.45-1-01"}, {"text": "Com\u00e9rcio atacadista de pr\u00f3teses e artigos de ortopedia", "code": "46.45-1-02"}, {"text": "Com\u00e9rcio atacadista de produtos odontol\u00f3gicos", "code": "46.45-1-03"}, {"text": "Com\u00e9rcio atacadista de cosm\u00e9ticos e produtos de perfumaria", "code": "46.46-0-01"}, {"text": "Com\u00e9rcio atacadista de produtos de higiene pessoal", "code": "46.46-0-02"}, {"text": "Com\u00e9rcio atacadista de m\u00e1quinas, aparelhos e equipamentos para uso agropecu\u00e1rio; partes e pe\u00e7as", "code": "46.61-3-00"}, {"text": "Com\u00e9rcio atacadista de m\u00e1quinas, aparelhos e equipamentos para uso odonto-m\u00e9dico-hospitalar; partes e pe\u00e7as", "code": "46.64-8-00"}, {"text": "Com\u00e9rcio varejista de produtos farmac\u00eauticos, sem manipula\u00e7\u00e3o de f\u00f3rmulas", "code": "47.71-7-01"}, {"text": "Com\u00e9rcio varejista de cosm\u00e9ticos, produtos de perfumaria e de higiene pessoal", "code": "47.72-5-00"}, {"text": "Com\u00e9rcio varejista de artigos m\u00e9dicos e ortop\u00e9dicos", "code": "47.73-3-00"}, {"text": "Com\u00e9rcio varejista de produtos saneantes domissanit\u00e1rios", "code": "47.89-0-05"}, {"text": "Transporte rodovi\u00e1rio de carga, exceto produtos perigosos e mudan\u00e7as, municipal.", "code": "49.30-2-01"}, {"text": "Transporte rodovi\u00e1rio de carga, exceto produtos perigosos e mudan\u00e7as, intermunicipal, interestadual e internacional", "code": "49.30-2-02"}, {"text": "Organiza\u00e7\u00e3o log\u00edstica do transporte de carga", "code": "52.50-8-04"}, {"text": "Outras sociedades de participa\u00e7\u00e3o, exceto holdings", "code": "64.63-8-00"}, {"text": "Aluguel de im\u00f3veis pr\u00f3prios", "code": "68.10-2-02"}], "qsa": [{"qual": "10-Diretor", "nome": "MARCELO REIS PERILLO"}, {"qual": "10-Diretor", "nome": "BRANDAO DE SOUSA REZENDE"}, {"qual": "10-Diretor", "nome": "MOISES ALVES DE OLIVEIRA NETO"}], "situacao": "ATIVA", "bairro": "SETOR MORAIS", "logradouro": "R 03", "numero": "975", "cep": "74.620-385", "municipio": "GOIANIA", "porte": "DEMAIS", "abertura": "18/02/1991", "natureza_juridica": "205-4 - Sociedade An\u00f4nima Fechada", "fantasia": "HOSPFAR INDUSTRIA E COMERCIO", "cnpj": "26.921.908/0001-21", "ultima_atualizacao": "2020-02-07T23:39:07.522Z", "status": "OK", "tipo": "MATRIZ", "efr": "", "motivo_situacao": "", "situacao_especial": "", "data_situacao_especial": "", "capital_social": "69000000.00", "extra": {}, "billing": {"free": false, "database": true}}