{"atividade_principal": [{"text": "Impress\u00e3o de livros, revistas e outras publica\u00e7\u00f5es peri\u00f3dicas", "code": "18.11-3-02"}], "data_situacao": "23/10/2004", "nome": "CELEM & CIA LTDA", "uf": "RJ", "atividades_secundarias": [{"text": "Impress\u00e3o de jornais", "code": "18.11-3-01"}, {"text": "Servi\u00e7os de encaderna\u00e7\u00e3o e plastifica\u00e7\u00e3o", "code": "18.22-9-01"}, {"text": "Servi\u00e7os de acabamentos gr\u00e1ficos, exceto encaderna\u00e7\u00e3o e plastifica\u00e7\u00e3o", "code": "18.22-9-99"}, {"text": "Com\u00e9rcio varejista de artigos de papelaria", "code": "47.61-0-03"}], "qsa": [{"qual": "22-S\u00f3cio", "nome": "CALIL DE MIRANDA CELEM"}, {"qual": "22-S\u00f3cio", "nome": "VANDER PIRES CELEM"}, {"qual": "49-S\u00f3cio-Administrador", "nome": "VAGNER PIRES CELEM"}, {"qual": "22-S\u00f3cio", "nome": "LUCIMAR PIRES CELEM"}], "situacao": "ATIVA", "bairro": "CENTRO", "logradouro": "R TENENTE CORONEL AMADO", "numero": "283", "cep": "27.910-070", "municipio": "MACAE", "porte": "MICRO EMPRESA", "abertura": "17/02/1981", "natureza_juridica": "206-2 - Sociedade Empres\u00e1ria Limitada", "cnpj": "27.133.396/0001-00", "ultima_atualizacao": "2020-02-07T22:26:45.808Z", "status": "OK", "tipo": "MATRIZ", "fantasia": "", "complemento": "", "email": "", "telefone": "", "efr": "", "motivo_situacao": "", "situacao_especial": "", "data_situacao_especial": "", "capital_social": "10000.00", "extra": {}, "billing": {"free": false, "database": true}}