{"atividade_principal": [{"text": "Outras atividades de aten\u00e7\u00e3o \u00e0 sa\u00fade humana n\u00e3o especificadas anteriormente", "code": "86.90-9-99"}], "data_situacao": "03/11/2005", "nome": "BIOXXI SERVICOS DE ESTERILIZACAO LTDA", "uf": "RJ", "qsa": [{"qual": "49-S\u00f3cio-Administrador", "nome": "DIEGO GUIMARAES DA SILVA PINTO"}, {"qual": "22-S\u00f3cio", "qual_rep_legal": "05-Administrador", "nome_rep_legal": "ROBERTO ANTONIO RAPOSO D ASSUNCAO", "nome": "SEWECK 4 ADMINISTRACAO DE BENS PROPRIOS E PARTICIPACOES S.A."}], "situacao": "ATIVA", "bairro": "SAO CRISTOVAO", "logradouro": "R CHANTECLER", "numero": "26", "cep": "20.910-200", "municipio": "RIO DE JANEIRO", "porte": "DEMAIS", "abertura": "01/12/1981", "natureza_juridica": "206-2 - Sociedade Empres\u00e1ria Limitada", "fantasia": "BIOXXI", "cnpj": "27.721.364/0001-17", "ultima_atualizacao": "2020-02-08T01:04:05.507Z", "status": "OK", "tipo": "MATRIZ", "complemento": "", "email": "", "telefone": "", "efr": "", "motivo_situacao": "", "situacao_especial": "", "data_situacao_especial": "", "atividades_secundarias": [{"code": "00.00-0-00", "text": "N\u00e3o informada"}], "capital_social": "3964800.00", "extra": {}, "billing": {"free": false, "database": true}}