{"atividade_principal": [{"text": "Edi\u00e7\u00e3o integrada \u00e0 impress\u00e3o de cadastros, listas e de outros produtos gr\u00e1ficos", "code": "58.29-8-00"}], "data_situacao": "20/02/2004", "nome": "DIGRAPEL DISTRIBUIDORA DE PAPEL E GRAFICA LTDA", "uf": "ES", "telefone": "(28) 3522-8518", "email": "ritacassiandrade@hotmail.com", "atividades_secundarias": [{"text": "Confec\u00e7\u00e3o, sob medida, de pe\u00e7as do vestu\u00e1rio, exceto roupas \u00edntimas", "code": "14.12-6-02"}, {"text": "Confec\u00e7\u00e3o, sob medida, de roupas profissionais", "code": "14.13-4-02"}, {"text": "Fabrica\u00e7\u00e3o de formul\u00e1rios cont\u00ednuos", "code": "17.41-9-01"}, {"text": "Fabrica\u00e7\u00e3o de produtos de papel, cartolina, papel cart\u00e3o e papel\u00e3o ondulado para uso comercial e de escrit\u00f3rio, exceto formul\u00e1rio cont\u00ednuo", "code": "17.41-9-02"}, {"text": "Impress\u00e3o de material de seguran\u00e7a", "code": "18.12-1-00"}, {"text": "Impress\u00e3o de material para uso publicit\u00e1rio", "code": "18.13-0-01"}, {"text": "Impress\u00e3o de material para outros usos", "code": "18.13-0-99"}, {"text": "Outros representantes comerciais e agentes do com\u00e9rcio especializado em produtos n\u00e3o especificados anteriormente", "code": "46.18-4-99"}, {"text": "Com\u00e9rcio varejista especializado de equipamentos e suprimentos de inform\u00e1tica", "code": "47.51-2-01"}, {"text": "Comercio varejista de artigos de armarinho", "code": "47.55-5-02"}, {"text": "Com\u00e9rcio varejista de livros", "code": "47.61-0-01"}, {"text": "Com\u00e9rcio varejista de artigos de papelaria", "code": "47.61-0-03"}, {"text": "Edi\u00e7\u00e3o integrada \u00e0 impress\u00e3o de livros", "code": "58.21-2-00"}, {"text": "Edi\u00e7\u00e3o integrada \u00e0 impress\u00e3o de jornais di\u00e1rios", "code": "58.22-1-01"}, {"text": "Edi\u00e7\u00e3o integrada \u00e0 impress\u00e3o de revistas", "code": "58.23-9-00"}, {"text": "Outras atividades de servi\u00e7os prestados principalmente \u00e0s empresas n\u00e3o especificadas anteriormente", "code": "82.99-7-99"}], "qsa": [{"qual": "49-S\u00f3cio-Administrador", "nome": "RAPHAEL MARINHO MOREIRA"}, {"qual": "49-S\u00f3cio-Administrador", "nome": "TEREZA CRISTINA MARINHO MOREIRA"}], "situacao": "ATIVA", "bairro": "CORAMARA", "logradouro": "R CORINA CAIADO FRANCA", "numero": "20A22", "cep": "29.313-350", "municipio": "CACHOEIRO DE ITAPEMIRIM", "porte": "EMPRESA DE PEQUENO PORTE", "abertura": "01/12/1982", "natureza_juridica": "206-2 - Sociedade Empres\u00e1ria Limitada", "cnpj": "27.740.877/0001-75", "ultima_atualizacao": "2020-02-08T00:39:02.496Z", "status": "OK", "tipo": "MATRIZ", "fantasia": "", "complemento": "", "efr": "", "motivo_situacao": "", "situacao_especial": "", "data_situacao_especial": "", "capital_social": "800000.00", "extra": {}, "billing": {"free": false, "database": true}}