{"atividade_principal": [{"text": "Atividades de atendimento hospitalar, exceto pronto-socorro e unidades para atendimento a urg\u00eancias", "code": "86.10-1-01"}], "data_situacao": "28/07/1998", "complemento": "SALA 201 203 205 206 SALA 303 E 417", "nome": "INSTITUTO BRASILEIRO DE ASSISTENCIA E PESQUISA", "uf": "RJ", "telefone": "(21) 8219-9898/ (21) 2717-1001", "email": "lcspegado@globo.com", "atividades_secundarias": [{"text": "Atividade m\u00e9dica ambulatorial com recursos para realiza\u00e7\u00e3o de procedimentos cir\u00fargicos", "code": "86.30-5-01"}, {"text": "Atividade m\u00e9dica ambulatorial com recursos para realiza\u00e7\u00e3o de exames complementares", "code": "86.30-5-02"}, {"text": "Servi\u00e7os de diagn\u00f3stico por imagem sem uso de radia\u00e7\u00e3o ionizante, exceto resson\u00e2ncia magn\u00e9tica", "code": "86.40-2-07"}, {"text": "Atividade m\u00e9dica ambulatorial restrita a consultas", "code": "86.30-5-03"}, {"text": "Servi\u00e7os de assist\u00eancia social sem alojamento", "code": "88.00-6-00"}, {"text": "Atividades de apoio \u00e0 educa\u00e7\u00e3o, exceto caixas escolares", "code": "85.50-3-02"}], "qsa": [{"qual": "16-Presidente", "nome": "LUIZ CARLOS DA SILVA PEGADO"}], "situacao": "ATIVA", "bairro": "CENTRO", "logradouro": "AV ERNANI DO AMARAL PEIXOTO", "numero": "36", "cep": "24.020-074", "municipio": "NITEROI", "porte": "DEMAIS", "abertura": "14/09/1983", "natureza_juridica": "399-9 - Associa\u00e7\u00e3o Privada", "fantasia": "IBAP OFTALMOLOGIA", "cnpj": "27.774.561/0001-02", "ultima_atualizacao": "2020-02-07T23:54:07.612Z", "status": "OK", "tipo": "MATRIZ", "efr": "", "motivo_situacao": "", "situacao_especial": "", "data_situacao_especial": "", "capital_social": "0.00", "extra": {}, "billing": {"free": false, "database": true}}