{"atividade_principal": [{"text": "Extra\u00e7\u00e3o de granito e beneficiamento associado", "code": "08.10-0-02"}], "data_situacao": "03/11/2005", "nome": "INDUSTRIA E COMERCIO DE PEDRAS JUNDIA LTDA", "uf": "RJ", "atividades_secundarias": [{"text": "Atividades de apoio \u00e0 extra\u00e7\u00e3o de minerais n\u00e3o-met\u00e1licos", "code": "09.90-4-03"}], "qsa": [{"qual": "22-S\u00f3cio", "nome": "FELIPE BARCELOS OTTONI GUEDES"}, {"qual": "49-S\u00f3cio-Administrador", "nome": "MARCO ANTONIO BARCELLOS"}, {"qual": "22-S\u00f3cio", "qual_rep_legal": "05-Administrador", "nome_rep_legal": "MARCO ANTONIO BARCELLOS", "nome": "DTB NEGOCIOS E PARTICIPACOES LTDA"}, {"qual": "22-S\u00f3cio", "qual_rep_legal": "05-Administrador", "nome_rep_legal": "FELIPE BARCELOS OTTONI GUEDES", "nome": "FGM NEGOCIOS E PARTICIPACOES LTDA"}], "situacao": "ATIVA", "bairro": "IMBOASSICA", "logradouro": "EST IMBOASSICA", "numero": "SN", "cep": "27.937-300", "municipio": "MACAE", "porte": "DEMAIS", "abertura": "17/06/1982", "natureza_juridica": "206-2 - Sociedade Empres\u00e1ria Limitada", "fantasia": "JUNDIA MINERACAO", "cnpj": "27.934.777/0001-80", "ultima_atualizacao": "2020-02-08T00:18:47.348Z", "status": "OK", "tipo": "MATRIZ", "complemento": "", "email": "", "telefone": "", "efr": "", "motivo_situacao": "", "situacao_especial": "", "data_situacao_especial": "", "capital_social": "3000000.00", "extra": {}, "billing": {"free": false, "database": true}}