{"atividade_principal": [{"text": "Servi\u00e7os de manuten\u00e7\u00e3o e repara\u00e7\u00e3o mec\u00e2nica de ve\u00edculos automotores", "code": "45.20-0-01"}], "data_situacao": "09/06/2017", "complemento": "FRENTE", "nome": "AUTO CENTER LOBO DOIS IRMAOS LTDA", "uf": "RJ", "telefone": "(22) 9607-9081", "email": "cl.oceansv@gmail.com", "qsa": [{"qual": "49-S\u00f3cio-Administrador", "nome": "CLEITON CREZONTE CORREA"}, {"qual": "49-S\u00f3cio-Administrador", "nome": "CLAUCIO CREZONTE CORREA"}], "situacao": "ATIVA", "bairro": "CENTRO", "logradouro": "R CONDE DE ARARUAMA", "numero": "531", "cep": "27.910-640", "municipio": "MACAE", "porte": "MICRO EMPRESA", "abertura": "09/06/2017", "natureza_juridica": "206-2 - Sociedade Empres\u00e1ria Limitada", "fantasia": "AUTO CENTER DOIS IRMAOS", "cnpj": "27.933.091/0001-74", "ultima_atualizacao": "2020-02-08T18:53:35.162Z", "status": "OK", "tipo": "MATRIZ", "efr": "", "motivo_situacao": "", "situacao_especial": "", "data_situacao_especial": "", "atividades_secundarias": [{"code": "00.00-0-00", "text": "N\u00e3o informada"}], "capital_social": "50000.00", "extra": {}, "billing": {"free": false, "database": false}}