{"atividade_principal": [{"text": "Com\u00e9rcio atacadista de medicamentos e drogas de uso humano", "code": "46.44-3-01"}], "data_situacao": "09/06/2017", "complemento": "SALA 201", "nome": "FACIL PRODUTOS HOSPITALARES EIRELI", "uf": "RJ", "telefone": "(21) 3117-6433", "atividades_secundarias": [{"text": "Com\u00e9rcio atacadista de roupas e acess\u00f3rios para uso profissional e de seguran\u00e7a do trabalho", "code": "46.42-7-02"}, {"text": "Com\u00e9rcio atacadista de medicamentos e drogas de uso veterin\u00e1rio", "code": "46.44-3-02"}, {"text": "Com\u00e9rcio atacadista de instrumentos e materiais para uso m\u00e9dico, cir\u00fargico, hospitalar e de laborat\u00f3rios", "code": "46.45-1-01"}, {"text": "Com\u00e9rcio atacadista de artigos de escrit\u00f3rio e de papelaria", "code": "46.47-8-01"}, {"text": "Com\u00e9rcio atacadista de produtos de higiene, limpeza e conserva\u00e7\u00e3o domiciliar", "code": "46.49-4-08"}, {"text": "Com\u00e9rcio atacadista de equipamentos de inform\u00e1tica", "code": "46.51-6-01"}, {"text": "Com\u00e9rcio atacadista de suprimentos para inform\u00e1tica", "code": "46.51-6-02"}, {"text": "Com\u00e9rcio atacadista de m\u00e1quinas, aparelhos e equipamentos para uso odonto-m\u00e9dico-hospitalar; partes e pe\u00e7as", "code": "46.64-8-00"}, {"text": "Com\u00e9rcio atacadista de mercadorias em geral, sem predomin\u00e2ncia de alimentos ou de insumos agropecu\u00e1rios", "code": "46.93-1-00"}], "qsa": [{"qual": "65-Titular Pessoa F\u00edsica Residente ou Domiciliado no Brasil", "nome": "ANA CECILIA DE ASSIS TORRENTES"}], "situacao": "ATIVA", "bairro": "SANTA AMELIA", "logradouro": "AV JOAQUIM DA COSTA LIMA", "numero": "203", "cep": "26.115-315", "municipio": "BELFORD ROXO", "porte": "MICRO EMPRESA", "abertura": "09/06/2017", "natureza_juridica": "230-5 - Empresa Individual de Responsabilidade Limitada (de Natureza Empres\u00e1ria)", "cnpj": "27.943.693/0001-02", "ultima_atualizacao": "2020-02-08T17:33:17.723Z", "status": "OK", "tipo": "MATRIZ", "fantasia": "", "email": "", "efr": "", "motivo_situacao": "", "situacao_especial": "", "data_situacao_especial": "", "capital_social": "400000.00", "extra": {}, "billing": {"free": false, "database": true}}