{"atividade_principal": [{"text": "Com\u00e9rcio varejista de materiais de constru\u00e7\u00e3o n\u00e3o especificados anteriormente", "code": "47.44-0-05"}], "data_situacao": "06/07/2017", "complemento": "CONJ 123", "nome": "KHALEESI DISTRIBUIDORA DE MATERIAIS DE FERRO FUNDIDO EIRELI", "uf": "SP", "telefone": "(11) 9658-1822", "email": "licitacao@khaleesi.com.br", "atividades_secundarias": [{"text": "Transporte rodovi\u00e1rio de carga, exceto produtos perigosos e mudan\u00e7as, municipal.", "code": "49.30-2-01"}, {"text": "Transporte rodovi\u00e1rio de carga, exceto produtos perigosos e mudan\u00e7as, intermunicipal, interestadual e internacional", "code": "49.30-2-02"}, {"text": "Loca\u00e7\u00e3o de autom\u00f3veis sem condutor", "code": "77.11-0-00"}], "qsa": [{"qual": "65-Titular Pessoa F\u00edsica Residente ou Domiciliado no Brasil", "nome": "LORENA MORE"}], "situacao": "ATIVA", "bairro": "VILA LEOPOLDINA", "logradouro": "R TRIPOLI", "numero": "92", "cep": "05.303-020", "municipio": "SAO PAULO", "porte": "DEMAIS", "abertura": "06/07/2017", "natureza_juridica": "230-5 - Empresa Individual de Responsabilidade Limitada (de Natureza Empres\u00e1ria)", "cnpj": "28.124.373/0001-93", "ultima_atualizacao": "2020-02-08T18:36:30.618Z", "status": "OK", "tipo": "MATRIZ", "fantasia": "", "efr": "", "motivo_situacao": "", "situacao_especial": "", "data_situacao_especial": "", "capital_social": "101000.00", "extra": {}, "billing": {"free": false, "database": false}}