{"atividade_principal": [{"text": "Defesa Civil", "code": "84.25-6-00"}], "data_situacao": "03/11/2005", "nome": "SECRETARIA DE ESTADO DE DEFESA CIVIL", "uf": "RJ", "situacao": "ATIVA", "bairro": "CENTRO", "logradouro": "PC REPUBLICA", "numero": "45", "cep": "20.211-350", "municipio": "RIO DE JANEIRO", "porte": "DEMAIS", "abertura": "29/02/1984", "natureza_juridica": "102-3 - \u00d3rg\u00e3o P\u00fablico do Poder Executivo Estadual ou do Distrito Federal", "fantasia": "CORPO DE BOMBEIROS MILITAR DO ESTADO DO RIO DE JANEIRO", "cnpj": "28.176.998/0004-41", "ultima_atualizacao": "2020-02-08T01:10:37.625Z", "status": "OK", "tipo": "FILIAL", "complemento": "", "email": "", "telefone": "", "efr": "", "motivo_situacao": "", "situacao_especial": "", "data_situacao_especial": "", "atividades_secundarias": [{"code": "00.00-0-00", "text": "N\u00e3o informada"}], "capital_social": "0.00", "qsa": [], "extra": {}, "billing": {"free": false, "database": true}}