{"atividade_principal": [{"text": "Com\u00e9rcio varejista de material el\u00e9trico", "code": "47.42-3-00"}], "data_situacao": "21/08/2017", "nome": "CASA RAMOS COMERCIO LTDA", "uf": "RJ", "telefone": "(22) 2762-0964/ (22) 9601-8246", "email": "financeiro@ramosoffshore.com", "atividades_secundarias": [{"text": "Com\u00e9rcio varejista de lubrificantes", "code": "47.32-6-00"}, {"text": "Com\u00e9rcio varejista de tintas e materiais para pintura", "code": "47.41-5-00"}, {"text": "Com\u00e9rcio varejista de ferragens e ferramentas", "code": "47.44-0-01"}, {"text": "Com\u00e9rcio varejista de materiais hidr\u00e1ulicos", "code": "47.44-0-03"}, {"text": "Com\u00e9rcio varejista de materiais de constru\u00e7\u00e3o em geral", "code": "47.44-0-99"}, {"text": "Com\u00e9rcio varejista especializado de equipamentos e suprimentos de inform\u00e1tica", "code": "47.51-2-01"}, {"text": "Com\u00e9rcio varejista especializado de eletrodom\u00e9sticos e equipamentos de \u00e1udio e v\u00eddeo", "code": "47.53-9-00"}, {"text": "Com\u00e9rcio varejista de artigos de ilumina\u00e7\u00e3o", "code": "47.54-7-03"}, {"text": "Com\u00e9rcio varejista de artigos de papelaria", "code": "47.61-0-03"}], "qsa": [{"qual": "49-S\u00f3cio-Administrador", "nome": "MARIANA RAMOS BARRETO"}, {"qual": "22-S\u00f3cio", "nome": "GEOVANA RAMOS BARRETO"}, {"qual": "22-S\u00f3cio", "nome": "NATHALIE RAMOS MAYERHOFER"}], "situacao": "ATIVA", "bairro": "CENTRO", "logradouro": "R ALFREDO BACKER", "numero": "177", "cep": "27.910-190", "municipio": "MACAE", "porte": "MICRO EMPRESA", "abertura": "21/08/2017", "natureza_juridica": "206-2 - Sociedade Empres\u00e1ria Limitada", "fantasia": "RAMOS OFFSHORE", "cnpj": "28.463.114/0001-97", "ultima_atualizacao": "2020-02-08T18:51:42.721Z", "status": "OK", "tipo": "MATRIZ", "complemento": "", "efr": "", "motivo_situacao": "", "situacao_especial": "", "data_situacao_especial": "", "capital_social": "75000.00", "extra": {}, "billing": {"free": false, "database": false}}