{"atividade_principal": [{"text": "Atividades de fonoaudiologia", "code": "86.50-0-06"}], "data_situacao": "28/08/2017", "complemento": "SAL 0609", "nome": "NABEL CRISTINA MACHADO RIBEIRO", "uf": "RJ", "telefone": "(21) 3586-9243", "email": "contato@expliqi.com.br'", "atividades_secundarias": [{"text": "Outras atividades de ensino n\u00e3o especificadas anteriormente", "code": "85.99-6-99"}], "qsa": [], "situacao": "ATIVA", "bairro": "TAQUARA", "logradouro": "R ANDRE ROCHA", "numero": "00750", "cep": "22.730-522", "municipio": "RIO DE JANEIRO", "porte": "DEMAIS", "abertura": "28/08/2017", "natureza_juridica": "213-5 - Empres\u00e1rio (Individual)", "fantasia": "EXPLIQI", "cnpj": "28.525.249/0001-30", "ultima_atualizacao": "2020-02-08T18:43:44.726Z", "status": "OK", "tipo": "MATRIZ", "efr": "", "motivo_situacao": "", "situacao_especial": "", "data_situacao_especial": "", "capital_social": "10000.00", "extra": {}, "billing": {"free": false, "database": false}}