{"atividade_principal": [{"text": "Instala\u00e7\u00e3o de pain\u00e9is publicit\u00e1rios", "code": "43.29-1-01"}], "data_situacao": "31/08/2017", "complemento": "QUADRAA LOTE 0016", "nome": "ACESSO VERTICAL - SERVICOS DE MANUTENCAO E INSTALACAO PREDIAL E INDUSTRIAL LTDA", "uf": "RJ", "telefone": "(21) 2507-2491/ (22) 9211-7530", "email": "eduardo@acessovertical.com.br", "atividades_secundarias": [{"text": "Manuten\u00e7\u00e3o e repara\u00e7\u00e3o de embarca\u00e7\u00f5es e estruturas flutuantes", "code": "33.17-1-01"}, {"text": "Montagem de estruturas met\u00e1licas", "code": "42.92-8-01"}, {"text": "Montagem e desmontagem de andaimes e outras estruturas tempor\u00e1rias", "code": "43.99-1-02"}, {"text": "Servi\u00e7os especializados para constru\u00e7\u00e3o n\u00e3o especificados anteriormente", "code": "43.99-1-99"}, {"text": "Agenciamento de espa\u00e7os para publicidade, exceto em ve\u00edculos de comunica\u00e7\u00e3o", "code": "73.12-2-00"}, {"text": "Limpeza em pr\u00e9dios e em domic\u00edlios", "code": "81.21-4-00"}, {"text": "Atividades de limpeza n\u00e3o especificadas anteriormente", "code": "81.29-0-00"}, {"text": "Servi\u00e7os de organiza\u00e7\u00e3o de feiras, congressos, exposi\u00e7\u00f5es e festas", "code": "82.30-0-01"}], "qsa": [{"qual": "49-S\u00f3cio-Administrador", "nome": "FATIMA DO ROZARIO MARCHINE NAZZARI"}, {"qual": "49-S\u00f3cio-Administrador", "nome": "CARLOS EDUARDO DE MELO MOREIRA"}], "situacao": "ATIVA", "bairro": "NOVO CAVALEIROS", "logradouro": "R SATURNO", "numero": "S/N", "cep": "27.930-190", "municipio": "MACAE", "porte": "MICRO EMPRESA", "abertura": "31/08/2017", "natureza_juridica": "206-2 - Sociedade Empres\u00e1ria Limitada", "fantasia": "ACESSO VERTICAL", "cnpj": "28.548.702/0001-23", "ultima_atualizacao": "2020-02-08T18:49:11.922Z", "status": "OK", "tipo": "MATRIZ", "efr": "", "motivo_situacao": "", "situacao_especial": "", "data_situacao_especial": "", "capital_social": "30000.00", "extra": {}, "billing": {"free": false, "database": false}}