{"atividade_principal": [{"text": "Com\u00e9rcio atacadista de instrumentos e materiais para uso m\u00e9dico, cir\u00fargico, hospitalar e de laborat\u00f3rios", "code": "46.45-1-01"}], "data_situacao": "03/11/2005", "complemento": "COBERTURA 03", "nome": "GALENICA COMERCIO INTERNACIONAL LTDA", "uf": "RJ", "qsa": [{"qual": "49-S\u00f3cio-Administrador", "nome": "SERGIO LUIZ GOULART DA SILVA"}, {"qual": "49-S\u00f3cio-Administrador", "nome": "ROSEMARY FERNANDES DE CARVALHO GOULART"}], "situacao": "ATIVA", "bairro": "BARRA DA TIJUCA", "logradouro": "AV OLEGARIO MACIEL", "numero": "260", "cep": "22.621-200", "municipio": "RIO DE JANEIRO", "porte": "DEMAIS", "abertura": "05/08/1985", "natureza_juridica": "206-2 - Sociedade Empres\u00e1ria Limitada", "cnpj": "28.599.587/0001-16", "ultima_atualizacao": "2020-02-08T18:40:51.499Z", "status": "OK", "tipo": "MATRIZ", "fantasia": "", "email": "", "telefone": "", "efr": "", "motivo_situacao": "", "situacao_especial": "", "data_situacao_especial": "", "atividades_secundarias": [{"code": "00.00-0-00", "text": "N\u00e3o informada"}], "capital_social": "1000000.00", "extra": {}, "billing": {"free": false, "database": false}}