{"atividade_principal": [{"text": "Com\u00e9rcio atacadista de medicamentos e drogas de uso humano", "code": "46.44-3-01"}], "data_situacao": "07/07/2010", "complemento": "KM 282 SALA 33", "nome": "BRL DISTRIBUIDORA DE VACINAS LTDA", "uf": "ES", "telefone": "(21) 3478-5116", "email": "brunofilho@brlvacinas.com.br", "situacao": "ATIVA", "bairro": "PADRE MATHIAS", "logradouro": "ROD GOVERNADOR MARIO COVAS", "numero": "3101", "cep": "29.157-100", "municipio": "CARIACICA", "porte": "DEMAIS", "abertura": "07/07/2010", "natureza_juridica": "206-2 - Sociedade Empres\u00e1ria Limitada", "cnpj": "28.625.531/0002-70", "ultima_atualizacao": "2020-02-08T19:05:55.468Z", "status": "OK", "tipo": "FILIAL", "fantasia": "", "efr": "", "motivo_situacao": "", "situacao_especial": "", "data_situacao_especial": "", "atividades_secundarias": [{"code": "00.00-0-00", "text": "N\u00e3o informada"}], "capital_social": "0.00", "qsa": [], "extra": {}, "billing": {"free": false, "database": false}}