{"atividade_principal": [{"text": "Com\u00e9rcio atacadista de medicamentos e drogas de uso humano", "code": "46.44-3-01"}], "data_situacao": "10/10/2017", "nome": "CARMED DISTRIBUIDORA DE MEDICAMENTOS EIRELI", "uf": "RJ", "telefone": "(21) 2718-5290", "email": "contatocarmed@gmail.com", "atividades_secundarias": [{"text": "Com\u00e9rcio atacadista de produtos aliment\u00edcios em geral", "code": "46.39-7-01"}, {"text": "Com\u00e9rcio atacadista de instrumentos e materiais para uso m\u00e9dico, cir\u00fargico, hospitalar e de laborat\u00f3rios", "code": "46.45-1-01"}, {"text": "Com\u00e9rcio atacadista de cosm\u00e9ticos e produtos de perfumaria", "code": "46.46-0-01"}, {"text": "Com\u00e9rcio atacadista de produtos de higiene pessoal", "code": "46.46-0-02"}, {"text": "Com\u00e9rcio atacadista de m\u00e1quinas, aparelhos e equipamentos para uso odonto-m\u00e9dico-hospitalar; partes e pe\u00e7as", "code": "46.64-8-00"}], "qsa": [{"qual": "05-Administrador", "nome": "RAFAEL VALADAO TEIXEIRA"}, {"qual": "65-Titular Pessoa F\u00edsica Residente ou Domiciliado no Brasil", "nome": "SILVANIA GRATIVOL MARCHON TEIXEIRA"}], "situacao": "ATIVA", "bairro": "BARRETO", "logradouro": "R BENJAMIN CONSTANT", "numero": "292", "cep": "24.110-002", "municipio": "NITEROI", "porte": "EMPRESA DE PEQUENO PORTE", "abertura": "10/10/2017", "natureza_juridica": "230-5 - Empresa Individual de Responsabilidade Limitada (de Natureza Empres\u00e1ria)", "fantasia": "CARMED DISTRIBUIDORA", "cnpj": "28.834.716/0001-03", "ultima_atualizacao": "2020-02-08T19:19:49.997Z", "status": "OK", "tipo": "MATRIZ", "complemento": "", "efr": "", "motivo_situacao": "", "situacao_especial": "", "data_situacao_especial": "", "capital_social": "150000.00", "extra": {}, "billing": {"free": false, "database": false}}