{"atividade_principal": [{"text": "Laborat\u00f3rios cl\u00ednicos", "code": "86.40-2-02"}], "data_situacao": "04/06/2005", "complemento": "SALAS 701 E 801", "nome": "DIAGNOSTICOS LABORATORIAIS ESPECIALIZADOS LTDA", "uf": "RJ", "telefone": "(21) 2523-3000", "email": "dle@dle.com.br", "atividades_secundarias": [{"text": "Com\u00e9rcio varejista de artigos m\u00e9dicos e ortop\u00e9dicos", "code": "47.73-3-00"}, {"text": "Outras sociedades de participa\u00e7\u00e3o, exceto holdings", "code": "64.63-8-00"}, {"text": "Outras atividades de servi\u00e7os pessoais n\u00e3o especificadas anteriormente", "code": "96.09-2-99"}], "qsa": [{"qual": "05-Administrador", "nome": "ROBERTO SANTORO MEIRELLES"}, {"qual": "05-Administrador", "nome": "CAMILO DE LELIS MACIEL SILVA"}, {"qual": "05-Administrador", "nome": "ADRIANA ROLLA LINHARES"}, {"qual": "05-Administrador", "nome": "GUILHERME BIRCHAL COLLARES"}, {"qual": "05-Administrador", "nome": "ALESSANDRO CLAYTON DE SOUZA FERREIRA"}, {"qual": "22-S\u00f3cio", "qual_rep_legal": "05-Administrador", "nome_rep_legal": "ROBERTO SANTORO MEIRELLES", "nome": "INSTITUTO HERMES PARDINI S/A"}], "situacao": "ATIVA", "bairro": "COPACABANA", "logradouro": "AV NOSSA SENHORA DE COPACABANA", "numero": "1018", "cep": "22.060-002", "municipio": "RIO DE JANEIRO", "porte": "DEMAIS", "abertura": "03/07/1986", "natureza_juridica": "206-2 - Sociedade Empres\u00e1ria Limitada", "fantasia": "DLE", "cnpj": "28.990.075/0001-86", "ultima_atualizacao": "2020-02-07T23:51:08.993Z", "status": "OK", "tipo": "MATRIZ", "efr": "", "motivo_situacao": "", "situacao_especial": "", "data_situacao_especial": "", "capital_social": "7102610.00", "extra": {}, "billing": {"free": false, "database": true}}