{"atividade_principal": [{"text": "Administra\u00e7\u00e3o p\u00fablica em geral", "code": "84.11-6-00"}], "data_situacao": "03/11/2005", "complemento": "PACO MUNICIPAL", "nome": "MUNICIPIO DE MACAE", "efr": "MUNIC\u00cdPIO DE MACAE", "uf": "RJ", "telefone": "(22) 2791-9008", "email": "gabinete@macae.rj.gov.br", "situacao": "ATIVA", "bairro": "CENTRO", "logradouro": "AV PRESIDENTE SODRE", "numero": "534", "cep": "27.910-000", "municipio": "MACAE", "porte": "DEMAIS", "abertura": "31/12/1974", "natureza_juridica": "124-4 - Munic\u00edpio", "fantasia": "MACAE PREFEITURA GABINETE DO PREFEITO", "cnpj": "29.115.474/0001-60", "ultima_atualizacao": "2020-02-07T23:36:36.910Z", "status": "OK", "tipo": "MATRIZ", "motivo_situacao": "", "situacao_especial": "", "data_situacao_especial": "", "atividades_secundarias": [{"code": "00.00-0-00", "text": "N\u00e3o informada"}], "capital_social": "0.00", "qsa": [], "extra": {}, "billing": {"free": false, "database": true}}