{"atividade_principal": [{"text": "Atividades de associa\u00e7\u00f5es de defesa de direitos sociais", "code": "94.30-8-00"}], "data_situacao": "28/06/2003", "nome": "ASSOCIACAO PESTALOZZI DE MACAE", "uf": "RJ", "telefone": "(22) 2759-8581", "atividades_secundarias": [{"text": "Atividades de organiza\u00e7\u00f5es associativas ligadas \u00e0 cultura e \u00e0 arte", "code": "94.93-6-00"}, {"text": "Atividades associativas n\u00e3o especificadas anteriormente", "code": "94.99-5-00"}], "qsa": [{"qual": "16-Presidente", "nome": "CARLOS LEVI MELO DE AZEVEDO TERRA"}], "situacao": "ATIVA", "bairro": "PARQUE AEROPORTO", "logradouro": "R DR. GERALDO MENECUCCI DE OLIVEIRA", "numero": "412", "cep": "27.950-510", "municipio": "MACAE", "porte": "DEMAIS", "abertura": "07/04/1975", "natureza_juridica": "399-9 - Associa\u00e7\u00e3o Privada", "cnpj": "29.115.946/0001-85", "ultima_atualizacao": "2020-02-08T00:29:22.358Z", "status": "OK", "tipo": "MATRIZ", "fantasia": "", "complemento": "", "email": "", "efr": "", "motivo_situacao": "", "situacao_especial": "", "data_situacao_especial": "", "capital_social": "0.00", "extra": {}, "billing": {"free": false, "database": true}}