{"atividade_principal": [{"text": "Administra\u00e7\u00e3o p\u00fablica em geral", "code": "84.11-6-00"}], "data_situacao": "04/10/2003", "complemento": "PREFEIT MUNICIPAL", "nome": "MUNICIPIO DE MAGE", "efr": "MUNIC\u00cdPIO DE MAGE", "uf": "RJ", "situacao": "ATIVA", "bairro": "CENTRO", "logradouro": "PC NILO PECANHA", "numero": "S N", "cep": "25.900-001", "municipio": "MAGE", "porte": "DEMAIS", "abertura": "30/12/1974", "natureza_juridica": "124-4 - Munic\u00edpio", "fantasia": "MAGE PREFEITURA GABINETE DO PREFEITO", "cnpj": "29.138.351/0001-45", "ultima_atualizacao": "2020-02-08T01:11:11.848Z", "status": "OK", "tipo": "MATRIZ", "email": "", "telefone": "", "motivo_situacao": "", "situacao_especial": "", "data_situacao_especial": "", "atividades_secundarias": [{"code": "00.00-0-00", "text": "N\u00e3o informada"}], "capital_social": "0.00", "qsa": [], "extra": {}, "billing": {"free": false, "database": true}}