{"atividade_principal": [{"text": "Atividades de associa\u00e7\u00f5es de defesa de direitos sociais", "code": "94.30-8-00"}], "data_situacao": "28/07/1998", "nome": "ASSOCIACAO DOS INSPETORES DE POLICIA DO ESTADO DO RIO DE JANEIRO - AIPERJ.", "uf": "RJ", "telefone": "(21) 2635-1501", "email": "pres.aiperj@gmail.com", "atividades_secundarias": [{"text": "Outras atividades associativas profissionais", "code": "94.12-0-99"}, {"text": "Atividades de organiza\u00e7\u00f5es associativas ligadas \u00e0 cultura e \u00e0 arte", "code": "94.93-6-00"}, {"text": "Atividades associativas n\u00e3o especificadas anteriormente", "code": "94.99-5-00"}], "qsa": [{"qual": "16-Presidente", "nome": "FABIO DE OLIVEIRA PACHECO"}], "situacao": "ATIVA", "bairro": "OUTEIRO DAS PEDRAS", "logradouro": "R ACURCIO TORRES", "numero": "499", "cep": "24.812-324", "municipio": "ITABORAI", "porte": "DEMAIS", "abertura": "08/10/1975", "natureza_juridica": "399-9 - Associa\u00e7\u00e3o Privada", "fantasia": "NOSSA AIPERJ", "cnpj": "29.199.007/0001-66", "ultima_atualizacao": "2020-02-07T23:48:49.469Z", "status": "OK", "tipo": "MATRIZ", "complemento": "", "efr": "", "motivo_situacao": "", "situacao_especial": "", "data_situacao_especial": "", "capital_social": "0.00", "extra": {}, "billing": {"free": false, "database": true}}