{"atividade_principal": [{"text": "Atividade m\u00e9dica ambulatorial com recursos para realiza\u00e7\u00e3o de procedimentos cir\u00fargicos", "code": "86.30-5-01"}], "data_situacao": "10/09/2005", "nome": "CENTRO OFTALMOLOGICO DE BOTAFOGO LTDA", "uf": "RJ", "atividades_secundarias": [{"text": "Atividades de atendimento em pronto-socorro e unidades hospitalares para atendimento a urg\u00eancias", "code": "86.10-1-02"}, {"text": "Atividade m\u00e9dica ambulatorial com recursos para realiza\u00e7\u00e3o de exames complementares", "code": "86.30-5-02"}, {"text": "Atividade m\u00e9dica ambulatorial restrita a consultas", "code": "86.30-5-03"}], "situacao": "ATIVA", "bairro": "HUMAITA", "logradouro": "R CAPITAO SALOMAO", "numero": "23", "cep": "22.271-040", "municipio": "RIO DE JANEIRO", "porte": "DEMAIS", "abertura": "11/04/1995", "natureza_juridica": "206-2 - Sociedade Empres\u00e1ria Limitada", "cnpj": "29.255.031/0003-37", "ultima_atualizacao": "2020-02-08T04:16:25.046Z", "status": "OK", "tipo": "FILIAL", "fantasia": "", "complemento": "", "email": "", "telefone": "", "efr": "", "motivo_situacao": "", "situacao_especial": "", "data_situacao_especial": "", "capital_social": "0.00", "qsa": [], "extra": {}, "billing": {"free": false, "database": true}}