{"atividade_principal": [{"text": "Atividades de associa\u00e7\u00f5es de defesa de direitos sociais", "code": "94.30-8-00"}], "data_situacao": "03/11/2005", "complemento": "CONJ 505", "nome": "INSTITUTO BRASILEIRO DE DIREITO ADMINISTRATIVO", "uf": "SP", "telefone": "(11) 4227-7070", "email": "contato@sccontabil.com.br", "atividades_secundarias": [{"text": "Atividades de organiza\u00e7\u00f5es associativas ligadas \u00e0 cultura e \u00e0 arte", "code": "94.93-6-00"}, {"text": "Atividades associativas n\u00e3o especificadas anteriormente", "code": "94.99-5-00"}], "qsa": [{"qual": "10-Diretor", "nome": "MAURICIO GARCIA PALLARES ZOCKUN"}, {"qual": "16-Presidente", "nome": "FABRICIO MACEDO MOTTA"}], "situacao": "ATIVA", "bairro": "BELA VISTA", "logradouro": "AV PAULISTA", "numero": "1499", "cep": "01.311-200", "municipio": "SAO PAULO", "porte": "DEMAIS", "abertura": "30/06/1986", "natureza_juridica": "399-9 - Associa\u00e7\u00e3o Privada", "cnpj": "29.419.181/0001-77", "ultima_atualizacao": "2020-02-08T00:38:27.556Z", "status": "OK", "tipo": "MATRIZ", "fantasia": "", "efr": "", "motivo_situacao": "", "situacao_especial": "", "data_situacao_especial": "", "capital_social": "0.00", "extra": {}, "billing": {"free": false, "database": true}}