{"atividade_principal": [{"text": "Servi\u00e7os de di\u00e1lise e nefrologia", "code": "86.40-2-03"}], "data_situacao": "03/11/2005", "nome": "CDR - CLINICA DE DOENCAS RENAIS LTDA", "uf": "RJ", "telefone": "(21) 2179-2400", "atividades_secundarias": [{"text": "Outras sociedades de participa\u00e7\u00e3o, exceto holdings", "code": "64.63-8-00"}, {"text": "Aluguel de equipamentos cient\u00edficos, m\u00e9dicos e hospitalares, sem operador", "code": "77.39-0-02"}, {"text": "Atividades de atendimento em pronto-socorro e unidades hospitalares para atendimento a urg\u00eancias", "code": "86.10-1-02"}, {"text": "Atividade m\u00e9dica ambulatorial com recursos para realiza\u00e7\u00e3o de procedimentos cir\u00fargicos", "code": "86.30-5-01"}, {"text": "Atividade m\u00e9dica ambulatorial com recursos para realiza\u00e7\u00e3o de exames complementares", "code": "86.30-5-02"}, {"text": "Atividade m\u00e9dica ambulatorial restrita a consultas", "code": "86.30-5-03"}], "situacao": "ATIVA", "bairro": "IMBETIBA", "logradouro": "R DOUTOR LUIZ BELEGARD", "numero": "540", "cep": "27.913-260", "municipio": "MACAE", "porte": "DEMAIS", "abertura": "15/06/1998", "natureza_juridica": "206-2 - Sociedade Empres\u00e1ria Limitada", "cnpj": "29.473.196/0017-80", "ultima_atualizacao": "2020-02-07T22:57:00.932Z", "status": "OK", "tipo": "FILIAL", "fantasia": "", "complemento": "", "email": "", "efr": "", "motivo_situacao": "", "situacao_especial": "", "data_situacao_especial": "", "capital_social": "0.00", "qsa": [], "extra": {}, "billing": {"free": false, "database": true}}