{"atividade_principal": [{"text": "Transporte rodovi\u00e1rio coletivo de passageiros, com itiner\u00e1rio fixo, intermunicipal, exceto em regi\u00e3o metropolitana", "code": "49.22-1-01"}], "data_situacao": "03/11/2005", "nome": "RAPIDO MACAENSE LTDA", "uf": "RJ", "telefone": "(21) 2109-1040/ (21) 2109-1118", "email": "fiscal@integrajca.com.br", "atividades_secundarias": [{"text": "Transporte rodovi\u00e1rio coletivo de passageiros, sob regime de fretamento, intermunicipal, interestadual e internacional", "code": "49.29-9-02"}, {"text": "Transporte rodovi\u00e1rio coletivo de passageiros, sob regime de fretamento, municipal", "code": "49.29-9-01"}, {"text": "Transporte rodovi\u00e1rio coletivo de passageiros, com itiner\u00e1rio fixo, municipal", "code": "49.21-3-01"}, {"text": "Transporte rodovi\u00e1rio de carga, exceto produtos perigosos e mudan\u00e7as, intermunicipal, interestadual e internacional", "code": "49.30-2-02"}, {"text": "Transporte rodovi\u00e1rio de carga, exceto produtos perigosos e mudan\u00e7as, municipal.", "code": "49.30-2-01"}, {"text": "Terminais rodovi\u00e1rios e ferrovi\u00e1rios", "code": "52.22-2-00"}, {"text": "Outras atividades auxiliares dos transportes terrestres n\u00e3o especificadas anteriormente", "code": "52.29-0-99"}], "qsa": [{"qual": "22-S\u00f3cio", "qual_rep_legal": "05-Administrador", "nome_rep_legal": "CARLOS OTAVIO DE SOUZA ANTUNES", "nome": "COSA PARTICIPACOES LTDA"}, {"qual": "22-S\u00f3cio", "qual_rep_legal": "05-Administrador", "nome_rep_legal": "AMAURY DE ANDRADE", "nome": "HATAR PARTICIPACOES LTDA"}, {"qual": "22-S\u00f3cio", "qual_rep_legal": "05-Administrador", "nome_rep_legal": "GUSTAVO NADER DAMIAO RODRIGUES", "nome": "AUTO VIACAO 1001 LTDA"}, {"qual": "05-Administrador", "nome": "AMAURY DE ANDRADE"}, {"qual": "22-S\u00f3cio", "qual_rep_legal": "05-Administrador", "nome_rep_legal": "GUSTAVO NADER DAMIAO RODRIGUES", "nome": "JCA HOLDING TRANSPORTES, LOGISTICA E MOBILIDADE LTDA"}, {"qual": "05-Administrador", "nome": "CARLOS EDUARDO GOMES ROCHA"}, {"qual": "05-Administrador", "nome": "GUSTAVO NADER DAMIAO RODRIGUES"}, {"qual": "05-Administrador", "nome": "FABIO FERREIRA FEIJO"}, {"qual": "05-Administrador", "nome": "FERNANDO MAURICIO ARAUJO GUIMARAES"}], "situacao": "ATIVA", "bairro": "CENTRO", "logradouro": "R ANTERO PERLINGEIRO", "numero": "402", "cep": "27.910-170", "municipio": "MACAE", "porte": "DEMAIS", "abertura": "09/09/1966", "natureza_juridica": "206-2 - Sociedade Empres\u00e1ria Limitada", "fantasia": "RAPIDO MACAENSE", "cnpj": "29.689.999/0001-00", "ultima_atualizacao": "2020-02-07T23:09:20.404Z", "status": "OK", "tipo": "MATRIZ", "complemento": "", "efr": "", "motivo_situacao": "", "situacao_especial": "", "data_situacao_especial": "", "capital_social": "14545917.71", "extra": {}, "billing": {"free": false, "database": true}}