{"atividade_principal": [{"text": "Clubes sociais, esportivos e similares", "code": "93.12-3-00"}], "data_situacao": "03/11/2005", "nome": "FLUMINENSE FUTEBOL CLUBE", "uf": "RJ", "qsa": [{"qual": "16-Presidente", "nome": "GERALDO RIBEIRO DA SILVA"}], "situacao": "ATIVA", "bairro": "CENTRO", "logradouro": "PC VERISSIMO DE MELLO", "numero": "200", "cep": "27.913-100", "municipio": "MACAE", "porte": "DEMAIS", "abertura": "30/09/1966", "natureza_juridica": "399-9 - Associa\u00e7\u00e3o Privada", "cnpj": "29.693.363/0001-31", "ultima_atualizacao": "2020-02-07T22:39:35.537Z", "status": "OK", "tipo": "MATRIZ", "fantasia": "", "complemento": "", "email": "", "telefone": "", "efr": "", "motivo_situacao": "", "situacao_especial": "", "data_situacao_especial": "", "atividades_secundarias": [{"code": "00.00-0-00", "text": "N\u00e3o informada"}], "capital_social": "0.00", "extra": {}, "billing": {"free": false, "database": true}}