{"atividade_principal": [{"text": "Atividades de atendimento hospitalar, exceto pronto-socorro e unidades para atendimento a urg\u00eancias", "code": "86.10-1-01"}], "data_situacao": "03/11/2005", "complemento": "TERREO", "nome": "IRMANDADE DE SAO JOAO BATISTA DE MACAE", "uf": "RJ", "atividades_secundarias": [{"text": "Atividade m\u00e9dica ambulatorial com recursos para realiza\u00e7\u00e3o de procedimentos cir\u00fargicos", "code": "86.30-5-01"}], "qsa": [{"qual": "16-Presidente", "nome": "LUIS CAMPOS PORTO"}], "situacao": "ATIVA", "bairro": "CENTRO", "logradouro": "PC PRACA VERISSIMO DE MELO", "numero": "391", "cep": "27.937-300", "municipio": "MACAE", "porte": "DEMAIS", "abertura": "27/12/1967", "natureza_juridica": "399-9 - Associa\u00e7\u00e3o Privada", "fantasia": "HOSPITAL SAO JOAO BATISTA DE MACAE", "cnpj": "29.696.069/0001-83", "ultima_atualizacao": "2020-02-08T00:42:17.142Z", "status": "OK", "tipo": "MATRIZ", "email": "", "telefone": "", "efr": "", "motivo_situacao": "", "situacao_especial": "", "data_situacao_especial": "", "capital_social": "0.00", "extra": {}, "billing": {"free": false, "database": true}}