{"atividade_principal": [{"text": "Com\u00e9rcio varejista de outros produtos n\u00e3o especificados anteriormente", "code": "47.89-0-99"}], "data_situacao": "03/11/2005", "nome": "MACAE AUTO PECAS LTDA", "uf": "RJ", "atividades_secundarias": [{"text": "Manuten\u00e7\u00e3o e repara\u00e7\u00e3o de m\u00e1quinas e equipamentos para uso geral n\u00e3o especificados anteriormente", "code": "33.14-7-10"}, {"text": "Manuten\u00e7\u00e3o e repara\u00e7\u00e3o de m\u00e1quinas-ferramenta", "code": "33.14-7-13"}], "qsa": [{"qual": "49-S\u00f3cio-Administrador", "nome": "MARIA SONIA DE SOUSA FRAGOSO"}, {"qual": "49-S\u00f3cio-Administrador", "nome": "LUIS HENRIQUE DE SOUSA FRAGOSO"}], "situacao": "ATIVA", "bairro": "CENTRO", "logradouro": "AV RUI BARBOSA", "numero": "1113", "cep": "27.910-361", "municipio": "MACAE", "porte": "EMPRESA DE PEQUENO PORTE", "abertura": "06/09/1966", "natureza_juridica": "206-2 - Sociedade Empres\u00e1ria Limitada", "fantasia": "MACAE AUTO PECAS", "cnpj": "29.690.179/0001-38", "ultima_atualizacao": "2020-02-07T23:38:03.163Z", "status": "OK", "tipo": "MATRIZ", "complemento": "", "email": "", "telefone": "", "efr": "", "motivo_situacao": "", "situacao_especial": "", "data_situacao_especial": "", "capital_social": "50000.00", "extra": {}, "billing": {"free": false, "database": true}}