{"atividade_principal": [{"text": "Atividades de associa\u00e7\u00f5es de defesa de direitos sociais", "code": "94.30-8-00"}], "data_situacao": "15/12/2001", "nome": "LIGA BENEFICENTE SAO JOAO BATISTA DE MACAE", "uf": "RJ", "atividades_secundarias": [{"text": "Atividades de organiza\u00e7\u00f5es associativas ligadas \u00e0 cultura e \u00e0 arte", "code": "94.93-6-00"}, {"text": "Atividades associativas n\u00e3o especificadas anteriormente", "code": "94.99-5-00"}], "situacao": "ATIVA", "bairro": "CENTRO", "logradouro": "R LUIZ BELEGARD", "numero": "540", "cep": "27.913-260", "municipio": "MACAE", "porte": "DEMAIS", "abertura": "23/07/1984", "natureza_juridica": "399-9 - Associa\u00e7\u00e3o Privada", "cnpj": "29.700.143/0002-79", "ultima_atualizacao": "2020-02-08T04:08:49.515Z", "status": "OK", "tipo": "FILIAL", "fantasia": "", "complemento": "", "email": "", "telefone": "", "efr": "", "motivo_situacao": "", "situacao_especial": "", "data_situacao_especial": "", "capital_social": "0.00", "qsa": [], "extra": {}, "billing": {"free": false, "database": true}}