{"atividade_principal": [{"text": "Ag\u00eancias de publicidade", "code": "73.11-4-00"}], "data_situacao": "19/04/2006", "complemento": "APT 102 ANEXO PARTE", "nome": "D R PROPAGANDA E MARKETING LTDA", "uf": "RJ", "telefone": "(22) 2734-2325", "atividades_secundarias": [{"text": "Outras atividades de publicidade n\u00e3o especificadas anteriormente", "code": "73.19-0-99"}], "qsa": [{"qual": "49-S\u00f3cio-Administrador", "nome": "RICARDO DE ALMEIDA PEREIRA"}, {"qual": "22-S\u00f3cio", "nome": "DENISE SIQUEIRA DE ALMEIDA PEREIRA"}], "situacao": "ATIVA", "bairro": "CENTRO", "logradouro": "R VIGARIO JOAO CARLOS", "numero": "59", "cep": "28.010-050", "municipio": "CAMPOS DOS GOYTACAZES", "porte": "MICRO EMPRESA", "abertura": "01/11/1985", "natureza_juridica": "206-2 - Sociedade Empres\u00e1ria Limitada", "fantasia": "DRPM", "cnpj": "29.839.297/0001-65", "ultima_atualizacao": "2020-02-08T00:17:03.384Z", "status": "OK", "tipo": "MATRIZ", "email": "", "efr": "", "motivo_situacao": "", "situacao_especial": "", "data_situacao_especial": "", "capital_social": "380000.00", "extra": {}, "billing": {"free": false, "database": true}}