{"atividade_principal": [{"text": "Com\u00e9rcio a varejo de autom\u00f3veis, camionetas e utilit\u00e1rios novos", "code": "45.11-1-01"}], "data_situacao": "03/11/2005", "nome": "LUCVEL VEICULOS LTDA", "uf": "RJ", "atividades_secundarias": [{"text": "Com\u00e9rcio a varejo de autom\u00f3veis, camionetas e utilit\u00e1rios usados", "code": "45.11-1-02"}, {"text": "Representantes comerciais e agentes do com\u00e9rcio de ve\u00edculos automotores", "code": "45.12-9-01"}, {"text": "Com\u00e9rcio sob consigna\u00e7\u00e3o de ve\u00edculos automotores", "code": "45.12-9-02"}, {"text": "Servi\u00e7os de manuten\u00e7\u00e3o e repara\u00e7\u00e3o mec\u00e2nica de ve\u00edculos automotores", "code": "45.20-0-01"}, {"text": "Servi\u00e7os de lanternagem ou funilaria e pintura de ve\u00edculos automotores", "code": "45.20-0-02"}, {"text": "Servi\u00e7os de manuten\u00e7\u00e3o e repara\u00e7\u00e3o el\u00e9trica de ve\u00edculos automotores", "code": "45.20-0-03"}, {"text": "Servi\u00e7os de alinhamento e balanceamento de ve\u00edculos automotores", "code": "45.20-0-04"}, {"text": "Servi\u00e7os de instala\u00e7\u00e3o, manuten\u00e7\u00e3o e repara\u00e7\u00e3o de acess\u00f3rios para ve\u00edculos automotores", "code": "45.20-0-07"}, {"text": "Com\u00e9rcio por atacado de pe\u00e7as e acess\u00f3rios novos para ve\u00edculos automotores", "code": "45.30-7-01"}, {"text": "Com\u00e9rcio por atacado de pneum\u00e1ticos e c\u00e2maras-de-ar", "code": "45.30-7-02"}, {"text": "Com\u00e9rcio a varejo de pe\u00e7as e acess\u00f3rios novos para ve\u00edculos automotores", "code": "45.30-7-03"}, {"text": "Com\u00e9rcio a varejo de pneum\u00e1ticos e c\u00e2maras-de-ar", "code": "45.30-7-05"}, {"text": "Com\u00e9rcio a varejo de motocicletas e motonetas novas", "code": "45.41-2-03"}, {"text": "Com\u00e9rcio a varejo de motocicletas e motonetas usadas", "code": "45.41-2-04"}, {"text": "Com\u00e9rcio atacadista de lubrificantes", "code": "46.81-8-05"}, {"text": "Com\u00e9rcio atacadista de outros produtos qu\u00edmicos e petroqu\u00edmicos n\u00e3o especificados anteriormente", "code": "46.84-2-99"}, {"text": "Com\u00e9rcio varejista de combust\u00edveis para ve\u00edculos automotores", "code": "47.31-8-00"}, {"text": "Com\u00e9rcio varejista de lubrificantes", "code": "47.32-6-00"}, {"text": "Armaz\u00e9ns gerais - emiss\u00e3o de warrant", "code": "52.11-7-01"}, {"text": "Consultoria em tecnologia da informa\u00e7\u00e3o", "code": "62.04-0-00"}, {"text": "Arrendamento mercantil", "code": "64.40-9-00"}, {"text": "Sociedades de fomento mercantil - factoring", "code": "64.91-3-00"}, {"text": "Corretoras de t\u00edtulos e valores mobili\u00e1rios", "code": "66.12-6-01"}, {"text": "Corretoras de c\u00e2mbio", "code": "66.12-6-03"}, {"text": "Corretoras de contratos de mercadorias", "code": "66.12-6-04"}, {"text": "Outras atividades auxiliares dos servi\u00e7os financeiros n\u00e3o especificadas anteriormente", "code": "66.19-3-99"}, {"text": "Corretores e agentes de seguros, de planos de previd\u00eancia complementar e de sa\u00fade", "code": "66.22-3-00"}, {"text": "Gest\u00e3o de ativos intang\u00edveis n\u00e3o-financeiros", "code": "77.40-3-00"}], "qsa": [{"qual": "49-S\u00f3cio-Administrador", "nome": "LUCIANO CHAVES DINIZ"}, {"qual": "22-S\u00f3cio", "nome": "HELOISA MORENO DINIZ"}, {"qual": "22-S\u00f3cio", "qual_rep_legal": "05-Administrador", "nome_rep_legal": "LUCIANO CHAVES DINIZ", "nome": "L. H. PARTICIPACOES SOCIETARIAS LTDA"}], "situacao": "ATIVA", "bairro": "1 DISTRITO", "logradouro": "ROD RJ-186, KM 01", "numero": "S/N", "cep": "28.470-000", "municipio": "SANTO ANTONIO DE PADUA", "porte": "DEMAIS", "abertura": "11/07/1968", "natureza_juridica": "206-2 - Sociedade Empres\u00e1ria Limitada", "cnpj": "29.856.523/0001-16", "ultima_atualizacao": "2020-02-08T16:58:54.852Z", "status": "OK", "tipo": "MATRIZ", "fantasia": "", "complemento": "", "email": "", "telefone": "", "efr": "", "motivo_situacao": "", "situacao_especial": "", "data_situacao_especial": "", "capital_social": "550000.00", "extra": {}, "billing": {"free": false, "database": true}}