{"atividade_principal": [{"text": "Seguridade social obrigat\u00f3ria", "code": "84.30-2-00"}], "data_situacao": "03/11/2005", "complemento": "ANDAR", "nome": "INSTITUTO NACIONAL DO SEGURO SOCIAL", "efr": "UNI\u00c3O", "uf": "DF", "telefone": "(61) 3313-4509", "email": "cgofc@previdencia.gov.br", "situacao": "ATIVA", "bairro": "ASA SUL", "logradouro": "ST SAUS QUADRA 02 BLOCO O", "numero": "6", "cep": "70.070-946", "municipio": "BRASILIA", "porte": "DEMAIS", "abertura": "13/04/1978", "natureza_juridica": "110-4 - Autarquia Federal", "fantasia": "COORDENACAO GERAL DE ORCAMENTO FINANCAS E CONTABILIDADE", "cnpj": "29.979.036/0001-40", "ultima_atualizacao": "2020-02-08T06:41:43.352Z", "status": "OK", "tipo": "MATRIZ", "motivo_situacao": "", "situacao_especial": "", "data_situacao_especial": "", "atividades_secundarias": [{"code": "00.00-0-00", "text": "N\u00e3o informada"}], "capital_social": "0.00", "qsa": [], "extra": {}, "billing": {"free": false, "database": true}}