{"atividade_principal": [{"text": "Seguridade social obrigat\u00f3ria", "code": "84.30-2-00"}], "data_situacao": "28/07/1998", "nome": "INSTITUTO DE PREVIDENCIA DOS SERVIDORES DO ESTADO DO ESPIRITO SANTO", "uf": "ES", "telefone": "(27) 3636-4235/ (27) 3636-4236", "email": "presidencia@ipajm.es.gov.br", "situacao": "ATIVA", "bairro": "SANTA LUCIA", "logradouro": "AV CEZAR HILAL", "numero": "1345", "cep": "29.056-085", "municipio": "VITORIA", "porte": "DEMAIS", "abertura": "03/03/1978", "natureza_juridica": "111-2 - Autarquia Estadual ou do Distrito Federal", "fantasia": "IPAJM", "cnpj": "29.986.312/0001-06", "ultima_atualizacao": "2020-02-08T00:52:40.310Z", "status": "OK", "tipo": "MATRIZ", "complemento": "", "efr": "", "motivo_situacao": "", "situacao_especial": "", "data_situacao_especial": "", "atividades_secundarias": [{"code": "00.00-0-00", "text": "N\u00e3o informada"}], "capital_social": "0.00", "qsa": [], "extra": {}, "billing": {"free": false, "database": true}}