{"atividade_principal": [{"text": "Transporte rodovi\u00e1rio coletivo de passageiros, com itiner\u00e1rio fixo, intermunicipal em regi\u00e3o metropolitana", "code": "49.21-3-02"}], "data_situacao": "03/11/2005", "nome": "AUTO VIACAO 1001 LTDA", "uf": "RJ", "telefone": "(21) 2109-1001", "email": "fiscal@integrajca.com.br", "atividades_secundarias": [{"text": "Transporte rodovi\u00e1rio coletivo de passageiros, com itiner\u00e1rio fixo, municipal", "code": "49.21-3-01"}, {"text": "Transporte rodovi\u00e1rio coletivo de passageiros, com itiner\u00e1rio fixo, interestadual", "code": "49.22-1-02"}, {"text": "Transporte rodovi\u00e1rio coletivo de passageiros, sob regime de fretamento, municipal", "code": "49.29-9-01"}, {"text": "Transporte rodovi\u00e1rio coletivo de passageiros, sob regime de fretamento, intermunicipal, interestadual e internacional", "code": "49.29-9-02"}, {"text": "Transporte rodovi\u00e1rio de carga, exceto produtos perigosos e mudan\u00e7as, municipal.", "code": "49.30-2-01"}, {"text": "Transporte rodovi\u00e1rio de carga, exceto produtos perigosos e mudan\u00e7as, intermunicipal, interestadual e internacional", "code": "49.30-2-02"}, {"text": "Terminais rodovi\u00e1rios e ferrovi\u00e1rios", "code": "52.22-2-00"}, {"text": "Outras atividades auxiliares dos transportes terrestres n\u00e3o especificadas anteriormente", "code": "52.29-0-99"}], "qsa": [{"qual": "05-Administrador", "nome": "HEINZ WOLFGANG KUMM JUNIOR"}, {"qual": "05-Administrador", "nome": "GUSTAVO NADER DAMIAO RODRIGUES"}, {"qual": "05-Administrador", "nome": "FABIO FERREIRA FEIJO"}, {"qual": "05-Administrador", "nome": "FERNANDO MAURICIO ARAUJO GUIMARAES"}, {"qual": "22-S\u00f3cio", "qual_rep_legal": "05-Administrador", "nome_rep_legal": "GUSTAVO NADER DAMIAO RODRIGUES", "nome": "JCA HOLDING TRANSPORTES, LOGISTICA E MOBILIDADE LTDA"}], "situacao": "ATIVA", "bairro": "BALDEADOR", "logradouro": "ROD AMARAL PEIXOTO", "numero": "2401", "cep": "24.140-005", "municipio": "NITEROI", "porte": "DEMAIS", "abertura": "10/06/1969", "natureza_juridica": "206-2 - Sociedade Empres\u00e1ria Limitada", "fantasia": "1001", "cnpj": "30.069.314/0001-01", "ultima_atualizacao": "2020-02-07T23:21:12.416Z", "status": "OK", "tipo": "MATRIZ", "complemento": "", "efr": "", "motivo_situacao": "", "situacao_especial": "", "data_situacao_especial": "", "capital_social": "115345459.60", "extra": {}, "billing": {"free": false, "database": true}}