{"atividade_principal": [{"text": "Com\u00e9rcio varejista de madeira e artefatos", "code": "47.44-0-02"}], "data_situacao": "03/11/2005", "complemento": "TERRENO", "nome": "MADEIREIRA CASA NOVA DE MACAE LTDA", "uf": "RJ", "telefone": "(22) 2762-5696", "qsa": [{"qual": "49-S\u00f3cio-Administrador", "nome": "ALTAMIR FIGUEIREDO VIANA"}, {"qual": "22-S\u00f3cio", "nome": "CELIA RITA TRENTIM VIANA"}], "situacao": "ATIVA", "bairro": "LAGOA", "logradouro": "EST SAO JOSE DO MUTUM", "numero": "245", "cep": "27.925-405", "municipio": "MACAE", "porte": "EMPRESA DE PEQUENO PORTE", "abertura": "27/02/1986", "natureza_juridica": "206-2 - Sociedade Empres\u00e1ria Limitada", "fantasia": "MADEIREIRA CASA NOVA", "cnpj": "30.105.910/0001-08", "ultima_atualizacao": "2020-02-08T18:37:11.190Z", "status": "OK", "tipo": "MATRIZ", "email": "", "efr": "", "motivo_situacao": "", "situacao_especial": "", "data_situacao_especial": "", "atividades_secundarias": [{"code": "00.00-0-00", "text": "N\u00e3o informada"}], "capital_social": "0.00", "extra": {}, "billing": {"free": false, "database": false}}