{"atividade_principal": [{"text": "Com\u00e9rcio atacadista de produtos aliment\u00edcios em geral", "code": "46.39-7-01"}], "data_situacao": "03/11/2005", "complemento": "TERREO;", "nome": "DISTRIBUIDORA CAMPISTA LTDA", "uf": "RJ", "telefone": "(22) 2733-7413", "atividades_secundarias": [{"text": "Com\u00e9rcio por atacado de caminh\u00f5es novos e usados", "code": "45.11-1-04"}, {"text": "Com\u00e9rcio por atacado de pe\u00e7as e acess\u00f3rios novos para ve\u00edculos automotores", "code": "45.30-7-01"}, {"text": "Com\u00e9rcio por atacado de pneum\u00e1ticos e c\u00e2maras-de-ar", "code": "45.30-7-02"}, {"text": "Com\u00e9rcio atacadista de leite e latic\u00ednios", "code": "46.31-1-00"}, {"text": "Com\u00e9rcio atacadista de cereais e leguminosas beneficiados, farinhas, amidos e f\u00e9culas, com atividade de fracionamento e acondicionamento associada", "code": "46.32-0-03"}, {"text": "Com\u00e9rcio atacadista de frutas, verduras, ra\u00edzes, tub\u00e9rculos, hortali\u00e7as e legumes frescos", "code": "46.33-8-01"}, {"text": "Com\u00e9rcio atacadista de carnes bovinas e su\u00ednas e derivados", "code": "46.34-6-01"}, {"text": "Com\u00e9rcio atacadista de aves abatidas e derivados", "code": "46.34-6-02"}, {"text": "Com\u00e9rcio atacadista de pescados e frutos do mar", "code": "46.34-6-03"}, {"text": "Com\u00e9rcio atacadista de \u00e1gua mineral", "code": "46.35-4-01"}, {"text": "Com\u00e9rcio atacadista de p\u00e3es, bolos, biscoitos e similares", "code": "46.37-1-04"}, {"text": "Com\u00e9rcio atacadista de artigos de cama, mesa e banho", "code": "46.41-9-02"}, {"text": "Com\u00e9rcio atacadista de artigos de armarinho", "code": "46.41-9-03"}, {"text": "Com\u00e9rcio atacadista de artigos do vestu\u00e1rio e acess\u00f3rios, exceto profissionais e de seguran\u00e7a", "code": "46.42-7-01"}, {"text": "Com\u00e9rcio atacadista de roupas e acess\u00f3rios para uso profissional e de seguran\u00e7a do trabalho", "code": "46.42-7-02"}, {"text": "Com\u00e9rcio atacadista de cosm\u00e9ticos e produtos de perfumaria", "code": "46.46-0-01"}, {"text": "Com\u00e9rcio atacadista de produtos de higiene pessoal", "code": "46.46-0-02"}, {"text": "Com\u00e9rcio atacadista de artigos de escrit\u00f3rio e de papelaria", "code": "46.47-8-01"}, {"text": "Com\u00e9rcio atacadista de equipamentos el\u00e9tricos de uso pessoal e dom\u00e9stico", "code": "46.49-4-01"}, {"text": "Com\u00e9rcio atacadista de aparelhos eletr\u00f4nicos de uso pessoal e dom\u00e9stico", "code": "46.49-4-02"}, {"text": "Com\u00e9rcio atacadista de m\u00f3veis e artigos de colchoaria", "code": "46.49-4-04"}, {"text": "Com\u00e9rcio atacadista de produtos de higiene, limpeza e conserva\u00e7\u00e3o domiciliar", "code": "46.49-4-08"}, {"text": "Com\u00e9rcio atacadista de equipamentos de inform\u00e1tica", "code": "46.51-6-01"}, {"text": "Com\u00e9rcio atacadista de m\u00e1quinas, aparelhos e equipamentos para uso agropecu\u00e1rio; partes e pe\u00e7as", "code": "46.61-3-00"}, {"text": "Com\u00e9rcio atacadista de m\u00e1quinas e equipamentos para uso comercial; partes e pe\u00e7as", "code": "46.65-6-00"}, {"text": "Com\u00e9rcio atacadista de ferragens e ferramentas", "code": "46.72-9-00"}, {"text": "Com\u00e9rcio atacadista de material el\u00e9trico", "code": "46.73-7-00"}, {"text": "Com\u00e9rcio atacadista de materiais de constru\u00e7\u00e3o em geral", "code": "46.79-6-99"}, {"text": "Fornecimento de alimentos preparados preponderantemente para empresas", "code": "56.20-1-01"}, {"text": "Servi\u00e7os de alimenta\u00e7\u00e3o para eventos e recep\u00e7\u00f5es - buf\u00ea", "code": "56.20-1-02"}, {"text": "Fornecimento de alimentos preparados preponderantemente para consumo domiciliar", "code": "56.20-1-04"}], "qsa": [{"qual": "49-S\u00f3cio-Administrador", "nome": "ENILSON QUEIROZ PESSANHA"}, {"qual": "22-S\u00f3cio", "nome": "MARCILIA WAGNER PEIXOTO PESSANHA"}], "situacao": "ATIVA", "bairro": "PARQUE FUNDAO", "logradouro": "AV SOUZA MOTA", "numero": "387", "cep": "28.060-010", "municipio": "CAMPOS DOS GOYTACAZES", "porte": "EMPRESA DE PEQUENO PORTE", "abertura": "03/03/1986", "natureza_juridica": "206-2 - Sociedade Empres\u00e1ria Limitada", "fantasia": "DISTRIBUIDORA CAMPISTA", "cnpj": "30.110.332/0001-90", "ultima_atualizacao": "2020-02-08T19:14:58.059Z", "status": "OK", "tipo": "MATRIZ", "email": "", "efr": "", "motivo_situacao": "", "situacao_especial": "", "data_situacao_especial": "", "capital_social": "800000.00", "extra": {}, "billing": {"free": false, "database": false}}