{"atividade_principal": [{"text": "Outras obras de engenharia civil n\u00e3o especificadas anteriormente", "code": "42.99-5-99"}], "data_situacao": "30/09/2005", "complemento": "SAL 1903", "nome": "CONSTRUTORA ZADAR LTDA", "uf": "RJ", "telefone": "(21) 2112-1685", "email": "contabilidade-fiscal@riwasa.com.br", "atividades_secundarias": [{"text": "Servi\u00e7os especializados para constru\u00e7\u00e3o n\u00e3o especificados anteriormente", "code": "43.99-1-99"}, {"text": "Terminais rodovi\u00e1rios e ferrovi\u00e1rios", "code": "52.22-2-00"}], "qsa": [{"qual": "22-S\u00f3cio", "qual_rep_legal": "05-Administrador", "nome_rep_legal": "NORBERTO FERNANDES NETO", "nome": "RIWA S/A INCORPORACOES,INVESTIMENTOS E PARTICIPACOES"}, {"qual": "49-S\u00f3cio-Administrador", "nome": "WALTER GUIMARAES DE MORAES JUNIOR"}, {"qual": "49-S\u00f3cio-Administrador", "nome": "NORBERTO FERNANDES NETO"}, {"qual": "49-S\u00f3cio-Administrador", "nome": "PAULO ROBERTO LACERDA DE MORAES"}, {"qual": "05-Administrador", "nome": "PAULO DA COSTA MACHADO"}], "situacao": "ATIVA", "bairro": "CENTRO", "logradouro": "R SENADOR DANTAS", "numero": "00075", "cep": "20.031-914", "municipio": "RIO DE JANEIRO", "porte": "DEMAIS", "abertura": "18/09/1987", "natureza_juridica": "206-2 - Sociedade Empres\u00e1ria Limitada", "fantasia": "CONSTRUTORA ZADAR", "cnpj": "30.183.941/0001-79", "ultima_atualizacao": "2020-02-07T23:53:50.210Z", "status": "OK", "tipo": "MATRIZ", "efr": "", "motivo_situacao": "", "situacao_especial": "", "data_situacao_especial": "", "capital_social": "55000000.00", "extra": {}, "billing": {"free": false, "database": true}}