{"atividade_principal": [{"text": "Seguran\u00e7a e ordem p\u00fablica", "code": "84.24-8-00"}], "data_situacao": "28/07/1998", "nome": "DEPARTAMENTO DE TRANSITO DO ESTADO DO RIO DE JANEIRO", "uf": "RJ", "situacao": "ATIVA", "bairro": "CENTRO", "logradouro": "AV PRESIDENTE VARGAS", "numero": "817", "cep": "20.071-004", "municipio": "RIO DE JANEIRO", "porte": "DEMAIS", "abertura": "13/02/1979", "natureza_juridica": "111-2 - Autarquia Estadual ou do Distrito Federal", "fantasia": "DETRAN RJ", "cnpj": "30.295.513/0001-38", "ultima_atualizacao": "2020-02-07T23:32:33.537Z", "status": "OK", "tipo": "MATRIZ", "complemento": "", "email": "", "telefone": "", "efr": "", "motivo_situacao": "", "situacao_especial": "", "data_situacao_especial": "", "atividades_secundarias": [{"code": "00.00-0-00", "text": "N\u00e3o informada"}], "capital_social": "0.00", "qsa": [], "extra": {}, "billing": {"free": false, "database": true}}