{"atividade_principal": [{"text": "Laborat\u00f3rios cl\u00ednicos", "code": "86.40-2-02"}], "data_situacao": "26/02/2005", "nome": "INSTITUTO DE MEDICINA NUCLEAR LTDA", "uf": "RJ", "telefone": "(22) 2772-4399", "atividades_secundarias": [{"text": "Atividade m\u00e9dica ambulatorial com recursos para realiza\u00e7\u00e3o de exames complementares", "code": "86.30-5-02"}, {"text": "Laborat\u00f3rios de anatomia patol\u00f3gica e citol\u00f3gica", "code": "86.40-2-01"}, {"text": "Servi\u00e7os de tomografia", "code": "86.40-2-04"}, {"text": "Servi\u00e7os de diagn\u00f3stico por imagem com uso de radia\u00e7\u00e3o ionizante, exceto tomografia", "code": "86.40-2-05"}, {"text": "Servi\u00e7os de resson\u00e2ncia magn\u00e9tica", "code": "86.40-2-06"}, {"text": "Servi\u00e7os de diagn\u00f3stico por imagem sem uso de radia\u00e7\u00e3o ionizante, exceto resson\u00e2ncia magn\u00e9tica", "code": "86.40-2-07"}], "qsa": [{"qual": "22-S\u00f3cio", "nome": "OSMAR SERVINO NETO"}, {"qual": "49-S\u00f3cio-Administrador", "nome": "VALERIA REGINA DE LIMA RAMALHO SERVINO"}, {"qual": "22-S\u00f3cio", "nome": "EDUARDO LUIZ RAMALHO SERVINO"}], "situacao": "ATIVA", "bairro": "CENTRO", "logradouro": "R MARECHAL DEODORO", "numero": "684", "cep": "27.910-310", "municipio": "MACAE", "porte": "EMPRESA DE PEQUENO PORTE", "abertura": "22/07/1980", "natureza_juridica": "206-2 - Sociedade Empres\u00e1ria Limitada", "fantasia": "INSTITUTO DE MEDICINA NUCLEAR E ENDOCRINOLOGIA", "cnpj": "30.403.075/0001-84", "ultima_atualizacao": "2020-02-07T23:52:26.931Z", "status": "OK", "tipo": "MATRIZ", "complemento": "", "email": "", "efr": "", "motivo_situacao": "", "situacao_especial": "", "data_situacao_especial": "", "capital_social": "200000.00", "extra": {}, "billing": {"free": false, "database": true}}