{"atividade_principal": [{"text": "Cart\u00f3rios", "code": "69.12-5-00"}], "data_situacao": "03/11/2005", "nome": "CARTORIO DO 1 OFICIO DE JUSTICA DA COMARCA DE MACAE", "uf": "RJ", "telefone": "(22) 2105-0250", "situacao": "ATIVA", "bairro": "CENTRO", "logradouro": "R DR PEREIRA DE SOUZA", "numero": "104", "cep": "27.913-110", "municipio": "MACAE", "porte": "DEMAIS", "abertura": "05/02/1981", "natureza_juridica": "303-4 - Servi\u00e7o Notarial e Registral (Cart\u00f3rio)", "fantasia": "CARTORIO ESTELITA LIMA DE SOUZA", "cnpj": "30.404.917/0001-12", "ultima_atualizacao": "2020-02-07T22:53:51.490Z", "status": "OK", "tipo": "MATRIZ", "complemento": "", "email": "", "efr": "", "motivo_situacao": "", "situacao_especial": "", "data_situacao_especial": "", "atividades_secundarias": [{"code": "00.00-0-00", "text": "N\u00e3o informada"}], "capital_social": "0.00", "qsa": [], "extra": {}, "billing": {"free": false, "database": true}}