{"atividade_principal": [{"text": "Com\u00e9rcio varejista de g\u00e1s liq\u00fcefeito de petr\u00f3leo (GLP)", "code": "47.84-9-00"}], "data_situacao": "03/11/2005", "complemento": "QUADRAC", "nome": "HERALDO A RIBEIRO", "uf": "RJ", "telefone": "(22) 2722-4592/ (22) 2722-4592", "email": "batista@viacaco.com.br", "atividades_secundarias": [{"text": "Com\u00e9rcio varejista de materiais de constru\u00e7\u00e3o em geral", "code": "47.44-0-99"}, {"text": "Servi\u00e7os de pintura de edif\u00edcios em geral", "code": "43.30-4-04"}, {"text": "Instala\u00e7\u00e3o de portas, janelas, tetos, divis\u00f3rias e arm\u00e1rios embutidos de qualquer material", "code": "43.30-4-02"}, {"text": "Limpeza em pr\u00e9dios e em domic\u00edlios", "code": "81.21-4-00"}, {"text": "Com\u00e9rcio varejista de artigos do vestu\u00e1rio e acess\u00f3rios", "code": "47.81-4-00"}, {"text": "Restaurantes e similares", "code": "56.11-2-01"}, {"text": "Fabrica\u00e7\u00e3o de produtos de padaria e confeitaria com predomin\u00e2ncia de produ\u00e7\u00e3o pr\u00f3pria", "code": "10.91-1-02"}, {"text": "Com\u00e9rcio varejista de produtos farmac\u00eauticos, sem manipula\u00e7\u00e3o de f\u00f3rmulas", "code": "47.71-7-01"}, {"text": "Servi\u00e7os de manuten\u00e7\u00e3o e repara\u00e7\u00e3o mec\u00e2nica de ve\u00edculos automotores", "code": "45.20-0-01"}, {"text": "Imuniza\u00e7\u00e3o e controle de pragas urbanas", "code": "81.22-2-00"}, {"text": "Comercio varejista de artigos de armarinho", "code": "47.55-5-02"}], "situacao": "ATIVA", "bairro": "PRAIA DO ACU", "logradouro": "R A PARAISO DO SOL", "numero": "22", "cep": "28.200-000", "municipio": "SAO JOAO DA BARRA", "porte": "MICRO EMPRESA", "abertura": "20/12/1979", "natureza_juridica": "213-5 - Empres\u00e1rio (Individual)", "fantasia": "SERTAO GAS", "cnpj": "30.402.267/0001-76", "ultima_atualizacao": "2020-02-08T00:32:31.360Z", "status": "OK", "tipo": "MATRIZ", "efr": "", "motivo_situacao": "", "situacao_especial": "", "data_situacao_especial": "", "capital_social": "0.00", "qsa": [], "extra": {}, "billing": {"free": false, "database": true}}