{"atividade_principal": [{"text": "Atividades de servi\u00e7os de complementa\u00e7\u00e3o diagn\u00f3stica e terap\u00eautica n\u00e3o especificadas anteriormente", "code": "86.40-2-99"}], "data_situacao": "12/10/2002", "nome": "RADIOLAB CARDIOLOGIA E LABORATORIO - EIRELI", "uf": "RJ", "atividades_secundarias": [{"text": "Servi\u00e7os de tomografia", "code": "86.40-2-04"}, {"text": "Servi\u00e7os de diagn\u00f3stico por imagem com uso de radia\u00e7\u00e3o ionizante, exceto tomografia", "code": "86.40-2-05"}, {"text": "Servi\u00e7os de resson\u00e2ncia magn\u00e9tica", "code": "86.40-2-06"}, {"text": "Servi\u00e7os de diagn\u00f3stico por imagem sem uso de radia\u00e7\u00e3o ionizante, exceto resson\u00e2ncia magn\u00e9tica", "code": "86.40-2-07"}, {"text": "Servi\u00e7os de diagn\u00f3stico por registro gr\u00e1fico - ECG, EEG e outros exames an\u00e1logos", "code": "86.40-2-08"}, {"text": "Servi\u00e7os de diagn\u00f3stico por m\u00e9todos \u00f3pticos - endoscopia e outros exames an\u00e1logos", "code": "86.40-2-09"}, {"text": "Servi\u00e7os de radioterapia", "code": "86.40-2-11"}, {"text": "Servi\u00e7os de litotripcia", "code": "86.40-2-13"}], "qsa": [{"qual": "65-Titular Pessoa F\u00edsica Residente ou Domiciliado no Brasil", "nome": "NINA PIMENTEL DO PATROCINIO DULTRA"}], "situacao": "ATIVA", "bairro": "CENTRO", "logradouro": "R CONDE DE ARARUAMA", "numero": "440", "cep": "27.910-300", "municipio": "MACAE", "porte": "EMPRESA DE PEQUENO PORTE", "abertura": "17/11/1983", "natureza_juridica": "230-5 - Empresa Individual de Responsabilidade Limitada (de Natureza Empres\u00e1ria)", "fantasia": "CENTRO CARDIODIAGNOSTICO DE MACAE", "cnpj": "30.410.872/0001-99", "ultima_atualizacao": "2020-02-07T22:57:45.200Z", "status": "OK", "tipo": "MATRIZ", "complemento": "", "email": "", "telefone": "", "efr": "", "motivo_situacao": "", "situacao_especial": "", "data_situacao_especial": "", "capital_social": "1100000.00", "extra": {}, "billing": {"free": false, "database": true}}