{"atividade_principal": [{"text": "Atividades de associa\u00e7\u00f5es de defesa de direitos sociais", "code": "94.30-8-00"}], "data_situacao": "03/11/2005", "complemento": "LOJA MACONICA", "nome": "AUGUSTA RESPEITAVEL BENEMERITA LOJA MACONICA GONCALVES LEDO N 49", "uf": "RJ", "atividades_secundarias": [{"text": "Atividades de organiza\u00e7\u00f5es associativas ligadas \u00e0 cultura e \u00e0 arte", "code": "94.93-6-00"}, {"text": "Atividades associativas n\u00e3o especificadas anteriormente", "code": "94.99-5-00"}], "qsa": [{"qual": "16-Presidente", "nome": "EMERSON RODRIGUES ESTEVES DA SILVA"}], "situacao": "ATIVA", "bairro": "COSTA DO SOL", "logradouro": "R LUIZ PINHEIRO PORTUGAL", "numero": "158", "cep": "27.923-490", "municipio": "MACAE", "porte": "DEMAIS", "abertura": "28/12/1983", "natureza_juridica": "399-9 - Associa\u00e7\u00e3o Privada", "cnpj": "30.410.922/0001-38", "ultima_atualizacao": "2020-02-07T23:30:21.535Z", "status": "OK", "tipo": "MATRIZ", "fantasia": "", "email": "", "telefone": "", "efr": "", "motivo_situacao": "", "situacao_especial": "", "data_situacao_especial": "", "capital_social": "0.00", "extra": {}, "billing": {"free": false, "database": true}}