{"atividade_principal": [{"text": "Atividades de profissionais da \u00e1rea de sa\u00fade n\u00e3o especificadas anteriormente", "code": "86.50-0-99"}], "data_situacao": "29/07/2001", "complemento": "TERREO", "nome": "POLICLINICA SERVICOS MEDICOS DE MACAE LTDA", "uf": "RJ", "telefone": "(024) 7723-315", "atividades_secundarias": [{"text": "Loca\u00e7\u00e3o de m\u00e3o-de-obra tempor\u00e1ria", "code": "78.20-5-00"}, {"text": "UTI m\u00f3vel", "code": "86.21-6-01"}, {"text": "Servi\u00e7os m\u00f3veis de atendimento a urg\u00eancias, exceto por UTI m\u00f3vel", "code": "86.21-6-02"}, {"text": "Atividades de aten\u00e7\u00e3o ambulatorial n\u00e3o especificadas anteriormente", "code": "86.30-5-99"}, {"text": "Laborat\u00f3rios cl\u00ednicos", "code": "86.40-2-02"}, {"text": "Servi\u00e7os de tomografia", "code": "86.40-2-04"}, {"text": "Servi\u00e7os de diagn\u00f3stico por imagem com uso de radia\u00e7\u00e3o ionizante, exceto tomografia", "code": "86.40-2-05"}, {"text": "Servi\u00e7os de resson\u00e2ncia magn\u00e9tica", "code": "86.40-2-06"}, {"text": "Servi\u00e7os de diagn\u00f3stico por imagem sem uso de radia\u00e7\u00e3o ionizante, exceto resson\u00e2ncia magn\u00e9tica", "code": "86.40-2-07"}, {"text": "Servi\u00e7os de diagn\u00f3stico por registro gr\u00e1fico - ECG, EEG e outros exames an\u00e1logos", "code": "86.40-2-08"}, {"text": "Servi\u00e7os de diagn\u00f3stico por m\u00e9todos \u00f3pticos - endoscopia e outros exames an\u00e1logos", "code": "86.40-2-09"}, {"text": "Servi\u00e7os de radioterapia", "code": "86.40-2-11"}, {"text": "Servi\u00e7os de litotripcia", "code": "86.40-2-13"}, {"text": "Atividades de servi\u00e7os de complementa\u00e7\u00e3o diagn\u00f3stica e terap\u00eautica n\u00e3o especificadas anteriormente", "code": "86.40-2-99"}, {"text": "Atividades de fisioterapia", "code": "86.50-0-04"}, {"text": "Atividades de terapia ocupacional", "code": "86.50-0-05"}, {"text": "Atividades de fonoaudiologia", "code": "86.50-0-06"}, {"text": "Atividades de apoio \u00e0 gest\u00e3o de sa\u00fade", "code": "86.60-7-00"}], "qsa": [{"qual": "22-S\u00f3cio", "nome": "CESAR AUGUSTO SABINO DE AZEVEDO"}, {"qual": "49-S\u00f3cio-Administrador", "nome": "ANNA MARIA GOULART ANTUNES"}, {"qual": "05-Administrador", "nome": "HELOANA ANTUNES SABINO DE AZEVEDO"}, {"qual": "05-Administrador", "nome": "CESAR AUGUSTO SABINO DE AZEVEDO JUNIOR"}], "situacao": "ATIVA", "bairro": "CENTRO", "logradouro": "R DOUTOR LUIZ BELLEGARD", "numero": "148", "cep": "27.913-260", "municipio": "MACAE", "porte": "DEMAIS", "abertura": "26/09/1984", "natureza_juridica": "206-2 - Sociedade Empres\u00e1ria Limitada", "fantasia": "POLICLINICA SERVICOS MEDICOS", "cnpj": "30.411.250/0001-85", "ultima_atualizacao": "2020-02-08T04:37:16.382Z", "status": "OK", "tipo": "MATRIZ", "email": "", "efr": "", "motivo_situacao": "", "situacao_especial": "", "data_situacao_especial": "", "capital_social": "600000.00", "extra": {}, "billing": {"free": false, "database": true}}