{"atividade_principal": [{"text": "Administra\u00e7\u00e3o de caixas escolares", "code": "85.50-3-01"}], "data_situacao": "18/05/2018", "nome": "CONSELHO ESCOLAR DA ESCOLA MUNICIPAL DE EDUCACAO INFANTIL EDDA EVELYN DAMASCENO SIMAO ALMEIDA", "uf": "RJ", "telefone": "(22) 9102-6982", "atividades_secundarias": [{"text": "Outras atividades de ensino n\u00e3o especificadas anteriormente", "code": "85.99-6-99"}], "qsa": [{"qual": "16-Presidente", "nome": "VIRGINIA DE ARAUJO BARROSO DE SOUZA"}], "situacao": "ATIVA", "bairro": "PARQUE AEROPORTO", "logradouro": "R JUREMA DE CARVALHO PAES", "numero": "53", "cep": "27.963-556", "municipio": "MACAE", "porte": "DEMAIS", "abertura": "18/05/2018", "natureza_juridica": "399-9 - Associa\u00e7\u00e3o Privada", "cnpj": "30.798.628/0001-45", "ultima_atualizacao": "2020-02-08T19:11:49.660Z", "status": "OK", "tipo": "MATRIZ", "fantasia": "", "complemento": "", "email": "", "efr": "", "motivo_situacao": "", "situacao_especial": "", "data_situacao_especial": "", "capital_social": "0.00", "extra": {}, "billing": {"free": false, "database": false}}