{"atividade_principal": [{"text": "Distribuidoras de t\u00edtulos e valores mobili\u00e1rios", "code": "66.12-6-02"}], "data_situacao": "03/11/2005", "complemento": "SALAS 201,202,301,302", "nome": "BB GESTAO DE RECURSOS - DISTRIBUIDORA DE TITULOS E VALORES MOBILIARIOS S.A.", "uf": "RJ", "telefone": "(021) 3808-7500", "email": "bbdtvm@bb.com.br", "qsa": [{"qual": "16-Presidente", "nome": "CARLOS JOSE DA COSTA ANDRE"}, {"qual": "10-Diretor", "nome": "AROLDO SALGADO DE MEDEIROS FILHO"}, {"qual": "10-Diretor", "nome": "MARCELO MARQUES PACHECO"}, {"qual": "10-Diretor", "nome": "LEONARDO SILVA DE LOYOLA REIS"}], "situacao": "ATIVA", "bairro": "CENTRO", "logradouro": "PC XV DE NOVEMBRO", "numero": "20", "cep": "20.010-010", "municipio": "RIO DE JANEIRO", "porte": "DEMAIS", "abertura": "04/06/1986", "natureza_juridica": "205-4 - Sociedade An\u00f4nima Fechada", "fantasia": "BB-DTVM S.A.", "cnpj": "30.822.936/0001-69", "ultima_atualizacao": "2020-02-08T00:36:26.443Z", "status": "OK", "tipo": "MATRIZ", "efr": "", "motivo_situacao": "", "situacao_especial": "", "data_situacao_especial": "", "atividades_secundarias": [{"code": "00.00-0-00", "text": "N\u00e3o informada"}], "capital_social": "0.00", "extra": {}, "billing": {"free": false, "database": true}}