{"atividade_principal": [{"text": "Com\u00e9rcio varejista de materiais de constru\u00e7\u00e3o n\u00e3o especificados anteriormente", "code": "47.44-0-05"}], "data_situacao": "03/11/2005", "complemento": "CASA TIPO 262", "nome": "P C DE SALES MATERIAL DE CONSTRUCAO M E", "uf": "RJ", "telefone": "(22) 2773-3864/ (22) 2773-3864", "email": "hprangel@uol.com.br", "atividades_secundarias": [{"text": "Obras de terraplenagem", "code": "43.13-4-00"}, {"text": "Servi\u00e7os combinados de escrit\u00f3rio e apoio administrativo", "code": "82.11-3-00"}, {"text": "Transporte rodovi\u00e1rio de produtos perigosos", "code": "49.30-2-03"}, {"text": "Aluguel de m\u00e1quinas e equipamentos para constru\u00e7\u00e3o sem operador, exceto andaimes", "code": "77.32-2-01"}], "situacao": "ATIVA", "bairro": "PARQUE AEROPORTO", "logradouro": "R ODORICO DA SILVA BRAZ", "numero": "12", "cep": "27.963-646", "municipio": "MACAE", "porte": "EMPRESA DE PEQUENO PORTE", "abertura": "22/08/1986", "natureza_juridica": "213-5 - Empres\u00e1rio (Individual)", "fantasia": "GAIVOTA CONSTRUCAO", "cnpj": "31.067.911/0001-60", "ultima_atualizacao": "2020-02-08T00:51:35.120Z", "status": "OK", "tipo": "MATRIZ", "efr": "", "motivo_situacao": "", "situacao_especial": "", "data_situacao_especial": "", "capital_social": "0.00", "qsa": [], "extra": {}, "billing": {"free": false, "database": true}}