{"atividade_principal": [{"text": "Repara\u00e7\u00e3o e manuten\u00e7\u00e3o de equipamentos eletroeletr\u00f4nicos de uso pessoal e dom\u00e9stico", "code": "95.21-5-00"}], "data_situacao": "03/11/2005", "nome": "MGR MANUTENCAO E REPAROS DE EQUIPAMENTOS LTDA", "uf": "RJ", "qsa": [{"qual": "49-S\u00f3cio-Administrador", "nome": "EDSON ROBERTO DANIEL"}, {"qual": "49-S\u00f3cio-Administrador", "nome": "MARCO AURELIO GOMES RODRIGUES"}, {"qual": "49-S\u00f3cio-Administrador", "nome": "EMANOEL ROGERIO FERREIRA DE SOUZA"}, {"qual": "49-S\u00f3cio-Administrador", "nome": "MAURO NEI LOPES"}], "situacao": "ATIVA", "bairro": "MEIER", "logradouro": "R SILVA RABELO", "numero": "106", "cep": "20.735-080", "municipio": "RIO DE JANEIRO", "porte": "MICRO EMPRESA", "abertura": "27/12/1988", "natureza_juridica": "224-0 - Sociedade Simples Limitada", "cnpj": "31.113.384/0001-82", "ultima_atualizacao": "2020-02-07T23:59:19.367Z", "status": "OK", "tipo": "MATRIZ", "fantasia": "", "complemento": "", "email": "", "telefone": "", "efr": "", "motivo_situacao": "", "situacao_especial": "", "data_situacao_especial": "", "atividades_secundarias": [{"code": "00.00-0-00", "text": "N\u00e3o informada"}], "capital_social": "0.00", "extra": {}, "billing": {"free": false, "database": true}}