{"atividade_principal": [{"text": "Com\u00e9rcio atacadista de papel e papel\u00e3o em bruto", "code": "46.86-9-01"}], "data_situacao": "29/07/2001", "complemento": "SALA 203", "nome": "NOVA COROA COMERCIO DE MATERIAIS LTDA.", "uf": "RJ", "telefone": "(21) 2253-8101", "email": "novacoroa2013@gmail.com", "atividades_secundarias": [{"text": "Reprodu\u00e7\u00e3o de software em qualquer suporte", "code": "18.30-0-03"}, {"text": "Com\u00e9rcio atacadista de artigos do vestu\u00e1rio e acess\u00f3rios, exceto profissionais e de seguran\u00e7a", "code": "46.42-7-01"}, {"text": "Com\u00e9rcio atacadista de cal\u00e7ados", "code": "46.43-5-01"}, {"text": "Com\u00e9rcio atacadista de instrumentos e materiais para uso m\u00e9dico, cir\u00fargico, hospitalar e de laborat\u00f3rios", "code": "46.45-1-01"}, {"text": "Com\u00e9rcio atacadista de produtos de higiene pessoal", "code": "46.46-0-02"}, {"text": "Com\u00e9rcio atacadista de artigos de escrit\u00f3rio e de papelaria", "code": "46.47-8-01"}, {"text": "Com\u00e9rcio atacadista de m\u00f3veis e artigos de colchoaria", "code": "46.49-4-04"}, {"text": "Com\u00e9rcio atacadista de outros equipamentos e artigos de uso pessoal e dom\u00e9stico n\u00e3o especificados anteriormente", "code": "46.49-4-99"}, {"text": "Com\u00e9rcio atacadista de suprimentos para inform\u00e1tica", "code": "46.51-6-02"}, {"text": "Com\u00e9rcio atacadista de outras m\u00e1quinas e equipamentos n\u00e3o especificados anteriormente; partes e pe\u00e7as", "code": "46.69-9-99"}, {"text": "Com\u00e9rcio atacadista de material el\u00e9trico", "code": "46.73-7-00"}], "qsa": [{"qual": "49-S\u00f3cio-Administrador", "nome": "MILTON VIGNOLI"}, {"qual": "49-S\u00f3cio-Administrador", "nome": "CARLA NOGUEIRA VIGNOLI"}], "situacao": "ATIVA", "bairro": "CENTRO", "logradouro": "R MIGUEL COUTO", "numero": "134", "cep": "20.070-030", "municipio": "RIO DE JANEIRO", "porte": "EMPRESA DE PEQUENO PORTE", "abertura": "16/10/1986", "natureza_juridica": "206-2 - Sociedade Empres\u00e1ria Limitada", "fantasia": "NOVA COROA", "cnpj": "31.201.320/0001-33", "ultima_atualizacao": "2020-02-08T18:35:29.712Z", "status": "OK", "tipo": "MATRIZ", "efr": "", "motivo_situacao": "", "situacao_especial": "", "data_situacao_especial": "", "capital_social": "2900000.00", "extra": {}, "billing": {"free": false, "database": false}}