{"atividade_principal": [{"text": "Confec\u00e7\u00e3o de roupas profissionais, exceto sob medida", "code": "14.13-4-01"}], "data_situacao": "24/09/2005", "nome": "MAV COMERCIO E CONFECCOES LTDA", "uf": "RJ", "telefone": "(21) 2605-5536/ (21) 2604-0542", "email": "mav@mavroupas.com.br", "qsa": [{"qual": "49-S\u00f3cio-Administrador", "nome": "ANDERSON LUIZ DOURADO MONTEIRO"}, {"qual": "49-S\u00f3cio-Administrador", "nome": "MARIA JOSE DOURADO MONTEIRO"}], "situacao": "ATIVA", "bairro": "PARAISO", "logradouro": "TR CORREA TORRES", "numero": "588", "cep": "24.426-650", "municipio": "SAO GONCALO", "porte": "DEMAIS", "abertura": "21/11/1986", "natureza_juridica": "206-2 - Sociedade Empres\u00e1ria Limitada", "cnpj": "31.260.029/0001-36", "ultima_atualizacao": "2020-02-07T23:34:02.840Z", "status": "OK", "tipo": "MATRIZ", "fantasia": "", "complemento": "", "efr": "", "motivo_situacao": "", "situacao_especial": "", "data_situacao_especial": "", "atividades_secundarias": [{"code": "00.00-0-00", "text": "N\u00e3o informada"}], "capital_social": "1000000.00", "extra": {}, "billing": {"free": false, "database": true}}