{"atividade_principal": [{"text": "Servi\u00e7os de arquitetura", "code": "71.11-1-00"}], "data_situacao": "18/09/2019", "complemento": "LOJA 07", "nome": "C P R PROJETOS INDUSTRIAIS LTDA", "uf": "RJ", "telefone": "(22) 2772-1444", "qsa": [{"qual": "49-S\u00f3cio-Administrador", "nome": "CARLOS ALBERTO GARCIA LEITAO"}, {"qual": "49-S\u00f3cio-Administrador", "nome": "EUGENIO PACELI DE SOUZA NASCIMENTO"}, {"qual": "49-S\u00f3cio-Administrador", "nome": "PAULO CESAR COUTINHO"}, {"qual": "49-S\u00f3cio-Administrador", "nome": "RICARDO DE ARAUJO CASTRO"}], "situacao": "ATIVA", "bairro": "CENTRO", "logradouro": "AV RUI BARBOSA", "numero": "1043", "cep": "27.910-361", "municipio": "MACAE", "porte": "DEMAIS", "abertura": "10/02/1992", "natureza_juridica": "206-2 - Sociedade Empres\u00e1ria Limitada", "cnpj": "31.503.956/0001-30", "ultima_atualizacao": "2020-02-08T03:59:25.225Z", "status": "OK", "tipo": "MATRIZ", "fantasia": "", "email": "", "efr": "", "motivo_situacao": "", "situacao_especial": "", "data_situacao_especial": "", "atividades_secundarias": [{"code": "00.00-0-00", "text": "N\u00e3o informada"}], "capital_social": "0.00", "extra": {}, "billing": {"free": false, "database": true}}