{"atividade_principal": [{"text": "Ensino fundamental", "code": "85.13-9-00"}], "data_situacao": "24/09/2005", "nome": "ASSOCIACAO EDUCACIONAL TERAPEUTICA SOCIEDADE DE ENSINO E TERAPIA MACAENSE-SENTROM", "uf": "RJ", "telefone": "(22) 2762-9647", "atividades_secundarias": [{"text": "Atividades de associa\u00e7\u00f5es de defesa de direitos sociais", "code": "94.30-8-00"}, {"text": "Atividades de organiza\u00e7\u00f5es associativas ligadas \u00e0 cultura e \u00e0 arte", "code": "94.93-6-00"}, {"text": "Atividades associativas n\u00e3o especificadas anteriormente", "code": "94.99-5-00"}], "qsa": [{"qual": "16-Presidente", "nome": "RITA DE FATIMA MANHAES GOMES BARRETO"}], "situacao": "ATIVA", "bairro": "SOL Y MAR", "logradouro": "AV EVALDO COSTA", "numero": "475", "cep": "27.940-410", "municipio": "MACAE", "porte": "DEMAIS", "abertura": "01/09/1989", "natureza_juridica": "399-9 - Associa\u00e7\u00e3o Privada", "cnpj": "31.504.798/0001-32", "ultima_atualizacao": "2020-02-08T01:09:01.396Z", "status": "OK", "tipo": "MATRIZ", "fantasia": "", "complemento": "", "email": "", "efr": "", "motivo_situacao": "", "situacao_especial": "", "data_situacao_especial": "", "capital_social": "0.00", "extra": {}, "billing": {"free": false, "database": true}}