{"atividade_principal": [{"text": "Com\u00e9rcio atacadista de instrumentos e materiais para uso m\u00e9dico, cir\u00fargico, hospitalar e de laborat\u00f3rios", "code": "46.45-1-01"}], "data_situacao": "19/11/2014", "complemento": "LOTE 39E", "nome": "LABORATORIOS B BRAUN SA", "uf": "RJ", "telefone": "(21) 2602-3324/ (21) 2602-3321", "email": "luana.martins@bbraun.com", "atividades_secundarias": [{"text": "Com\u00e9rcio atacadista de m\u00e1quinas, aparelhos e equipamentos para uso odonto-m\u00e9dico-hospitalar; partes e pe\u00e7as", "code": "46.64-8-00"}, {"text": "Com\u00e9rcio atacadista de medicamentos e drogas de uso humano", "code": "46.44-3-01"}], "situacao": "ATIVA", "bairro": "GUAXINDIBA", "logradouro": "EST GUAXINDIBA", "numero": "1990", "cep": "24.722-030", "municipio": "SAO GONCALO", "porte": "DEMAIS", "abertura": "19/11/2014", "natureza_juridica": "205-4 - Sociedade An\u00f4nima Fechada", "fantasia": "LABORATORIOS B BRAUN S/A", "cnpj": "31.673.254/0010-95", "ultima_atualizacao": "2020-02-08T19:02:34.569Z", "status": "OK", "tipo": "FILIAL", "efr": "", "motivo_situacao": "", "situacao_especial": "", "data_situacao_especial": "", "capital_social": "0.00", "qsa": [], "extra": {}, "billing": {"free": false, "database": false}}