{"atividade_principal": [{"text": "Fabrica\u00e7\u00e3o de materiais para medicina e odontologia", "code": "32.50-7-05"}], "data_situacao": "03/11/2005", "complemento": "E AV JEQUITIBA N 9", "nome": "LABORATORIOS B BRAUN SA", "uf": "RJ", "telefone": "(21) 2602-3324/ (21) 2602-3321", "email": "luana.martins@bbraun.com", "atividades_secundarias": [{"text": "Fabrica\u00e7\u00e3o de prepara\u00e7\u00f5es farmac\u00eauticas", "code": "21.23-8-00"}, {"text": "Com\u00e9rcio atacadista de res\u00edduos e sucatas met\u00e1licos", "code": "46.87-7-03"}, {"text": "Atividades de intermedia\u00e7\u00e3o e agenciamento de servi\u00e7os e neg\u00f3cios em geral, exceto imobili\u00e1rios", "code": "74.90-1-04"}, {"text": "Aluguel de equipamentos cient\u00edficos, m\u00e9dicos e hospitalares, sem operador", "code": "77.39-0-02"}, {"text": "Aluguel de outras m\u00e1quinas e equipamentos comerciais e industriais n\u00e3o especificados anteriormente, sem operador", "code": "77.39-0-99"}, {"text": "Servi\u00e7os de di\u00e1lise e nefrologia", "code": "86.40-2-03"}], "qsa": [{"qual": "10-Diretor", "nome": "AFONSO AUGUSTO MOREIRA DE SOUSA"}, {"qual": "16-Presidente", "nome": "BERT BENDER"}], "situacao": "ATIVA", "bairro": "ARSENAL", "logradouro": "AV EUGENIO BORGES", "numero": "1092", "cep": "24.751-000", "municipio": "SAO GONCALO", "porte": "DEMAIS", "abertura": "23/09/1970", "natureza_juridica": "205-4 - Sociedade An\u00f4nima Fechada", "cnpj": "31.673.254/0001-02", "ultima_atualizacao": "2020-02-08T17:20:29.058Z", "status": "OK", "tipo": "MATRIZ", "fantasia": "", "efr": "", "motivo_situacao": "", "situacao_especial": "", "data_situacao_especial": "", "capital_social": "0.00", "extra": {}, "billing": {"free": false, "database": true}}