{"atividade_principal": [{"text": "Com\u00e9rcio varejista especializado de equipamentos e suprimentos de inform\u00e1tica", "code": "47.51-2-01"}], "data_situacao": "04/10/2018", "nome": "SHOP SERVICE SERVICOS E VENDA DE PRODUTOS DE INFORMATICA E TECNOLOGIA LTDA", "uf": "RJ", "telefone": "(22) 2772-5411", "email": "anilson@shopsolarbrasil.com.br", "atividades_secundarias": [{"text": "Manuten\u00e7\u00e3o e repara\u00e7\u00e3o de geradores, transformadores e motores el\u00e9tricos", "code": "33.13-9-01"}, {"text": "Instala\u00e7\u00e3o e manuten\u00e7\u00e3o el\u00e9trica", "code": "43.21-5-00"}, {"text": "Servi\u00e7os de opera\u00e7\u00e3o e fornecimento de equipamentos para transporte e eleva\u00e7\u00e3o de cargas e pessoas para uso em obras", "code": "43.99-1-04"}, {"text": "Comercio varejista de artigos de cama, mesa e banho", "code": "47.55-5-03"}, {"text": "Com\u00e9rcio varejista de artigos de papelaria", "code": "47.61-0-03"}, {"text": "Com\u00e9rcio varejista de embarca\u00e7\u00f5es e outros ve\u00edculos recreativos; pe\u00e7as e acess\u00f3rios", "code": "47.63-6-05"}, {"text": "Com\u00e9rcio varejista de cosm\u00e9ticos, produtos de perfumaria e de higiene pessoal", "code": "47.72-5-00"}, {"text": "Com\u00e9rcio varejista de artigos de viagem", "code": "47.82-2-02"}, {"text": "Edi\u00e7\u00e3o de jornais di\u00e1rios", "code": "58.12-3-01"}, {"text": "Desenvolvimento de programas de computador sob encomenda", "code": "62.01-5-01"}, {"text": "Desenvolvimento e licenciamento de programas de computador customiz\u00e1veis", "code": "62.02-3-00"}, {"text": "Tratamento de dados, provedores de servi\u00e7os de aplica\u00e7\u00e3o e servi\u00e7os de hospedagem na internet", "code": "63.11-9-00"}, {"text": "Outras atividades de presta\u00e7\u00e3o de servi\u00e7os de informa\u00e7\u00e3o n\u00e3o especificadas anteriormente", "code": "63.99-2-00"}, {"text": "Promo\u00e7\u00e3o de vendas", "code": "73.19-0-02"}, {"text": "Aluguel de m\u00e1quinas e equipamentos para constru\u00e7\u00e3o sem operador, exceto andaimes", "code": "77.32-2-01"}, {"text": "Aluguel de andaimes", "code": "77.32-2-02"}, {"text": "Aluguel de outras m\u00e1quinas e equipamentos comerciais e industriais n\u00e3o especificados anteriormente, sem operador", "code": "77.39-0-99"}, {"text": "Repara\u00e7\u00e3o e manuten\u00e7\u00e3o de computadores e de equipamentos perif\u00e9ricos", "code": "95.11-8-00"}], "qsa": [{"qual": "49-S\u00f3cio-Administrador", "nome": "ANILSON ARAUJO JUNIOR"}, {"qual": "22-S\u00f3cio", "nome": "AUGUSTO MANOEL FROSSARD LADEIRA"}], "situacao": "ATIVA", "bairro": "CENTRO", "logradouro": "R TEIXEIRA DE GOUVEA", "numero": "1.487", "cep": "27.910-110", "municipio": "MACAE", "porte": "MICRO EMPRESA", "abertura": "04/10/2018", "natureza_juridica": "206-2 - Sociedade Empres\u00e1ria Limitada", "fantasia": "SHOP SERVICE TECNOLOGIA", "cnpj": "31.689.501/0001-50", "ultima_atualizacao": "2020-02-08T19:03:32.235Z", "status": "OK", "tipo": "MATRIZ", "complemento": "", "efr": "", "motivo_situacao": "", "situacao_especial": "", "data_situacao_especial": "", "capital_social": "500000.00", "extra": {}, "billing": {"free": false, "database": false}}