{"atividade_principal": [{"text": "Prepara\u00e7\u00e3o do leite", "code": "10.51-1-00"}], "data_situacao": "15/09/2001", "nome": "COOPERATIVA DE LATICINIOS DE ALFREDO CHAVES - CLAC", "uf": "ES", "telefone": "(27) 3269-1171/ (27) 3269-1357", "email": "clac@clacnet.coop.br", "atividades_secundarias": [{"text": "Servi\u00e7o de insemina\u00e7\u00e3o artificial em animais", "code": "01.62-8-01"}, {"text": "Fabrica\u00e7\u00e3o de conservas de frutas", "code": "10.31-7-00"}, {"text": "Fabrica\u00e7\u00e3o de sucos concentrados de frutas, hortali\u00e7as e legumes", "code": "10.33-3-01"}, {"text": "Fabrica\u00e7\u00e3o de sucos de frutas, hortali\u00e7as e legumes, exceto concentrados", "code": "10.33-3-02"}, {"text": "Fabrica\u00e7\u00e3o de latic\u00ednios", "code": "10.52-0-00"}, {"text": "Fabrica\u00e7\u00e3o de produtos de padaria e confeitaria com predomin\u00e2ncia de produ\u00e7\u00e3o pr\u00f3pria", "code": "10.91-1-02"}, {"text": "Manuten\u00e7\u00e3o e repara\u00e7\u00e3o de m\u00e1quinas e equipamentos para agricultura e pecu\u00e1ria", "code": "33.14-7-11"}, {"text": "Com\u00e9rcio atacadista de leite e latic\u00ednios", "code": "46.31-1-00"}, {"text": "Com\u00e9rcio atacadista de produtos aliment\u00edcios em geral", "code": "46.39-7-01"}, {"text": "Com\u00e9rcio varejista de mercadorias em geral, com predomin\u00e2ncia de produtos aliment\u00edcios - supermercados", "code": "47.11-3-02"}, {"text": "Padaria e confeitaria com predomin\u00e2ncia de revenda", "code": "47.21-1-02"}, {"text": "Com\u00e9rcio varejista de carnes - a\u00e7ougues", "code": "47.22-9-01"}, {"text": "Com\u00e9rcio varejista de bebidas", "code": "47.23-7-00"}, {"text": "Com\u00e9rcio varejista de hortifrutigranjeiros", "code": "47.24-5-00"}, {"text": "Com\u00e9rcio varejista de material el\u00e9trico", "code": "47.42-3-00"}, {"text": "Com\u00e9rcio varejista de ferragens e ferramentas", "code": "47.44-0-01"}, {"text": "Com\u00e9rcio varejista de madeira e artefatos", "code": "47.44-0-02"}, {"text": "Com\u00e9rcio varejista de materiais hidr\u00e1ulicos", "code": "47.44-0-03"}, {"text": "Com\u00e9rcio varejista de materiais de constru\u00e7\u00e3o em geral", "code": "47.44-0-99"}, {"text": "Com\u00e9rcio varejista de artigos de ca\u00e7a, pesca e camping", "code": "47.63-6-04"}, {"text": "Com\u00e9rcio varejista de medicamentos veterin\u00e1rios", "code": "47.71-7-04"}, {"text": "Com\u00e9rcio varejista de cosm\u00e9ticos, produtos de perfumaria e de higiene pessoal", "code": "47.72-5-00"}, {"text": "Com\u00e9rcio varejista de artigos do vestu\u00e1rio e acess\u00f3rios", "code": "47.81-4-00"}, {"text": "Com\u00e9rcio varejista de cal\u00e7ados", "code": "47.82-2-01"}, {"text": "Com\u00e9rcio varejista de artigos de viagem", "code": "47.82-2-02"}, {"text": "Com\u00e9rcio varejista de g\u00e1s liq\u00fcefeito de petr\u00f3leo (GLP)", "code": "47.84-9-00"}, {"text": "Com\u00e9rcio varejista de plantas e flores naturais", "code": "47.89-0-02"}, {"text": "Com\u00e9rcio varejista de animais vivos e de artigos e alimentos para animais de estima\u00e7\u00e3o", "code": "47.89-0-04"}, {"text": "Com\u00e9rcio varejista de produtos saneantes domissanit\u00e1rios", "code": "47.89-0-05"}, {"text": "Com\u00e9rcio varejista de outros produtos n\u00e3o especificados anteriormente", "code": "47.89-0-99"}, {"text": "Fornecimento de alimentos preparados preponderantemente para consumo domiciliar", "code": "56.20-1-04"}, {"text": "Servi\u00e7os de agronomia e de consultoria \u00e0s atividades agr\u00edcolas e pecu\u00e1rias", "code": "74.90-1-03"}, {"text": "Atividades veterin\u00e1rias", "code": "75.00-1-00"}], "qsa": [{"qual": "16-Presidente", "nome": "ROLMAR BOTECCHIA"}, {"qual": "10-Diretor", "nome": "LUCIANO LUIS GRASSE"}], "situacao": "ATIVA", "bairro": "OURO BRANCO", "logradouro": "AV GETULIO VARGAS", "numero": "190", "cep": "29.240-000", "municipio": "ALFREDO CHAVES", "porte": "DEMAIS", "abertura": "31/01/1982", "natureza_juridica": "214-3 - Cooperativa", "fantasia": "CLAC", "cnpj": "31.707.409/0001-76", "ultima_atualizacao": "2020-02-07T23:48:02.665Z", "status": "OK", "tipo": "MATRIZ", "complemento": "", "efr": "", "motivo_situacao": "", "situacao_especial": "", "data_situacao_especial": "", "capital_social": "0.00", "extra": {}, "billing": {"free": false, "database": true}}