{"atividade_principal": [{"text": "Manuten\u00e7\u00e3o e repara\u00e7\u00e3o de equipamentos e produtos n\u00e3o especificados anteriormente", "code": "33.19-8-00"}], "data_situacao": "09/04/2004", "nome": "SEMINTER SERVICOS DE MANUTENCAO E COMERCIO LTDA", "uf": "RJ", "telefone": "(21) 2719-4465", "email": "joaopaulo@seminter.com.br", "atividades_secundarias": [{"text": "Com\u00e9rcio atacadista de m\u00e1quinas, aparelhos e equipamentos para uso odonto-m\u00e9dico-hospitalar; partes e pe\u00e7as", "code": "46.64-8-00"}], "qsa": [{"qual": "49-S\u00f3cio-Administrador", "nome": "NILO PEREIRA DA SILVA"}, {"qual": "49-S\u00f3cio-Administrador", "nome": "JORGE FERNANDO XAVIER FERREIRA"}, {"qual": "49-S\u00f3cio-Administrador", "nome": "RAFAEL DA CUNHA FERREIRA"}, {"qual": "49-S\u00f3cio-Administrador", "nome": "JOAO LUIZ TEIXEIRA E SILVA XAVIER BATISTA"}, {"qual": "49-S\u00f3cio-Administrador", "nome": "JOAO PAULO TEIXEIRA E SILVA XAVIER BATISTA PENSO"}], "situacao": "ATIVA", "bairro": "RAMOS", "logradouro": "R OPERARIO FORTES", "numero": "00028", "cep": "21.031-100", "municipio": "RIO DE JANEIRO", "porte": "EMPRESA DE PEQUENO PORTE", "abertura": "19/11/1987", "natureza_juridica": "206-2 - Sociedade Empres\u00e1ria Limitada", "cnpj": "31.856.735/0001-45", "ultima_atualizacao": "2020-02-08T17:43:53.053Z", "status": "OK", "tipo": "MATRIZ", "fantasia": "", "complemento": "", "efr": "", "motivo_situacao": "", "situacao_especial": "", "data_situacao_especial": "", "capital_social": "400000.00", "extra": {}, "billing": {"free": false, "database": true}}