{"atividade_principal": [{"text": "Obras de terraplenagem", "code": "43.13-4-00"}], "data_situacao": "03/11/2005", "nome": "PRONTO PLAN CONSTRUCOES E TERRAPLENAGENS EIRELI", "uf": "RJ", "atividades_secundarias": [{"text": "Aluguel de m\u00e1quinas e equipamentos para constru\u00e7\u00e3o sem operador, exceto andaimes", "code": "77.32-2-01"}, {"text": "Servi\u00e7os de manuten\u00e7\u00e3o e repara\u00e7\u00e3o mec\u00e2nica de ve\u00edculos automotores", "code": "45.20-0-01"}, {"text": "Servi\u00e7os de prepara\u00e7\u00e3o do terreno n\u00e3o especificados anteriormente", "code": "43.19-3-00"}], "qsa": [{"qual": "65-Titular Pessoa F\u00edsica Residente ou Domiciliado no Brasil", "nome": "CLAUDIO FERNANDES DOS SANTOS"}], "situacao": "ATIVA", "bairro": "MIRAMAR", "logradouro": "AV SANTOS MOREIRA", "numero": "721", "cep": "27.943-200", "municipio": "MACAE", "porte": "DEMAIS", "abertura": "26/11/1987", "natureza_juridica": "230-5 - Empresa Individual de Responsabilidade Limitada (de Natureza Empres\u00e1ria)", "fantasia": "PRONTO PLAN", "cnpj": "31.861.222/0001-22", "ultima_atualizacao": "2020-02-08T17:32:07.290Z", "status": "OK", "tipo": "MATRIZ", "complemento": "", "email": "", "telefone": "", "efr": "", "motivo_situacao": "", "situacao_especial": "", "data_situacao_especial": "", "capital_social": "1600000.00", "extra": {}, "billing": {"free": false, "database": true}}