{"atividade_principal": [{"text": "Com\u00e9rcio atacadista de produtos odontol\u00f3gicos", "code": "46.45-1-03"}], "data_situacao": "24/09/2005", "nome": "RIO MEIER COMERCIO DE MATERIAIS ODONTO-HOSPITALARES LTDA.", "uf": "RJ", "telefone": "(21) 2591-1535", "email": "riomeier@riomeier.com.br", "atividades_secundarias": [{"text": "Com\u00e9rcio varejista de cosm\u00e9ticos, produtos de perfumaria e de higiene pessoal", "code": "47.72-5-00"}, {"text": "Com\u00e9rcio atacadista de medicamentos e drogas de uso humano", "code": "46.44-3-01"}, {"text": "Com\u00e9rcio atacadista de instrumentos e materiais para uso m\u00e9dico, cir\u00fargico, hospitalar e de laborat\u00f3rios", "code": "46.45-1-01"}], "qsa": [{"qual": "49-S\u00f3cio-Administrador", "nome": "ESTEVAM RODRIGUES DA SILVA"}, {"qual": "22-S\u00f3cio", "nome": "MARIA DA CONCEICAO SILVA LOPES"}, {"qual": "22-S\u00f3cio", "nome": "ELIANE RODRIGUES"}], "situacao": "ATIVA", "bairro": "MEIER", "logradouro": "R MEDINA", "numero": "164", "cep": "20.735-130", "municipio": "RIO DE JANEIRO", "porte": "EMPRESA DE PEQUENO PORTE", "abertura": "14/01/1988", "natureza_juridica": "206-2 - Sociedade Empres\u00e1ria Limitada", "fantasia": "RIO MEIER", "cnpj": "31.890.783/0001-50", "ultima_atualizacao": "2020-02-08T01:00:44.354Z", "status": "OK", "tipo": "MATRIZ", "complemento": "", "efr": "", "motivo_situacao": "", "situacao_especial": "", "data_situacao_especial": "", "capital_social": "0.00", "extra": {}, "billing": {"free": false, "database": true}}