{"atividade_principal": [{"text": "Fornecimento de alimentos preparados preponderantemente para empresas", "code": "56.20-1-01"}], "data_situacao": "03/11/2005", "complemento": "NOVO LOTEAMENTO", "nome": "ALIMINAS ALIMENTACAO INDUSTRIAL LTDA", "uf": "RJ", "telefone": "(22) 2773-4029/ (22) 2773-3755", "atividades_secundarias": [{"text": "Carga e descarga", "code": "52.12-5-00"}, {"text": "Restaurantes e similares", "code": "56.11-2-01"}, {"text": "Servi\u00e7os ambulantes de alimenta\u00e7\u00e3o", "code": "56.12-1-00"}, {"text": "Servi\u00e7os de alimenta\u00e7\u00e3o para eventos e recep\u00e7\u00f5es - buf\u00ea", "code": "56.20-1-02"}, {"text": "Fornecimento de alimentos preparados preponderantemente para consumo domiciliar", "code": "56.20-1-04"}, {"text": "Aluguel de outras m\u00e1quinas e equipamentos comerciais e industriais n\u00e3o especificados anteriormente, sem operador", "code": "77.39-0-99"}, {"text": "Loca\u00e7\u00e3o de m\u00e3o-de-obra tempor\u00e1ria", "code": "78.20-5-00"}, {"text": "Servi\u00e7os combinados para apoio a edif\u00edcios, exceto condom\u00ednios prediais", "code": "81.11-7-00"}, {"text": "Atividades paisag\u00edsticas", "code": "81.30-3-00"}], "qsa": [{"qual": "49-S\u00f3cio-Administrador", "nome": "WELERSON ANTONIO LIMA RUIZ"}, {"qual": "22-S\u00f3cio", "nome": "VITOR DE OLIVEIRA RUIZ"}], "situacao": "ATIVA", "bairro": "NOVO CAVALEIROS", "logradouro": "R COMERCIANTE SINEZIO TRINDADE COELHO", "numero": "203", "cep": "27.930-350", "municipio": "MACAE", "porte": "DEMAIS", "abertura": "21/04/1988", "natureza_juridica": "206-2 - Sociedade Empres\u00e1ria Limitada", "fantasia": "ALIMINAS ALIMENTACAO INDUSTRIAL", "cnpj": "32.018.491/0001-94", "ultima_atualizacao": "2020-02-08T00:14:35.765Z", "status": "OK", "tipo": "MATRIZ", "email": "", "efr": "", "motivo_situacao": "", "situacao_especial": "", "data_situacao_especial": "", "capital_social": "3000000.00", "extra": {}, "billing": {"free": false, "database": true}}