{"atividade_principal": [{"text": "Cooperativas centrais de cr\u00e9dito", "code": "64.24-7-02"}], "data_situacao": "03/11/2005", "nome": "COOPERATIVA CENTRAL DE CREDITO DO ESPIRITO SANTO", "uf": "ES", "telefone": "(27) 3025-0100/ (27) 3025-0164", "email": "tributario.es@sicoob.com.br", "qsa": [{"qual": "16-Presidente", "nome": "BENTO VENTURIM"}, {"qual": "10-Diretor", "nome": "ARNO KERCKHOFF"}, {"qual": "10-Diretor", "nome": "NAILSON DALLA BERNADINA"}, {"qual": "10-Diretor", "nome": "DOMINGOS ROBERTO FEITOSA PERIM"}, {"qual": "10-Diretor", "nome": "FABIO ANTONIO NOVAES"}, {"qual": "10-Diretor", "nome": "JOSE NIVALDO CASAGRANDE"}, {"qual": "10-Diretor", "nome": "RUBENS MOREIRA"}, {"qual": "10-Diretor", "nome": "TALES PENA MACHADO"}], "situacao": "ATIVA", "bairro": "SANTA LUCIA", "logradouro": "R CONSTANTE SODRE", "numero": "305", "cep": "29.056-310", "municipio": "VITORIA", "porte": "DEMAIS", "abertura": "06/09/1989", "natureza_juridica": "214-3 - Cooperativa", "fantasia": "SICOOB CENTRAL ES", "cnpj": "32.428.294/0001-43", "ultima_atualizacao": "2020-02-08T18:42:59.802Z", "status": "OK", "tipo": "MATRIZ", "complemento": "", "efr": "", "motivo_situacao": "", "situacao_especial": "", "data_situacao_especial": "", "atividades_secundarias": [{"code": "00.00-0-00", "text": "N\u00e3o informada"}], "capital_social": "0.00", "extra": {}, "billing": {"free": false, "database": false}}