{"atividade_principal": [{"text": "Com\u00e9rcio atacadista de m\u00e1quinas, aparelhos e equipamentos para uso odonto-m\u00e9dico-hospitalar; partes e pe\u00e7as", "code": "46.64-8-00"}], "data_situacao": "03/11/2005", "nome": "E TAMUSSINO E CIA LTDA", "uf": "RJ", "telefone": "(21) 3221-8000", "email": "stefan@tamussino.com.br", "atividades_secundarias": [{"text": "Manuten\u00e7\u00e3o e repara\u00e7\u00e3o de aparelhos e instrumentos de medida, teste e controle", "code": "33.12-1-02"}, {"text": "Representantes comerciais e agentes do com\u00e9rcio de mercadorias em geral n\u00e3o especializado", "code": "46.19-2-00"}, {"text": "Transporte rodovi\u00e1rio de carga, exceto produtos perigosos e mudan\u00e7as, municipal.", "code": "49.30-2-01"}, {"text": "Aluguel de material m\u00e9dico", "code": "77.29-2-03"}, {"text": "Aluguel de equipamentos cient\u00edficos, m\u00e9dicos e hospitalares, sem operador", "code": "77.39-0-02"}], "qsa": [{"qual": "49-S\u00f3cio-Administrador", "nome": "TATIANA TAMUSSINO FERREIRA"}, {"qual": "49-S\u00f3cio-Administrador", "nome": "STEFAN VIKTOR THOMAS PALMEIRA TAMUSSINO"}, {"qual": "49-S\u00f3cio-Administrador", "nome": "KAREN MICHAELA TAMUSSINO"}, {"qual": "05-Administrador", "nome": "EKKEHART HELMUT GUNTER TAMUSSINO"}], "situacao": "ATIVA", "bairro": "CENTRO", "logradouro": "R DO SENADO", "numero": "00260", "cep": "20.231-006", "municipio": "RIO DE JANEIRO", "porte": "DEMAIS", "abertura": "19/09/1969", "natureza_juridica": "206-2 - Sociedade Empres\u00e1ria Limitada", "cnpj": "33.100.082/0001-03", "ultima_atualizacao": "2020-02-08T00:28:01.892Z", "status": "OK", "tipo": "MATRIZ", "fantasia": "", "complemento": "", "efr": "", "motivo_situacao": "", "situacao_especial": "", "data_situacao_especial": "", "capital_social": "5000000.00", "extra": {}, "billing": {"free": false, "database": true}}