{"atividade_principal": [{"text": "Fabrica\u00e7\u00e3o de chapas, filmes, pap\u00e9is e outros materiais e produtos qu\u00edmicos para fotografia", "code": "20.99-1-01"}], "data_situacao": "03/11/2005", "nome": "IBF INDUSTRIA BRASILEIRA DE FILMES S/A.", "uf": "RJ", "telefone": "(21) 2103-1000", "atividades_secundarias": [{"text": "Com\u00e9rcio atacadista de medicamentos e drogas de uso humano", "code": "46.44-3-01"}, {"text": "Com\u00e9rcio atacadista de instrumentos e materiais para uso m\u00e9dico, cir\u00fargico, hospitalar e de laborat\u00f3rios", "code": "46.45-1-01"}, {"text": "Desenvolvimento e licenciamento de programas de computador n\u00e3o-customiz\u00e1veis", "code": "62.03-1-00"}, {"text": "Aluguel de m\u00e1quinas e equipamentos para escrit\u00f3rios", "code": "77.33-1-00"}, {"text": "Repara\u00e7\u00e3o e manuten\u00e7\u00e3o de computadores e de equipamentos perif\u00e9ricos", "code": "95.11-8-00"}], "qsa": [{"qual": "10-Diretor", "nome": "ANDRE LUIZ ARIAS"}, {"qual": "16-Presidente", "nome": "LUIZ NEI ARIAS"}], "situacao": "ATIVA", "bairro": "MANTIQUIRA", "logradouro": "R DOUTOR SABINO ARIAS", "numero": "187", "cep": "25.250-613", "municipio": "DUQUE DE CAXIAS", "porte": "DEMAIS", "abertura": "09/04/1970", "natureza_juridica": "205-4 - Sociedade An\u00f4nima Fechada", "cnpj": "33.255.787/0001-91", "ultima_atualizacao": "2020-02-07T23:00:48.369Z", "status": "OK", "tipo": "MATRIZ", "fantasia": "", "complemento": "", "email": "", "efr": "", "motivo_situacao": "", "situacao_especial": "", "data_situacao_especial": "", "capital_social": "69377854.00", "extra": {}, "billing": {"free": false, "database": true}}