{"atividade_principal": [{"text": "Com\u00e9rcio varejista especializado de equipamentos e suprimentos de inform\u00e1tica", "code": "47.51-2-01"}], "data_situacao": "12/07/2001", "nome": "MICROWORK COMERCIO E ASSISTENCIA TECNICA LTDA", "uf": "RJ", "telefone": "(024) 2424-620", "qsa": [{"qual": "49-S\u00f3cio-Administrador", "nome": "RENATO LUIS NOEL JUNIOR"}, {"qual": "22-S\u00f3cio", "nome": "MARA CARNEIRO DE SOUZA NOEL"}], "situacao": "ATIVA", "bairro": "CENTRO", "logradouro": "R ENGENHEIRO MIGUEL DETSI", "numero": "55", "cep": "25.620-080", "municipio": "PETROPOLIS", "porte": "MICRO EMPRESA", "abertura": "28/04/1994", "natureza_juridica": "206-2 - Sociedade Empres\u00e1ria Limitada", "cnpj": "00.056.500/0001-45", "ultima_atualizacao": "2020-02-07T23:04:35.511Z", "status": "OK", "tipo": "MATRIZ", "fantasia": "", "complemento": "", "email": "", "efr": "", "motivo_situacao": "", "situacao_especial": "", "data_situacao_especial": "", "atividades_secundarias": [{"code": "00.00-0-00", "text": "N\u00e3o informada"}], "capital_social": "0.00", "extra": {}, "billing": {"free": false, "database": false}}