{"atividade_principal": [{"text": "Com\u00e9rcio atacadista de medicamentos e drogas de uso humano", "code": "46.44-3-01"}], "data_situacao": "03/11/2005", "nome": "MICROMED COMERCIO E REPRESENTACAO LTDA", "uf": "RJ", "telefone": "(0024) 0733-1097", "atividades_secundarias": [{"text": "Manuten\u00e7\u00e3o e repara\u00e7\u00e3o de aparelhos eletrom\u00e9dicos e eletroterap\u00eauticos e equipamentos de irradia\u00e7\u00e3o", "code": "33.12-1-03"}, {"text": "Transporte rodovi\u00e1rio de carga, exceto produtos perigosos e mudan\u00e7as, intermunicipal, interestadual e internacional", "code": "49.30-2-02"}], "qsa": [{"qual": "49-S\u00f3cio-Administrador", "nome": "LUIZ CARLOS BANDOLI GOMES"}, {"qual": "22-S\u00f3cio", "nome": "MARIA NATIVIDADE MACHADO SILVA BANDOLI"}], "situacao": "ATIVA", "bairro": "TURF CLUB", "logradouro": "R DOS GOITACAZES", "numero": "1045", "cep": "28.027-232", "municipio": "CAMPOS DOS GOYTACAZES", "porte": "DEMAIS", "abertura": "17/05/1994", "natureza_juridica": "206-2 - Sociedade Empres\u00e1ria Limitada", "cnpj": "00.071.343/0001-47", "ultima_atualizacao": "2020-02-08T00:42:35.311Z", "status": "OK", "tipo": "MATRIZ", "fantasia": "", "complemento": "", "email": "", "efr": "", "motivo_situacao": "", "situacao_especial": "", "data_situacao_especial": "", "capital_social": "0.00", "extra": {}, "billing": {"free": false, "database": false}}