{"data_situacao": "29/10/2019", "motivo_situacao": "EXTINCAO P/ ENC LIQ VOLUNTARIA", "nome": "MICRO SHOP INFORMATICA DE ARARUAMA E SERVICOS LTDA", "situacao": "BAIXADA", "porte": "MICRO EMPRESA", "abertura": "20/07/1994", "natureza_juridica": "206-2 - Sociedade Empres\u00e1ria Limitada", "fantasia": "HOBBY INFORMATICA", "cnpj": "00.122.004/0001-42", "ultima_atualizacao": "2020-02-08T00:19:07.371Z", "status": "OK", "tipo": "MATRIZ", "logradouro": "", "numero": "", "complemento": "", "cep": "", "bairro": "", "municipio": "", "uf": "", "email": "", "telefone": "", "efr": "", "situacao_especial": "", "data_situacao_especial": "", "atividade_principal": [{"code": "00.00-0-00", "text": "********"}], "atividades_secundarias": [{"code": "00.00-0-00", "text": "N\u00e3o informada"}], "capital_social": "0.00", "qsa": [], "extra": {}, "billing": {"free": false, "database": false}}