{"atividade_principal": [{"text": "Desenvolvimento e licenciamento de programas de computador customiz\u00e1veis", "code": "62.02-3-00"}], "data_situacao": "20/10/2001", "complemento": "TERREO ANDAR 1 E 2", "nome": "GOVERNANCABRASIL S/A TECNOLOGIA E GESTAO EM SERVICOS", "uf": "SC", "telefone": "(47) 3036-0000", "email": "cadastro@govbr.com.br", "atividades_secundarias": [{"text": "Desenvolvimento e licenciamento de programas de computador n\u00e3o-customiz\u00e1veis", "code": "62.03-1-00"}, {"text": "Consultoria em tecnologia da informa\u00e7\u00e3o", "code": "62.04-0-00"}, {"text": "Suporte t\u00e9cnico, manuten\u00e7\u00e3o e outros servi\u00e7os em tecnologia da informa\u00e7\u00e3o", "code": "62.09-1-00"}, {"text": "Tratamento de dados, provedores de servi\u00e7os de aplica\u00e7\u00e3o e servi\u00e7os de hospedagem na internet", "code": "63.11-9-00"}, {"text": "Atividades de teleatendimento", "code": "82.20-2-00"}, {"text": "Treinamento em inform\u00e1tica", "code": "85.99-6-03"}, {"text": "Servi\u00e7os de cartografia, topografia e geod\u00e9sia", "code": "71.19-7-01"}, {"text": "Atividades t\u00e9cnicas relacionadas \u00e0 engenharia e arquitetura n\u00e3o especificadas anteriormente", "code": "71.19-7-99"}, {"text": "Repara\u00e7\u00e3o e manuten\u00e7\u00e3o de computadores e de equipamentos perif\u00e9ricos", "code": "95.11-8-00"}, {"text": "Edi\u00e7\u00e3o de livros", "code": "58.11-5-00"}, {"text": "Educa\u00e7\u00e3o superior - p\u00f3s-gradua\u00e7\u00e3o e extens\u00e3o", "code": "85.33-3-00"}, {"text": "Treinamento em desenvolvimento profissional e gerencial", "code": "85.99-6-04"}, {"text": "Holdings de institui\u00e7\u00f5es n\u00e3o-financeiras", "code": "64.62-0-00"}], "qsa": [{"qual": "10-Diretor", "nome": "ANDRE BURLAMAQUI"}, {"qual": "10-Diretor", "nome": "JEFERSON FRANCISCO DA SILVA"}, {"qual": "10-Diretor", "nome": "SILVIO LUIS STROZZI"}, {"qual": "10-Diretor", "nome": "ROBERLEI CESAR FERNANDES"}, {"qual": "10-Diretor", "nome": "TOMAZ DE AQUINO RODRIGUES DE FREITAS"}, {"qual": "10-Diretor", "nome": "VIRGINIA KAYSER DA SILVA"}, {"qual": "10-Diretor", "nome": "MARCELO FERREIRA CHAVES DE OLIVEIRA LIMA"}, {"qual": "08-Conselheiro de Administra\u00e7\u00e3o", "nome": "JEFFERSON ARMANDO ANESI TOLARDO"}, {"qual": "08-Conselheiro de Administra\u00e7\u00e3o", "nome": "ROBERTO JOSE FIGUEIRA COELHO"}], "situacao": "ATIVA", "bairro": "VELHA", "logradouro": "R JOAO PESSOA", "numero": "1183", "cep": "89.036-001", "municipio": "BLUMENAU", "porte": "DEMAIS", "abertura": "25/08/1994", "natureza_juridica": "205-4 - Sociedade An\u00f4nima Fechada", "fantasia": "GOVBR", "cnpj": "00.165.960/0001-01", "ultima_atualizacao": "2020-02-08T01:04:57.275Z", "status": "OK", "tipo": "MATRIZ", "efr": "", "motivo_situacao": "", "situacao_especial": "", "data_situacao_especial": "", "capital_social": "3240000.00", "extra": {}, "billing": {"free": false, "database": false}}