{"atividade_principal": [{"text": "Loca\u00e7\u00e3o de outros meios de transporte n\u00e3o especificados anteriormente, sem condutor", "code": "77.19-5-99"}], "data_situacao": "27/08/2005", "nome": "MULTITEINER COMERCIO E LOCACAO DE CONTEINERES LTDA", "uf": "RJ", "telefone": "(21) 3534-3425/ (21) 2421-4985", "email": "contabilidade@mrcconteiner.com.br", "atividades_secundarias": [{"text": "Com\u00e9rcio atacadista de M\u00e1quinas e equipamentos para uso industrial; partes e pe\u00e7as", "code": "46.63-0-00"}, {"text": "Aluguel de outras m\u00e1quinas e equipamentos comerciais e industriais n\u00e3o especificados anteriormente, sem operador", "code": "77.39-0-99"}], "situacao": "ATIVA", "bairro": "IMBOASSICA", "logradouro": "AV MEM DE SA", "numero": "809", "cep": "27.925-545", "municipio": "MACAE", "porte": "DEMAIS", "abertura": "03/08/2000", "natureza_juridica": "206-2 - Sociedade Empres\u00e1ria Limitada", "cnpj": "00.240.568/0002-60", "ultima_atualizacao": "2020-02-07T23:57:12.978Z", "status": "OK", "tipo": "FILIAL", "fantasia": "", "complemento": "", "efr": "", "motivo_situacao": "", "situacao_especial": "", "data_situacao_especial": "", "capital_social": "0.00", "qsa": [], "extra": {}, "billing": {"free": false, "database": false}}