{"data_situacao": "06/09/2018", "motivo_situacao": "OMISSAO DE DECLARACOES", "nome": "F P M INFORMATICA LTDA", "telefone": "(21) 2501-3699", "qsa": [{"qual": "49-S\u00f3cio-Administrador", "nome": "PAULO CESAR PECANHA"}, {"qual": "49-S\u00f3cio-Administrador", "nome": "LUIS FELIPE DE MARIA"}], "situacao": "INAPTA", "porte": "MICRO EMPRESA", "abertura": "24/10/1994", "natureza_juridica": "206-2 - Sociedade Empres\u00e1ria Limitada", "fantasia": "PHAF AUTOMACAO", "cnpj": "00.264.117/0001-82", "ultima_atualizacao": "2020-02-07T23:42:01.173Z", "status": "OK", "tipo": "MATRIZ", "logradouro": "", "numero": "", "complemento": "", "cep": "", "bairro": "", "municipio": "", "uf": "", "email": "", "efr": "", "situacao_especial": "", "data_situacao_especial": "", "atividade_principal": [{"code": "00.00-0-00", "text": "********"}], "atividades_secundarias": [{"code": "00.00-0-00", "text": "N\u00e3o informada"}], "capital_social": "0.00", "extra": {}, "billing": {"free": false, "database": false}}