{"atividade_principal": [{"text": "Com\u00e9rcio varejista de produtos farmac\u00eauticos, sem manipula\u00e7\u00e3o de f\u00f3rmulas", "code": "47.71-7-01"}], "data_situacao": "03/11/2005", "complemento": "KM 133", "nome": "V R COUTO DROGARIA", "uf": "RJ", "telefone": "(22) 2630-4473", "qsa": [], "situacao": "ATIVA", "bairro": "UNAMAR (TAMOIOS)", "logradouro": "ROD AMARAL PEIXOTO", "numero": "S/N", "cep": "28.928-970", "municipio": "CABO FRIO", "porte": "MICRO EMPRESA", "abertura": "31/10/1994", "natureza_juridica": "213-5 - Empres\u00e1rio (Individual)", "fantasia": "DROGARIA E PERFUMARIA COUTO", "cnpj": "00.271.787/0001-26", "ultima_atualizacao": "2020-02-08T00:27:19.343Z", "status": "OK", "tipo": "MATRIZ", "email": "", "efr": "", "motivo_situacao": "", "situacao_especial": "", "data_situacao_especial": "", "atividades_secundarias": [{"code": "00.00-0-00", "text": "N\u00e3o informada"}], "capital_social": "40000.00", "extra": {}, "billing": {"free": false, "database": false}}