{"atividade_principal": [{"text": "Com\u00e9rcio atacadista de medicamentos e drogas de uso humano", "code": "46.44-3-01"}], "data_situacao": "27/08/2005", "nome": "DEENEA DISTRIBUIDORA LTDA", "uf": "RJ", "telefone": "(21) 2516-1512/ (21) 2516-5382", "email": "deenea@infolink.com.br", "atividades_secundarias": [{"text": "Com\u00e9rcio atacadista de embalagens", "code": "46.86-9-02"}, {"text": "Com\u00e9rcio atacadista de instrumentos e materiais para uso m\u00e9dico, cir\u00fargico, hospitalar e de laborat\u00f3rios", "code": "46.45-1-01"}, {"text": "Com\u00e9rcio atacadista de medicamentos e drogas de uso veterin\u00e1rio", "code": "46.44-3-02"}, {"text": "Com\u00e9rcio atacadista de produtos aliment\u00edcios em geral", "code": "46.39-7-01"}, {"text": "Com\u00e9rcio atacadista de produtos de higiene, limpeza e conserva\u00e7\u00e3o domiciliar", "code": "46.49-4-08"}, {"text": "Com\u00e9rcio atacadista de produtos odontol\u00f3gicos", "code": "46.45-1-03"}, {"text": "Com\u00e9rcio atacadista especializado em outros produtos aliment\u00edcios n\u00e3o especificados anteriormente", "code": "46.37-1-99"}, {"text": "Com\u00e9rcio atacadista de m\u00f3veis e artigos de colchoaria", "code": "46.49-4-04"}], "qsa": [{"qual": "49-S\u00f3cio-Administrador", "nome": "MICHEL JEAN TRANJAN"}, {"qual": "22-S\u00f3cio", "nome": "BERNARDO MICHEL TRANJAN"}], "situacao": "ATIVA", "bairro": "SAO CRISTOVAO", "logradouro": "R ALMIRANTE BALTAZAR", "numero": "79", "cep": "20.941-150", "municipio": "RIO DE JANEIRO", "porte": "EMPRESA DE PEQUENO PORTE", "abertura": "26/10/1994", "natureza_juridica": "206-2 - Sociedade Empres\u00e1ria Limitada", "cnpj": "00.280.854/0001-79", "ultima_atualizacao": "2020-02-08T00:09:58.844Z", "status": "OK", "tipo": "MATRIZ", "fantasia": "", "complemento": "", "efr": "", "motivo_situacao": "", "situacao_especial": "", "data_situacao_especial": "", "capital_social": "3100000.00", "extra": {}, "billing": {"free": false, "database": false}}