{"atividade_principal": [{"text": "Com\u00e9rcio a varejo de autom\u00f3veis, camionetas e utilit\u00e1rios novos", "code": "45.11-1-01"}], "data_situacao": "18/10/2003", "complemento": "KM 268", "nome": "SERVEL VEICULOS PECAS E SERVICOS LTDA", "uf": "RJ", "telefone": "(21) 2734-9500", "email": "contador@servelgm.com.br", "atividades_secundarias": [{"text": "Com\u00e9rcio a varejo de autom\u00f3veis, camionetas e utilit\u00e1rios usados", "code": "45.11-1-02"}, {"text": "Com\u00e9rcio a varejo de pe\u00e7as e acess\u00f3rios novos para ve\u00edculos automotores", "code": "45.30-7-03"}, {"text": "Servi\u00e7os de instala\u00e7\u00e3o, manuten\u00e7\u00e3o e repara\u00e7\u00e3o de acess\u00f3rios para ve\u00edculos automotores", "code": "45.20-0-07"}, {"text": "Servi\u00e7os de lanternagem ou funilaria e pintura de ve\u00edculos automotores", "code": "45.20-0-02"}, {"text": "Servi\u00e7os de manuten\u00e7\u00e3o e repara\u00e7\u00e3o el\u00e9trica de ve\u00edculos automotores", "code": "45.20-0-03"}, {"text": "Servi\u00e7os de manuten\u00e7\u00e3o e repara\u00e7\u00e3o mec\u00e2nica de ve\u00edculos automotores", "code": "45.20-0-01"}, {"text": "Loca\u00e7\u00e3o de autom\u00f3veis sem condutor", "code": "77.11-0-00"}], "qsa": [{"qual": "49-S\u00f3cio-Administrador", "nome": "JAIME MONTEIRO VAZ FERREIRA"}, {"qual": "49-S\u00f3cio-Administrador", "nome": "RAFAEL MARIANO DA SILVA"}], "situacao": "ATIVA", "bairro": "RIO DOS INDIOS", "logradouro": "ROD BR 101", "numero": "S/N", "cep": "28.800-000", "municipio": "RIO BONITO", "porte": "DEMAIS", "abertura": "20/10/1994", "natureza_juridica": "206-2 - Sociedade Empres\u00e1ria Limitada", "cnpj": "00.287.705/0001-31", "ultima_atualizacao": "2020-02-07T23:24:23.471Z", "status": "OK", "tipo": "MATRIZ", "fantasia": "", "efr": "", "motivo_situacao": "", "situacao_especial": "", "data_situacao_especial": "", "capital_social": "1320000.00", "extra": {}, "billing": {"free": false, "database": false}}