{"atividade_principal": [{"text": "Fabrica\u00e7\u00e3o de gases industriais", "code": "20.14-2-00"}], "data_situacao": "03/11/2005", "nome": "AIR LIQUIDE BRASIL LTDA", "uf": "RJ", "situacao": "ATIVA", "bairro": "CENTRO", "logradouro": "EST BOA ESPERANCA", "numero": "650", "cep": "26.110-100", "municipio": "BELFORD ROXO", "porte": "DEMAIS", "abertura": "26/10/1998", "natureza_juridica": "206-2 - Sociedade Empres\u00e1ria Limitada", "cnpj": "00.331.788/0006-23", "ultima_atualizacao": "2020-02-07T23:52:49.097Z", "status": "OK", "tipo": "FILIAL", "fantasia": "", "complemento": "", "email": "", "telefone": "", "efr": "", "motivo_situacao": "", "situacao_especial": "", "data_situacao_especial": "", "atividades_secundarias": [{"code": "00.00-0-00", "text": "N\u00e3o informada"}], "capital_social": "0.00", "qsa": [], "extra": {}, "billing": {"free": false, "database": false}}