{"atividade_principal": [{"text": "Servi\u00e7os de comunica\u00e7\u00e3o multim\u00eddia - SCM", "code": "61.10-8-03"}], "data_situacao": "21/05/2005", "complemento": "BLOCO A SALA 201 E 202 SALA 214 215 E 216 EDIF CAPITAL F. CENTER LOTE 75", "nome": "TELECOMUNICACOES BRASILEIRAS SA TELEBRAS", "efr": "UNI\u00c3O", "uf": "DF", "telefone": "(61) 2027-1264/ (61) 2027-1302", "email": "contabilidade@telebras.com.br", "atividades_secundarias": [{"text": "Provedores de voz sobre protocolo internet - VOIP", "code": "61.90-6-02"}, {"text": "Outras atividades de telecomunica\u00e7\u00f5es n\u00e3o especificadas anteriormente", "code": "61.90-6-99"}], "qsa": [{"qual": "16-Presidente", "nome": "WALDEMAR GONCALVES ORTUNHO JUNIOR"}, {"qual": "10-Diretor", "nome": "HELCIO VIEIRA JUNIOR"}, {"qual": "10-Diretor", "nome": "ANTONIO JOSE MENDONCA DE TOLEDO LOBATO"}, {"qual": "10-Diretor", "nome": "EMILIO CARLOS ACOCELLA"}, {"qual": "10-Diretor", "nome": "RODRIGO MARTINS PRATES"}], "situacao": "ATIVA", "bairro": "ZONA INDUSTRIAL", "logradouro": "Q SIG QUADRA 4", "numero": "S/N", "cep": "70.610-440", "municipio": "BRASILIA", "porte": "DEMAIS", "abertura": "13/11/1972", "natureza_juridica": "203-8 - Sociedade de Economia Mista", "fantasia": "TELEBRAS", "cnpj": "00.336.701/0001-04", "ultima_atualizacao": "2020-02-08T00:28:53.782Z", "status": "OK", "tipo": "MATRIZ", "motivo_situacao": "", "situacao_especial": "", "data_situacao_especial": "", "capital_social": "1594666570.00", "extra": {}, "billing": {"free": false, "database": false}}