{"atividade_principal": [{"text": "Administra\u00e7\u00e3o p\u00fablica em geral", "code": "84.11-6-00"}], "data_situacao": "28/07/1998", "nome": "MINISTERIO DA ECONOMIA", "efr": "UNI\u00c3O", "uf": "DF", "telefone": "(61) 2021-5015/ (61) 2021-5158", "email": "cnpj.df.spoa@fazenda.gov.br", "situacao": "ATIVA", "bairro": "ZONA CIVICO ADMINISTRATIVA", "logradouro": "ESP DOS MINISTERIOS BLOCO P 5.ANDAR", "numero": "SN", "cep": "70.048-900", "municipio": "BRASILIA", "porte": "DEMAIS", "abertura": "29/11/1974", "natureza_juridica": "101-5 - \u00d3rg\u00e3o P\u00fablico do Poder Executivo Federal", "cnpj": "00.394.460/0001-41", "ultima_atualizacao": "2020-02-08T00:24:33.124Z", "status": "OK", "tipo": "MATRIZ", "fantasia": "", "complemento": "", "motivo_situacao": "", "situacao_especial": "", "data_situacao_especial": "", "atividades_secundarias": [{"code": "00.00-0-00", "text": "N\u00e3o informada"}], "capital_social": "0.00", "qsa": [], "extra": {}, "billing": {"free": false, "database": false}}