{"data_situacao": "20/06/2000", "motivo_situacao": "EXTINCAO P/ ENC LIQ VOLUNTARIA", "nome": "MINISTERIO DA JUSTICA E SEGURANCA PUBLICA", "efr": "UNI\u00c3O", "situacao": "BAIXADA", "porte": "DEMAIS", "abertura": "14/07/1975", "natureza_juridica": "101-5 - \u00d3rg\u00e3o P\u00fablico do Poder Executivo Federal", "fantasia": "IMPRENSA NACIONAL/IN", "cnpj": "00.394.494/0016-12", "ultima_atualizacao": "2020-02-07T23:43:32.031Z", "status": "OK", "tipo": "FILIAL", "logradouro": "", "numero": "", "complemento": "", "cep": "", "bairro": "", "municipio": "", "uf": "", "email": "", "telefone": "", "situacao_especial": "", "data_situacao_especial": "", "atividade_principal": [{"code": "00.00-0-00", "text": "********"}], "atividades_secundarias": [{"code": "00.00-0-00", "text": "N\u00e3o informada"}], "capital_social": "0.00", "qsa": [], "extra": {}, "billing": {"free": false, "database": false}}