{"atividade_principal": [{"text": "Seguridade social obrigat\u00f3ria", "code": "84.30-2-00"}], "data_situacao": "28/07/1998", "complemento": "BL F 3 AND SL 806", "nome": "MINISTERIO DA PREVIDENCIA SOCIAL", "efr": "UNI\u00c3O", "uf": "DF", "situacao": "ATIVA", "bairro": "PLANO PILOTO", "logradouro": "ESP MINIST ED SEDE", "cep": "70.059-900", "municipio": "BRASILIA", "porte": "DEMAIS", "abertura": "24/06/1992", "natureza_juridica": "101-5 - \u00d3rg\u00e3o P\u00fablico do Poder Executivo Federal", "fantasia": "GABINETE DO MINISTRO", "cnpj": "00.394.528/0001-92", "ultima_atualizacao": "2020-02-08T01:06:31.796Z", "status": "OK", "tipo": "MATRIZ", "numero": "", "email": "", "telefone": "", "motivo_situacao": "", "situacao_especial": "", "data_situacao_especial": "", "atividades_secundarias": [{"code": "00.00-0-00", "text": "N\u00e3o informada"}], "capital_social": "0.00", "qsa": [], "extra": {}, "billing": {"free": false, "database": false}}