{"atividade_principal": [{"text": "Servi\u00e7os de pr\u00e9-impress\u00e3o", "code": "18.21-1-00"}], "data_situacao": "14/02/2004", "nome": "GRAPHICENTER DE FRIBURGO IMPRESSAO E PROPAGANDA LTDA", "uf": "RJ", "telefone": "(22) 2523-5830", "atividades_secundarias": [{"text": "Com\u00e9rcio varejista de artigos de papelaria", "code": "47.61-0-03"}], "qsa": [{"qual": "49-S\u00f3cio-Administrador", "nome": "MABEL BARBOSA ERTHAL"}, {"qual": "49-S\u00f3cio-Administrador", "nome": "MARCOS ANTONIO DO NASCIMENTO"}], "situacao": "ATIVA", "bairro": "CENTRO", "logradouro": "R FERNANDO BIZZOTTO", "numero": "68", "cep": "28.613-040", "municipio": "NOVA FRIBURGO", "porte": "MICRO EMPRESA", "abertura": "23/01/1995", "natureza_juridica": "206-2 - Sociedade Empres\u00e1ria Limitada", "fantasia": "GRAPHICENTER", "cnpj": "00.428.686/0001-16", "ultima_atualizacao": "2020-02-07T23:52:10.196Z", "status": "OK", "tipo": "MATRIZ", "complemento": "", "email": "", "efr": "", "motivo_situacao": "", "situacao_especial": "", "data_situacao_especial": "", "capital_social": "0.00", "extra": {}, "billing": {"free": false, "database": false}}