{"data_situacao": "11/09/2018", "motivo_situacao": "OMISSAO DE DECLARACOES", "nome": "ETIMERATO CONFECCOES INDUSTRIA E COMERCIO LTDA", "situacao": "INAPTA", "porte": "MICRO EMPRESA", "abertura": "14/02/1995", "natureza_juridica": "206-2 - Sociedade Empres\u00e1ria Limitada", "cnpj": "00.457.706/0001-87", "ultima_atualizacao": "2020-02-07T23:59:12.138Z", "status": "OK", "tipo": "MATRIZ", "fantasia": "", "logradouro": "", "numero": "", "complemento": "", "cep": "", "bairro": "", "municipio": "", "uf": "", "email": "", "telefone": "", "efr": "", "situacao_especial": "", "data_situacao_especial": "", "atividade_principal": [{"code": "00.00-0-00", "text": "********"}], "atividades_secundarias": [{"code": "00.00-0-00", "text": "N\u00e3o informada"}], "capital_social": "0.00", "qsa": [], "extra": {}, "billing": {"free": false, "database": false}}