{"data_situacao": "27/06/2003", "motivo_situacao": "PRATICA IRR. OPERACAO COMEXT", "nome": "CENTRAL BRASIL DE ALIMENTOS COMERCIO IMPORTACAO E EXPORTACAO LTDA", "situacao": "INAPTA", "porte": "DEMAIS", "abertura": "28/02/2000", "natureza_juridica": "206-2 - Sociedade Empres\u00e1ria Limitada", "cnpj": "00.530.540/0024-73", "ultima_atualizacao": "2020-02-08T00:38:54.192Z", "status": "OK", "tipo": "FILIAL", "fantasia": "", "logradouro": "", "numero": "", "complemento": "", "cep": "", "bairro": "", "municipio": "", "uf": "", "email": "", "telefone": "", "efr": "", "situacao_especial": "", "data_situacao_especial": "", "atividade_principal": [{"code": "00.00-0-00", "text": "********"}], "atividades_secundarias": [{"code": "00.00-0-00", "text": "N\u00e3o informada"}], "capital_social": "0.00", "qsa": [], "extra": {}, "billing": {"free": false, "database": false}}