{"atividade_principal": [{"text": "Fabrica\u00e7\u00e3o de mobili\u00e1rio para uso m\u00e9dico, cir\u00fargico, odontol\u00f3gico e de laborat\u00f3rio", "code": "32.50-7-02"}], "data_situacao": "03/06/2000", "complemento": "KM 3,3 PREDIO A", "nome": "LANCO LTDA", "uf": "SP", "telefone": "(15) 3363-9234/ (15) 3363-8605", "email": "claudio@coutoassessoria.com.br", "atividades_secundarias": [{"text": "Outras atividades profissionais, cient\u00edficas e t\u00e9cnicas n\u00e3o especificadas anteriormente", "code": "74.90-1-99"}, {"text": "Instala\u00e7\u00e3o de outros equipamentos n\u00e3o especificados anteriormente", "code": "33.29-5-99"}], "qsa": [{"qual": "49-S\u00f3cio-Administrador", "nome": "NIVALDO BAPTISTELLA"}, {"qual": "49-S\u00f3cio-Administrador", "nome": "MARCOS ELI ALVES"}, {"qual": "22-S\u00f3cio", "qual_rep_legal": "05-Administrador", "nome_rep_legal": "NIVALDO BAPTISTELLA", "nome": "G.B.B. PARTICIPACOES S/C LTDA."}, {"qual": "22-S\u00f3cio", "nome": "ROBERTO DE MEDEIROS COUTO"}], "situacao": "ATIVA", "bairro": "PQ. DAS ARVORES", "logradouro": "ROD EST. SP115/280 ACES. JOSE SARTORELLI", "numero": "S/N", "cep": "18.550-000", "municipio": "BOITUVA", "porte": "DEMAIS", "abertura": "03/05/1995", "natureza_juridica": "206-2 - Sociedade Empres\u00e1ria Limitada", "cnpj": "00.595.037/0001-00", "ultima_atualizacao": "2020-02-08T00:51:18.271Z", "status": "OK", "tipo": "MATRIZ", "fantasia": "", "efr": "", "motivo_situacao": "", "situacao_especial": "", "data_situacao_especial": "", "capital_social": "300000.00", "extra": {}, "billing": {"free": false, "database": false}}