{"atividade_principal": [{"text": "Com\u00e9rcio varejista de equipamentos para escrit\u00f3rio", "code": "47.89-0-07"}], "data_situacao": "28/08/2004", "nome": "ELUMAQUINAS COMERCIO E SERVICOS LTDA", "uf": "RJ", "telefone": "(21) 2233-5531", "atividades_secundarias": [{"text": "Manuten\u00e7\u00e3o e repara\u00e7\u00e3o de m\u00e1quinas e equipamentos para uso geral n\u00e3o especificados anteriormente", "code": "33.14-7-10"}, {"text": "Aluguel de m\u00e1quinas e equipamentos para escrit\u00f3rios", "code": "77.33-1-00"}], "qsa": [{"qual": "49-S\u00f3cio-Administrador", "nome": "PAULO HERNESTO DE OLIVEIRA"}, {"qual": "49-S\u00f3cio-Administrador", "nome": "RISOMAR SILVA DE OLIVEIRA"}], "situacao": "ATIVA", "bairro": "SAO CRISTOVAO", "logradouro": "R SENADOR ALENCAR", "numero": "88", "cep": "20.921-430", "municipio": "RIO DE JANEIRO", "porte": "DEMAIS", "abertura": "02/06/1995", "natureza_juridica": "206-2 - Sociedade Empres\u00e1ria Limitada", "cnpj": "00.654.653/0001-94", "ultima_atualizacao": "2020-02-07T23:17:01.425Z", "status": "OK", "tipo": "MATRIZ", "fantasia": "", "complemento": "", "email": "", "efr": "", "motivo_situacao": "", "situacao_especial": "", "data_situacao_especial": "", "capital_social": "1000000.00", "extra": {}, "billing": {"free": false, "database": false}}