{"atividade_principal": [{"text": "Com\u00e9rcio atacadista de instrumentos e materiais para uso m\u00e9dico, cir\u00fargico, hospitalar e de laborat\u00f3rios", "code": "46.45-1-01"}], "data_situacao": "22/10/2005", "nome": "SOMA/PR COMERCIO DE PRODUTOS HOSPITALARES LTDA", "uf": "PR", "telefone": "(41) 3028-2375/ (41) 9181-0142", "email": "alencar.pr@somahospitalar.com.br", "atividades_secundarias": [{"text": "Com\u00e9rcio atacadista de produtos odontol\u00f3gicos", "code": "46.45-1-03"}, {"text": "Com\u00e9rcio atacadista de cosm\u00e9ticos e produtos de perfumaria", "code": "46.46-0-01"}, {"text": "Com\u00e9rcio atacadista de produtos de higiene pessoal", "code": "46.46-0-02"}, {"text": "Com\u00e9rcio atacadista especializado em outros produtos aliment\u00edcios n\u00e3o especificados anteriormente", "code": "46.37-1-99"}, {"text": "Com\u00e9rcio atacadista de produtos de higiene, limpeza e conserva\u00e7\u00e3o domiciliar", "code": "46.49-4-08"}, {"text": "Com\u00e9rcio atacadista de medicamentos e drogas de uso humano", "code": "46.44-3-01"}, {"text": "Dep\u00f3sitos de mercadorias para terceiros, exceto armaz\u00e9ns gerais e guarda-m\u00f3veis", "code": "52.11-7-99"}, {"text": "Dep\u00f3sitos de mercadorias para terceiros, exceto armaz\u00e9ns gerais e guarda-m\u00f3veis", "code": "52.11-7-99"}], "qsa": [{"qual": "22-S\u00f3cio", "qual_rep_legal": "05-Administrador", "nome_rep_legal": "PEDRO ANTONIO LAPINSCKI", "nome": "GRUPO SOMA S.A. PARTICIPACOES E NEGOCIOS"}, {"qual": "05-Administrador", "nome": "ALENCAR ALMEIDA"}, {"qual": "05-Administrador", "nome": "MARCELO LAPINSCKI"}, {"qual": "22-S\u00f3cio", "qual_rep_legal": "05-Administrador", "nome_rep_legal": "PEDRO ANTONIO LAPINSCKI", "nome": "SOMA/SP PRODUTOS HOSPITALARES LTDA"}], "situacao": "ATIVA", "bairro": "HUGO LANGE", "logradouro": "R ANITA RIBAS", "numero": "410", "cep": "82.520-610", "municipio": "CURITIBA", "porte": "DEMAIS", "abertura": "02/05/1995", "natureza_juridica": "206-2 - Sociedade Empres\u00e1ria Limitada", "fantasia": "SOMA/PR PRODUTOS HOSPITALARES", "cnpj": "00.656.468/0001-39", "ultima_atualizacao": "2020-02-08T00:46:16.937Z", "status": "OK", "tipo": "MATRIZ", "complemento": "", "efr": "", "motivo_situacao": "", "situacao_especial": "", "data_situacao_especial": "", "capital_social": "2000000.00", "extra": {}, "billing": {"free": false, "database": false}}