{"data_situacao": "28/06/2016", "motivo_situacao": "EXTINCAO P/ ENC LIQ VOLUNTARIA", "nome": "VCB COMUNICACOES S.A.", "telefone": "(22) 2770-0916", "situacao": "BAIXADA", "porte": "DEMAIS", "abertura": "24/05/2000", "natureza_juridica": "205-4 - Sociedade An\u00f4nima Fechada", "fantasia": "ADELPHIA COMUNICACOES S.A.", "cnpj": "00.859.826/0004-53", "ultima_atualizacao": "2020-02-07T22:54:33.064Z", "status": "OK", "tipo": "FILIAL", "logradouro": "", "numero": "", "complemento": "", "cep": "", "bairro": "", "municipio": "", "uf": "", "email": "", "efr": "", "situacao_especial": "", "data_situacao_especial": "", "atividade_principal": [{"code": "00.00-0-00", "text": "********"}], "atividades_secundarias": [{"code": "00.00-0-00", "text": "N\u00e3o informada"}], "capital_social": "0.00", "qsa": [], "extra": {}, "billing": {"free": false, "database": false}}