{"atividade_principal": [{"text": "Atividades de intermedia\u00e7\u00e3o e agenciamento de servi\u00e7os e neg\u00f3cios em geral, exceto imobili\u00e1rios", "code": "74.90-1-04"}], "data_situacao": "28/08/2004", "complemento": "9 ANDAR SALA 901", "nome": "INGRESSO.COM LTDA", "uf": "RJ", "telefone": "(21) 2253-5252", "atividades_secundarias": [{"text": "Artes c\u00eanicas, espet\u00e1culos e atividades complementares n\u00e3o especificadas anteriormente", "code": "90.01-9-99"}, {"text": "Consultoria em tecnologia da informa\u00e7\u00e3o", "code": "62.04-0-00"}, {"text": "Desenvolvimento de programas de computador sob encomenda", "code": "62.01-5-01"}, {"text": "Desenvolvimento e licenciamento de programas de computador customiz\u00e1veis", "code": "62.02-3-00"}, {"text": "Outras atividades de publicidade n\u00e3o especificadas anteriormente", "code": "73.19-0-99"}, {"text": "Portais, provedores de conte\u00fado e outros servi\u00e7os de informa\u00e7\u00e3o na internet", "code": "63.19-4-00"}, {"text": "Suporte t\u00e9cnico, manuten\u00e7\u00e3o e outros servi\u00e7os em tecnologia da informa\u00e7\u00e3o", "code": "62.09-1-00"}, {"text": "Tratamento de dados, provedores de servi\u00e7os de aplica\u00e7\u00e3o e servi\u00e7os de hospedagem na internet", "code": "63.11-9-00"}], "qsa": [{"qual": "37-S\u00f3cio Pessoa Jur\u00eddica Domiciliado no Exterior", "pais_origem": "ESTADOS UNIDOS", "nome_rep_legal": "CRISTIANE OLIVEIRA DE ALMEIDA", "qual_rep_legal": "17-Procurador", "nome": "FANDANGO MEDIA, LLC"}, {"qual": "37-S\u00f3cio Pessoa Jur\u00eddica Domiciliado no Exterior", "pais_origem": "ESTADOS UNIDOS", "nome_rep_legal": "CRISTIANE OLIVEIRA DE ALMEIDA", "qual_rep_legal": "17-Procurador", "nome": "FANDANGO MARKETING, INC."}, {"qual": "05-Administrador", "nome": "MAURO LUIZ GONZALEZ MACEIRA"}, {"qual": "05-Administrador", "nome": "FERNANDO PIVETA"}], "situacao": "ATIVA", "bairro": "CENTRO", "logradouro": "R DA QUITANDA", "numero": "86", "cep": "20.091-005", "municipio": "RIO DE JANEIRO", "porte": "DEMAIS", "abertura": "25/09/1995", "natureza_juridica": "206-2 - Sociedade Empres\u00e1ria Limitada", "fantasia": "INGRESSO.COM", "cnpj": "00.860.640/0001-71", "ultima_atualizacao": "2020-02-07T23:29:35.230Z", "status": "OK", "tipo": "MATRIZ", "email": "", "efr": "", "motivo_situacao": "", "situacao_especial": "", "data_situacao_especial": "", "capital_social": "18424968.00", "extra": {}, "billing": {"free": false, "database": false}}