{"atividade_principal": [{"text": "Com\u00e9rcio a varejo de pe\u00e7as e acess\u00f3rios novos para ve\u00edculos automotores", "code": "45.30-7-03"}], "data_situacao": "03/11/2005", "nome": "N C M DE MACAE COMERCIO E REPRESENTACOES LTDA", "uf": "RJ", "qsa": [{"qual": "49-S\u00f3cio-Administrador", "nome": "NELIO CHAPETA MATTOSO"}, {"qual": "22-S\u00f3cio", "nome": "MARIA GORETTI BARCELLOS MATTOSO"}], "situacao": "ATIVA", "bairro": "MIRAMAR", "logradouro": "R GETULIO VARGAS", "numero": "110", "cep": "27.943-382", "municipio": "MACAE", "porte": "MICRO EMPRESA", "abertura": "25/10/1995", "natureza_juridica": "206-2 - Sociedade Empres\u00e1ria Limitada", "fantasia": "N C M", "cnpj": "00.894.472/0001-35", "ultima_atualizacao": "2020-02-08T00:17:40.784Z", "status": "OK", "tipo": "MATRIZ", "complemento": "", "email": "", "telefone": "", "efr": "", "motivo_situacao": "", "situacao_especial": "", "data_situacao_especial": "", "atividades_secundarias": [{"code": "00.00-0-00", "text": "N\u00e3o informada"}], "capital_social": "0.00", "extra": {}, "billing": {"free": false, "database": false}}