{"atividade_principal": [{"text": "Prepara\u00e7\u00e3o de documentos e servi\u00e7os especializados de apoio administrativo n\u00e3o especificados anteriormente", "code": "82.19-9-99"}], "data_situacao": "23/12/2000", "complemento": "SALA 206", "nome": "INFORJUS LIVROS INFORMATIVOS LTDA", "uf": "RJ", "telefone": "(22) 2735-6336", "atividades_secundarias": [{"text": "Fotoc\u00f3pias", "code": "82.19-9-01"}], "qsa": [{"qual": "49-S\u00f3cio-Administrador", "nome": "LEANDRO PEREIRA TINOCO"}, {"qual": "22-S\u00f3cio", "nome": "BARBARA RANGEL DA CONCEICAO"}], "situacao": "ATIVA", "bairro": "CENTRO", "logradouro": "R DOS ANDRADAS", "numero": "60", "cep": "28.010-300", "municipio": "CAMPOS DOS GOYTACAZES", "porte": "MICRO EMPRESA", "abertura": "23/08/1995", "natureza_juridica": "206-2 - Sociedade Empres\u00e1ria Limitada", "cnpj": "00.949.135/0001-06", "ultima_atualizacao": "2020-02-08T00:28:26.615Z", "status": "OK", "tipo": "MATRIZ", "fantasia": "", "email": "", "efr": "", "motivo_situacao": "", "situacao_especial": "", "data_situacao_especial": "", "capital_social": "2000.00", "extra": {}, "billing": {"free": false, "database": false}}