{"atividade_principal": [{"text": "Com\u00e9rcio varejista de artigos do vestu\u00e1rio e acess\u00f3rios", "code": "47.81-4-00"}], "data_situacao": "29/03/2003", "complemento": "LOJA 5", "nome": "MARCIA XAVIER DE ARAUJO BOUTIQUE", "uf": "RJ", "situacao": "ATIVA", "bairro": "CIDADE - NOVA", "logradouro": "R JOSE RAFAEL VIEIRA", "numero": "160", "cep": "28.300-000", "municipio": "ITAPERUNA", "porte": "MICRO EMPRESA", "abertura": "27/11/1995", "natureza_juridica": "213-5 - Empres\u00e1rio (Individual)", "cnpj": "00.942.015/0001-79", "ultima_atualizacao": "2020-02-08T00:37:15.688Z", "status": "OK", "tipo": "MATRIZ", "fantasia": "", "email": "", "telefone": "", "efr": "", "motivo_situacao": "", "situacao_especial": "", "data_situacao_especial": "", "atividades_secundarias": [{"code": "00.00-0-00", "text": "N\u00e3o informada"}], "capital_social": "0.00", "qsa": [], "extra": {}, "billing": {"free": false, "database": false}}