{"atividade_principal": [{"text": "Com\u00e9rcio varejista especializado de eletrodom\u00e9sticos e equipamentos de \u00e1udio e v\u00eddeo", "code": "47.53-9-00"}], "data_situacao": "03/11/2005", "complemento": "TERREO", "nome": "PRO III COMERCIO E SERVICOS LTDA", "uf": "RJ", "atividades_secundarias": [{"text": "Com\u00e9rcio varejista especializado de pe\u00e7as e acess\u00f3rios para aparelhos eletroeletr\u00f4nicos para uso dom\u00e9stico, exceto inform\u00e1tica e comunica\u00e7\u00e3o", "code": "47.57-1-00"}, {"text": "Aluguel de outras m\u00e1quinas e equipamentos comerciais e industriais n\u00e3o especificados anteriormente, sem operador", "code": "77.39-0-99"}, {"text": "Aluguel de palcos, coberturas e outras estruturas de uso tempor\u00e1rio, exceto andaimes", "code": "77.39-0-03"}, {"text": "Servi\u00e7os de organiza\u00e7\u00e3o de feiras, congressos, exposi\u00e7\u00f5es e festas", "code": "82.30-0-01"}, {"text": "Produ\u00e7\u00e3o musical", "code": "90.01-9-02"}], "qsa": [{"qual": "49-S\u00f3cio-Administrador", "nome": "CLAUDIA DA SILVA SOUSA"}, {"qual": "22-S\u00f3cio", "nome": "ALEXANDRE MAGNO DA SILVA"}], "situacao": "ATIVA", "bairro": "IMBETIBA", "logradouro": "R AGRIPINO FRANCISCO MARTINS", "numero": "243", "cep": "27.913-370", "municipio": "MACAE", "porte": "EMPRESA DE PEQUENO PORTE", "abertura": "30/11/1995", "natureza_juridica": "206-2 - Sociedade Empres\u00e1ria Limitada", "fantasia": "PRO 3 SOUND & DESIGN", "cnpj": "00.953.085/0001-22", "ultima_atualizacao": "2020-02-08T00:30:53.804Z", "status": "OK", "tipo": "MATRIZ", "email": "", "telefone": "", "efr": "", "motivo_situacao": "", "situacao_especial": "", "data_situacao_especial": "", "capital_social": "400000.00", "extra": {}, "billing": {"free": false, "database": false}}