{"atividade_principal": [{"text": "Atividade m\u00e9dica ambulatorial restrita a consultas", "code": "86.30-5-03"}], "data_situacao": "03/11/2005", "complemento": "SALA 212", "nome": "CENTRO DE OLHOS DIAGNOSTICO E TRATAMENTO LTDA", "uf": "RJ", "atividades_secundarias": [{"text": "Atividades de servi\u00e7os de complementa\u00e7\u00e3o diagn\u00f3stica e terap\u00eautica n\u00e3o especificadas anteriormente", "code": "86.40-2-99"}, {"text": "Atividade m\u00e9dica ambulatorial com recursos para realiza\u00e7\u00e3o de procedimentos cir\u00fargicos", "code": "86.30-5-01"}, {"text": "Atividade m\u00e9dica ambulatorial com recursos para realiza\u00e7\u00e3o de exames complementares", "code": "86.30-5-02"}, {"text": "Cl\u00ednicas e resid\u00eancias geri\u00e1tricas", "code": "87.11-5-01"}, {"text": "Atividades de assist\u00eancia a deficientes f\u00edsicos, imunodeprimidos e convalescentes", "code": "87.11-5-03"}, {"text": "Centros de apoio a pacientes com c\u00e2ncer e com AIDS", "code": "87.11-5-04"}, {"text": "Atividades de fornecimento de infra-estrutura de apoio e assist\u00eancia a paciente no domic\u00edlio", "code": "87.12-3-00"}, {"text": "Atividades de centros de assist\u00eancia psicossocial", "code": "87.20-4-01"}, {"text": "Atividades de assist\u00eancia psicossocial e \u00e0 sa\u00fade a portadores de dist\u00farbios ps\u00edquicos, defici\u00eancia mental e depend\u00eancia qu\u00edmica n\u00e3o especificadas anteriormente", "code": "87.20-4-99"}, {"text": "Atividades de assist\u00eancia social prestadas em resid\u00eancias coletivas e particulares n\u00e3o especificadas anteriormente", "code": "87.30-1-99"}], "qsa": [{"qual": "49-S\u00f3cio-Administrador", "nome": "MARCIO BARRETO MOREIRA"}, {"qual": "49-S\u00f3cio-Administrador", "nome": "FRANCISCO SERGIO ALLEMAND MANHAES"}, {"qual": "49-S\u00f3cio-Administrador", "nome": "OTAVIO ANTONIO LEITE CABRAL"}, {"qual": "49-S\u00f3cio-Administrador", "nome": "GUILHERME CAMILLO JUNIOR"}, {"qual": "49-S\u00f3cio-Administrador", "nome": "RODRIGO DE QUEIROS E ALMEIDA"}, {"qual": "49-S\u00f3cio-Administrador", "nome": "ARNALDO DE QUEIROS E ALMEIDA"}, {"qual": "49-S\u00f3cio-Administrador", "nome": "ANTONIO MARCOS FERREIRA MANHAES"}], "situacao": "ATIVA", "bairro": "CENTRO", "logradouro": "R TREZE DE MAIO", "numero": "286", "cep": "28.010-260", "municipio": "CAMPOS DOS GOYTACAZES", "porte": "EMPRESA DE PEQUENO PORTE", "abertura": "11/10/1995", "natureza_juridica": "206-2 - Sociedade Empres\u00e1ria Limitada", "fantasia": "CENTRO DE OLHOS DE CAMPOS", "cnpj": "01.068.978/0001-58", "ultima_atualizacao": "2020-02-07T23:20:06.018Z", "status": "OK", "tipo": "MATRIZ", "email": "", "telefone": "", "efr": "", "motivo_situacao": "", "situacao_especial": "", "data_situacao_especial": "", "capital_social": "0.00", "extra": {}, "billing": {"free": false, "database": false}}