{"atividade_principal": [{"text": "Com\u00e9rcio varejista especializado de eletrodom\u00e9sticos e equipamentos de \u00e1udio e v\u00eddeo", "code": "47.53-9-00"}], "data_situacao": "03/11/2005", "complemento": "LOJA 02", "nome": "PETROGEL REFRIGERACAO LTDA", "uf": "RJ", "atividades_secundarias": [{"text": "Com\u00e9rcio varejista especializado de pe\u00e7as e acess\u00f3rios para aparelhos eletroeletr\u00f4nicos para uso dom\u00e9stico, exceto inform\u00e1tica e comunica\u00e7\u00e3o", "code": "47.57-1-00"}, {"text": "Com\u00e9rcio varejista de material el\u00e9trico", "code": "47.42-3-00"}, {"text": "Com\u00e9rcio varejista de tintas e materiais para pintura", "code": "47.41-5-00"}, {"text": "Com\u00e9rcio varejista de outros produtos n\u00e3o especificados anteriormente", "code": "47.89-0-99"}, {"text": "Comercio varejista de artigos de armarinho", "code": "47.55-5-02"}, {"text": "Comercio varejista de artigos de cama, mesa e banho", "code": "47.55-5-03"}, {"text": "Com\u00e9rcio varejista de brinquedos e artigos recreativos", "code": "47.63-6-01"}, {"text": "Instala\u00e7\u00e3o e manuten\u00e7\u00e3o de sistemas centrais de ar condicionado, de ventila\u00e7\u00e3o e refrigera\u00e7\u00e3o", "code": "43.22-3-02"}, {"text": "Transporte rodovi\u00e1rio de carga, exceto produtos perigosos e mudan\u00e7as, intermunicipal, interestadual e internacional", "code": "49.30-2-02"}, {"text": "Transporte rodovi\u00e1rio coletivo de passageiros, com itiner\u00e1rio fixo, municipal", "code": "49.21-3-01"}, {"text": "Repara\u00e7\u00e3o e manuten\u00e7\u00e3o de equipamentos eletroeletr\u00f4nicos de uso pessoal e dom\u00e9stico", "code": "95.21-5-00"}, {"text": "Outras atividades de servi\u00e7os prestados principalmente \u00e0s empresas n\u00e3o especificadas anteriormente", "code": "82.99-7-99"}], "qsa": [{"qual": "49-S\u00f3cio-Administrador", "nome": "HAROLDO DE MATTOS GONCALVES"}, {"qual": "22-S\u00f3cio", "nome": "ROSELI DE CASTRO JUNGER"}], "situacao": "ATIVA", "bairro": "MIRAMAR", "logradouro": "R GETULIO VARGAS", "numero": "505", "cep": "27.943-381", "municipio": "MACAE", "porte": "MICRO EMPRESA", "abertura": "15/02/1996", "natureza_juridica": "206-2 - Sociedade Empres\u00e1ria Limitada", "fantasia": "PETROGEL SUPPLY LTDA", "cnpj": "01.106.922/0001-40", "ultima_atualizacao": "2020-02-08T00:33:03.984Z", "status": "OK", "tipo": "MATRIZ", "email": "", "telefone": "", "efr": "", "motivo_situacao": "", "situacao_especial": "", "data_situacao_especial": "", "capital_social": "100000.00", "extra": {}, "billing": {"free": false, "database": false}}