{"data_situacao": "28/11/2018", "motivo_situacao": "OMISSAO DE DECLARACOES", "nome": "R R C CONFECCOES E DECORACOES LTDA", "qsa": [{"qual": "49-S\u00f3cio-Administrador", "nome": "ROSILDA CONRADO"}, {"qual": "49-S\u00f3cio-Administrador", "nome": "ROSEMERI CONRADO"}], "situacao": "INAPTA", "porte": "MICRO EMPRESA", "abertura": "18/03/1996", "natureza_juridica": "206-2 - Sociedade Empres\u00e1ria Limitada", "fantasia": "ROSE DECORACOES", "cnpj": "01.117.939/0001-01", "ultima_atualizacao": "2020-02-07T22:56:38.601Z", "status": "OK", "tipo": "MATRIZ", "logradouro": "", "numero": "", "complemento": "", "cep": "", "bairro": "", "municipio": "", "uf": "", "email": "", "telefone": "", "efr": "", "situacao_especial": "", "data_situacao_especial": "", "atividade_principal": [{"code": "00.00-0-00", "text": "********"}], "atividades_secundarias": [{"code": "00.00-0-00", "text": "N\u00e3o informada"}], "capital_social": "0.00", "extra": {}, "billing": {"free": false, "database": false}}