{"atividade_principal": [{"text": "Com\u00e9rcio atacadista de instrumentos e materiais para uso m\u00e9dico, cir\u00fargico, hospitalar e de laborat\u00f3rios", "code": "46.45-1-01"}], "data_situacao": "10/07/2004", "complemento": "A", "nome": "WOLF COMERCIAL LTDA", "uf": "RJ", "telefone": "(21) 3979-2812", "atividades_secundarias": [{"text": "Manuten\u00e7\u00e3o e repara\u00e7\u00e3o de aparelhos e instrumentos de medida, teste e controle", "code": "33.12-1-02"}, {"text": "Representantes comerciais e agentes do com\u00e9rcio de mercadorias em geral n\u00e3o especializado", "code": "46.19-2-00"}, {"text": "Com\u00e9rcio atacadista de produtos de higiene, limpeza e conserva\u00e7\u00e3o domiciliar", "code": "46.49-4-08"}, {"text": "Com\u00e9rcio atacadista de m\u00e1quinas, aparelhos e equipamentos para uso odonto-m\u00e9dico-hospitalar; partes e pe\u00e7as", "code": "46.64-8-00"}, {"text": "Transporte rodovi\u00e1rio de carga, exceto produtos perigosos e mudan\u00e7as, municipal.", "code": "49.30-2-01"}], "qsa": [{"qual": "49-S\u00f3cio-Administrador", "nome": "OSWALDO DE ARAUJO"}, {"qual": "49-S\u00f3cio-Administrador", "nome": "NILTON DE ARAUJO"}], "situacao": "ATIVA", "bairro": "MEIER", "logradouro": "R SILVA RABELO", "numero": "75", "cep": "20.735-080", "municipio": "RIO DE JANEIRO", "porte": "DEMAIS", "abertura": "21/03/1996", "natureza_juridica": "206-2 - Sociedade Empres\u00e1ria Limitada", "cnpj": "01.124.520/0001-79", "ultima_atualizacao": "2020-02-07T23:16:39.701Z", "status": "OK", "tipo": "MATRIZ", "fantasia": "", "email": "", "efr": "", "motivo_situacao": "", "situacao_especial": "", "data_situacao_especial": "", "capital_social": "600000.00", "extra": {}, "billing": {"free": false, "database": false}}