{"atividade_principal": [{"text": "Obras de terraplenagem", "code": "43.13-4-00"}], "data_situacao": "03/11/2005", "complemento": "LOJA 05", "nome": "ORIENTE CONSTRUCAO CIVIL LTDA", "uf": "RJ", "telefone": "(22) 2665-9009", "email": "bruno.carvalho@occl.com.br", "atividades_secundarias": [{"text": "Fabrica\u00e7\u00e3o de produtos do refino de petr\u00f3leo", "code": "19.21-7-00"}, {"text": "Com\u00e9rcio atacadista de energia el\u00e9trica", "code": "35.13-1-00"}, {"text": "Coleta de res\u00edduos n\u00e3o-perigosos", "code": "38.11-4-00"}, {"text": "Tratamento e disposi\u00e7\u00e3o de res\u00edduos n\u00e3o-perigosos", "code": "38.21-1-00"}, {"text": "Constru\u00e7\u00e3o de edif\u00edcios", "code": "41.20-4-00"}, {"text": "Constru\u00e7\u00e3o de rodovias e ferrovias", "code": "42.11-1-01"}, {"text": "Constru\u00e7\u00e3o de obras de arte especiais", "code": "42.12-0-00"}, {"text": "Obras de urbaniza\u00e7\u00e3o - ruas, pra\u00e7as e cal\u00e7adas", "code": "42.13-8-00"}, {"text": "Constru\u00e7\u00e3o de barragens e represas para gera\u00e7\u00e3o de energia el\u00e9trica", "code": "42.21-9-01"}, {"text": "Com\u00e9rcio varejista de materiais de constru\u00e7\u00e3o em geral", "code": "47.44-0-99"}, {"text": "Loteamento de im\u00f3veis pr\u00f3prios", "code": "68.10-2-03"}, {"text": "Aluguel de m\u00e1quinas e equipamentos para constru\u00e7\u00e3o sem operador, exceto andaimes", "code": "77.32-2-01"}], "qsa": [{"qual": "22-S\u00f3cio", "nome": "CESAR FARID FIAT"}, {"qual": "49-S\u00f3cio-Administrador", "nome": "LINA MARIA MIRANDA SANTOS"}, {"qual": "05-Administrador", "nome": "GERALDO ANDRE DE MIRANDA SANTOS"}], "situacao": "ATIVA", "bairro": "CENTRO", "logradouro": "AV ARARUAMA", "numero": "541", "cep": "28.970-000", "municipio": "ARARUAMA", "porte": "DEMAIS", "abertura": "02/04/1996", "natureza_juridica": "206-2 - Sociedade Empres\u00e1ria Limitada", "cnpj": "01.127.106/0001-13", "ultima_atualizacao": "2020-02-07T23:49:45.587Z", "status": "OK", "tipo": "MATRIZ", "fantasia": "", "efr": "", "motivo_situacao": "", "situacao_especial": "", "data_situacao_especial": "", "capital_social": "50000000.00", "extra": {}, "billing": {"free": false, "database": false}}