{"atividade_principal": [{"text": "Distribui\u00e7\u00e3o cinematogr\u00e1fica, de v\u00eddeo e de programas de televis\u00e3o", "code": "59.13-8-00"}], "data_situacao": "07/10/2005", "complemento": "PARTE", "nome": "262 VIDEO LOCADORA, PRODUCOES E SERVICOS GERAIS LTDA", "uf": "RJ", "telefone": "(21) 2719-1743/ (21) 7864-5856", "atividades_secundarias": [{"text": "Ag\u00eancias de publicidade", "code": "73.11-4-00"}, {"text": "Aluguel de outras m\u00e1quinas e equipamentos comerciais e industriais n\u00e3o especificados anteriormente, sem operador", "code": "77.39-0-99"}, {"text": "Aluguel de fitas de v\u00eddeo, DVDs e similares", "code": "77.22-5-00"}], "qsa": [{"qual": "22-S\u00f3cio", "nome": "LIA CRISTINA DE PAULA FERREIRA"}, {"qual": "49-S\u00f3cio-Administrador", "nome": "GABRIEL DE PAULA FERREIRA"}], "situacao": "ATIVA", "bairro": "SANTA ROSA", "logradouro": "R DOUTOR PAULO CESAR", "numero": "262", "cep": "24.240-000", "municipio": "NITEROI", "porte": "MICRO EMPRESA", "abertura": "25/03/1996", "natureza_juridica": "206-2 - Sociedade Empres\u00e1ria Limitada", "fantasia": "262 VIDEO LOCADORA E PRODUCOES DE EVENTOS LTDA.", "cnpj": "01.146.648/0001-33", "ultima_atualizacao": "2020-02-07T23:43:24.284Z", "status": "OK", "tipo": "MATRIZ", "email": "", "efr": "", "motivo_situacao": "", "situacao_especial": "", "data_situacao_especial": "", "capital_social": "50000.00", "extra": {}, "billing": {"free": false, "database": false}}