{"atividade_principal": [{"text": "Atividades de associa\u00e7\u00f5es de defesa de direitos sociais", "code": "94.30-8-00"}], "data_situacao": "03/11/2005", "complemento": "CASA ESCOLA", "nome": "CONSELHO ESCOLAR DA ESCOLA ESTADUAL MUNICIPALIZADA NOSSO SENHOR DOS PASSOS", "uf": "RJ", "telefone": "(22) 3084-5532/ (22) 9264-5694", "email": "pablo_parga@hotmail.com", "atividades_secundarias": [{"text": "Atividades de organiza\u00e7\u00f5es associativas ligadas \u00e0 cultura e \u00e0 arte", "code": "94.93-6-00"}, {"text": "Atividades associativas n\u00e3o especificadas anteriormente", "code": "94.99-5-00"}], "qsa": [{"qual": "16-Presidente", "nome": "MAGALI MACHADO CABRAL"}], "situacao": "ATIVA", "bairro": "BOTAFOGO", "logradouro": "R SAO JOSE", "numero": "185", "cep": "27.946-265", "municipio": "MACAE", "porte": "DEMAIS", "abertura": "31/08/1995", "natureza_juridica": "399-9 - Associa\u00e7\u00e3o Privada", "fantasia": "CE EEMNSP", "cnpj": "01.178.062/0001-50", "ultima_atualizacao": "2020-02-08T00:52:26.201Z", "status": "OK", "tipo": "MATRIZ", "efr": "", "motivo_situacao": "", "situacao_especial": "", "data_situacao_especial": "", "capital_social": "0.00", "extra": {}, "billing": {"free": false, "database": false}}