{"atividade_principal": [{"text": "Transporte rodovi\u00e1rio coletivo de passageiros, sob regime de fretamento, intermunicipal, interestadual e internacional", "code": "49.29-9-02"}], "data_situacao": "03/11/2005", "complemento": "LOTE 7 QUADRAG", "nome": "ESX TRANSPORTE E TURISMO LTDA", "uf": "RJ", "telefone": "(22) 2764-5666/ (22) 2760-1663", "email": "gerencia@ouronegroturismo.com.br", "atividades_secundarias": [{"text": "Servi\u00e7os de manuten\u00e7\u00e3o e repara\u00e7\u00e3o mec\u00e2nica de ve\u00edculos automotores", "code": "45.20-0-01"}, {"text": "Com\u00e9rcio a varejo de pe\u00e7as e acess\u00f3rios novos para ve\u00edculos automotores", "code": "45.30-7-03"}, {"text": "Com\u00e9rcio a varejo de pe\u00e7as e acess\u00f3rios usados para ve\u00edculos automotores", "code": "45.30-7-04"}, {"text": "Com\u00e9rcio a varejo de pneum\u00e1ticos e c\u00e2maras-de-ar", "code": "45.30-7-05"}, {"text": "Transporte escolar", "code": "49.24-8-00"}, {"text": "Transporte rodovi\u00e1rio coletivo de passageiros, sob regime de fretamento, municipal", "code": "49.29-9-01"}, {"text": "Organiza\u00e7\u00e3o de excurs\u00f5es em ve\u00edculos rodovi\u00e1rios pr\u00f3prios, intermunicipal, interestadual e internacional", "code": "49.29-9-04"}, {"text": "Outros transportes rodovi\u00e1rios de passageiros n\u00e3o especificados anteriormente", "code": "49.29-9-99"}, {"text": "Loca\u00e7\u00e3o de autom\u00f3veis sem condutor", "code": "77.11-0-00"}, {"text": "Ag\u00eancias de viagens", "code": "79.11-2-00"}, {"text": "Operadores tur\u00edsticos", "code": "79.12-1-00"}, {"text": "Servi\u00e7os de reservas e outros servi\u00e7os de turismo n\u00e3o especificados anteriormente", "code": "79.90-2-00"}], "qsa": [{"qual": "49-S\u00f3cio-Administrador", "nome": "SERGIO ROBERTO DOS SANTOS MORETT"}, {"qual": "49-S\u00f3cio-Administrador", "nome": "ERICA BORGES LARRUBIA"}], "situacao": "ATIVA", "bairro": "ZONA ZEN", "logradouro": "R QUIMICO DO PETROLEO", "numero": "S/N", "cep": "28.899-008", "municipio": "RIO DAS OSTRAS", "porte": "DEMAIS", "abertura": "08/04/1996", "natureza_juridica": "206-2 - Sociedade Empres\u00e1ria Limitada", "fantasia": "OURO NEGRO TRANSPORTES E TURISMO", "cnpj": "01.211.210/0001-91", "ultima_atualizacao": "2020-02-08T01:09:51.361Z", "status": "OK", "tipo": "MATRIZ", "efr": "", "motivo_situacao": "", "situacao_especial": "", "data_situacao_especial": "", "capital_social": "1600000.00", "extra": {}, "billing": {"free": false, "database": false}}