{"atividade_principal": [{"text": "Com\u00e9rcio varejista de produtos farmac\u00eauticos, com manipula\u00e7\u00e3o de f\u00f3rmulas", "code": "47.71-7-02"}], "data_situacao": "03/11/2005", "nome": "NUTRIMED SERV.MEDICOS EM NUTRICAO PARENT.E ENTERAL LTDA", "uf": "RJ", "telefone": "(22) 2733-4562", "email": "lucmaatcontabil@bol.com.br", "qsa": [{"qual": "49-S\u00f3cio-Administrador", "nome": "EVANDRO HENRIQUE RIBEIRO JUNIOR"}, {"qual": "49-S\u00f3cio-Administrador", "nome": "HERBERT SIDNEY NEVES"}], "situacao": "ATIVA", "bairro": "PARQUE TAMANDARE", "logradouro": "TV ALBERTO FERREIRA", "numero": "30", "cep": "28.030-100", "municipio": "CAMPOS DOS GOYTACAZES", "porte": "EMPRESA DE PEQUENO PORTE", "abertura": "25/04/1996", "natureza_juridica": "206-2 - Sociedade Empres\u00e1ria Limitada", "cnpj": "01.226.416/0001-95", "ultima_atualizacao": "2020-02-07T23:06:05.348Z", "status": "OK", "tipo": "MATRIZ", "fantasia": "", "complemento": "", "efr": "", "motivo_situacao": "", "situacao_especial": "", "data_situacao_especial": "", "atividades_secundarias": [{"code": "00.00-0-00", "text": "N\u00e3o informada"}], "capital_social": "1500000.00", "extra": {}, "billing": {"free": false, "database": false}}