{"atividade_principal": [{"text": "Com\u00e9rcio atacadista de m\u00e1quinas, aparelhos e equipamentos para uso odonto-m\u00e9dico-hospitalar; partes e pe\u00e7as", "code": "46.64-8-00"}], "data_situacao": "03/11/2005", "complemento": "ANDAR 6", "nome": "MAGNAMED TECNOLOGIA MEDICA S/A", "uf": "SP", "telefone": "(11) 5081-4115", "email": "wataru@magnamed.com.br", "atividades_secundarias": [{"text": "Fabrica\u00e7\u00e3o de aparelhos eletrom\u00e9dicos e eletroterap\u00eauticos e equipamentos de irradia\u00e7\u00e3o", "code": "26.60-4-00"}, {"text": "Manuten\u00e7\u00e3o e repara\u00e7\u00e3o de aparelhos eletrom\u00e9dicos e eletroterap\u00eauticos e equipamentos de irradia\u00e7\u00e3o", "code": "33.12-1-03"}, {"text": "Consultoria em tecnologia da informa\u00e7\u00e3o", "code": "62.04-0-00"}, {"text": "Desenvolvimento de programas de computador sob encomenda", "code": "62.01-5-01"}, {"text": "Desenvolvimento e licenciamento de programas de computador n\u00e3o-customiz\u00e1veis", "code": "62.03-1-00"}, {"text": "Tratamento de dados, provedores de servi\u00e7os de aplica\u00e7\u00e3o e servi\u00e7os de hospedagem na internet", "code": "63.11-9-00"}, {"text": "Aluguel de equipamentos cient\u00edficos, m\u00e9dicos e hospitalares, sem operador", "code": "77.39-0-02"}, {"text": "Treinamento em desenvolvimento profissional e gerencial", "code": "85.99-6-04"}], "qsa": [{"qual": "10-Diretor", "nome": "TORU MIYAGI KINJO"}, {"qual": "16-Presidente", "nome": "WATARU UEDA"}, {"qual": "10-Diretor", "nome": "TATSUO SUZUKI"}, {"qual": "08-Conselheiro de Administra\u00e7\u00e3o", "nome": "DANIEL BALESTRO IZZO"}, {"qual": "08-Conselheiro de Administra\u00e7\u00e3o", "nome": "EDUARDO CARNEIRO SPERLING"}], "situacao": "ATIVA", "bairro": "PARAISO", "logradouro": "R DESEMBARGADOR ELISEU GUILHERME", "numero": "292", "cep": "04.004-030", "municipio": "SAO PAULO", "porte": "DEMAIS", "abertura": "17/06/1996", "natureza_juridica": "205-4 - Sociedade An\u00f4nima Fechada", "fantasia": "MAGNAMED", "cnpj": "01.298.443/0001-73", "ultima_atualizacao": "2020-02-08T00:25:48.179Z", "status": "OK", "tipo": "MATRIZ", "efr": "", "motivo_situacao": "", "situacao_especial": "", "data_situacao_especial": "", "capital_social": "13965016.82", "extra": {}, "billing": {"free": false, "database": false}}