{"atividade_principal": [{"text": "Outras obras de engenharia civil n\u00e3o especificadas anteriormente", "code": "42.99-5-99"}], "data_situacao": "03/11/2005", "nome": "SERCON CONSTRUCOES EIRELI", "uf": "RJ", "telefone": "(22) 2762-9510", "atividades_secundarias": [{"text": "Servi\u00e7os especializados para constru\u00e7\u00e3o n\u00e3o especificados anteriormente", "code": "43.99-1-99"}, {"text": "Com\u00e9rcio varejista de materiais de constru\u00e7\u00e3o n\u00e3o especificados anteriormente", "code": "47.44-0-05"}, {"text": "Loca\u00e7\u00e3o de autom\u00f3veis sem condutor", "code": "77.11-0-00"}], "qsa": [{"qual": "65-Titular Pessoa F\u00edsica Residente ou Domiciliado no Brasil", "nome": "GILSON TANOS NATALINI"}], "situacao": "ATIVA", "bairro": "PRAIA CAMPISTA", "logradouro": "R LUIS PINTO DA SILVA", "numero": "472", "cep": "27.923-200", "municipio": "MACAE", "porte": "DEMAIS", "abertura": "26/06/1996", "natureza_juridica": "230-5 - Empresa Individual de Responsabilidade Limitada (de Natureza Empres\u00e1ria)", "fantasia": "SERCON SERVICOS E MANUTENCAO", "cnpj": "01.309.292/0001-01", "ultima_atualizacao": "2020-02-08T00:13:47.660Z", "status": "OK", "tipo": "MATRIZ", "complemento": "", "email": "", "efr": "", "motivo_situacao": "", "situacao_especial": "", "data_situacao_especial": "", "capital_social": "2500000.00", "extra": {}, "billing": {"free": false, "database": false}}