{"data_situacao": "09/04/2008", "motivo_situacao": "EXTINCAO - TRAT. DIF. DADO AS ME E EPP", "nome": "NEW BORN COMERCIAL LTDA", "telefone": "(021) 4134-627", "situacao": "BAIXADA", "porte": "MICRO EMPRESA", "abertura": "12/07/1996", "natureza_juridica": "206-2 - Sociedade Empres\u00e1ria Limitada", "cnpj": "01.381.646/0001-29", "ultima_atualizacao": "2020-02-07T23:25:14.187Z", "status": "OK", "tipo": "MATRIZ", "fantasia": "", "logradouro": "", "numero": "", "complemento": "", "cep": "", "bairro": "", "municipio": "", "uf": "", "email": "", "efr": "", "situacao_especial": "", "data_situacao_especial": "", "atividade_principal": [{"code": "00.00-0-00", "text": "********"}], "atividades_secundarias": [{"code": "00.00-0-00", "text": "N\u00e3o informada"}], "capital_social": "0.00", "qsa": [], "extra": {}, "billing": {"free": false, "database": false}}