{"atividade_principal": [{"text": "Servi\u00e7os de diagn\u00f3stico por imagem com uso de radia\u00e7\u00e3o ionizante, exceto tomografia", "code": "86.40-2-05"}], "data_situacao": "03/11/2005", "complemento": "SALA 7", "nome": "CLINICA MATERNO FETAL LTDA", "uf": "RJ", "atividades_secundarias": [{"text": "Servi\u00e7os de diagn\u00f3stico por imagem sem uso de radia\u00e7\u00e3o ionizante, exceto resson\u00e2ncia magn\u00e9tica", "code": "86.40-2-07"}], "qsa": [{"qual": "49-S\u00f3cio-Administrador", "nome": "ANA PAULA DE CAMPOS ARENALES SORAGE"}, {"qual": "22-S\u00f3cio", "nome": "MARLENE GUIMARAES SILVA SORAGE"}], "situacao": "ATIVA", "bairro": "CENTRO", "logradouro": "R DR. JULIO OLIVIER", "numero": "383", "cep": "27.937-300", "municipio": "MACAE", "porte": "EMPRESA DE PEQUENO PORTE", "abertura": "16/07/1996", "natureza_juridica": "206-2 - Sociedade Empres\u00e1ria Limitada", "fantasia": "ECO ART", "cnpj": "01.412.810/0001-18", "ultima_atualizacao": "2020-02-08T00:05:30.818Z", "status": "OK", "tipo": "MATRIZ", "email": "", "telefone": "", "efr": "", "motivo_situacao": "", "situacao_especial": "", "data_situacao_especial": "", "capital_social": "0.00", "extra": {}, "billing": {"free": false, "database": false}}