{"atividade_principal": [{"text": "Com\u00e9rcio atacadista de instrumentos e materiais para uso m\u00e9dico, cir\u00fargico, hospitalar e de laborat\u00f3rios", "code": "46.45-1-01"}], "data_situacao": "12/06/2004", "complemento": "ANDAR 4 E 5", "nome": "SIEMENS HEALTHCARE DIAGNOSTICOS LTDA.", "uf": "SP", "telefone": "(11) 4585-7350", "email": "tax.br@siemens.com", "atividades_secundarias": [{"text": "Manuten\u00e7\u00e3o e repara\u00e7\u00e3o de aparelhos eletrom\u00e9dicos e eletroterap\u00eauticos e equipamentos de irradia\u00e7\u00e3o", "code": "33.12-1-03"}, {"text": "Instala\u00e7\u00e3o de m\u00e1quinas e equipamentos industriais", "code": "33.21-0-00"}, {"text": "Com\u00e9rcio atacadista de m\u00e1quinas, aparelhos e equipamentos para uso odonto-m\u00e9dico-hospitalar; partes e pe\u00e7as", "code": "46.64-8-00"}, {"text": "Aluguel de equipamentos cient\u00edficos, m\u00e9dicos e hospitalares, sem operador", "code": "77.39-0-02"}, {"text": "Fabrica\u00e7\u00e3o de aparelhos eletrom\u00e9dicos e eletroterap\u00eauticos e equipamentos de irradia\u00e7\u00e3o", "code": "26.60-4-00"}, {"text": "Outras sociedades de participa\u00e7\u00e3o, exceto holdings", "code": "64.63-8-00"}, {"text": "Desenvolvimento e licenciamento de programas de computador customiz\u00e1veis", "code": "62.02-3-00"}, {"text": "Treinamento em desenvolvimento profissional e gerencial", "code": "85.99-6-04"}, {"text": "Servi\u00e7os de tomografia", "code": "86.40-2-04"}, {"text": "Servi\u00e7os de diagn\u00f3stico por imagem com uso de radia\u00e7\u00e3o ionizante, exceto tomografia", "code": "86.40-2-05"}, {"text": "Servi\u00e7os de resson\u00e2ncia magn\u00e9tica", "code": "86.40-2-06"}, {"text": "Servi\u00e7os de diagn\u00f3stico por imagem sem uso de radia\u00e7\u00e3o ionizante, exceto resson\u00e2ncia magn\u00e9tica", "code": "86.40-2-07"}, {"text": "Atividades de apoio \u00e0 gest\u00e3o de sa\u00fade", "code": "86.60-7-00"}, {"text": "Administra\u00e7\u00e3o de obras", "code": "43.99-1-01"}], "qsa": [{"qual": "05-Administrador", "nome": "KLEBER DOUVLETIS"}, {"qual": "05-Administrador", "nome": "ARMANDO CORREA LOPES JUNIOR"}, {"qual": "37-S\u00f3cio Pessoa Jur\u00eddica Domiciliado no Exterior", "pais_origem": "ESTADOS UNIDOS", "nome_rep_legal": "SAMUEL CARVALHO GAUDENCIO", "qual_rep_legal": "17-Procurador", "nome": "SIEMENS HEALTHCARE DIAGNOSTICS INC"}, {"qual": "37-S\u00f3cio Pessoa Jur\u00eddica Domiciliado no Exterior", "pais_origem": "PA\u00cdSES BAIXOS (HOLANDA)", "nome_rep_legal": "SAMUEL CARVALHO GAUDENCIO", "qual_rep_legal": "17-Procurador", "nome": "SIEMENS HEALTHCARE NEDERLAND B.V."}, {"qual": "05-Administrador", "nome": "ANDRE CLARK JULIANO"}, {"qual": "37-S\u00f3cio Pessoa Jur\u00eddica Domiciliado no Exterior", "pais_origem": "PA\u00cdSES BAIXOS (HOLANDA)", "nome_rep_legal": "SAMUEL CARVALHO GAUDENCIO", "qual_rep_legal": "17-Procurador", "nome": "SIEMENS HEALTHINEERS HOLDING III B.V."}], "situacao": "ATIVA", "bairro": "JARDIM SANTO ELIAS", "logradouro": "AV MUTINGA 3800", "numero": "3800", "cep": "05.110-902", "municipio": "SAO PAULO", "porte": "DEMAIS", "abertura": "23/09/1996", "natureza_juridica": "206-2 - Sociedade Empres\u00e1ria Limitada", "cnpj": "01.449.930/0001-90", "ultima_atualizacao": "2020-02-07T23:40:21.535Z", "status": "OK", "tipo": "MATRIZ", "fantasia": "", "efr": "", "motivo_situacao": "", "situacao_especial": "", "data_situacao_especial": "", "capital_social": "309332498.00", "extra": {}, "billing": {"free": false, "database": false}}