{"atividade_principal": [{"text": "Administra\u00e7\u00e3o p\u00fablica em geral", "code": "84.11-6-00"}], "data_situacao": "08/04/2005", "complemento": "PARTE", "nome": "MUNICIPIO DE CARAPEBUS", "efr": "MUNIC\u00cdPIO DE CARAPEBUS", "uf": "RJ", "telefone": "(22) 2768-9500", "email": "prefeitura@carapebus.rj.gov.br", "situacao": "ATIVA", "bairro": "CENTRO", "logradouro": "R GETULIO VARGAS", "numero": "15", "cep": "27.998-000", "municipio": "CARAPEBUS", "porte": "DEMAIS", "abertura": "19/07/1995", "natureza_juridica": "124-4 - Munic\u00edpio", "fantasia": "PREFEITURA DE CARAPEBUS", "cnpj": "01.609.497/0001-02", "ultima_atualizacao": "2020-02-08T00:10:06.704Z", "status": "OK", "tipo": "MATRIZ", "motivo_situacao": "", "situacao_especial": "", "data_situacao_especial": "", "atividades_secundarias": [{"code": "00.00-0-00", "text": "N\u00e3o informada"}], "capital_social": "0.00", "qsa": [], "extra": {}, "billing": {"free": false, "database": false}}