{"data_situacao": "31/12/2008", "motivo_situacao": "INAPTIDAO (LEI 11.941/2009 ART.54)", "nome": "M P ALIXXANDRINO REPRESENTACOES", "situacao": "BAIXADA", "porte": "DEMAIS", "abertura": "10/12/1996", "natureza_juridica": "213-5 - Empres\u00e1rio (Individual)", "fantasia": "MADEIREIRA AMAZONIA", "cnpj": "01.607.531/0001-00", "ultima_atualizacao": "2020-02-08T00:52:55.404Z", "status": "OK", "tipo": "MATRIZ", "logradouro": "", "numero": "", "complemento": "", "cep": "", "bairro": "", "municipio": "", "uf": "", "email": "", "telefone": "", "efr": "", "situacao_especial": "", "data_situacao_especial": "", "atividade_principal": [{"code": "00.00-0-00", "text": "********"}], "atividades_secundarias": [{"code": "00.00-0-00", "text": "N\u00e3o informada"}], "capital_social": "0.00", "qsa": [], "extra": {}, "billing": {"free": false, "database": false}}