{"atividade_principal": [{"text": "Constru\u00e7\u00e3o de edif\u00edcios", "code": "41.20-4-00"}], "data_situacao": "18/05/2002", "nome": "CONSTRUTORA MASSARI LTDA", "uf": "RJ", "atividades_secundarias": [{"text": "Constru\u00e7\u00e3o de rodovias e ferrovias", "code": "42.11-1-01"}, {"text": "Constru\u00e7\u00e3o de obras de arte especiais", "code": "42.12-0-00"}, {"text": "Demoli\u00e7\u00e3o de edif\u00edcios e outras estruturas", "code": "43.11-8-01"}, {"text": "Prepara\u00e7\u00e3o de canteiro e limpeza de terreno", "code": "43.11-8-02"}, {"text": "Instala\u00e7\u00e3o e manuten\u00e7\u00e3o el\u00e9trica", "code": "43.21-5-00"}, {"text": "Instala\u00e7\u00f5es hidr\u00e1ulicas, sanit\u00e1rias e de g\u00e1s", "code": "43.22-3-01"}, {"text": "Servi\u00e7os de pintura de edif\u00edcios em geral", "code": "43.30-4-04"}, {"text": "Outras obras de acabamento da constru\u00e7\u00e3o", "code": "43.30-4-99"}, {"text": "Obras de alvenaria", "code": "43.99-1-03"}], "qsa": [{"qual": "49-S\u00f3cio-Administrador", "nome": "HASSIB HADDAD ANTONIOS FILHO"}, {"qual": "22-S\u00f3cio", "nome": "LUCAS DO AMARAL LEMOS HADDAD"}, {"qual": "22-S\u00f3cio", "nome": "DAVI DO AMARAL LEMOS HADDAD"}], "situacao": "ATIVA", "bairro": "PQ SAO CAETANO", "logradouro": "R DR MANOEL COELHO BARROSO", "numero": "29", "cep": "28.030-405", "municipio": "CAMPOS DOS GOYTACAZES", "porte": "EMPRESA DE PEQUENO PORTE", "abertura": "22/11/1996", "natureza_juridica": "206-2 - Sociedade Empres\u00e1ria Limitada", "fantasia": "CONSTRUTORA MASSARI", "cnpj": "01.679.494/0001-45", "ultima_atualizacao": "2020-02-08T01:08:25.024Z", "status": "OK", "tipo": "MATRIZ", "complemento": "", "email": "", "telefone": "", "efr": "", "motivo_situacao": "", "situacao_especial": "", "data_situacao_especial": "", "capital_social": "1600000.00", "extra": {}, "billing": {"free": false, "database": false}}