{"data_situacao": "11/09/2018", "motivo_situacao": "OMISSAO DE DECLARACOES", "nome": "I. D. PIRES MERCEARIA", "situacao": "INAPTA", "porte": "MICRO EMPRESA", "abertura": "27/01/1997", "natureza_juridica": "213-5 - Empres\u00e1rio (Individual)", "fantasia": "SADALLA MERCEARIA", "cnpj": "01.675.712/0001-73", "ultima_atualizacao": "2020-02-07T23:06:37.930Z", "status": "OK", "tipo": "MATRIZ", "logradouro": "", "numero": "", "complemento": "", "cep": "", "bairro": "", "municipio": "", "uf": "", "email": "", "telefone": "", "efr": "", "situacao_especial": "", "data_situacao_especial": "", "atividade_principal": [{"code": "00.00-0-00", "text": "********"}], "atividades_secundarias": [{"code": "00.00-0-00", "text": "N\u00e3o informada"}], "capital_social": "0.00", "qsa": [], "extra": {}, "billing": {"free": false, "database": false}}