{"atividade_principal": [{"text": "Com\u00e9rcio varejista de artigos m\u00e9dicos e ortop\u00e9dicos", "code": "47.73-3-00"}], "data_situacao": "24/07/2004", "complemento": "SALA 204", "nome": "DANIALEX TEC - MATERIAL MEDICO HOSPITALAR LTDA.", "uf": "RJ", "telefone": "(21) 3529-3774", "email": "alexandre@danialex.com.br", "atividades_secundarias": [{"text": "Com\u00e9rcio atacadista de instrumentos e materiais para uso m\u00e9dico, cir\u00fargico, hospitalar e de laborat\u00f3rios", "code": "46.45-1-01"}, {"text": "Repara\u00e7\u00e3o e manuten\u00e7\u00e3o de outros objetos e equipamentos pessoais e dom\u00e9sticos n\u00e3o especificados anteriormente", "code": "95.29-1-99"}], "qsa": [{"qual": "49-S\u00f3cio-Administrador", "nome": "ALEXANDRE SANTOS VANDELLI"}, {"qual": "49-S\u00f3cio-Administrador", "nome": "DANIEL DE MELLO VANDELLI"}], "situacao": "ATIVA", "bairro": "OLARIA", "logradouro": "AV JULIO ANTONIO THURLER", "numero": "145", "cep": "28.620-000", "municipio": "NOVA FRIBURGO", "porte": "MICRO EMPRESA", "abertura": "21/02/1997", "natureza_juridica": "206-2 - Sociedade Empres\u00e1ria Limitada", "fantasia": "DANIALEX", "cnpj": "01.686.305/0001-61", "ultima_atualizacao": "2020-02-08T01:01:42.612Z", "status": "OK", "tipo": "MATRIZ", "efr": "", "motivo_situacao": "", "situacao_especial": "", "data_situacao_especial": "", "capital_social": "0.00", "extra": {}, "billing": {"free": false, "database": false}}