{"atividade_principal": [{"text": "Aluguel de m\u00e1quinas e equipamentos para escrit\u00f3rios", "code": "77.33-1-00"}], "data_situacao": "22/07/2005", "complemento": "ANDAR 1.", "nome": "CIDTECH LOCACOES E SERVICOS LTDA", "uf": "SP", "telefone": "(11) 3105-1967", "email": "torrescontabil@torrescontabil.com.br", "atividades_secundarias": [{"text": "Servi\u00e7os de organiza\u00e7\u00e3o de feiras, congressos, exposi\u00e7\u00f5es e festas", "code": "82.30-0-01"}, {"text": "Repara\u00e7\u00e3o e manuten\u00e7\u00e3o de computadores e de equipamentos perif\u00e9ricos", "code": "95.11-8-00"}], "qsa": [{"qual": "49-S\u00f3cio-Administrador", "nome": "MIGUEL SILVESTRE DA SILVA"}, {"qual": "22-S\u00f3cio", "nome": "CARLOS ALBERTO DA COSTA"}], "situacao": "ATIVA", "bairro": "JARDIM SAO BENTO", "logradouro": "R DOBRADA", "numero": "227", "cep": "02.514-060", "municipio": "SAO PAULO", "porte": "EMPRESA DE PEQUENO PORTE", "abertura": "05/03/1997", "natureza_juridica": "206-2 - Sociedade Empres\u00e1ria Limitada", "cnpj": "01.686.295/0001-64", "ultima_atualizacao": "2020-02-08T00:55:43.905Z", "status": "OK", "tipo": "MATRIZ", "fantasia": "", "efr": "", "motivo_situacao": "", "situacao_especial": "", "data_situacao_especial": "", "capital_social": "40000.00", "extra": {}, "billing": {"free": false, "database": false}}