{"data_situacao": "02/03/2005", "motivo_situacao": "EXTINCAO P/ ENC LIQ VOLUNTARIA", "nome": "E P MONTEIRO", "situacao": "BAIXADA", "porte": "DEMAIS", "abertura": "04/03/1997", "natureza_juridica": "213-5 - Empres\u00e1rio (Individual)", "cnpj": "01.699.808/0001-71", "ultima_atualizacao": "2020-02-08T01:02:43.240Z", "status": "OK", "tipo": "MATRIZ", "fantasia": "", "logradouro": "", "numero": "", "complemento": "", "cep": "", "bairro": "", "municipio": "", "uf": "", "email": "", "telefone": "", "efr": "", "situacao_especial": "", "data_situacao_especial": "", "atividade_principal": [{"code": "00.00-0-00", "text": "********"}], "atividades_secundarias": [{"code": "00.00-0-00", "text": "N\u00e3o informada"}], "capital_social": "0.00", "qsa": [], "extra": {}, "billing": {"free": false, "database": false}}