{"atividade_principal": [{"text": "Sociedade seguradora de seguros vida", "code": "65.11-1-01"}], "data_situacao": "03/11/2005", "complemento": ": PARTE;", "nome": "SUL AMERICA SEGUROS DE PESSOAS E PREVIDENCIA S.A.", "uf": "RJ", "telefone": "(21) 2506-8585", "qsa": [{"qual": "10-Diretor", "nome": "LAENIO PEREIRA DOS SANTOS"}, {"qual": "10-Diretor", "nome": "MARCO ANTONIO ANTUNES DA SILVA"}, {"qual": "10-Diretor", "nome": "EMIL ANDERY"}, {"qual": "10-Diretor", "nome": "LUCIANO MACEDO DE LIMA"}, {"qual": "10-Diretor", "nome": "GILSON BOCHERNITSAN"}, {"qual": "10-Diretor", "nome": "MARCO ANTONIO NEVES"}, {"qual": "10-Diretor", "nome": "ANDRE LUIZ LAUZANA DOS SANTOS"}, {"qual": "10-Diretor", "nome": "CRISTIANO DONISETE BARBIERI"}, {"qual": "16-Presidente", "nome": "GABRIEL PORTELLA FAGUNDES FILHO"}, {"qual": "10-Diretor", "nome": "RENATO ROPERTO"}, {"qual": "10-Diretor", "nome": "MARCELO PIMENTEL MELLO"}, {"qual": "10-Diretor", "nome": "REINALDO AMORIM LOPES"}, {"qual": "10-Diretor", "nome": "RICARDO BOTTAS DOURADO DOS SANTOS"}, {"qual": "10-Diretor", "nome": "SOLANGE ZAQUEM THOMPSON MOTTA"}, {"qual": "10-Diretor", "nome": "FABIANE RESCHKE"}, {"qual": "10-Diretor", "nome": "ALESSANDRA MAIA MARINHO BASILE"}, {"qual": "10-Diretor", "nome": "MARCELO SUMAN MASCARETTI"}, {"qual": "10-Diretor", "nome": "PATRICIA QUIRICO COIMBRA"}, {"qual": "10-Diretor", "nome": "JOSE CARLOS DOS SANTOS VIEIRA"}, {"qual": "10-Diretor", "nome": "JOSE HENRIQUE PIMENTEL DE MELO"}, {"qual": "10-Diretor", "nome": "CHRISTIAN ROGERIO MENEZES"}], "situacao": "ATIVA", "bairro": "CIDADE NOVA", "logradouro": "R BEATRIZ LARRAGOITI LUCAS 121", "numero": "121", "cep": "20.211-903", "municipio": "RIO DE JANEIRO", "porte": "DEMAIS", "abertura": "05/03/1997", "natureza_juridica": "205-4 - Sociedade An\u00f4nima Fechada", "cnpj": "01.704.513/0001-46", "ultima_atualizacao": "2020-02-07T23:53:36.986Z", "status": "OK", "tipo": "MATRIZ", "fantasia": "", "email": "", "efr": "", "motivo_situacao": "", "situacao_especial": "", "data_situacao_especial": "", "atividades_secundarias": [{"code": "00.00-0-00", "text": "N\u00e3o informada"}], "capital_social": "227550384.11", "extra": {}, "billing": {"free": false, "database": false}}