{"data_situacao": "23/04/2018", "motivo_situacao": "EXTINCAO P/ ENC LIQ VOLUNTARIA", "nome": "KIRTON BANK S.A. - BANCO MULTIPLO", "situacao": "BAIXADA", "porte": "DEMAIS", "abertura": "27/03/1997", "natureza_juridica": "205-4 - Sociedade An\u00f4nima Fechada", "fantasia": "HSBC", "cnpj": "01.701.201/0770-50", "ultima_atualizacao": "2020-02-07T23:47:03.953Z", "status": "OK", "tipo": "FILIAL", "logradouro": "", "numero": "", "complemento": "", "cep": "", "bairro": "", "municipio": "", "uf": "", "email": "", "telefone": "", "efr": "", "situacao_especial": "", "data_situacao_especial": "", "atividade_principal": [{"code": "00.00-0-00", "text": "********"}], "atividades_secundarias": [{"code": "00.00-0-00", "text": "N\u00e3o informada"}], "capital_social": "0.00", "qsa": [], "extra": {}, "billing": {"free": false, "database": false}}