{"atividade_principal": [{"text": "Produ\u00e7\u00e3o de espet\u00e1culos circenses, de marionetes e similares", "code": "90.01-9-04"}], "data_situacao": "03/11/2005", "nome": "ANTONIO JOSE DE SOUZA", "uf": "RJ", "situacao": "ATIVA", "bairro": "CENTRO", "logradouro": "R ANTONIO FERREIRA DE MEDEIROS", "numero": "55", "cep": "28.180-000", "municipio": "CARDOSO MOREIRA", "porte": "MICRO EMPRESA", "abertura": "14/02/1997", "natureza_juridica": "213-5 - Empres\u00e1rio (Individual)", "fantasia": "COMPANHIA DE RODEIO TONY NASCIMENTO", "cnpj": "01.710.621/0001-21", "ultima_atualizacao": "2020-02-07T23:19:26.739Z", "status": "OK", "tipo": "MATRIZ", "complemento": "", "email": "", "telefone": "", "efr": "", "motivo_situacao": "", "situacao_especial": "", "data_situacao_especial": "", "atividades_secundarias": [{"code": "00.00-0-00", "text": "N\u00e3o informada"}], "capital_social": "0.00", "qsa": [], "extra": {}, "billing": {"free": false, "database": false}}