{"data_situacao": "28/11/2018", "motivo_situacao": "OMISSAO DE DECLARACOES", "nome": "ENNISETHAN COMERCIO DE EQUIP.ELETRONICOS LTDA.", "qsa": [{"qual": "22-S\u00f3cio", "nome": "ANA LUCIA RANGEL CORREA REID"}, {"qual": "49-S\u00f3cio-Administrador", "nome": "ABZALON DE OLIVEIRA THEONILO"}], "situacao": "INAPTA", "porte": "DEMAIS", "abertura": "27/02/1997", "natureza_juridica": "206-2 - Sociedade Empres\u00e1ria Limitada", "cnpj": "01.724.542/0001-70", "ultima_atualizacao": "2020-02-08T00:16:00.173Z", "status": "OK", "tipo": "MATRIZ", "fantasia": "", "logradouro": "", "numero": "", "complemento": "", "cep": "", "bairro": "", "municipio": "", "uf": "", "email": "", "telefone": "", "efr": "", "situacao_especial": "", "data_situacao_especial": "", "atividade_principal": [{"code": "00.00-0-00", "text": "********"}], "atividades_secundarias": [{"code": "00.00-0-00", "text": "N\u00e3o informada"}], "capital_social": "10000.00", "extra": {}, "billing": {"free": false, "database": false}}