{"atividade_principal": [{"text": "Constru\u00e7\u00e3o de edif\u00edcios", "code": "41.20-4-00"}], "data_situacao": "21/07/2001", "nome": "TKS SERVICE LTDA", "uf": "ES", "telefone": "(27) 2104-8308", "atividades_secundarias": [{"text": "Constru\u00e7\u00e3o de rodovias e ferrovias", "code": "42.11-1-01"}, {"text": "Constru\u00e7\u00e3o de obras de arte especiais", "code": "42.12-0-00"}, {"text": "Constru\u00e7\u00e3o de esta\u00e7\u00f5es e redes de distribui\u00e7\u00e3o de energia el\u00e9trica", "code": "42.21-9-02"}, {"text": "Manuten\u00e7\u00e3o de redes de distribui\u00e7\u00e3o de energia el\u00e9trica", "code": "42.21-9-03"}, {"text": "Constru\u00e7\u00e3o de redes de abastecimento de \u00e1gua, coleta de esgoto e constru\u00e7\u00f5es correlatas, exceto obras de irriga\u00e7\u00e3o", "code": "42.22-7-01"}, {"text": "Instala\u00e7\u00e3o e manuten\u00e7\u00e3o de sistemas centrais de ar condicionado, de ventila\u00e7\u00e3o e refrigera\u00e7\u00e3o", "code": "43.22-3-02"}, {"text": "Instala\u00e7\u00e3o de portas, janelas, tetos, divis\u00f3rias e arm\u00e1rios embutidos de qualquer material", "code": "43.30-4-02"}, {"text": "Outras obras de acabamento da constru\u00e7\u00e3o", "code": "43.30-4-99"}, {"text": "Obras de alvenaria", "code": "43.99-1-03"}, {"text": "Representantes comerciais e agentes do com\u00e9rcio de mercadorias em geral n\u00e3o especializado", "code": "46.19-2-00"}, {"text": "Com\u00e9rcio varejista de produtos aliment\u00edcios em geral ou especializado em produtos aliment\u00edcios n\u00e3o especificados anteriormente", "code": "47.29-6-99"}, {"text": "Loca\u00e7\u00e3o de autom\u00f3veis sem condutor", "code": "77.11-0-00"}, {"text": "Aluguel de m\u00e1quinas e equipamentos para constru\u00e7\u00e3o sem operador, exceto andaimes", "code": "77.32-2-01"}, {"text": "Limpeza em pr\u00e9dios e em domic\u00edlios", "code": "81.21-4-00"}, {"text": "Atividades paisag\u00edsticas", "code": "81.30-3-00"}], "qsa": [{"qual": "49-S\u00f3cio-Administrador", "nome": "HERNANDES HENRIQUE DA SILVA"}, {"qual": "49-S\u00f3cio-Administrador", "nome": "DEMETRIUS CARDOZO"}, {"qual": "49-S\u00f3cio-Administrador", "nome": "SINVAL CARDOZO"}], "situacao": "ATIVA", "bairro": "DE FATIMA", "logradouro": "R VITORIA", "numero": "57", "cep": "29.160-831", "municipio": "SERRA", "porte": "DEMAIS", "abertura": "14/01/1997", "natureza_juridica": "206-2 - Sociedade Empres\u00e1ria Limitada", "fantasia": "TKS CONSTRUTORA", "cnpj": "01.737.012/0001-66", "ultima_atualizacao": "2020-02-07T23:25:32.708Z", "status": "OK", "tipo": "MATRIZ", "complemento": "", "email": "", "efr": "", "motivo_situacao": "", "situacao_especial": "", "data_situacao_especial": "", "capital_social": "1150000.00", "extra": {}, "billing": {"free": false, "database": false}}