{"atividade_principal": [{"text": "Atividades de organiza\u00e7\u00f5es associativas ligadas \u00e0 cultura e \u00e0 arte", "code": "94.93-6-00"}], "data_situacao": "03/11/2005", "complemento": "A", "nome": "ASSOCIACAO MATSUDA IMINKAN", "uf": "RJ", "atividades_secundarias": [{"text": "Ensino de esportes", "code": "85.91-1-00"}, {"text": "Atividades associativas n\u00e3o especificadas anteriormente", "code": "94.99-5-00"}], "qsa": [{"qual": "16-Presidente", "nome": "SHIRO MATSUDA"}], "situacao": "ATIVA", "bairro": "CENTRO", "logradouro": "R VISCONDE DE QUISSAMA", "numero": "123", "cep": "27.910-020", "municipio": "MACAE", "porte": "DEMAIS", "abertura": "31/03/1997", "natureza_juridica": "399-9 - Associa\u00e7\u00e3o Privada", "cnpj": "01.783.854/0001-54", "ultima_atualizacao": "2020-02-07T22:59:18.165Z", "status": "OK", "tipo": "MATRIZ", "fantasia": "", "email": "", "telefone": "", "efr": "", "motivo_situacao": "", "situacao_especial": "", "data_situacao_especial": "", "capital_social": "0.00", "extra": {}, "billing": {"free": false, "database": false}}