{"atividade_principal": [{"text": "Atividade m\u00e9dica ambulatorial restrita a consultas", "code": "86.30-5-03"}], "data_situacao": "26/02/2005", "nome": "CARLOS BACELAR CLINICA LTDA", "uf": "RJ", "atividades_secundarias": [{"text": "Atividade m\u00e9dica ambulatorial com recursos para realiza\u00e7\u00e3o de procedimentos cir\u00fargicos", "code": "86.30-5-01"}, {"text": "Atividade m\u00e9dica ambulatorial com recursos para realiza\u00e7\u00e3o de exames complementares", "code": "86.30-5-02"}, {"text": "Servi\u00e7os de diagn\u00f3stico por registro gr\u00e1fico - ECG, EEG e outros exames an\u00e1logos", "code": "86.40-2-08"}, {"text": "Atividades de psicologia e psican\u00e1lise", "code": "86.50-0-03"}, {"text": "Atividades de fonoaudiologia", "code": "86.50-0-06"}, {"text": "Atividades de assist\u00eancia a deficientes f\u00edsicos, imunodeprimidos e convalescentes", "code": "87.11-5-03"}, {"text": "Atividades de centros de assist\u00eancia psicossocial", "code": "87.20-4-01"}], "qsa": [{"qual": "49-S\u00f3cio-Administrador", "nome": "ANDREA FROTA BACELAR REGO"}, {"qual": "22-S\u00f3cio", "nome": "OSCAR FROTA BACELAR MARTINS"}, {"qual": "22-S\u00f3cio", "nome": "GUILHERME FROTA BACELAR MARTINS"}], "situacao": "ATIVA", "bairro": "TIJUCA", "logradouro": "R S FRANCISCO XAVIER", "numero": "150", "cep": "20.550-010", "municipio": "RIO DE JANEIRO", "porte": "DEMAIS", "abertura": "31/03/1997", "natureza_juridica": "206-2 - Sociedade Empres\u00e1ria Limitada", "cnpj": "01.837.720/0001-79", "ultima_atualizacao": "2020-02-07T23:41:16.594Z", "status": "OK", "tipo": "MATRIZ", "fantasia": "", "complemento": "", "email": "", "telefone": "", "efr": "", "motivo_situacao": "", "situacao_especial": "", "data_situacao_especial": "", "capital_social": "0.00", "extra": {}, "billing": {"free": false, "database": false}}