{"atividade_principal": [{"text": "Administra\u00e7\u00e3o de caixas escolares", "code": "85.50-3-01"}], "data_situacao": "28/08/1999", "nome": "CONSELHO ESCOLAR DA ESCOLA MUNICIPAL JOSE CALIL FILHO", "uf": "RJ", "telefone": "(22) 9818-6556", "atividades_secundarias": [{"text": "Outras atividades de ensino n\u00e3o especificadas anteriormente", "code": "85.99-6-99"}], "qsa": [{"qual": "16-Presidente", "nome": "CLELIO VITOR LOPES AMARAL"}], "situacao": "ATIVA", "bairro": "SAO JOSE DO BARRETO", "logradouro": "R JOSE CALIL FILHO", "numero": "S/N", "cep": "27.965-015", "municipio": "MACAE", "porte": "DEMAIS", "abertura": "21/05/1997", "natureza_juridica": "399-9 - Associa\u00e7\u00e3o Privada", "fantasia": "CE EMJCF", "cnpj": "01.847.301/0001-18", "ultima_atualizacao": "2020-02-07T23:07:30.652Z", "status": "OK", "tipo": "MATRIZ", "complemento": "", "email": "", "efr": "", "motivo_situacao": "", "situacao_especial": "", "data_situacao_especial": "", "capital_social": "0.00", "extra": {}, "billing": {"free": false, "database": false}}