{"atividade_principal": [{"text": "Administra\u00e7\u00e3o de caixas escolares", "code": "85.50-3-01"}], "data_situacao": "28/06/1999", "nome": "CONSELHO ESCOLAR DO COLEGIO MUNICIPAL ZELITA ROCHA DE AZEVEDO", "uf": "RJ", "atividades_secundarias": [{"text": "Outras atividades de ensino n\u00e3o especificadas anteriormente", "code": "85.99-6-99"}], "qsa": [{"qual": "16-Presidente", "nome": "THAISSA DE SOUZA SANTOS"}], "situacao": "ATIVA", "bairro": "PARQUE AEROPORTO", "logradouro": "R ARNALDO CRESPO", "numero": "139", "cep": "27.975-070", "municipio": "MACAE", "porte": "DEMAIS", "abertura": "26/05/1997", "natureza_juridica": "399-9 - Associa\u00e7\u00e3o Privada", "fantasia": "CE CMZRA", "cnpj": "01.858.375/0001-50", "ultima_atualizacao": "2020-02-08T00:05:52.585Z", "status": "OK", "tipo": "MATRIZ", "complemento": "", "email": "", "telefone": "", "efr": "", "motivo_situacao": "", "situacao_especial": "", "data_situacao_especial": "", "capital_social": "0.00", "extra": {}, "billing": {"free": false, "database": false}}