{"atividade_principal": [{"text": "Administra\u00e7\u00e3o de caixas escolares", "code": "85.50-3-01"}], "data_situacao": "28/06/1999", "nome": "CONSELHO ESCOLAR DO COLEGIO MUNICIPAL PROFESSOR SAMUEL BRUST", "uf": "RJ", "atividades_secundarias": [{"text": "Outras atividades de ensino n\u00e3o especificadas anteriormente", "code": "85.99-6-99"}], "qsa": [{"qual": "16-Presidente", "nome": "CLAUDIA MARCIA DE MELO MATTOS"}], "situacao": "ATIVA", "bairro": "FRONTEIRA", "logradouro": "R JUSTINIANO VIEIRA", "numero": "SN", "cep": "27.973-310", "municipio": "MACAE", "porte": "DEMAIS", "abertura": "27/05/1997", "natureza_juridica": "399-9 - Associa\u00e7\u00e3o Privada", "fantasia": "CE CMPSB", "cnpj": "01.869.121/0001-37", "ultima_atualizacao": "2020-02-07T23:05:36.159Z", "status": "OK", "tipo": "MATRIZ", "complemento": "", "email": "", "telefone": "", "efr": "", "motivo_situacao": "", "situacao_especial": "", "data_situacao_especial": "", "capital_social": "0.00", "extra": {}, "billing": {"free": false, "database": false}}