{"atividade_principal": [{"text": "Administra\u00e7\u00e3o de caixas escolares", "code": "85.50-3-01"}], "data_situacao": "28/06/1999", "nome": "CONSELHO ESCOLAR DA ESCOLA ESTADUAL MUNICIPALIZADA CORREGO DO OURO", "uf": "RJ", "atividades_secundarias": [{"text": "Outras atividades de ensino n\u00e3o especificadas anteriormente", "code": "85.99-6-99"}], "qsa": [{"qual": "16-Presidente", "nome": "NELIQUE NEVES ANDRADE SILVA"}], "situacao": "ATIVA", "bairro": "CORREGO DO OURO", "logradouro": "R PEDRO ADAMI", "numero": "S/N", "cep": "27.937-300", "municipio": "MACAE", "porte": "DEMAIS", "abertura": "28/05/1997", "natureza_juridica": "399-9 - Associa\u00e7\u00e3o Privada", "fantasia": "CE EEMCO", "cnpj": "01.872.426/0001-06", "ultima_atualizacao": "2020-02-08T01:08:15.273Z", "status": "OK", "tipo": "MATRIZ", "complemento": "", "email": "", "telefone": "", "efr": "", "motivo_situacao": "", "situacao_especial": "", "data_situacao_especial": "", "capital_social": "0.00", "extra": {}, "billing": {"free": false, "database": false}}