{"atividade_principal": [{"text": "Administra\u00e7\u00e3o de caixas escolares", "code": "85.50-3-01"}], "data_situacao": "28/06/1999", "nome": "CONSELHO ESCOLAR DA ESCOLA MUNICIPAL WOLFANGO FERREIRA", "uf": "RJ", "telefone": "(22) 2759-1301", "atividades_secundarias": [{"text": "Outras atividades de ensino n\u00e3o especificadas anteriormente", "code": "85.99-6-99"}], "qsa": [{"qual": "16-Presidente", "nome": "MARISA SILVA DE SOUSA"}], "situacao": "ATIVA", "bairro": "BARRA DE MACAE", "logradouro": "R CALIXTO FERNANDES DAS NEVES", "numero": "625", "cep": "27.961-068", "municipio": "MACAE", "porte": "DEMAIS", "abertura": "03/06/1997", "natureza_juridica": "399-9 - Associa\u00e7\u00e3o Privada", "fantasia": "CE EMWF", "cnpj": "01.876.194/0001-56", "ultima_atualizacao": "2020-02-08T00:04:53.224Z", "status": "OK", "tipo": "MATRIZ", "complemento": "", "email": "", "efr": "", "motivo_situacao": "", "situacao_especial": "", "data_situacao_especial": "", "capital_social": "0.00", "extra": {}, "billing": {"free": false, "database": false}}