{"data_situacao": "29/03/2019", "motivo_situacao": "OMISSAO DE DECLARACOES", "nome": "M A FERRAZ DE CARVALHO", "telefone": "(22) 2791-7138", "qsa": [], "situacao": "INAPTA", "porte": "EMPRESA DE PEQUENO PORTE", "abertura": "03/01/1997", "natureza_juridica": "213-5 - Empres\u00e1rio (Individual)", "fantasia": "REAL COMERCIO E REPRESENTACOES", "cnpj": "01.944.275/0001-46", "ultima_atualizacao": "2020-02-07T23:34:46.913Z", "status": "OK", "tipo": "MATRIZ", "logradouro": "", "numero": "", "complemento": "", "cep": "", "bairro": "", "municipio": "", "uf": "", "email": "", "efr": "", "situacao_especial": "", "data_situacao_especial": "", "atividade_principal": [{"code": "00.00-0-00", "text": "********"}], "atividades_secundarias": [{"code": "00.00-0-00", "text": "N\u00e3o informada"}], "capital_social": "105000.00", "extra": {}, "billing": {"free": false, "database": false}}