{"atividade_principal": [{"text": "Aluguel de im\u00f3veis pr\u00f3prios", "code": "68.10-2-02"}], "data_situacao": "27/08/2005", "complemento": "CASA 05", "nome": "DUBOC ADMINISTRACAO DE BENS PROPRIOS LTDA", "uf": "RJ", "telefone": "(22) 2762-0658", "email": "marliseduboc@gmail.com", "qsa": [{"qual": "49-S\u00f3cio-Administrador", "nome": "MARIA ELISABETH DE DUBOC FIGUEIRA"}, {"qual": "49-S\u00f3cio-Administrador", "nome": "LUIZ FERNANDO DUBOC FIGUEIRA"}, {"qual": "49-S\u00f3cio-Administrador", "nome": "MARLISE DUBOC FIGUEIRA"}, {"qual": "49-S\u00f3cio-Administrador", "nome": "MARCOS DUBOC FIGUEIRA"}], "situacao": "ATIVA", "bairro": "MIRAMAR", "logradouro": "R LUIS MACHADO PORTUGAL", "numero": "201", "cep": "27.943-250", "municipio": "MACAE", "porte": "EMPRESA DE PEQUENO PORTE", "abertura": "07/03/1997", "natureza_juridica": "206-2 - Sociedade Empres\u00e1ria Limitada", "cnpj": "01.965.579/0001-90", "ultima_atualizacao": "2020-02-07T23:55:42.521Z", "status": "OK", "tipo": "MATRIZ", "fantasia": "", "efr": "", "motivo_situacao": "", "situacao_especial": "", "data_situacao_especial": "", "atividades_secundarias": [{"code": "00.00-0-00", "text": "N\u00e3o informada"}], "capital_social": "0.00", "extra": {}, "billing": {"free": false, "database": false}}