{"atividade_principal": [{"text": "Com\u00e9rcio atacadista de instrumentos e materiais para uso m\u00e9dico, cir\u00fargico, hospitalar e de laborat\u00f3rios", "code": "46.45-1-01"}], "data_situacao": "03/11/2005", "nome": "NOVA AEROFARMA COMERCIO E REPRESENTACOES LTDA", "uf": "RJ", "telefone": "(22) 2734-6961/ (22) 2734-7128", "email": "novaaerofarma@gmail.com", "atividades_secundarias": [{"text": "Com\u00e9rcio atacadista de medicamentos e drogas de uso humano", "code": "46.44-3-01"}, {"text": "Com\u00e9rcio atacadista de produtos odontol\u00f3gicos", "code": "46.45-1-03"}, {"text": "Com\u00e9rcio atacadista de cosm\u00e9ticos e produtos de perfumaria", "code": "46.46-0-01"}, {"text": "Com\u00e9rcio atacadista de produtos de higiene pessoal", "code": "46.46-0-02"}, {"text": "Com\u00e9rcio atacadista de m\u00e1quinas, aparelhos e equipamentos para uso odonto-m\u00e9dico-hospitalar; partes e pe\u00e7as", "code": "46.64-8-00"}, {"text": "Com\u00e9rcio atacadista de outros produtos qu\u00edmicos e petroqu\u00edmicos n\u00e3o especificados anteriormente", "code": "46.84-2-99"}, {"text": "Com\u00e9rcio varejista de artigos de colchoaria", "code": "47.54-7-02"}, {"text": "Com\u00e9rcio varejista de produtos farmac\u00eauticos, sem manipula\u00e7\u00e3o de f\u00f3rmulas", "code": "47.71-7-01"}, {"text": "Com\u00e9rcio varejista de cosm\u00e9ticos, produtos de perfumaria e de higiene pessoal", "code": "47.72-5-00"}, {"text": "Com\u00e9rcio varejista de artigos m\u00e9dicos e ortop\u00e9dicos", "code": "47.73-3-00"}, {"text": "Com\u00e9rcio varejista de produtos saneantes domissanit\u00e1rios", "code": "47.89-0-05"}], "qsa": [{"qual": "49-S\u00f3cio-Administrador", "nome": "ADALBERTO SOARES PINHEIRO"}, {"qual": "49-S\u00f3cio-Administrador", "nome": "DANIEL RIBEIRO GOMES"}], "situacao": "ATIVA", "bairro": "PARQUE ROSARIO", "logradouro": "R AURINO TAVARES", "numero": "153", "cep": "28.027-160", "municipio": "CAMPOS DOS GOYTACAZES", "porte": "EMPRESA DE PEQUENO PORTE", "abertura": "16/07/1997", "natureza_juridica": "206-2 - Sociedade Empres\u00e1ria Limitada", "fantasia": "NOVA AEROFARMA", "cnpj": "01.982.722/0001-51", "ultima_atualizacao": "2020-02-07T23:21:36.733Z", "status": "OK", "tipo": "MATRIZ", "complemento": "", "efr": "", "motivo_situacao": "", "situacao_especial": "", "data_situacao_especial": "", "capital_social": "5000000.00", "extra": {}, "billing": {"free": false, "database": false}}