{"atividade_principal": [{"text": "Constru\u00e7\u00e3o de rodovias e ferrovias", "code": "42.11-1-01"}], "data_situacao": "03/11/2005", "nome": "R.C. VIEIRA ENGENHARIA LTDA", "uf": "RJ", "atividades_secundarias": [{"text": "Obras de urbaniza\u00e7\u00e3o - ruas, pra\u00e7as e cal\u00e7adas", "code": "42.13-8-00"}, {"text": "Outras obras de engenharia civil n\u00e3o especificadas anteriormente", "code": "42.99-5-99"}, {"text": "Transporte rodovi\u00e1rio de carga, exceto produtos perigosos e mudan\u00e7as, intermunicipal, interestadual e internacional", "code": "49.30-2-02"}], "qsa": [{"qual": "49-S\u00f3cio-Administrador", "nome": "CELSO ROBERTO RODRIGUES VIEIRA"}, {"qual": "22-S\u00f3cio", "nome": "ROSANGELA CRISTINA FERREIRA MARQUES VIEIRA"}], "situacao": "ATIVA", "bairro": "BOM RETIRO", "logradouro": "EST DE GUAXINDIBA", "numero": "2161", "cep": "24.722-030", "municipio": "SAO GONCALO", "porte": "DEMAIS", "abertura": "30/06/1997", "natureza_juridica": "206-2 - Sociedade Empres\u00e1ria Limitada", "cnpj": "01.992.029/0001-60", "ultima_atualizacao": "2020-02-07T23:03:39.042Z", "status": "OK", "tipo": "MATRIZ", "fantasia": "", "complemento": "", "email": "", "telefone": "", "efr": "", "motivo_situacao": "", "situacao_especial": "", "data_situacao_especial": "", "capital_social": "15000000.00", "extra": {}, "billing": {"free": false, "database": false}}