{"atividade_principal": [{"text": "Com\u00e9rcio varejista especializado de instrumentos musicais e acess\u00f3rios", "code": "47.56-3-00"}], "data_situacao": "08/01/2005", "complemento": "A", "nome": "HUD SOM INSTRUMENTOS E EQUIPAMENTOS LTDA", "uf": "RJ", "telefone": "(22) 2723-6888", "qsa": [{"qual": "49-S\u00f3cio-Administrador", "nome": "SAMUEL HUDSON OLIVEIRA DA FONSECA"}, {"qual": "22-S\u00f3cio", "nome_rep_legal": "SAMUEL HUDSON OLIVEIRA DA FONSECA", "nome": "NADIA SUELI BARRETO FONSECA"}], "situacao": "ATIVA", "bairro": "JARDIM MARIA QUEIROZ", "logradouro": "PC CINCO DE JULHO", "numero": "33", "cep": "28.035-047", "municipio": "CAMPOS DOS GOYTACAZES", "porte": "MICRO EMPRESA", "abertura": "11/06/1997", "natureza_juridica": "206-2 - Sociedade Empres\u00e1ria Limitada", "fantasia": "HUDSON MUSIC HOUSE", "cnpj": "02.007.943/0001-71", "ultima_atualizacao": "2020-02-08T00:19:00.678Z", "status": "OK", "tipo": "MATRIZ", "email": "", "efr": "", "motivo_situacao": "", "situacao_especial": "", "data_situacao_especial": "", "atividades_secundarias": [{"code": "00.00-0-00", "text": "N\u00e3o informada"}], "capital_social": "50000.00", "extra": {}, "billing": {"free": false, "database": false}}