{"atividade_principal": [{"text": "Regula\u00e7\u00e3o das atividades econ\u00f4micas", "code": "84.13-2-00"}], "data_situacao": "28/07/1998", "complemento": "ANDAR: BLOCO H;", "nome": "AGENCIA NACIONAL DE TELECOMUNICACOES", "efr": "UNI\u00c3O", "uf": "DF", "telefone": "(61) 2312-2134/ (61) 2312-1953", "email": "catty@anatel.gov.br", "situacao": "ATIVA", "bairro": "ASA SUL", "logradouro": "Q SAUS QUADRA 6 BLOCOS C,E,F E H", "numero": "10", "cep": "70.070-940", "municipio": "BRASILIA", "porte": "DEMAIS", "abertura": "12/08/1997", "natureza_juridica": "110-4 - Autarquia Federal", "fantasia": "ANATEL", "cnpj": "02.030.715/0001-12", "ultima_atualizacao": "2020-02-08T01:04:35.297Z", "status": "OK", "tipo": "MATRIZ", "motivo_situacao": "", "situacao_especial": "", "data_situacao_especial": "", "atividades_secundarias": [{"code": "00.00-0-00", "text": "N\u00e3o informada"}], "capital_social": "0.00", "qsa": [], "extra": {}, "billing": {"free": false, "database": false}}