{"atividade_principal": [{"text": "Fabrica\u00e7\u00e3o de outras m\u00e1quinas e equipamentos de uso geral n\u00e3o especificados anteriormente, pe\u00e7as e acess\u00f3rios", "code": "28.29-1-99"}], "data_situacao": "03/11/2005", "nome": "TORQ GEAR - ENERGIA HIDRAULICA - EIRELI", "uf": "SP", "qsa": [{"qual": "65-Titular Pessoa F\u00edsica Residente ou Domiciliado no Brasil", "nome": "JOSE CARLOS FERREIRA DOS SANTOS"}], "situacao": "ATIVA", "bairro": "VILA SIQUEIRA", "logradouro": "AV SEBASTIAO HENRIQUES", "numero": "740", "cep": "02.723-050", "municipio": "SAO PAULO", "porte": "EMPRESA DE PEQUENO PORTE", "abertura": "18/08/1997", "natureza_juridica": "230-5 - Empresa Individual de Responsabilidade Limitada (de Natureza Empres\u00e1ria)", "fantasia": "TORQ GEAR", "cnpj": "02.042.335/0001-06", "ultima_atualizacao": "2020-02-08T00:57:14.559Z", "status": "OK", "tipo": "MATRIZ", "complemento": "", "email": "", "telefone": "", "efr": "", "motivo_situacao": "", "situacao_especial": "", "data_situacao_especial": "", "atividades_secundarias": [{"code": "00.00-0-00", "text": "N\u00e3o informada"}], "capital_social": "100000.00", "extra": {}, "billing": {"free": false, "database": false}}