{"data_situacao": "06/11/2019", "motivo_situacao": "SOLICITACAO BAIXA INDEFERIDA", "nome": "FUNDACAO MUNICIPAL RECANTO DA IGUALDADE", "efr": "MUNIC\u00cdPIO DE MACAE", "telefone": "(22) 2759-1213", "email": "fas@macae.rj.gov.br", "situacao": "SUSPENSA", "porte": "DEMAIS", "abertura": "19/08/1997", "natureza_juridica": "115-5 - Funda\u00e7\u00e3o P\u00fablica de Direito P\u00fablico Municipal", "fantasia": "MACAE-FAS", "cnpj": "02.054.458/0001-59", "ultima_atualizacao": "2020-02-07T23:47:41.706Z", "status": "OK", "tipo": "MATRIZ", "logradouro": "", "numero": "", "complemento": "", "cep": "", "bairro": "", "municipio": "", "uf": "", "situacao_especial": "", "data_situacao_especial": "", "atividade_principal": [{"code": "00.00-0-00", "text": "********"}], "atividades_secundarias": [{"code": "00.00-0-00", "text": "N\u00e3o informada"}], "capital_social": "0.00", "qsa": [], "extra": {}, "billing": {"free": false, "database": false}}