{"atividade_principal": [{"text": "Servi\u00e7os de organiza\u00e7\u00e3o de feiras, congressos, exposi\u00e7\u00f5es e festas", "code": "82.30-0-01"}], "data_situacao": "27/06/1998", "complemento": "ANDAR 6 7 8 9 10 CONJ 61AO64 CONJ 71AO74 CONJ 81AO84 CONJ 91AO94 CONJ 101AO104", "nome": "REED EXHIBITIONS ALCANTARA MACHADO LTDA", "uf": "SP", "telefone": "(11) 3060-5000", "email": "faturamento@reedalcantara.com.br", "atividades_secundarias": [{"text": "Outras sociedades de participa\u00e7\u00e3o, exceto holdings", "code": "64.63-8-00"}], "qsa": [{"qual": "37-S\u00f3cio Pessoa Jur\u00eddica Domiciliado no Exterior", "pais_origem": "PA\u00cdSES BAIXOS (HOLANDA)", "nome_rep_legal": "ANTONIO CARLOS MONTEIRO DA SILVA FILHO", "qual_rep_legal": "17-Procurador", "nome": "REED ELSEVIER OVERSEAS B.V."}, {"qual": "05-Administrador", "nome": "ANTONIO CARLOS BUCCI"}, {"qual": "05-Administrador", "nome": "PAULO OCTAVIO PEREIRA DE ALMEIDA"}, {"qual": "49-S\u00f3cio-Administrador", "nome": "CLAUDIO DELLA NINA"}, {"qual": "05-Administrador", "nome": "JANINE DE NES"}], "situacao": "ATIVA", "bairro": "CONSOLACAO", "logradouro": "R BELA CINTRA", "numero": "1200", "cep": "01.415-001", "municipio": "SAO PAULO", "porte": "DEMAIS", "abertura": "29/09/1997", "natureza_juridica": "206-2 - Sociedade Empres\u00e1ria Limitada", "cnpj": "02.162.646/0001-09", "ultima_atualizacao": "2020-02-07T23:56:58.337Z", "status": "OK", "tipo": "MATRIZ", "fantasia": "", "efr": "", "motivo_situacao": "", "situacao_especial": "", "data_situacao_especial": "", "capital_social": "296789445.00", "extra": {}, "billing": {"free": false, "database": false}}