{"atividade_principal": [{"text": "Atividades de organiza\u00e7\u00f5es sindicais", "code": "94.20-1-00"}], "data_situacao": "03/11/2005", "nome": "SINDICATO DOS SERVIDORES PUBLICOS CIVIS MUNIC. DE MACAE RJ", "uf": "RJ", "telefone": "(22) 2772-3111", "situacao": "ATIVA", "bairro": "BARRA DE MACAE", "logradouro": "R MANOEL PACHECO REZENDE", "numero": "27", "cep": "27.973-470", "municipio": "MACAE", "porte": "DEMAIS", "abertura": "26/01/1998", "natureza_juridica": "313-1 - Entidade Sindical", "fantasia": "SINDSERVI", "cnpj": "02.340.623/0001-39", "ultima_atualizacao": "2020-02-07T23:15:33.933Z", "status": "OK", "tipo": "MATRIZ", "complemento": "", "email": "", "efr": "", "motivo_situacao": "", "situacao_especial": "", "data_situacao_especial": "", "atividades_secundarias": [{"code": "00.00-0-00", "text": "N\u00e3o informada"}], "capital_social": "0.00", "qsa": [], "extra": {}, "billing": {"free": false, "database": false}}