{"atividade_principal": [{"text": "Transporte rodovi\u00e1rio de carga, exceto produtos perigosos e mudan\u00e7as, municipal", "code": "49.30-2-01"}], "data_situacao": "03/11/2005", "complemento": "SOBRADO", "nome": "DAMONEY COMERCIO E TRANSPORTES DE CARGAS LTDA", "uf": "RJ", "telefone": "(22) 2762-5696", "atividades_secundarias": [{"text": "Com\u00e9rcio varejista de materiais de constru\u00e7\u00e3o em geral", "code": "47.44-0-99"}, {"text": "Constru\u00e7\u00e3o de edif\u00edcios", "code": "41.20-4-00"}], "qsa": [{"qual": "49-S\u00f3cio-Administrador", "nome": "ADOLFO LUIZ LEITE"}, {"qual": "22-S\u00f3cio", "nome": "ANNA CARLA DA SILVA CURVELO LEITE SIQUEIRA"}], "situacao": "ATIVA", "bairro": "MIRAMAR", "logradouro": "R MARECHAL RONDON", "numero": "280", "cep": "27.943-260", "municipio": "MACAE", "porte": "EMPRESA DE PEQUENO PORTE", "abertura": "30/01/1998", "natureza_juridica": "206-2 - Sociedade Empres\u00e1ria Limitada", "cnpj": "02.368.049/0001-27", "ultima_atualizacao": "2020-02-08T00:36:18.823Z", "status": "OK", "tipo": "MATRIZ", "fantasia": "", "email": "", "efr": "", "motivo_situacao": "", "situacao_especial": "", "data_situacao_especial": "", "capital_social": "850000.00", "extra": {}, "billing": {"free": false, "database": false}}