{"atividade_principal": [{"text": "Com\u00e9rcio varejista de artigos de papelaria", "code": "47.61-0-03"}], "data_situacao": "23/12/2000", "complemento": "LOJA 130 A", "nome": "PAPELARIA FALCAO LTDA", "uf": "RJ", "telefone": "(21) 2717-5254", "atividades_secundarias": [{"text": "Com\u00e9rcio varejista especializado de equipamentos e suprimentos de inform\u00e1tica", "code": "47.51-2-01"}, {"text": "Comercio varejista de artigos de armarinho", "code": "47.55-5-02"}, {"text": "Com\u00e9rcio varejista de brinquedos e artigos recreativos", "code": "47.63-6-01"}, {"text": "Com\u00e9rcio varejista de artigos esportivos", "code": "47.63-6-02"}], "qsa": [{"qual": "49-S\u00f3cio-Administrador", "nome": "MAGNO COSTA FALCAO"}, {"qual": "49-S\u00f3cio-Administrador", "nome": "MARIA HELENA MOREIRA FALCAO"}], "situacao": "ATIVA", "bairro": "CENTRO", "logradouro": "R DA CONCEICAO", "numero": "188", "cep": "24.020-087", "municipio": "NITEROI", "porte": "EMPRESA DE PEQUENO PORTE", "abertura": "17/02/1998", "natureza_juridica": "206-2 - Sociedade Empres\u00e1ria Limitada", "fantasia": "PAPELARIA FALCAO", "cnpj": "02.389.832/0001-77", "ultima_atualizacao": "2020-02-07T23:34:54.402Z", "status": "OK", "tipo": "MATRIZ", "email": "", "efr": "", "motivo_situacao": "", "situacao_especial": "", "data_situacao_especial": "", "capital_social": "80000.00", "extra": {}, "billing": {"free": false, "database": false}}