{"atividade_principal": [{"text": "Outras obras de engenharia civil n\u00e3o especificadas anteriormente", "code": "42.99-5-99"}], "data_situacao": "24/12/2004", "complemento": "SALA: 416;", "nome": "FRANCHINI E VIVAS CONSULTORIA E ENGENHARIA LTDA", "uf": "RJ", "telefone": "(21) 2263-6393/ (21) 2253-9896", "email": "mcmr40@hotmail.com", "atividades_secundarias": [{"text": "Servi\u00e7os especializados para constru\u00e7\u00e3o n\u00e3o especificados anteriormente", "code": "43.99-1-99"}], "qsa": [{"qual": "49-S\u00f3cio-Administrador", "nome": "JOSE CARLOS FRANCHINI DA FONSECA"}, {"qual": "22-S\u00f3cio", "nome": "MARIA ZELIA FERREIRA DA FONSECA"}], "situacao": "ATIVA", "bairro": "BARRA DA TIJUCA", "logradouro": "AV DAS AMERICAS", "numero": "7935", "cep": "22.793-081", "municipio": "RIO DE JANEIRO", "porte": "EMPRESA DE PEQUENO PORTE", "abertura": "03/01/1998", "natureza_juridica": "206-2 - Sociedade Empres\u00e1ria Limitada", "cnpj": "02.382.567/0001-03", "ultima_atualizacao": "2020-02-07T23:32:10.331Z", "status": "OK", "tipo": "MATRIZ", "fantasia": "", "efr": "", "motivo_situacao": "", "situacao_especial": "", "data_situacao_especial": "", "capital_social": "150000.00", "extra": {}, "billing": {"free": false, "database": false}}