{"atividade_principal": [{"text": "Servi\u00e7os de telefonia fixa comutada - STFC", "code": "61.10-8-01"}], "data_situacao": "27/08/2005", "complemento": ": A 30; BLOCO: B; PAVMTO: 3;", "nome": "TIM S A", "uf": "RJ", "telefone": "(11) 4119-6000", "email": "tim@timbrasil.com.br", "atividades_secundarias": [{"text": "Com\u00e9rcio atacadista de componentes eletr\u00f4nicos e equipamentos de telefonia e comunica\u00e7\u00e3o", "code": "46.52-4-00"}, {"text": "Com\u00e9rcio varejista especializado de equipamentos de telefonia e comunica\u00e7\u00e3o", "code": "47.52-1-00"}, {"text": "Servi\u00e7os de comunica\u00e7\u00e3o multim\u00eddia - SCM", "code": "61.10-8-03"}, {"text": "Telefonia m\u00f3vel celular", "code": "61.20-5-01"}, {"text": "Servi\u00e7os de telecomunica\u00e7\u00f5es sem fio n\u00e3o especificados anteriormente", "code": "61.20-5-99"}, {"text": "Provedores de voz sobre protocolo internet - VOIP", "code": "61.90-6-02"}, {"text": "Outras atividades de telecomunica\u00e7\u00f5es n\u00e3o especificadas anteriormente", "code": "61.90-6-99"}, {"text": "Desenvolvimento e licenciamento de programas de computador customiz\u00e1veis", "code": "62.02-3-00"}, {"text": "Outras atividades de presta\u00e7\u00e3o de servi\u00e7os de informa\u00e7\u00e3o n\u00e3o especificadas anteriormente", "code": "63.99-2-00"}, {"text": "Corretores e agentes de seguros, de planos de previd\u00eancia complementar e de sa\u00fade", "code": "66.22-3-00"}, {"text": "Atividades t\u00e9cnicas relacionadas \u00e0 engenharia e arquitetura n\u00e3o especificadas anteriormente", "code": "71.19-7-99"}, {"text": "Marketing direto", "code": "73.19-0-03"}, {"text": "Atividades de cobran\u00e7as e informa\u00e7\u00f5es cadastrais", "code": "82.91-1-00"}], "qsa": [{"qual": "10-Diretor", "nome": "JAQUES HORN"}, {"qual": "10-Diretor", "nome": "LEONARDO DE CARVALHO CAPDEVILLE"}, {"qual": "10-Diretor", "nome": "ADRIAN CALAZA"}, {"qual": "10-Diretor", "nome": "BRUNO MUTZENBECHER GENTIL"}, {"qual": "10-Diretor", "nome": "MARIO GIRASOLE"}, {"qual": "16-Presidente", "nome": "PIETRO LABRIOLA"}, {"qual": "10-Diretor", "nome": "ALBERTO MARIO GRISELLI"}], "situacao": "ATIVA", "bairro": "SAO CRISTOVAO", "logradouro": "R FONSECA TELES", "numero": "18", "cep": "20.940-200", "municipio": "RIO DE JANEIRO", "porte": "DEMAIS", "abertura": "09/03/1998", "natureza_juridica": "204-6 - Sociedade An\u00f4nima Aberta", "cnpj": "02.421.421/0001-11", "ultima_atualizacao": "2020-02-07T23:09:02.417Z", "status": "OK", "tipo": "MATRIZ", "fantasia": "", "efr": "", "motivo_situacao": "", "situacao_especial": "", "data_situacao_especial": "", "capital_social": "13476171764.87", "extra": {}, "billing": {"free": false, "database": false}}