{"atividade_principal": [{"text": "Com\u00e9rcio atacadista de medicamentos e drogas de uso humano", "code": "46.44-3-01"}], "data_situacao": "03/11/2005", "nome": "VEIGAMED MATERIAL MEDICO E HOSPITALAR EIRELI", "uf": "RJ", "telefone": "(21) 3039-4448/ (21) 3761-5639", "email": "factualcontabil@uol.com.br", "atividades_secundarias": [{"text": "Com\u00e9rcio atacadista de instrumentos e materiais para uso m\u00e9dico, cir\u00fargico, hospitalar e de laborat\u00f3rios", "code": "46.45-1-01"}, {"text": "Com\u00e9rcio atacadista de produtos odontol\u00f3gicos", "code": "46.45-1-03"}], "qsa": [{"qual": "65-Titular Pessoa F\u00edsica Residente ou Domiciliado no Brasil", "nome": "ROSEMARY NEVES DE ARAUJO"}], "situacao": "ATIVA", "bairro": "NOSSA SENHORA DE FATIMA", "logradouro": "R ANTONIO FELIX", "numero": "679", "cep": "26.520-631", "municipio": "NILOPOLIS", "porte": "MICRO EMPRESA", "abertura": "30/03/1998", "natureza_juridica": "230-5 - Empresa Individual de Responsabilidade Limitada (de Natureza Empres\u00e1ria)", "cnpj": "02.482.618/0001-60", "ultima_atualizacao": "2020-02-08T00:43:38.031Z", "status": "OK", "tipo": "MATRIZ", "fantasia": "", "complemento": "", "efr": "", "motivo_situacao": "", "situacao_especial": "", "data_situacao_especial": "", "capital_social": "1600000.00", "extra": {}, "billing": {"free": false, "database": false}}