{"atividade_principal": [{"text": "Administra\u00e7\u00e3o de caixas escolares", "code": "85.50-3-01"}], "data_situacao": "28/08/1999", "nome": "CONSELHO ESCOLAR DA ESCOLA MUNICIPAL ATERRADO DO IMBURO", "uf": "RJ", "telefone": "(22) 9857-5118", "email": "ematerradodoimburo@gmail.com", "atividades_secundarias": [{"text": "Outras atividades de ensino n\u00e3o especificadas anteriormente", "code": "85.99-6-99"}], "qsa": [{"qual": "16-Presidente", "nome": "CAROLINE DA SILVA PEREIRA PETRILO"}], "situacao": "ATIVA", "bairro": "IMBURO", "logradouro": "EST DO IMBURO", "numero": "SN", "cep": "27.979-000", "municipio": "MACAE", "porte": "DEMAIS", "abertura": "01/08/1997", "natureza_juridica": "399-9 - Associa\u00e7\u00e3o Privada", "fantasia": "CE EMAI", "cnpj": "02.486.060/0001-91", "ultima_atualizacao": "2020-02-07T23:37:42.955Z", "status": "OK", "tipo": "MATRIZ", "complemento": "", "efr": "", "motivo_situacao": "", "situacao_especial": "", "data_situacao_especial": "", "capital_social": "0.00", "extra": {}, "billing": {"free": false, "database": false}}