{"atividade_principal": [{"text": "Justi\u00e7a", "code": "84.23-0-00"}], "data_situacao": "16/06/1998", "complemento": "SALA 864", "nome": "TRIBUNAL REGIONAL DO TRABALHO DA 1A. REGIAO", "efr": "UNI\u00c3O", "uf": "RJ", "telefone": "(021) 2400-674", "email": "trt@trtrio.gov.br", "situacao": "ATIVA", "bairro": "CASTELO", "logradouro": "AV PRES. ANTONIO CARLOS", "numero": "251", "cep": "20.020-010", "municipio": "RIO DE JANEIRO", "porte": "DEMAIS", "abertura": "16/06/1998", "natureza_juridica": "107-4 - \u00d3rg\u00e3o P\u00fablico do Poder Judici\u00e1rio Federal", "fantasia": "TRT 1A. REGIAO", "cnpj": "02.578.421/0001-20", "ultima_atualizacao": "2020-02-07T23:41:52.763Z", "status": "OK", "tipo": "MATRIZ", "motivo_situacao": "", "situacao_especial": "", "data_situacao_especial": "", "atividades_secundarias": [{"code": "00.00-0-00", "text": "N\u00e3o informada"}], "capital_social": "0.00", "qsa": [], "extra": {}, "billing": {"free": false, "database": false}}