{"data_situacao": "28/11/2018", "motivo_situacao": "OMISSAO DE DECLARACOES", "nome": "UNIVERSO DAS PLANTAS LTDA", "qsa": [{"qual": "49-S\u00f3cio-Administrador", "nome": "CARLOS ROBERTO DE SOUZA"}, {"qual": "49-S\u00f3cio-Administrador", "nome": "VALDENIR DE SOUZA"}], "situacao": "INAPTA", "porte": "MICRO EMPRESA", "abertura": "08/06/1998", "natureza_juridica": "206-2 - Sociedade Empres\u00e1ria Limitada", "fantasia": "UNIVERSO DAS PLANTAS", "cnpj": "02.607.756/0001-29", "ultima_atualizacao": "2020-02-08T00:05:07.972Z", "status": "OK", "tipo": "MATRIZ", "logradouro": "", "numero": "", "complemento": "", "cep": "", "bairro": "", "municipio": "", "uf": "", "email": "", "telefone": "", "efr": "", "situacao_especial": "", "data_situacao_especial": "", "atividade_principal": [{"code": "00.00-0-00", "text": "********"}], "atividades_secundarias": [{"code": "00.00-0-00", "text": "N\u00e3o informada"}], "capital_social": "0.00", "extra": {}, "billing": {"free": false, "database": false}}