{"atividade_principal": [{"text": "Com\u00e9rcio varejista de outros produtos n\u00e3o especificados anteriormente", "code": "47.89-0-99"}], "data_situacao": "03/11/2005", "complemento": "QUADRA029 LOTE 661 PARTE", "nome": "TARCO GOMES PNEUS LTDA", "uf": "RJ", "telefone": "(22) 2764-6234", "qsa": [{"qual": "49-S\u00f3cio-Administrador", "nome": "PAULO DE TARCO DOS SANTOS ABUD"}, {"qual": "22-S\u00f3cio", "nome": "VIVIANE GOMES BARCELOS ABUD"}], "situacao": "ATIVA", "bairro": "VILLAGE RIO DAS OSTRAS", "logradouro": "R SAO JUDAS TADEU", "numero": "SN", "cep": "28.895-606", "municipio": "RIO DAS OSTRAS", "porte": "EMPRESA DE PEQUENO PORTE", "abertura": "15/07/1998", "natureza_juridica": "206-2 - Sociedade Empres\u00e1ria Limitada", "fantasia": "ABUD PNEUS", "cnpj": "02.662.809/0001-04", "ultima_atualizacao": "2020-02-07T23:36:58.483Z", "status": "OK", "tipo": "MATRIZ", "email": "", "efr": "", "motivo_situacao": "", "situacao_especial": "", "data_situacao_especial": "", "atividades_secundarias": [{"code": "00.00-0-00", "text": "N\u00e3o informada"}], "capital_social": "0.00", "extra": {}, "billing": {"free": false, "database": false}}