{"atividade_principal": [{"text": "Servi\u00e7os de assist\u00eancia social sem alojamento", "code": "88.00-6-00"}], "data_situacao": "27/08/2005", "complemento": "PAV 03 GRP B C D", "nome": "CENTRO INTEGRADO DE ESTUDOS E PROGRAMAS DE DESENVOLVIMENTO SUSTENTAVEL", "uf": "RJ", "telefone": "(21) 3094-4594", "email": "noemi.rj@cieds.org.br", "atividades_secundarias": [{"text": "Outras atividades de ensino n\u00e3o especificadas anteriormente", "code": "85.99-6-99"}, {"text": "Atividades de associa\u00e7\u00f5es de defesa de direitos sociais", "code": "94.30-8-00"}, {"text": "Atividades de organiza\u00e7\u00f5es associativas ligadas \u00e0 cultura e \u00e0 arte", "code": "94.93-6-00"}, {"text": "Atividades associativas n\u00e3o especificadas anteriormente", "code": "94.99-5-00"}], "qsa": [{"qual": "16-Presidente", "nome": "VANDRE LUIZ MENESES BRILHANTE"}, {"qual": "10-Diretor", "nome": "ROSELENE LEITE DE SOUZA"}], "situacao": "ATIVA", "bairro": "CENTRO", "logradouro": "AV RIO BRANCO", "numero": "00025", "cep": "20.090-902", "municipio": "RIO DE JANEIRO", "porte": "DEMAIS", "abertura": "31/07/1998", "natureza_juridica": "399-9 - Associa\u00e7\u00e3o Privada", "fantasia": "CIEDS", "cnpj": "02.680.126/0001-80", "ultima_atualizacao": "2020-02-07T23:14:12.471Z", "status": "OK", "tipo": "MATRIZ", "efr": "", "motivo_situacao": "", "situacao_especial": "", "data_situacao_especial": "", "capital_social": "0.00", "extra": {}, "billing": {"free": false, "database": false}}