{"atividade_principal": [{"text": "Fabrica\u00e7\u00e3o de aparelhos eletrom\u00e9dicos e eletroterap\u00eauticos e equipamentos de irradia\u00e7\u00e3o", "code": "26.60-4-00"}], "data_situacao": "26/12/2011", "complemento": "BRCAO B", "nome": "LOTUS INDUSTRIA E COMERCIO LTDA.", "uf": "PR", "telefone": "(41) 3888-0242", "email": "contabilidade@merpe.com.br", "atividades_secundarias": [{"text": "Fabrica\u00e7\u00e3o de m\u00e1quinas para a ind\u00fastria metal\u00fargica, pe\u00e7as e acess\u00f3rios, exceto m\u00e1quinas-ferramenta", "code": "28.61-5-00"}, {"text": "Manuten\u00e7\u00e3o e repara\u00e7\u00e3o de m\u00e1quinas e equipamentos para uso geral n\u00e3o especificados anteriormente", "code": "33.14-7-10"}, {"text": "Tratamento de dados, provedores de servi\u00e7os de aplica\u00e7\u00e3o e servi\u00e7os de hospedagem na internet", "code": "63.11-9-00"}], "situacao": "ATIVA", "bairro": "CHAPADA", "logradouro": "AV DOS PINHEIRAIS", "numero": "999", "cep": "83.707-762", "municipio": "ARAUCARIA", "porte": "DEMAIS", "abertura": "26/12/2011", "natureza_juridica": "206-2 - Sociedade Empres\u00e1ria Limitada", "fantasia": "LOTUS INDUSTRIA E COMERCIO LTDA - EPP", "cnpj": "02.799.882/0002-03", "ultima_atualizacao": "2020-02-08T00:09:52.203Z", "status": "OK", "tipo": "FILIAL", "efr": "", "motivo_situacao": "", "situacao_especial": "", "data_situacao_especial": "", "capital_social": "0.00", "qsa": [], "extra": {}, "billing": {"free": false, "database": false}}