{"atividade_principal": [{"text": "Com\u00e9rcio atacadista de m\u00e1quinas e equipamentos para uso comercial; partes e pe\u00e7as", "code": "46.65-6-00"}], "data_situacao": "03/11/2005", "complemento": "LOJA 1", "nome": "COMACHARQUE COMERCIO DE MAQUINAS E EQUIPAMENTOS LTDA", "uf": "RJ", "atividades_secundarias": [{"text": "Com\u00e9rcio varejista especializado de eletrodom\u00e9sticos e equipamentos de \u00e1udio e v\u00eddeo", "code": "47.53-9-00"}], "qsa": [{"qual": "49-S\u00f3cio-Administrador", "nome": "CARLOS RIBEIRO DA SILVA"}, {"qual": "22-S\u00f3cio", "nome": "SILVANA MARIA PEREIRA DA SILVA"}], "situacao": "ATIVA", "bairro": "AROEIRA", "logradouro": "R ALCIDES MOURAO", "numero": "600", "cep": "27.945-401", "municipio": "MACAE", "porte": "EMPRESA DE PEQUENO PORTE", "abertura": "18/12/1998", "natureza_juridica": "206-2 - Sociedade Empres\u00e1ria Limitada", "fantasia": "COMACHARQUE", "cnpj": "02.904.967/0001-23", "ultima_atualizacao": "2020-02-08T00:40:21.596Z", "status": "OK", "tipo": "MATRIZ", "email": "", "telefone": "", "efr": "", "motivo_situacao": "", "situacao_especial": "", "data_situacao_especial": "", "capital_social": "0.00", "extra": {}, "billing": {"free": false, "database": false}}