{"atividade_principal": [{"text": "Impress\u00e3o de material para outros usos", "code": "18.13-0-99"}], "data_situacao": "23/12/2000", "nome": "VICECONTE E TARDIN LTDA", "uf": "RJ", "telefone": "(024) 8313-371", "atividades_secundarias": [{"text": "Impress\u00e3o de material para uso publicit\u00e1rio", "code": "18.13-0-01"}, {"text": "Edi\u00e7\u00e3o integrada \u00e0 impress\u00e3o de livros", "code": "58.21-2-00"}, {"text": "Edi\u00e7\u00e3o integrada \u00e0 impress\u00e3o de jornais di\u00e1rios", "code": "58.22-1-01"}, {"text": "Edi\u00e7\u00e3o integrada \u00e0 impress\u00e3o de revistas", "code": "58.23-9-00"}, {"text": "Edi\u00e7\u00e3o integrada \u00e0 impress\u00e3o de cadastros, listas e de outros produtos gr\u00e1ficos", "code": "58.29-8-00"}, {"text": "Com\u00e9rcio varejista de outros produtos n\u00e3o especificados anteriormente", "code": "47.89-0-99"}, {"text": "Servi\u00e7os de pr\u00e9-impress\u00e3o", "code": "18.21-1-00"}, {"text": "Impress\u00e3o de jornais", "code": "18.11-3-01"}, {"text": "Impress\u00e3o de livros, revistas e outras publica\u00e7\u00f5es peri\u00f3dicas", "code": "18.11-3-02"}, {"text": "Impress\u00e3o de material de seguran\u00e7a", "code": "18.12-1-00"}, {"text": "Instala\u00e7\u00e3o de pain\u00e9is publicit\u00e1rios", "code": "43.29-1-01"}, {"text": "Fotoc\u00f3pias", "code": "82.19-9-01"}, {"text": "Fabrica\u00e7\u00e3o de estruturas met\u00e1licas", "code": "25.11-0-00"}, {"text": "Servi\u00e7os de acabamentos gr\u00e1ficos, exceto encaderna\u00e7\u00e3o e plastifica\u00e7\u00e3o", "code": "18.22-9-99"}, {"text": "Com\u00e9rcio varejista de artigos de papelaria", "code": "47.61-0-03"}, {"text": "Com\u00e9rcio varejista de artigos do vestu\u00e1rio e acess\u00f3rios", "code": "47.81-4-00"}, {"text": "Reprodu\u00e7\u00e3o de som em qualquer suporte", "code": "18.30-0-01"}, {"text": "Reprodu\u00e7\u00e3o de v\u00eddeo em qualquer suporte", "code": "18.30-0-02"}, {"text": "Reprodu\u00e7\u00e3o de software em qualquer suporte", "code": "18.30-0-03"}, {"text": "Portais, provedores de conte\u00fado e outros servi\u00e7os de informa\u00e7\u00e3o na internet", "code": "63.19-4-00"}, {"text": "Agenciamento de espa\u00e7os para publicidade, exceto em ve\u00edculos de comunica\u00e7\u00e3o", "code": "73.12-2-00"}], "qsa": [{"qual": "49-S\u00f3cio-Administrador", "nome": "KARLA VICECONTE TARDIN PIMENTEL"}, {"qual": "49-S\u00f3cio-Administrador", "nome": "GUSTAVO VICECONTE TARDIN"}], "situacao": "ATIVA", "bairro": "CENTRO", "logradouro": "PC AMALIA TEIXEIRA", "numero": "33", "cep": "28.360-000", "municipio": "BOM JESUS DO ITABAPOANA", "porte": "MICRO EMPRESA", "abertura": "04/01/1999", "natureza_juridica": "206-2 - Sociedade Empres\u00e1ria Limitada", "cnpj": "02.928.435/0001-26", "ultima_atualizacao": "2020-02-07T23:15:03.138Z", "status": "OK", "tipo": "MATRIZ", "fantasia": "", "complemento": "", "email": "", "efr": "", "motivo_situacao": "", "situacao_especial": "", "data_situacao_especial": "", "capital_social": "150000.00", "extra": {}, "billing": {"free": false, "database": false}}