{"atividade_principal": [{"text": "Com\u00e9rcio varejista de brinquedos e artigos recreativos", "code": "47.63-6-01"}], "data_situacao": "05/03/2005", "complemento": "KM 25 LOJA 06", "nome": "VICTER COMERCIAL LTDA", "uf": "RJ", "telefone": "(21) 2602-6161", "atividades_secundarias": [{"text": "Com\u00e9rcio varejista de produtos aliment\u00edcios em geral ou especializado em produtos aliment\u00edcios n\u00e3o especificados anteriormente", "code": "47.29-6-99"}, {"text": "Com\u00e9rcio varejista de livros", "code": "47.61-0-01"}], "qsa": [{"qual": "49-S\u00f3cio-Administrador", "nome": "PATRICIA DA CONCEICAO COSTA DE LEMOS MOTTA"}, {"qual": "22-S\u00f3cio", "nome": "ALCIMAR DA COSTA MOTTA"}], "situacao": "ATIVA", "bairro": "PONTA GROSSA", "logradouro": "ROD AMARAL PEIXOTO", "numero": "50", "cep": "24.900-001", "municipio": "MARICA", "porte": "EMPRESA DE PEQUENO PORTE", "abertura": "22/12/1998", "natureza_juridica": "206-2 - Sociedade Empres\u00e1ria Limitada", "cnpj": "02.923.493/0001-67", "ultima_atualizacao": "2020-02-08T00:10:37.030Z", "status": "OK", "tipo": "MATRIZ", "fantasia": "", "email": "", "efr": "", "motivo_situacao": "", "situacao_especial": "", "data_situacao_especial": "", "capital_social": "600000.00", "extra": {}, "billing": {"free": false, "database": false}}