{"atividade_principal": [{"text": "Com\u00e9rcio atacadista de instrumentos e materiais para uso m\u00e9dico, cir\u00fargico, hospitalar e de laborat\u00f3rios", "code": "46.45-1-01"}], "data_situacao": "19/07/2003", "complemento": "BOX 08", "nome": "MARTELL COMERCIO DE PRODUTOS HOSPITALARES LTDA", "uf": "RJ", "telefone": "(21) 3822-3068/ (21) 3822-6232", "email": "martell@martellrj.com.br", "atividades_secundarias": [{"text": "Aluguel de outras m\u00e1quinas e equipamentos comerciais e industriais n\u00e3o especificados anteriormente, sem operador", "code": "77.39-0-99"}, {"text": "Instala\u00e7\u00e3o de m\u00e1quinas e equipamentos industriais", "code": "33.21-0-00"}, {"text": "Manuten\u00e7\u00e3o e repara\u00e7\u00e3o de m\u00e1quinas, aparelhos e materiais el\u00e9tricos n\u00e3o especificados anteriormente", "code": "33.13-9-99"}, {"text": "Com\u00e9rcio atacadista de m\u00e1quinas, aparelhos e equipamentos para uso odonto-m\u00e9dico-hospitalar; partes e pe\u00e7as", "code": "46.64-8-00"}, {"text": "Com\u00e9rcio atacadista de produtos de higiene pessoal", "code": "46.46-0-02"}], "qsa": [{"qual": "49-S\u00f3cio-Administrador", "nome": "ALEX SANDRO DE SOUZA BANDEIRA"}, {"qual": "22-S\u00f3cio", "nome": "ISABELLA RODRIGUES GONCALVES"}, {"qual": "22-S\u00f3cio", "nome": "ANA ROSA SARTORI CHEDE MARQUES DA SILVA"}], "situacao": "ATIVA", "bairro": "GARDENIA AZUL", "logradouro": "AV DAS LAGOAS", "numero": "999", "cep": "22.765-455", "municipio": "RIO DE JANEIRO", "porte": "DEMAIS", "abertura": "24/11/1998", "natureza_juridica": "206-2 - Sociedade Empres\u00e1ria Limitada", "cnpj": "02.956.455/0001-00", "ultima_atualizacao": "2020-02-08T00:55:53.524Z", "status": "OK", "tipo": "MATRIZ", "fantasia": "", "efr": "", "motivo_situacao": "", "situacao_especial": "", "data_situacao_especial": "", "capital_social": "5550000.00", "extra": {}, "billing": {"free": false, "database": false}}