{"atividade_principal": [{"text": "Servi\u00e7os de engenharia", "code": "71.12-0-00"}], "data_situacao": "03/11/2005", "complemento": "EDIF BOULEVARD SIDE EMPR SALA 2302", "nome": "CITELUZ SERVICOS DE ILUMINACAO URBANA S/A", "uf": "BA", "telefone": "(71) 2189-8986", "email": "fiscal@citelum.com.br", "atividades_secundarias": [{"text": "Atividades de teleatendimento", "code": "82.20-2-00"}, {"text": "Com\u00e9rcio atacadista de outras m\u00e1quinas e equipamentos n\u00e3o especificados anteriormente; partes e pe\u00e7as", "code": "46.69-9-99"}, {"text": "Constru\u00e7\u00e3o de esta\u00e7\u00f5es e redes de distribui\u00e7\u00e3o de energia el\u00e9trica", "code": "42.21-9-02"}, {"text": "Instala\u00e7\u00e3o e manuten\u00e7\u00e3o el\u00e9trica", "code": "43.21-5-00"}, {"text": "Manuten\u00e7\u00e3o de redes de distribui\u00e7\u00e3o de energia el\u00e9trica", "code": "42.21-9-03"}, {"text": "Montagem e instala\u00e7\u00e3o de sistemas e equipamentos de ilumina\u00e7\u00e3o e sinaliza\u00e7\u00e3o em vias p\u00fablicas, portos e aeroportos", "code": "43.29-1-04"}, {"text": "Outras sociedades de participa\u00e7\u00e3o, exceto holdings", "code": "64.63-8-00"}, {"text": "Servi\u00e7os de opera\u00e7\u00e3o e fornecimento de equipamentos para transporte e eleva\u00e7\u00e3o de cargas e pessoas para uso em obras", "code": "43.99-1-04"}], "qsa": [{"qual": "10-Diretor", "nome": "RICARDO MARQUES IMBASSAHY"}, {"qual": "10-Diretor", "nome": "PEDRO ALCANTRA JUNIOR"}, {"qual": "10-Diretor", "nome": "MARCUS CERQUEIRA PIMENTA DA CUNHA"}], "situacao": "ATIVA", "bairro": "CAMINHO DAS ARVORES", "logradouro": "R EWERTON VISCO", "numero": "290", "cep": "41.820-022", "municipio": "SALVADOR", "porte": "DEMAIS", "abertura": "05/02/1999", "natureza_juridica": "205-4 - Sociedade An\u00f4nima Fechada", "fantasia": "CITELUM GROUPE EDF", "cnpj": "02.966.986/0001-84", "ultima_atualizacao": "2020-02-07T23:32:44.168Z", "status": "OK", "tipo": "MATRIZ", "efr": "", "motivo_situacao": "", "situacao_especial": "", "data_situacao_especial": "", "capital_social": "97143656.44", "extra": {}, "billing": {"free": false, "database": false}}