{"atividade_principal": [{"text": "Com\u00e9rcio varejista especializado de equipamentos de telefonia e comunica\u00e7\u00e3o", "code": "47.52-1-00"}], "data_situacao": "08/02/2003", "complemento": "LOJA 01", "nome": "GRATIVOL SERVICOS DE TELECOMUNICACOES LTDA", "uf": "RJ", "telefone": "(22) 2772-0727", "email": "faxfone@faxfone.com.br", "atividades_secundarias": [{"text": "Instala\u00e7\u00e3o e manuten\u00e7\u00e3o el\u00e9trica", "code": "43.21-5-00"}, {"text": "Suporte t\u00e9cnico, manuten\u00e7\u00e3o e outros servi\u00e7os em tecnologia da informa\u00e7\u00e3o", "code": "62.09-1-00"}], "qsa": [{"qual": "49-S\u00f3cio-Administrador", "nome": "FRANCISCO FELIPE VIEIRA GRATIVOL"}, {"qual": "49-S\u00f3cio-Administrador", "nome": "ERICA EMERICKI DA LUZ GRATIVOL"}], "situacao": "ATIVA", "bairro": "CENTRO", "logradouro": "R DOUTOR TELIO BARRETO", "numero": "309", "cep": "27.910-060", "municipio": "MACAE", "porte": "MICRO EMPRESA", "abertura": "27/01/1999", "natureza_juridica": "206-2 - Sociedade Empres\u00e1ria Limitada", "fantasia": "FAXFONE TELECOMUNICACOES E SEGURANCA", "cnpj": "02.961.914/0001-44", "ultima_atualizacao": "2020-02-08T00:46:23.639Z", "status": "OK", "tipo": "MATRIZ", "efr": "", "motivo_situacao": "", "situacao_especial": "", "data_situacao_especial": "", "capital_social": "10000.00", "extra": {}, "billing": {"free": false, "database": false}}