{"atividade_principal": [{"text": "Outras atividades profissionais, cient\u00edficas e t\u00e9cnicas n\u00e3o especificadas anteriormente", "code": "74.90-1-99"}], "data_situacao": "27/08/2005", "complemento": "SALA: 703 - 717 - 718; SALA: 719 - 720 - 801;", "nome": "MACROPLAN PROSPECTIVA ESTRATEGIA & GESTAO S/S LTDA", "uf": "RJ", "telefone": "(21) 2287-3293", "email": "gustavo@macroplan.com.br", "atividades_secundarias": [{"text": "Atividades de consultoria em gest\u00e3o empresarial, exceto consultoria t\u00e9cnica espec\u00edfica", "code": "70.20-4-00"}], "qsa": [{"qual": "49-S\u00f3cio-Administrador", "nome": "CLAUDIO AMERICO DE FIGUEIREDO PORTO"}, {"qual": "22-S\u00f3cio", "nome": "KARLA VON DOLLINGER REGNIER"}, {"qual": "22-S\u00f3cio", "nome": "ALUISIO GUIMARAES"}, {"qual": "22-S\u00f3cio", "nome": "JOSE PAULO SILVEIRA"}, {"qual": "49-S\u00f3cio-Administrador", "nome": "GLAUCIO NEVES FERNANDEZ"}, {"qual": "22-S\u00f3cio", "nome": "PAULO ROBERTO DE MELO CAVALCANTI"}, {"qual": "22-S\u00f3cio", "nome": "GUSTAVO AMERICO MARINHO DE FIGUEIREDO PORTO"}, {"qual": "49-S\u00f3cio-Administrador", "nome": "GUSTAVO HENRIQUE DE FARIA MORELLI"}, {"qual": "22-S\u00f3cio", "nome": "JULIANA KIRCHER"}, {"qual": "22-S\u00f3cio", "nome": "TOBIAS ALBUQUERQUE WEGENAST"}, {"qual": "22-S\u00f3cio", "nome": "ADRIANA FONTES ROCHA EXPOSITO DA SILVA"}, {"qual": "22-S\u00f3cio", "nome": "ELIMAR PINHEIRO DO NASCIMENTO"}, {"qual": "22-S\u00f3cio", "nome": "RAFAEL PAIM CUNHA SANTOS"}, {"qual": "22-S\u00f3cio", "nome": "SERGIO JOSE CAVALCANTI BUARQUE"}, {"qual": "22-S\u00f3cio", "nome": "SOL GARSON BRAULE PINTO"}, {"qual": "22-S\u00f3cio", "nome": "RODRIGO ALTAIR SILVA E SOUZA"}, {"qual": "22-S\u00f3cio", "nome": "ROSANE RIBEIRO"}, {"qual": "22-S\u00f3cio", "nome": "GILBERTO FIGUEIRA DA SILVA"}, {"qual": "22-S\u00f3cio", "nome": "LUIZA BAPTISTA RAJ"}, {"qual": "22-S\u00f3cio", "nome": "SERGIO BRITTO LIMA"}, {"qual": "22-S\u00f3cio", "nome": "EBER GONCALVES"}, {"qual": "22-S\u00f3cio", "nome": "JOAO CRISOSTOMO GRILLO SALLES"}, {"qual": "22-S\u00f3cio", "nome": "FLAVIO TADASHI MATSUMOTO ICHIKAVA"}, {"qual": "22-S\u00f3cio", "nome": "TATIANE LIMANI PEREIRA"}, {"qual": "22-S\u00f3cio", "nome": "RAPHAELA MOREIRA SANTOS"}, {"qual": "22-S\u00f3cio", "nome": "RAFAEL FIGUEIREDO DE CARVALHO"}, {"qual": "22-S\u00f3cio", "nome": "ELISSA TOURINHO RASMA"}, {"qual": "22-S\u00f3cio", "nome": "ANDREA BELFORT DE ANDRADE SANTOS"}, {"qual": "22-S\u00f3cio", "nome": "ROBERTA TEIXEIRA GAMA E SILVA"}, {"qual": "22-S\u00f3cio", "nome": "NATALIA MAGALHAES DEMARTINO"}], "situacao": "ATIVA", "bairro": "IPANEMA", "logradouro": "R VISCONDE DE PIRAJA 351", "numero": ".", "cep": "22.410-906", "municipio": "RIO DE JANEIRO", "porte": "DEMAIS", "abertura": "24/02/1999", "natureza_juridica": "224-0 - Sociedade Simples Limitada", "fantasia": "MACROPLAN - PROSPECTIVA, ESTRATEGIA E GESTAO", "cnpj": "02.990.717/0001-53", "ultima_atualizacao": "2020-02-08T00:26:03.179Z", "status": "OK", "tipo": "MATRIZ", "efr": "", "motivo_situacao": "", "situacao_especial": "", "data_situacao_especial": "", "capital_social": "1000000.00", "extra": {}, "billing": {"free": false, "database": false}}