{"atividade_principal": [{"text": "Seguridade social obrigat\u00f3ria", "code": "84.30-2-00"}], "data_situacao": "22/02/1999", "nome": "FUNDO UNICO DE PREVIDENCIA SOCIAL DO ESTADO DO RIO DE JANEIRO", "uf": "RJ", "telefone": "(21) 2332-5215/ (21) 2332-5232", "email": "bruno.souza@rioprevidencia.rj.gov.br", "situacao": "ATIVA", "bairro": "CENTRO", "logradouro": "R DA QUITANDA", "numero": "106", "cep": "20.091-005", "municipio": "RIO DE JANEIRO", "porte": "DEMAIS", "abertura": "22/02/1999", "natureza_juridica": "111-2 - Autarquia Estadual ou do Distrito Federal", "fantasia": "RIOPREVIDENCIA", "cnpj": "03.066.219/0001-81", "ultima_atualizacao": "2020-02-08T00:13:31.210Z", "status": "OK", "tipo": "MATRIZ", "complemento": "", "efr": "", "motivo_situacao": "", "situacao_especial": "", "data_situacao_especial": "", "atividades_secundarias": [{"code": "00.00-0-00", "text": "N\u00e3o informada"}], "capital_social": "0.00", "qsa": [], "extra": {}, "billing": {"free": false, "database": false}}