{"atividade_principal": [{"text": "Servi\u00e7os de comunica\u00e7\u00e3o multim\u00eddia - SCM", "code": "61.10-8-03"}], "data_situacao": "03/11/2005", "complemento": "SOBRELOJA 02", "nome": "F. M. G. MACABUENSE COMERCIO SERVICOS E DISTRIBUICAO LTDA.", "uf": "RJ", "telefone": "(024) 7643-309", "atividades_secundarias": [{"text": "Com\u00e9rcio atacadista de artigos de escrit\u00f3rio e de papelaria", "code": "46.47-8-01"}, {"text": "Com\u00e9rcio atacadista de componentes eletr\u00f4nicos e equipamentos de telefonia e comunica\u00e7\u00e3o", "code": "46.52-4-00"}, {"text": "Com\u00e9rcio atacadista de suprimentos para inform\u00e1tica", "code": "46.51-6-02"}, {"text": "Com\u00e9rcio varejista de artigos de papelaria", "code": "47.61-0-03"}, {"text": "Com\u00e9rcio varejista especializado de equipamentos de telefonia e comunica\u00e7\u00e3o", "code": "47.52-1-00"}, {"text": "Com\u00e9rcio varejista especializado de equipamentos e suprimentos de inform\u00e1tica", "code": "47.51-2-01"}, {"text": "Outras atividades de telecomunica\u00e7\u00f5es n\u00e3o especificadas anteriormente", "code": "61.90-6-99"}, {"text": "Repara\u00e7\u00e3o e manuten\u00e7\u00e3o de computadores e de equipamentos perif\u00e9ricos", "code": "95.11-8-00"}, {"text": "Salas de acesso \u00e0 internet", "code": "82.99-7-07"}, {"text": "Servi\u00e7os de telecomunica\u00e7\u00f5es por fio n\u00e3o especificados anteriormente", "code": "61.10-8-99"}, {"text": "Servi\u00e7os de telecomunica\u00e7\u00f5es sem fio n\u00e3o especificados anteriormente", "code": "61.20-5-99"}, {"text": "Telecomunica\u00e7\u00f5es por sat\u00e9lite", "code": "61.30-2-00"}], "qsa": [{"qual": "49-S\u00f3cio-Administrador", "nome": "FABIO LUIZ CARVALHO BARBOSA DAUMAS"}, {"qual": "22-S\u00f3cio", "nome": "LEILA MARIA SILVEIRA MAIA"}], "situacao": "ATIVA", "bairro": "CENTRO", "logradouro": "AV VICTOR SENCE", "numero": "61", "cep": "28.740-000", "municipio": "CONCEICAO DE MACABU", "porte": "EMPRESA DE PEQUENO PORTE", "abertura": "24/03/1999", "natureza_juridica": "206-2 - Sociedade Empres\u00e1ria Limitada", "fantasia": "FACILITI INFORMATICA", "cnpj": "03.069.933/0001-23", "ultima_atualizacao": "2020-02-08T00:58:20.553Z", "status": "OK", "tipo": "MATRIZ", "email": "", "efr": "", "motivo_situacao": "", "situacao_especial": "", "data_situacao_especial": "", "capital_social": "0.00", "extra": {}, "billing": {"free": false, "database": false}}