{"data_situacao": "13/06/2016", "motivo_situacao": "EXTINCAO P/ ENC LIQ VOLUNTARIA", "nome": "ORIENS TECNOLOGIA LTDA", "telefone": "(31) 3288-2835", "email": "klebertiirffi@yahoo.com.br", "situacao": "BAIXADA", "porte": "MICRO EMPRESA", "abertura": "03/05/1999", "natureza_juridica": "206-2 - Sociedade Empres\u00e1ria Limitada", "cnpj": "03.129.474/0001-26", "ultima_atualizacao": "2020-02-08T01:02:19.427Z", "status": "OK", "tipo": "MATRIZ", "fantasia": "", "logradouro": "", "numero": "", "complemento": "", "cep": "", "bairro": "", "municipio": "", "uf": "", "efr": "", "situacao_especial": "", "data_situacao_especial": "", "atividade_principal": [{"code": "00.00-0-00", "text": "********"}], "atividades_secundarias": [{"code": "00.00-0-00", "text": "N\u00e3o informada"}], "capital_social": "0.00", "qsa": [], "extra": {}, "billing": {"free": false, "database": false}}