{"atividade_principal": [{"text": "Aluguel de palcos, coberturas e outras estruturas de uso tempor\u00e1rio, exceto andaimes", "code": "77.39-0-03"}], "data_situacao": "03/11/2005", "nome": "CANDELABRO ENTRETENIMENTO LTDA", "uf": "BA", "telefone": "(75) 3261-4183", "email": "bittanscontabilidade@hotmail.com", "atividades_secundarias": [{"text": "Servi\u00e7os de organiza\u00e7\u00e3o de feiras, congressos, exposi\u00e7\u00f5es e festas", "code": "82.30-0-01"}, {"text": "Atividades de sonoriza\u00e7\u00e3o e de ilumina\u00e7\u00e3o", "code": "90.01-9-06"}, {"text": "Produ\u00e7\u00e3o de espet\u00e1culos de rodeios, vaquejadas e similares", "code": "90.01-9-05"}, {"text": "Produ\u00e7\u00e3o musical", "code": "90.01-9-02"}, {"text": "Atividades de grava\u00e7\u00e3o de som e de edi\u00e7\u00e3o de m\u00fasica", "code": "59.20-1-00"}], "qsa": [{"qual": "49-S\u00f3cio-Administrador", "nome": "JOSELITO CERQUEIRA DA SILVA"}, {"qual": "22-S\u00f3cio", "nome": "ALISSON DA ANUNCIACAO SANTOS"}], "situacao": "ATIVA", "bairro": "CENTRO", "logradouro": "R MARIANO RIBEIRO", "numero": "35", "cep": "48.700-000", "municipio": "SERRINHA", "porte": "MICRO EMPRESA", "abertura": "07/05/1999", "natureza_juridica": "206-2 - Sociedade Empres\u00e1ria Limitada", "cnpj": "03.133.620/0001-97", "ultima_atualizacao": "2020-02-08T00:51:02.176Z", "status": "OK", "tipo": "MATRIZ", "fantasia": "", "complemento": "", "efr": "", "motivo_situacao": "", "situacao_especial": "", "data_situacao_especial": "", "capital_social": "350000.00", "extra": {}, "billing": {"free": false, "database": false}}