{"atividade_principal": [{"text": "Constru\u00e7\u00e3o de edif\u00edcios", "code": "41.20-4-00"}], "data_situacao": "03/11/2005", "nome": "DIGITALMAQ CONSTRUTORA, COMERCIO E SERVICOS - EIRELI", "uf": "RJ", "telefone": "(22) 8585-6633", "email": "novadigitalmaq@gmail.com", "atividades_secundarias": [{"text": "Com\u00e9rcio varejista de material el\u00e9trico (Dispensada *)", "code": "47.42-3-00"}], "qsa": [{"qual": "65-Titular Pessoa F\u00edsica Residente ou Domiciliado no Brasil", "nome": "DANILO FERREIRA ELOY"}], "situacao": "ATIVA", "bairro": "ATLANTICA", "logradouro": "AV ALCEBIADES SABINO DOS SANTOS", "numero": "5000", "cep": "28.895-658", "municipio": "RIO DAS OSTRAS", "porte": "MICRO EMPRESA", "abertura": "13/04/1999", "natureza_juridica": "230-5 - Empresa Individual de Responsabilidade Limitada (de Natureza Empres\u00e1ria)", "fantasia": "MOTA CONSTRUTORA", "cnpj": "03.132.777/0001-06", "ultima_atualizacao": "2020-02-07T23:00:16.885Z", "status": "OK", "tipo": "MATRIZ", "complemento": "", "efr": "", "motivo_situacao": "", "situacao_especial": "", "data_situacao_especial": "", "capital_social": "1000000.00", "extra": {}, "billing": {"free": false, "database": false}}