{"atividade_principal": [{"text": "Com\u00e9rcio atacadista de instrumentos e materiais para uso m\u00e9dico, cir\u00fargico, hospitalar e de laborat\u00f3rios", "code": "46.45-1-01"}], "data_situacao": "03/11/2005", "complemento": "BLOCO 01 LOJA 114", "nome": "C. M. CIRURGICA INDUSTRIA E COMERCIO LTDA", "uf": "RJ", "telefone": "(21) 3539-0645", "atividades_secundarias": [{"text": "Com\u00e9rcio atacadista de pr\u00f3teses e artigos de ortopedia", "code": "46.45-1-02"}, {"text": "Com\u00e9rcio varejista de artigos m\u00e9dicos e ortop\u00e9dicos", "code": "47.73-3-00"}, {"text": "Com\u00e9rcio atacadista de produtos odontol\u00f3gicos", "code": "46.45-1-03"}, {"text": "Aluguel de outras m\u00e1quinas e equipamentos comerciais e industriais n\u00e3o especificados anteriormente, sem operador", "code": "77.39-0-99"}], "qsa": [{"qual": "49-S\u00f3cio-Administrador", "nome": "ARGELIA GONCALVES MARTIN"}, {"qual": "49-S\u00f3cio-Administrador", "nome": "DAVID HERNANDEZ MARTIN"}], "situacao": "ATIVA", "bairro": "BARRA DA TIJUCA", "logradouro": "AV DAS AMERICAS", "numero": "3200", "cep": "22.640-102", "municipio": "RIO DE JANEIRO", "porte": "EMPRESA DE PEQUENO PORTE", "abertura": "09/04/1999", "natureza_juridica": "206-2 - Sociedade Empres\u00e1ria Limitada", "fantasia": "LANGSPINE", "cnpj": "03.161.745/0001-20", "ultima_atualizacao": "2020-02-08T00:24:41.696Z", "status": "OK", "tipo": "MATRIZ", "email": "", "efr": "", "motivo_situacao": "", "situacao_especial": "", "data_situacao_especial": "", "capital_social": "250000.00", "extra": {}, "billing": {"free": false, "database": false}}