{"atividade_principal": [{"text": "Com\u00e9rcio atacadista de instrumentos e materiais para uso m\u00e9dico, cir\u00fargico, hospitalar e de laborat\u00f3rios", "code": "46.45-1-01"}], "data_situacao": "25/02/2001", "nome": "WM WORLD MEDICAL IMPORTACAO E EXPORTACAO LTDA.", "uf": "RJ", "telefone": "(21) 2210-2620", "qsa": [{"qual": "49-S\u00f3cio-Administrador", "nome": "MARIANA GARCEZ DE BARROS AMORA"}, {"qual": "49-S\u00f3cio-Administrador", "nome": "STUESSEL WELLINGTON DE BARROS AMORA JUNIOR"}], "situacao": "ATIVA", "bairro": "CENTRO", "logradouro": "R DO REZENDE", "numero": "189", "cep": "20.231-091", "municipio": "RIO DE JANEIRO", "porte": "DEMAIS", "abertura": "27/05/1999", "natureza_juridica": "206-2 - Sociedade Empres\u00e1ria Limitada", "cnpj": "03.179.994/0001-43", "ultima_atualizacao": "2020-02-08T00:42:03.198Z", "status": "OK", "tipo": "MATRIZ", "fantasia": "", "complemento": "", "email": "", "efr": "", "motivo_situacao": "", "situacao_especial": "", "data_situacao_especial": "", "atividades_secundarias": [{"code": "00.00-0-00", "text": "N\u00e3o informada"}], "capital_social": "1000000.00", "extra": {}, "billing": {"free": false, "database": false}}