{"atividade_principal": [{"text": "Aluguel de outras m\u00e1quinas e equipamentos comerciais e industriais n\u00e3o especificados anteriormente, sem operador", "code": "77.39-0-99"}], "data_situacao": "04/06/2005", "complemento": "LOT 1 PAL 49036", "nome": "SEPARAR PRODUTOS E SERVICOS LTDA", "uf": "RJ", "telefone": "(21) 2401-5412", "email": "vendas@separar.com.br", "atividades_secundarias": [{"text": "Fabrica\u00e7\u00e3o de outras m\u00e1quinas e equipamentos de uso geral n\u00e3o especificados anteriormente, pe\u00e7as e acess\u00f3rios", "code": "28.29-1-99"}, {"text": "Manuten\u00e7\u00e3o e repara\u00e7\u00e3o de aparelhos eletrom\u00e9dicos e eletroterap\u00eauticos e equipamentos de irradia\u00e7\u00e3o", "code": "33.12-1-03"}, {"text": "Instala\u00e7\u00e3o de m\u00e1quinas e equipamentos industriais", "code": "33.21-0-00"}, {"text": "Representantes comerciais e agentes do com\u00e9rcio de mercadorias em geral n\u00e3o especializado", "code": "46.19-2-00"}, {"text": "Com\u00e9rcio atacadista de outras m\u00e1quinas e equipamentos n\u00e3o especificados anteriormente; partes e pe\u00e7as", "code": "46.69-9-99"}, {"text": "Com\u00e9rcio atacadista de outros produtos qu\u00edmicos e petroqu\u00edmicos n\u00e3o especificados anteriormente", "code": "46.84-2-99"}, {"text": "Com\u00e9rcio varejista especializado de eletrodom\u00e9sticos e equipamentos de \u00e1udio e v\u00eddeo", "code": "47.53-9-00"}, {"text": "Com\u00e9rcio varejista de outros produtos n\u00e3o especificados anteriormente", "code": "47.89-0-99"}, {"text": "Aluguel de equipamentos cient\u00edficos, m\u00e9dicos e hospitalares, sem operador", "code": "77.39-0-02"}], "qsa": [{"qual": "49-S\u00f3cio-Administrador", "nome": "ELIO SERGIO PEREIRA"}, {"qual": "49-S\u00f3cio-Administrador", "nome": "PAULO GIL ALMEIDA PEREIRA"}], "situacao": "ATIVA", "bairro": "BANGU", "logradouro": "R AURORA M NASCIMENTO FURTADO", "numero": "00050", "cep": "21.862-720", "municipio": "RIO DE JANEIRO", "porte": "DEMAIS", "abertura": "05/05/1999", "natureza_juridica": "206-2 - Sociedade Empres\u00e1ria Limitada", "cnpj": "03.184.220/0001-00", "ultima_atualizacao": "2020-02-08T00:50:55.285Z", "status": "OK", "tipo": "MATRIZ", "fantasia": "", "efr": "", "motivo_situacao": "", "situacao_especial": "", "data_situacao_especial": "", "capital_social": "25000000.00", "extra": {}, "billing": {"free": false, "database": false}}