{"atividade_principal": [{"text": "Testes e an\u00e1lises t\u00e9cnicas", "code": "71.20-1-00"}], "data_situacao": "03/11/2005", "complemento": "PARTE", "nome": "TESA-LAB TECNOLOGIA EM SERVICOS AMBIENTAIS - EIRELI", "uf": "RJ", "telefone": "(22) 2762-1175", "email": "tesalab@uol.com.br", "atividades_secundarias": [{"text": "Gest\u00e3o de redes de esgoto", "code": "37.01-1-00"}, {"text": "Atividades relacionadas a esgoto, exceto a gest\u00e3o de redes", "code": "37.02-9-00"}, {"text": "Servi\u00e7os de per\u00edcia t\u00e9cnica relacionados \u00e0 seguran\u00e7a do trabalho", "code": "71.19-7-04"}, {"text": "Outras atividades profissionais, cient\u00edficas e t\u00e9cnicas n\u00e3o especificadas anteriormente", "code": "74.90-1-99"}], "qsa": [{"qual": "65-Titular Pessoa F\u00edsica Residente ou Domiciliado no Brasil", "nome": "PAULO VENICIUS LIMA MACHADO"}], "situacao": "ATIVA", "bairro": "CENTRO", "logradouro": "R FRANCISCO PORTELA", "numero": "229", "cep": "27.910-200", "municipio": "MACAE", "porte": "EMPRESA DE PEQUENO PORTE", "abertura": "16/04/1999", "natureza_juridica": "230-5 - Empresa Individual de Responsabilidade Limitada (de Natureza Empres\u00e1ria)", "fantasia": "TESALAB", "cnpj": "03.198.929/0001-65", "ultima_atualizacao": "2020-02-07T23:25:25.952Z", "status": "OK", "tipo": "MATRIZ", "efr": "", "motivo_situacao": "", "situacao_especial": "", "data_situacao_especial": "", "capital_social": "650000.00", "extra": {}, "billing": {"free": false, "database": false}}