{"atividade_principal": [{"text": "Obras de terraplenagem", "code": "43.13-4-00"}], "data_situacao": "03/11/2005", "complemento": "SALA 305", "nome": "CONSTRUCON INFRAESTRUTURA LTDA.", "uf": "RJ", "telefone": "(021) 2243-108", "atividades_secundarias": [{"text": "Coleta de res\u00edduos n\u00e3o-perigosos", "code": "38.11-4-00"}, {"text": "Servi\u00e7os de prepara\u00e7\u00e3o do terreno n\u00e3o especificados anteriormente", "code": "43.19-3-00"}], "qsa": [{"qual": "49-S\u00f3cio-Administrador", "nome": "DECIO ANDRE AGUIAR DE AGUIAR"}, {"qual": "49-S\u00f3cio-Administrador", "nome": "GIOVANNI FARAH CARDOSO MARTINS"}], "situacao": "ATIVA", "bairro": "CENTRO", "logradouro": "R GOMES FREIRE", "numero": "176", "cep": "20.231-012", "municipio": "RIO DE JANEIRO", "porte": "DEMAIS", "abertura": "24/05/1999", "natureza_juridica": "206-2 - Sociedade Empres\u00e1ria Limitada", "cnpj": "03.200.439/0001-56", "ultima_atualizacao": "2020-02-07T23:16:00.116Z", "status": "OK", "tipo": "MATRIZ", "fantasia": "", "email": "", "efr": "", "motivo_situacao": "", "situacao_especial": "", "data_situacao_especial": "", "capital_social": "2100000.00", "extra": {}, "billing": {"free": false, "database": false}}