{"data_situacao": "21/12/2017", "motivo_situacao": "EXTINCAO P/ ENC LIQ VOLUNTARIA", "nome": "COR E CAR TINTAS LTDA", "telefone": "(22) 2770-5439", "situacao": "BAIXADA", "porte": "EMPRESA DE PEQUENO PORTE", "abertura": "24/06/1999", "natureza_juridica": "206-2 - Sociedade Empres\u00e1ria Limitada", "fantasia": "COR E CAR TINTAS", "cnpj": "03.276.245/0001-34", "ultima_atualizacao": "2020-02-07T23:33:11.455Z", "status": "OK", "tipo": "MATRIZ", "logradouro": "", "numero": "", "complemento": "", "cep": "", "bairro": "", "municipio": "", "uf": "", "email": "", "efr": "", "situacao_especial": "", "data_situacao_especial": "", "atividade_principal": [{"code": "00.00-0-00", "text": "********"}], "atividades_secundarias": [{"code": "00.00-0-00", "text": "N\u00e3o informada"}], "capital_social": "0.00", "qsa": [], "extra": {}, "billing": {"free": false, "database": false}}