{"atividade_principal": [{"text": "Laborat\u00f3rios de anatomia patol\u00f3gica e citol\u00f3gica", "code": "86.40-2-01"}], "data_situacao": "03/11/2005", "nome": "CITOLAB - LABORATORIO DE ANATOMIA PATOLOGICA E CITOPATOLOGIA LTDA", "uf": "RJ", "telefone": "(024) 2723-9569", "qsa": [{"qual": "49-S\u00f3cio-Administrador", "nome": "CELIA CRISTINA NEME RIOS"}, {"qual": "22-S\u00f3cio", "nome": "LUCI MOREIRA DE ALMEIDA"}], "situacao": "ATIVA", "bairro": "CENTRO", "logradouro": "R CONSELHEIRO OTAVIANO", "numero": "189", "cep": "28.010-140", "municipio": "CAMPOS DOS GOYTACAZES", "porte": "MICRO EMPRESA", "abertura": "20/07/1999", "natureza_juridica": "206-2 - Sociedade Empres\u00e1ria Limitada", "fantasia": "CITOLAB", "cnpj": "03.301.185/0001-62", "ultima_atualizacao": "2020-02-08T00:39:17.607Z", "status": "OK", "tipo": "MATRIZ", "complemento": "", "email": "", "efr": "", "motivo_situacao": "", "situacao_especial": "", "data_situacao_especial": "", "atividades_secundarias": [{"code": "00.00-0-00", "text": "N\u00e3o informada"}], "capital_social": "0.00", "extra": {}, "billing": {"free": false, "database": false}}