{"atividade_principal": [{"text": "Obras de terraplenagem", "code": "43.13-4-00"}], "data_situacao": "03/11/2005", "nome": "HIDROLUMEN CONSTRUTORA LTDA", "uf": "RJ", "telefone": "(21) 2233-0172", "atividades_secundarias": [{"text": "Constru\u00e7\u00e3o de redes de abastecimento de \u00e1gua, coleta de esgoto e constru\u00e7\u00f5es correlatas, exceto obras de irriga\u00e7\u00e3o", "code": "42.22-7-01"}, {"text": "Constru\u00e7\u00e3o de edif\u00edcios", "code": "41.20-4-00"}, {"text": "Montagem e instala\u00e7\u00e3o de sistemas e equipamentos de ilumina\u00e7\u00e3o e sinaliza\u00e7\u00e3o em vias p\u00fablicas, portos e aeroportos", "code": "43.29-1-04"}], "qsa": [{"qual": "49-S\u00f3cio-Administrador", "nome": "MAURICIO VIDEIRA MACEDO"}, {"qual": "49-S\u00f3cio-Administrador", "nome": "MARIO CESAR MOTTA VENANCIO"}], "situacao": "ATIVA", "bairro": "DISTRITO INDUSTRIAL DE CAMPOS", "logradouro": "R OSWALDO BARCELOS DE ANDRADE", "numero": "217", "cep": "28.090-460", "municipio": "CAMPOS DOS GOYTACAZES", "porte": "DEMAIS", "abertura": "30/03/1999", "natureza_juridica": "206-2 - Sociedade Empres\u00e1ria Limitada", "fantasia": "HIDROLUMEN", "cnpj": "03.311.104/0001-05", "ultima_atualizacao": "2020-02-07T23:47:25.645Z", "status": "OK", "tipo": "MATRIZ", "complemento": "", "email": "", "efr": "", "motivo_situacao": "", "situacao_especial": "", "data_situacao_especial": "", "capital_social": "10000000.00", "extra": {}, "billing": {"free": false, "database": false}}