{"atividade_principal": [{"text": "Fabrica\u00e7\u00e3o de letras, letreiros e placas de qualquer material, exceto luminosos", "code": "32.99-0-03"}], "data_situacao": "03/11/2005", "complemento": "PARTE", "nome": "SOUZA E LOMBA INDUSTRIA E SERVICOS DE PLACAS METALICAS LTDA.", "uf": "RJ", "telefone": "(21) 2233-6699/ (21) 2233-6699", "email": "bomconselho@terra.com.br", "atividades_secundarias": [{"text": "Servi\u00e7os de pr\u00e9-impress\u00e3o", "code": "18.21-1-00"}, {"text": "Servi\u00e7os de desenho t\u00e9cnico relacionados \u00e0 arquitetura e engenharia", "code": "71.19-7-03"}, {"text": "Atividades de intermedia\u00e7\u00e3o e agenciamento de servi\u00e7os e neg\u00f3cios em geral, exceto imobili\u00e1rios", "code": "74.90-1-04"}], "qsa": [{"qual": "49-S\u00f3cio-Administrador", "nome": "DELIANE LOMBA FERNANDES"}, {"qual": "49-S\u00f3cio-Administrador", "nome": "DANIELE GONCALVES LOMBA GUIMARAES"}], "situacao": "ATIVA", "bairro": "GAMBOA", "logradouro": "R PEDRO ERNESTO", "numero": "49", "cep": "20.220-350", "municipio": "RIO DE JANEIRO", "porte": "MICRO EMPRESA", "abertura": "16/08/1999", "natureza_juridica": "206-2 - Sociedade Empres\u00e1ria Limitada", "cnpj": "03.344.826/0001-66", "ultima_atualizacao": "2020-02-08T00:31:07.654Z", "status": "OK", "tipo": "MATRIZ", "fantasia": "", "efr": "", "motivo_situacao": "", "situacao_especial": "", "data_situacao_especial": "", "capital_social": "20000.00", "extra": {}, "billing": {"free": false, "database": false}}