{"atividade_principal": [{"text": "Com\u00e9rcio varejista de artigos m\u00e9dicos e ortop\u00e9dicos", "code": "47.73-3-00"}], "data_situacao": "27/08/2005", "complemento": "TERREO", "nome": "AGA MED COMERCIO REPRESENTACAO E ASSISTENCIA TECNICA MEDICO HOSPITALAR LTDA", "uf": "RJ", "telefone": "(22) 3822-3206", "email": "comercial.agamed@gmail.com", "atividades_secundarias": [{"text": "Com\u00e9rcio atacadista de m\u00e1quinas, aparelhos e equipamentos para uso odonto-m\u00e9dico-hospitalar; partes e pe\u00e7as", "code": "46.64-8-00"}, {"text": "Representantes comerciais e agentes do com\u00e9rcio de instrumentos e materiais odonto-m\u00e9dico-hospitalares", "code": "46.18-4-02"}], "qsa": [{"qual": "49-S\u00f3cio-Administrador", "nome": "ANA SILVIA FRAGA MEIRELLES"}, {"qual": "49-S\u00f3cio-Administrador", "nome": "ALEXANDRE BARBOSA MEIRELLES"}], "situacao": "ATIVA", "bairro": "CENTRO", "logradouro": "R AMADEU TINOCO DE LACERDA", "numero": "218", "cep": "28.300-000", "municipio": "ITAPERUNA", "porte": "DEMAIS", "abertura": "18/08/1999", "natureza_juridica": "206-2 - Sociedade Empres\u00e1ria Limitada", "fantasia": "AGA MED HOSPITALAR", "cnpj": "03.367.004/0001-09", "ultima_atualizacao": "2020-02-07T23:55:35.929Z", "status": "OK", "tipo": "MATRIZ", "efr": "", "motivo_situacao": "", "situacao_especial": "", "data_situacao_especial": "", "capital_social": "300000.00", "extra": {}, "billing": {"free": false, "database": false}}