{"atividade_principal": [{"text": "Fabrica\u00e7\u00e3o de lumin\u00e1rias e outros equipamentos de ilumina\u00e7\u00e3o", "code": "27.40-6-02"}], "data_situacao": "03/11/2005", "complemento": "SALA A", "nome": "ELETROSINAL TECNOLOGIA EIRELI", "uf": "PR", "telefone": "(44) 3224-6080/ (44) 3220-3300", "email": "josegomes@escgomes.com.br", "atividades_secundarias": [{"text": "Fabrica\u00e7\u00e3o de pain\u00e9is e letreiros luminosos", "code": "32.99-0-04"}], "qsa": [{"qual": "65-Titular Pessoa F\u00edsica Residente ou Domiciliado no Brasil", "nome": "PERSIO WALTER BORTOLOTTO"}], "situacao": "ATIVA", "bairro": "ZONA 05", "logradouro": "AV CARLOS CORREIA BORGES", "numero": "678", "cep": "87.015-170", "municipio": "MARINGA", "porte": "DEMAIS", "abertura": "24/09/1999", "natureza_juridica": "230-5 - Empresa Individual de Responsabilidade Limitada (de Natureza Empres\u00e1ria)", "cnpj": "03.420.234/0001-86", "ultima_atualizacao": "2020-02-07T23:05:19.297Z", "status": "OK", "tipo": "MATRIZ", "fantasia": "", "efr": "", "motivo_situacao": "", "situacao_especial": "", "data_situacao_especial": "", "capital_social": "170000.00", "extra": {}, "billing": {"free": false, "database": false}}