{"atividade_principal": [{"text": "Com\u00e9rcio varejista de outros produtos n\u00e3o especificados anteriormente", "code": "47.89-0-99"}], "data_situacao": "22/09/1999", "nome": "NITROTHEL LTDA", "uf": "RJ", "telefone": "(21) 2756-9498/ (21) 2756-7576", "email": "crespocontabil@oi.com.br", "atividades_secundarias": [{"text": "Aluguel de equipamentos cient\u00edficos, m\u00e9dicos e hospitalares, sem operador", "code": "77.39-0-02"}], "qsa": [{"qual": "49-S\u00f3cio-Administrador", "nome": "AROLDO THEODORO DA COSTA"}, {"qual": "49-S\u00f3cio-Administrador", "nome": "LUCIARA DOS SANTOS DA COSTA"}, {"qual": "49-S\u00f3cio-Administrador", "nome": "CARLOS EDUARDO DOS SANTOS COSTA"}], "situacao": "ATIVA", "bairro": "VILA ROSALI", "logradouro": "AV FLUMINENSE", "numero": "803", "cep": "25.510-142", "municipio": "SAO JOAO DE MERITI", "porte": "MICRO EMPRESA", "abertura": "22/09/1999", "natureza_juridica": "206-2 - Sociedade Empres\u00e1ria Limitada", "cnpj": "03.430.036/0001-01", "ultima_atualizacao": "2020-02-07T23:42:27.702Z", "status": "OK", "tipo": "MATRIZ", "fantasia": "", "complemento": "", "efr": "", "motivo_situacao": "", "situacao_especial": "", "data_situacao_especial": "", "capital_social": "15000.00", "extra": {}, "billing": {"free": false, "database": false}}