{"data_situacao": "10/01/2014", "motivo_situacao": "INCORPORACAO", "nome": "SILIMED - COMERCIO DE PRODUTOS MEDICO HOSPITALARES LTDA", "situacao": "BAIXADA", "porte": "DEMAIS", "abertura": "22/09/1999", "natureza_juridica": "206-2 - Sociedade Empres\u00e1ria Limitada", "cnpj": "03.448.093/0001-00", "ultima_atualizacao": "2020-02-08T00:45:44.471Z", "status": "OK", "tipo": "MATRIZ", "fantasia": "", "logradouro": "", "numero": "", "complemento": "", "cep": "", "bairro": "", "municipio": "", "uf": "", "email": "", "telefone": "", "efr": "", "situacao_especial": "", "data_situacao_especial": "", "atividade_principal": [{"code": "00.00-0-00", "text": "********"}], "atividades_secundarias": [{"code": "00.00-0-00", "text": "N\u00e3o informada"}], "capital_social": "0.00", "qsa": [], "extra": {}, "billing": {"free": false, "database": false}}