{"atividade_principal": [{"text": "Artes c\u00eanicas, espet\u00e1culos e atividades complementares n\u00e3o especificadas anteriormente", "code": "90.01-9-99"}], "data_situacao": "03/11/2005", "complemento": "PARTE", "nome": "ELY PERON FRONGILO", "uf": "RJ", "telefone": "(22) 2772-0699/ (22) 3084-1045", "atividades_secundarias": [{"text": "Aluguel de m\u00e1quinas e equipamentos para escrit\u00f3rios", "code": "77.33-1-00"}, {"text": "Com\u00e9rcio varejista especializado de eletrodom\u00e9sticos e equipamentos de \u00e1udio e v\u00eddeo", "code": "47.53-9-00"}, {"text": "Com\u00e9rcio varejista de antig\u00fcidades", "code": "47.85-7-01"}, {"text": "Repara\u00e7\u00e3o de bicicletas, triciclos e outros ve\u00edculos n\u00e3o-motorizados", "code": "95.29-1-04"}, {"text": "Com\u00e9rcio varejista de m\u00f3veis", "code": "47.54-7-01"}], "situacao": "ATIVA", "bairro": "CAVALEIROS", "logradouro": "R INDUSTRIAL SILVINO FROTA", "numero": "300", "cep": "27.933-090", "municipio": "MACAE", "porte": "EMPRESA DE PEQUENO PORTE", "abertura": "08/11/1999", "natureza_juridica": "213-5 - Empres\u00e1rio (Individual)", "fantasia": "SITIO DAS ARTES", "cnpj": "03.504.019/0001-63", "ultima_atualizacao": "2020-02-08T00:00:06.622Z", "status": "OK", "tipo": "MATRIZ", "email": "", "efr": "", "motivo_situacao": "", "situacao_especial": "", "data_situacao_especial": "", "capital_social": "0.00", "qsa": [], "extra": {}, "billing": {"free": false, "database": false}}