{"atividade_principal": [{"text": "Seguridade social obrigat\u00f3ria", "code": "84.30-2-00"}], "data_situacao": "12/09/2018", "nome": "INSTITUTO DE PREVIDENCIA SOCIAL DO MUNICIPIO DE MACAE", "efr": "MUNIC\u00cdPIO DE MACAE", "uf": "RJ", "telefone": "(22) 2759-2310", "email": "macprevi@veloxmail.com.br", "situacao": "ATIVA", "bairro": "CENTRO", "logradouro": "R TENENTE RUI LOPES RIBEIRO", "numero": "293", "cep": "27.910-340", "municipio": "MACAE", "porte": "DEMAIS", "abertura": "01/11/1999", "natureza_juridica": "112-0 - Autarquia Municipal", "fantasia": "MACAEPREV", "cnpj": "03.567.964/0001-04", "ultima_atualizacao": "2020-02-08T00:15:11.511Z", "status": "OK", "tipo": "MATRIZ", "complemento": "", "motivo_situacao": "", "situacao_especial": "", "data_situacao_especial": "", "atividades_secundarias": [{"code": "00.00-0-00", "text": "N\u00e3o informada"}], "capital_social": "0.00", "qsa": [], "extra": {}, "billing": {"free": false, "database": false}}