{"atividade_principal": [{"text": "Com\u00e9rcio varejista de tecidos", "code": "47.55-5-01"}], "data_situacao": "03/11/2005", "complemento": "LOJA 03", "nome": "LOJA SENSACAO DE MACAE EIRELI", "uf": "RJ", "telefone": "(22) 2762-1040", "email": "lojas.sensacao@yahoo.com.br", "atividades_secundarias": [{"text": "Comercio varejista de artigos de cama, mesa e banho", "code": "47.55-5-03"}, {"text": "Com\u00e9rcio varejista de cal\u00e7ados", "code": "47.82-2-01"}], "qsa": [{"qual": "65-Titular Pessoa F\u00edsica Residente ou Domiciliado no Brasil", "nome": "JULIANE OLIVEIRA DUARTE ESPANHOL"}], "situacao": "ATIVA", "bairro": "CENTRO", "logradouro": "AV RUI BARBOSA", "numero": "969", "cep": "27.910-361", "municipio": "MACAE", "porte": "EMPRESA DE PEQUENO PORTE", "abertura": "14/02/2000", "natureza_juridica": "230-5 - Empresa Individual de Responsabilidade Limitada (de Natureza Empres\u00e1ria)", "cnpj": "03.659.681/0001-92", "ultima_atualizacao": "2020-02-08T00:53:05.136Z", "status": "OK", "tipo": "MATRIZ", "fantasia": "", "efr": "", "motivo_situacao": "", "situacao_especial": "", "data_situacao_especial": "", "capital_social": "94000.00", "extra": {}, "billing": {"free": false, "database": false}}