{"atividade_principal": [{"text": "Com\u00e9rcio atacadista de instrumentos e materiais para uso m\u00e9dico, cir\u00fargico, hospitalar e de laborat\u00f3rios", "code": "46.45-1-01"}], "data_situacao": "21/03/2000", "nome": "ENDOTECH COMERCIO, IMPORTACAO, EXPORTACAO E SERVICOS LTDA", "uf": "RS", "telefone": "(51) 3388-1577", "atividades_secundarias": [{"text": "Manuten\u00e7\u00e3o e repara\u00e7\u00e3o de equipamentos e produtos n\u00e3o especificados anteriormente", "code": "33.19-8-00"}, {"text": "Representantes comerciais e agentes do com\u00e9rcio de instrumentos e materiais odonto-m\u00e9dico-hospitalares", "code": "46.18-4-02"}, {"text": "Com\u00e9rcio atacadista de m\u00e1quinas, aparelhos e equipamentos para uso odonto-m\u00e9dico-hospitalar; partes e pe\u00e7as", "code": "46.64-8-00"}, {"text": "Aluguel de equipamentos cient\u00edficos, m\u00e9dicos e hospitalares, sem operador", "code": "77.39-0-02"}], "qsa": [{"qual": "49-S\u00f3cio-Administrador", "nome": "CELSO RICARDO GOMES DA SILVA"}, {"qual": "49-S\u00f3cio-Administrador", "nome": "RODRIGO VAZ DA SILVA"}, {"qual": "49-S\u00f3cio-Administrador", "nome": "RICARDO LUCIANO DA SILVA"}], "situacao": "ATIVA", "bairro": "SAO GERALDO", "logradouro": "AV BAHIA", "numero": "1052", "cep": "90.240-552", "municipio": "PORTO ALEGRE", "porte": "DEMAIS", "abertura": "21/03/2000", "natureza_juridica": "206-2 - Sociedade Empres\u00e1ria Limitada", "cnpj": "03.704.024/0001-10", "ultima_atualizacao": "2020-02-07T22:56:31.879Z", "status": "OK", "tipo": "MATRIZ", "fantasia": "", "complemento": "", "email": "", "efr": "", "motivo_situacao": "", "situacao_especial": "", "data_situacao_especial": "", "capital_social": "500000.00", "extra": {}, "billing": {"free": false, "database": false}}