{"data_situacao": "18/09/2018", "motivo_situacao": "OMISSAO DE DECLARACOES", "nome": "QUALITY SERVICE HOME COMERCIO E SERVICOS DE REFRIGERACAO LTDA", "telefone": "(22) 9876-2333/ (22) 2764-1305", "qsa": [{"qual": "49-S\u00f3cio-Administrador", "nome": "CARLOS EDUARDO MARTINS DE AZEVEDO"}, {"qual": "49-S\u00f3cio-Administrador", "nome": "MARGARIDA CUSTODIO DE JESUS"}], "situacao": "INAPTA", "porte": "DEMAIS", "abertura": "23/05/2000", "natureza_juridica": "206-2 - Sociedade Empres\u00e1ria Limitada", "fantasia": "QUALITY SERVICE", "cnpj": "03.829.431/0001-53", "ultima_atualizacao": "2020-02-07T23:22:14.983Z", "status": "OK", "tipo": "MATRIZ", "logradouro": "", "numero": "", "complemento": "", "cep": "", "bairro": "", "municipio": "", "uf": "", "email": "", "efr": "", "situacao_especial": "", "data_situacao_especial": "", "atividade_principal": [{"code": "00.00-0-00", "text": "********"}], "atividades_secundarias": [{"code": "00.00-0-00", "text": "N\u00e3o informada"}], "capital_social": "100000.00", "extra": {}, "billing": {"free": false, "database": false}}