{"atividade_principal": [{"text": "Com\u00e9rcio atacadista de medicamentos e drogas de uso humano", "code": "46.44-3-01"}], "data_situacao": "03/11/2005", "nome": "ACACIA COMERCIO DE MEDICAMENTOS EIRELI", "uf": "MG", "telefone": "(35) 3690-1150", "email": "licitacao@acacia.med.br", "atividades_secundarias": [{"text": "Representantes comerciais e agentes do com\u00e9rcio de medicamentos, cosm\u00e9ticos e produtos de perfumaria", "code": "46.18-4-01"}, {"text": "Com\u00e9rcio atacadista especializado em outros produtos aliment\u00edcios n\u00e3o especificados anteriormente", "code": "46.37-1-99"}, {"text": "Com\u00e9rcio atacadista de instrumentos e materiais para uso m\u00e9dico, cir\u00fargico, hospitalar e de laborat\u00f3rios", "code": "46.45-1-01"}, {"text": "Com\u00e9rcio atacadista de cosm\u00e9ticos e produtos de perfumaria", "code": "46.46-0-01"}, {"text": "Com\u00e9rcio atacadista de produtos de higiene pessoal", "code": "46.46-0-02"}, {"text": "Com\u00e9rcio atacadista de produtos de higiene, limpeza e conserva\u00e7\u00e3o domiciliar", "code": "46.49-4-08"}, {"text": "Com\u00e9rcio varejista de produtos farmac\u00eauticos, sem manipula\u00e7\u00e3o de f\u00f3rmulas", "code": "47.71-7-01"}, {"text": "Transporte rodovi\u00e1rio de carga, exceto produtos perigosos e mudan\u00e7as, intermunicipal, interestadual e internacional", "code": "49.30-2-02"}, {"text": "Prepara\u00e7\u00e3o de documentos e servi\u00e7os especializados de apoio administrativo n\u00e3o especificados anteriormente", "code": "82.19-9-99"}, {"text": "Outras atividades de servi\u00e7os prestados principalmente \u00e0s empresas n\u00e3o especificadas anteriormente", "code": "82.99-7-99"}], "qsa": [{"qual": "65-Titular Pessoa F\u00edsica Residente ou Domiciliado no Brasil", "nome": "JOSE MARIA NOGUEIRA"}], "situacao": "ATIVA", "bairro": "JARDIM ANDERE", "logradouro": "AV PRINCESA DO SUL", "numero": "3303", "cep": "37.062-180", "municipio": "VARGINHA", "porte": "DEMAIS", "abertura": "20/07/2000", "natureza_juridica": "230-5 - Empresa Individual de Responsabilidade Limitada (de Natureza Empres\u00e1ria)", "fantasia": "ACACIA MEDICAMENTOS E MATERIAL MEDICO HOSPITALAR", "cnpj": "03.945.035/0001-91", "ultima_atualizacao": "2020-02-08T01:08:34.129Z", "status": "OK", "tipo": "MATRIZ", "complemento": "", "efr": "", "motivo_situacao": "", "situacao_especial": "", "data_situacao_especial": "", "capital_social": "1502000.00", "extra": {}, "billing": {"free": false, "database": false}}