{"atividade_principal": [{"text": "Com\u00e9rcio varejista de medicamentos veterin\u00e1rios", "code": "47.71-7-04"}], "data_situacao": "03/11/2005", "nome": "PONTO DOS FAZENDEIROS PRODUTOS AGROPECUARIOS LTDA", "uf": "RJ", "atividades_secundarias": [{"text": "Com\u00e9rcio varejista de outros produtos n\u00e3o especificados anteriormente", "code": "47.89-0-99"}, {"text": "Com\u00e9rcio varejista de lubrificantes", "code": "47.32-6-00"}, {"text": "Com\u00e9rcio varejista de material el\u00e9trico", "code": "47.42-3-00"}, {"text": "Com\u00e9rcio varejista de madeira e artefatos", "code": "47.44-0-02"}, {"text": "Com\u00e9rcio varejista de materiais de constru\u00e7\u00e3o em geral", "code": "47.44-0-99"}], "qsa": [{"qual": "49-S\u00f3cio-Administrador", "nome": "ELOISA ELENA SILVEIRA DE SOUZA SILVA"}, {"qual": "49-S\u00f3cio-Administrador", "nome": "SILVESTRE DE SOUZA SILVA FILHO"}], "situacao": "ATIVA", "bairro": "CAJU", "logradouro": "R CONSELHEIRO TOMAS COELHO", "numero": "322", "cep": "28.030-002", "municipio": "CAMPOS DOS GOYTACAZES", "porte": "MICRO EMPRESA", "abertura": "14/08/2000", "natureza_juridica": "206-2 - Sociedade Empres\u00e1ria Limitada", "cnpj": "04.005.422/0001-00", "ultima_atualizacao": "2020-02-08T00:33:42.946Z", "status": "OK", "tipo": "MATRIZ", "fantasia": "", "complemento": "", "email": "", "telefone": "", "efr": "", "motivo_situacao": "", "situacao_especial": "", "data_situacao_especial": "", "capital_social": "500000.00", "extra": {}, "billing": {"free": false, "database": false}}