{"atividade_principal": [{"text": "Atividades de profissionais da \u00e1rea de sa\u00fade n\u00e3o especificadas anteriormente", "code": "86.50-0-99"}], "data_situacao": "03/11/2005", "complemento": "SALA 104", "nome": "FLAVIA DE MIRANDA FERNANDES", "uf": "RJ", "atividades_secundarias": [{"text": "Atividades de apoio \u00e0 gest\u00e3o de sa\u00fade", "code": "86.60-7-00"}], "situacao": "ATIVA", "bairro": "IMBETIBA", "logradouro": "R DOUTOR BUENO", "numero": "131", "cep": "27.913-190", "municipio": "MACAE", "porte": "EMPRESA DE PEQUENO PORTE", "abertura": "08/09/2000", "natureza_juridica": "213-5 - Empres\u00e1rio (Individual)", "fantasia": "FONOCLIN", "cnpj": "04.041.367/0001-04", "ultima_atualizacao": "2020-02-08T00:37:58.702Z", "status": "OK", "tipo": "MATRIZ", "email": "", "telefone": "", "efr": "", "motivo_situacao": "", "situacao_especial": "", "data_situacao_especial": "", "capital_social": "0.00", "qsa": [], "extra": {}, "billing": {"free": false, "database": false}}