{"atividade_principal": [{"text": "Representantes comerciais e agentes do com\u00e9rcio de m\u00e1quinas, equipamentos, embarca\u00e7\u00f5es e aeronaves", "code": "46.14-1-00"}], "data_situacao": "30/09/2005", "nome": "RTS RIO S/A", "uf": "RJ", "telefone": "(21) 3869-7801/ (21) 9151-0800", "email": "contabilidade@rtsrio.com.br", "atividades_secundarias": [{"text": "Com\u00e9rcio atacadista de instrumentos e materiais para uso m\u00e9dico, cir\u00fargico, hospitalar e de laborat\u00f3rios", "code": "46.45-1-01"}, {"text": "Com\u00e9rcio atacadista de pr\u00f3teses e artigos de ortopedia", "code": "46.45-1-02"}, {"text": "Manuten\u00e7\u00e3o e repara\u00e7\u00e3o de aparelhos eletrom\u00e9dicos e eletroterap\u00eauticos e equipamentos de irradia\u00e7\u00e3o", "code": "33.12-1-03"}, {"text": "Aluguel de equipamentos cient\u00edficos, m\u00e9dicos e hospitalares, sem operador", "code": "77.39-0-02"}, {"text": "Servi\u00e7os de engenharia", "code": "71.12-0-00"}, {"text": "Administra\u00e7\u00e3o de obras", "code": "43.99-1-01"}, {"text": "Desenvolvimento e licenciamento de programas de computador n\u00e3o-customiz\u00e1veis", "code": "62.03-1-00"}], "qsa": [{"qual": "10-Diretor", "nome": "DAGNER DE ABREU BON"}, {"qual": "16-Presidente", "nome": "ROGERIO FERNEDA"}], "situacao": "ATIVA", "bairro": "PENHA", "logradouro": "R CALIFORNIA", "numero": "426", "cep": "21.020-150", "municipio": "RIO DE JANEIRO", "porte": "DEMAIS", "abertura": "29/05/2000", "natureza_juridica": "205-4 - Sociedade An\u00f4nima Fechada", "fantasia": "RTS", "cnpj": "04.050.750/0001-29", "ultima_atualizacao": "2020-02-08T00:55:24.589Z", "status": "OK", "tipo": "MATRIZ", "complemento": "", "efr": "", "motivo_situacao": "", "situacao_especial": "", "data_situacao_especial": "", "capital_social": "5000000.00", "extra": {}, "billing": {"free": false, "database": false}}