{"data_situacao": "06/04/2018", "motivo_situacao": "EXTINCAO P/ ENC LIQ VOLUNTARIA", "nome": "V. S. SILVA MACAE COMPUTADORES", "telefone": "(22) 3084-6435", "situacao": "BAIXADA", "porte": "MICRO EMPRESA", "abertura": "24/08/2000", "natureza_juridica": "213-5 - Empres\u00e1rio (Individual)", "fantasia": "INFO PLANET", "cnpj": "04.057.761/0001-30", "ultima_atualizacao": "2020-02-07T22:57:53.573Z", "status": "OK", "tipo": "MATRIZ", "logradouro": "", "numero": "", "complemento": "", "cep": "", "bairro": "", "municipio": "", "uf": "", "email": "", "efr": "", "situacao_especial": "", "data_situacao_especial": "", "atividade_principal": [{"code": "00.00-0-00", "text": "********"}], "atividades_secundarias": [{"code": "00.00-0-00", "text": "N\u00e3o informada"}], "capital_social": "0.00", "qsa": [], "extra": {}, "billing": {"free": false, "database": false}}