{"atividade_principal": [{"text": "Servi\u00e7os combinados de escrit\u00f3rio e apoio administrativo", "code": "82.11-3-00"}], "data_situacao": "03/11/2005", "complemento": "SALA 02", "nome": "RM DE MOGI MIRIM PRESTACAO DE SERVICOS ADMINISTRATIVOS - EIRELI", "uf": "SP", "telefone": "(19) 3891-2471", "email": "araujo@araujocontabilidade.com.br", "atividades_secundarias": [{"text": "Prepara\u00e7\u00e3o de documentos e servi\u00e7os especializados de apoio administrativo n\u00e3o especificados anteriormente", "code": "82.19-9-99"}, {"text": "Atividades de consultoria em gest\u00e3o empresarial, exceto consultoria t\u00e9cnica espec\u00edfica", "code": "70.20-4-00"}, {"text": "Outras atividades de servi\u00e7os prestados principalmente \u00e0s empresas n\u00e3o especificadas anteriormente", "code": "82.99-7-99"}], "qsa": [{"qual": "65-Titular Pessoa F\u00edsica Residente ou Domiciliado no Brasil", "nome": "WAGNER EDUARDO MIRA"}], "situacao": "ATIVA", "bairro": "CENTRO", "logradouro": "AV SANTO ANTONIO", "numero": "456", "cep": "13.800-030", "municipio": "MOGI MIRIM", "porte": "EMPRESA DE PEQUENO PORTE", "abertura": "14/09/2000", "natureza_juridica": "230-5 - Empresa Individual de Responsabilidade Limitada (de Natureza Empres\u00e1ria)", "cnpj": "04.065.864/0001-42", "ultima_atualizacao": "2020-02-08T00:46:49.990Z", "status": "OK", "tipo": "MATRIZ", "fantasia": "", "efr": "", "motivo_situacao": "", "situacao_especial": "", "data_situacao_especial": "", "capital_social": "1900000.00", "extra": {}, "billing": {"free": false, "database": false}}