{"atividade_principal": [{"text": "Fabrica\u00e7\u00e3o de outros produtos aliment\u00edcios n\u00e3o especificados anteriormente", "code": "10.99-6-99"}], "data_situacao": "03/11/2005", "complemento": "FUNDOS", "nome": "RANGEL DE ABREU INDUSTRIA E COMERCIO DE CONGELADO LTDA", "uf": "RJ", "atividades_secundarias": [{"text": "Fabrica\u00e7\u00e3o de alimentos e pratos prontos", "code": "10.96-1-00"}, {"text": "Servi\u00e7os de alimenta\u00e7\u00e3o para eventos e recep\u00e7\u00f5es - buf\u00ea", "code": "56.20-1-02"}], "qsa": [{"qual": "49-S\u00f3cio-Administrador", "nome": "LEONARDO CASTRO DE ABREU"}, {"qual": "49-S\u00f3cio-Administrador", "nome": "MONICA MARIA DE ASSIS RANGEL DE ABREU"}], "situacao": "ATIVA", "bairro": "CENTRO", "logradouro": "R BARAO DE MIRACEMA", "numero": "236", "cep": "28.030-362", "municipio": "CAMPOS DOS GOYTACAZES", "porte": "EMPRESA DE PEQUENO PORTE", "abertura": "14/09/2000", "natureza_juridica": "206-2 - Sociedade Empres\u00e1ria Limitada", "fantasia": "CHICRE CHEME", "cnpj": "04.063.828/0001-40", "ultima_atualizacao": "2020-02-07T23:54:40.969Z", "status": "OK", "tipo": "MATRIZ", "email": "", "telefone": "", "efr": "", "motivo_situacao": "", "situacao_especial": "", "data_situacao_especial": "", "capital_social": "0.00", "extra": {}, "billing": {"free": false, "database": false}}