{"atividade_principal": [{"text": "Fornecimento de alimentos preparados preponderantemente para consumo domiciliar", "code": "56.20-1-04"}], "data_situacao": "03/11/2005", "nome": "BEM NUTRITIVA COMERCIO DE ALIMENTOS LTDA", "uf": "RJ", "telefone": "(21) 3872-4454", "email": "bemnutritiva@hotmail.com", "atividades_secundarias": [{"text": "Dep\u00f3sitos de mercadorias para terceiros, exceto armaz\u00e9ns gerais e guarda-m\u00f3veis", "code": "52.11-7-99"}, {"text": "Atividades de consultoria em gest\u00e3o empresarial, exceto consultoria t\u00e9cnica espec\u00edfica", "code": "70.20-4-00"}, {"text": "Sele\u00e7\u00e3o e agenciamento de m\u00e3o-de-obra", "code": "78.10-8-00"}, {"text": "Loca\u00e7\u00e3o de m\u00e3o-de-obra tempor\u00e1ria", "code": "78.20-5-00"}, {"text": "Restaura\u00e7\u00e3o e conserva\u00e7\u00e3o de lugares e pr\u00e9dios hist\u00f3ricos", "code": "91.02-3-02"}], "qsa": [{"qual": "22-S\u00f3cio", "nome": "THEREZA CRISTINA BARREIRA DE MENEZES SOARES"}, {"qual": "49-S\u00f3cio-Administrador", "nome": "MICHELLE MADELEINE ALONSO DA COSTA VELHO"}, {"qual": "49-S\u00f3cio-Administrador", "nome": "ALEXANDRE ANDRADE COSTA"}, {"qual": "49-S\u00f3cio-Administrador", "nome": "MARCO ANTONIO DE SOUSA"}], "situacao": "ATIVA", "bairro": "RIO COMPRIDO", "logradouro": "R SAMPAIO VIANA", "numero": "00232", "cep": "20.261-040", "municipio": "RIO DE JANEIRO", "porte": "DEMAIS", "abertura": "06/11/2000", "natureza_juridica": "206-2 - Sociedade Empres\u00e1ria Limitada", "cnpj": "04.133.045/0001-95", "ultima_atualizacao": "2020-02-07T22:56:24.897Z", "status": "OK", "tipo": "MATRIZ", "fantasia": "", "complemento": "", "efr": "", "motivo_situacao": "", "situacao_especial": "", "data_situacao_especial": "", "capital_social": "10000000.00", "extra": {}, "billing": {"free": false, "database": false}}