{"data_situacao": "01/02/2014", "motivo_situacao": "INCORPORACAO", "nome": "TNL PCS S/A", "telefone": "(84) 3131-2399", "email": "lbrito@oi.net.br", "situacao": "BAIXADA", "porte": "DEMAIS", "abertura": "28/11/2000", "natureza_juridica": "205-4 - Sociedade An\u00f4nima Fechada", "cnpj": "04.164.616/0001-59", "ultima_atualizacao": "2020-02-07T23:53:43.691Z", "status": "OK", "tipo": "MATRIZ", "fantasia": "", "logradouro": "", "numero": "", "complemento": "", "cep": "", "bairro": "", "municipio": "", "uf": "", "efr": "", "situacao_especial": "", "data_situacao_especial": "", "atividade_principal": [{"code": "00.00-0-00", "text": "********"}], "atividades_secundarias": [{"code": "00.00-0-00", "text": "N\u00e3o informada"}], "capital_social": "0.00", "qsa": [], "extra": {}, "billing": {"free": false, "database": false}}