{"data_situacao": "05/08/2008", "motivo_situacao": "EXTINCAO P/ ENC LIQ VOLUNTARIA", "nome": "PAVANI DE MACAE REPRESENTACAO DE PRODUTOS ALIMENTICIOS LTDA", "telefone": "(22) 3833-9500", "situacao": "BAIXADA", "porte": "EMPRESA DE PEQUENO PORTE", "abertura": "13/12/2000", "natureza_juridica": "206-2 - Sociedade Empres\u00e1ria Limitada", "fantasia": "MERCEARIA PAVANI", "cnpj": "04.194.327/0001-00", "ultima_atualizacao": "2020-02-07T23:40:58.199Z", "status": "OK", "tipo": "MATRIZ", "logradouro": "", "numero": "", "complemento": "", "cep": "", "bairro": "", "municipio": "", "uf": "", "email": "", "efr": "", "situacao_especial": "", "data_situacao_especial": "", "atividade_principal": [{"code": "00.00-0-00", "text": "********"}], "atividades_secundarias": [{"code": "00.00-0-00", "text": "N\u00e3o informada"}], "capital_social": "0.00", "qsa": [], "extra": {}, "billing": {"free": false, "database": false}}