{"data_situacao": "28/11/2018", "motivo_situacao": "OMISSAO DE DECLARACOES", "nome": "TORNADO MACAENSE - VIGILANCIA E CONSERVACAO LTDA", "qsa": [{"qual": "49-S\u00f3cio-Administrador", "nome": "PAULO ROBERTO BUENO COSTA"}, {"qual": "22-S\u00f3cio", "nome": "DAVID VIEIRA DE MATOS"}], "situacao": "INAPTA", "porte": "MICRO EMPRESA", "abertura": "05/12/2000", "natureza_juridica": "206-2 - Sociedade Empres\u00e1ria Limitada", "cnpj": "04.190.058/0001-04", "ultima_atualizacao": "2020-02-08T01:11:59.682Z", "status": "OK", "tipo": "MATRIZ", "fantasia": "", "logradouro": "", "numero": "", "complemento": "", "cep": "", "bairro": "", "municipio": "", "uf": "", "email": "", "telefone": "", "efr": "", "situacao_especial": "", "data_situacao_especial": "", "atividade_principal": [{"code": "00.00-0-00", "text": "********"}], "atividades_secundarias": [{"code": "00.00-0-00", "text": "N\u00e3o informada"}], "capital_social": "0.00", "extra": {}, "billing": {"free": false, "database": false}}