{"atividade_principal": [{"text": "Administra\u00e7\u00e3o p\u00fablica em geral", "code": "84.11-6-00"}], "data_situacao": "20/06/2000", "nome": "IMPRENSA NACIONAL", "efr": "UNI\u00c3O", "uf": "DF", "telefone": "(061) 3139-800", "email": "in@in.gov.br", "atividades_secundarias": [{"text": "Edi\u00e7\u00e3o de jornais di\u00e1rios", "code": "58.12-3-01"}, {"text": "Edi\u00e7\u00e3o integrada \u00e0 impress\u00e3o de jornais di\u00e1rios", "code": "58.22-1-01"}], "situacao": "ATIVA", "bairro": "SETOR GRAFICO", "logradouro": "SIG QUADRA 06 LOTE 800", "numero": "S/N", "cep": "70.610-460", "municipio": "BRASILIA", "porte": "DEMAIS", "abertura": "20/06/2000", "natureza_juridica": "101-5 - \u00d3rg\u00e3o P\u00fablico do Poder Executivo Federal", "fantasia": "IMPRENSA NACIONAL", "cnpj": "04.196.645/0001-00", "ultima_atualizacao": "2020-02-08T00:15:39.410Z", "status": "OK", "tipo": "MATRIZ", "complemento": "", "motivo_situacao": "", "situacao_especial": "", "data_situacao_especial": "", "capital_social": "0.00", "qsa": [], "extra": {}, "billing": {"free": false, "database": false}}