{"atividade_principal": [{"text": "Promo\u00e7\u00e3o de vendas", "code": "73.19-0-02"}], "data_situacao": "03/11/2005", "complemento": "CONJ 42 SALA 02", "nome": "TECNOCOLD - PROMOCAO DE VENDAS E PARTICIPACOES LTDA.", "uf": "SP", "telefone": "(11) 3861-5133", "email": "vacinex@vacinas-express.com.br", "atividades_secundarias": [{"text": "Outras sociedades de participa\u00e7\u00e3o, exceto holdings", "code": "64.63-8-00"}], "qsa": [{"qual": "22-S\u00f3cio", "qual_rep_legal": "05-Administrador", "nome_rep_legal": "LEONARDO ALMEIDA BYRRO", "nome": "CM HOSPITALAR S.A."}, {"qual": "22-S\u00f3cio", "qual_rep_legal": "05-Administrador", "nome_rep_legal": "LEONARDO ALMEIDA BYRRO", "nome": "HEALTH LOGISTICA HOSPITALAR S.A."}, {"qual": "05-Administrador", "nome": "GUILHERME FONSECA GOULART"}, {"qual": "05-Administrador", "nome": "LEONARDO ALMEIDA BYRRO"}], "situacao": "ATIVA", "bairro": "VILA NOVA CONCEICAO", "logradouro": "R MINISTRO JESUINO CARDOSO", "numero": "454", "cep": "04.544-051", "municipio": "SAO PAULO", "porte": "DEMAIS", "abertura": "19/12/2000", "natureza_juridica": "206-2 - Sociedade Empres\u00e1ria Limitada", "cnpj": "04.212.286/0001-20", "ultima_atualizacao": "2020-02-07T23:33:19.114Z", "status": "OK", "tipo": "MATRIZ", "fantasia": "", "efr": "", "motivo_situacao": "", "situacao_especial": "", "data_situacao_especial": "", "capital_social": "11200000.00", "extra": {}, "billing": {"free": false, "database": false}}