{"data_situacao": "28/11/2018", "motivo_situacao": "OMISSAO DE DECLARACOES", "nome": "P. J. TERRA SERVICOS LTDA", "qsa": [{"qual": "49-S\u00f3cio-Administrador", "nome": "JUACIR TERRA"}, {"qual": "49-S\u00f3cio-Administrador", "nome": "PAULO CESAR TERRA"}], "situacao": "INAPTA", "porte": "MICRO EMPRESA", "abertura": "05/02/2001", "natureza_juridica": "206-2 - Sociedade Empres\u00e1ria Limitada", "fantasia": "SO TERRA", "cnpj": "04.283.690/0001-94", "ultima_atualizacao": "2020-02-07T23:40:13.321Z", "status": "OK", "tipo": "MATRIZ", "logradouro": "", "numero": "", "complemento": "", "cep": "", "bairro": "", "municipio": "", "uf": "", "email": "", "telefone": "", "efr": "", "situacao_especial": "", "data_situacao_especial": "", "atividade_principal": [{"code": "00.00-0-00", "text": "********"}], "atividades_secundarias": [{"code": "00.00-0-00", "text": "N\u00e3o informada"}], "capital_social": "0.00", "extra": {}, "billing": {"free": false, "database": false}}