{"atividade_principal": [{"text": "Servi\u00e7os combinados de escrit\u00f3rio e apoio administrativo", "code": "82.11-3-00"}], "data_situacao": "30/09/2005", "complemento": "ANDAR 8", "nome": "ONCO PROD DISTRIBUIDORA DE PRODUTOS HOSPITALARES E ONCOLOGICOS LTDA.", "uf": "SP", "telefone": "(11) 5053-5613/ (11) 5053-5614", "email": "fiscal@oncoprod.com.br", "atividades_secundarias": [{"text": "Com\u00e9rcio atacadista de medicamentos e drogas de uso humano", "code": "46.44-3-01"}, {"text": "Agenciamento de cargas, exceto para o transporte mar\u00edtimo", "code": "52.50-8-03"}, {"text": "Com\u00e9rcio atacadista de instrumentos e materiais para uso m\u00e9dico, cir\u00fargico, hospitalar e de laborat\u00f3rios", "code": "46.45-1-01"}, {"text": "Organiza\u00e7\u00e3o log\u00edstica do transporte de carga", "code": "52.50-8-04"}, {"text": "Outras atividades auxiliares dos transportes terrestres n\u00e3o especificadas anteriormente", "code": "52.29-0-99"}, {"text": "Com\u00e9rcio atacadista de cosm\u00e9ticos e produtos de perfumaria", "code": "46.46-0-01"}, {"text": "Com\u00e9rcio varejista de produtos farmac\u00eauticos, sem manipula\u00e7\u00e3o de f\u00f3rmulas", "code": "47.71-7-01"}, {"text": "Com\u00e9rcio varejista de cosm\u00e9ticos, produtos de perfumaria e de higiene pessoal", "code": "47.72-5-00"}, {"text": "Servi\u00e7os de vacina\u00e7\u00e3o e imuniza\u00e7\u00e3o humana", "code": "86.30-5-06"}, {"text": "Consultoria em tecnologia da informa\u00e7\u00e3o", "code": "62.04-0-00"}, {"text": "Atividades de fornecimento de infra-estrutura de apoio e assist\u00eancia a paciente no domic\u00edlio", "code": "87.12-3-00"}, {"text": "Atividades de consultoria em gest\u00e3o empresarial, exceto consultoria t\u00e9cnica espec\u00edfica", "code": "70.20-4-00"}, {"text": "Outras atividades de publicidade n\u00e3o especificadas anteriormente", "code": "73.19-0-99"}, {"text": "Atividades de apoio \u00e0 gest\u00e3o de sa\u00fade", "code": "86.60-7-00"}, {"text": "Com\u00e9rcio atacadista especializado em outros produtos aliment\u00edcios n\u00e3o especificados anteriormente", "code": "46.37-1-99"}, {"text": "Outras sociedades de participa\u00e7\u00e3o, exceto holdings", "code": "64.63-8-00"}, {"text": "Servi\u00e7os de organiza\u00e7\u00e3o de feiras, congressos, exposi\u00e7\u00f5es e festas", "code": "82.30-0-01"}, {"text": "Dep\u00f3sitos de mercadorias para terceiros, exceto armaz\u00e9ns gerais e guarda-m\u00f3veis", "code": "52.11-7-99"}], "qsa": [{"qual": "22-S\u00f3cio", "qual_rep_legal": "05-Administrador", "nome_rep_legal": "GILBERTO MAYER FILHO", "nome": "DROGASERV - DROGARIA E FARMACIA LTDA"}, {"qual": "22-S\u00f3cio", "qual_rep_legal": "05-Administrador", "nome_rep_legal": "GILBERTO MAYER FILHO", "nome": "S.C. PARTICIPACOES EMPRESARIAIS LTDA."}, {"qual": "05-Administrador", "nome": "GILBERTO MAYER FILHO"}], "situacao": "ATIVA", "bairro": "VILA OLIMPIA", "logradouro": "R OLIMPIADAS", "numero": "100", "cep": "04.551-000", "municipio": "SAO PAULO", "porte": "DEMAIS", "abertura": "20/02/2001", "natureza_juridica": "206-2 - Sociedade Empres\u00e1ria Limitada", "cnpj": "04.307.650/0001-35", "ultima_atualizacao": "2020-02-07T23:40:51.911Z", "status": "OK", "tipo": "MATRIZ", "fantasia": "", "efr": "", "motivo_situacao": "", "situacao_especial": "", "data_situacao_especial": "", "capital_social": "532973000.00", "extra": {}, "billing": {"free": false, "database": false}}