{"data_situacao": "15/09/2017", "motivo_situacao": "EXTINCAO P/ ENC LIQ VOLUNTARIA", "nome": "NATIVA DE GLICERIO MANUTENCAO E REFORMAS LIMITADA", "telefone": "(22) 2762-5020", "situacao": "BAIXADA", "porte": "DEMAIS", "abertura": "22/01/2001", "natureza_juridica": "206-2 - Sociedade Empres\u00e1ria Limitada", "fantasia": "NATIVA DE GLICERIO", "cnpj": "04.307.612/0001-82", "ultima_atualizacao": "2020-02-07T23:23:37.727Z", "status": "OK", "tipo": "MATRIZ", "logradouro": "", "numero": "", "complemento": "", "cep": "", "bairro": "", "municipio": "", "uf": "", "email": "", "efr": "", "situacao_especial": "", "data_situacao_especial": "", "atividade_principal": [{"code": "00.00-0-00", "text": "********"}], "atividades_secundarias": [{"code": "00.00-0-00", "text": "N\u00e3o informada"}], "capital_social": "0.00", "qsa": [], "extra": {}, "billing": {"free": false, "database": false}}