{"atividade_principal": [{"text": "Instala\u00e7\u00e3o e manuten\u00e7\u00e3o el\u00e9trica", "code": "43.21-5-00"}], "data_situacao": "30/09/2005", "nome": "ENGELUMEN - ENERGIA E ILUMINACAO LTDA", "uf": "RJ", "telefone": "(21) 3865-5854/ (21) 2573-6334", "email": "malmeida@acct.com.br", "atividades_secundarias": [{"text": "Aluguel de m\u00e1quinas e equipamentos para extra\u00e7\u00e3o de min\u00e9rios e petr\u00f3leo, sem operador", "code": "77.39-0-01"}, {"text": "Atividades de consultoria em gest\u00e3o empresarial, exceto consultoria t\u00e9cnica espec\u00edfica", "code": "70.20-4-00"}, {"text": "Com\u00e9rcio varejista de materiais de constru\u00e7\u00e3o em geral", "code": "47.44-0-99"}, {"text": "Com\u00e9rcio varejista de material el\u00e9trico", "code": "47.42-3-00"}, {"text": "Instala\u00e7\u00e3o de m\u00e1quinas e equipamentos industriais", "code": "33.21-0-00"}, {"text": "Loca\u00e7\u00e3o de m\u00e3o-de-obra tempor\u00e1ria", "code": "78.20-5-00"}, {"text": "Manuten\u00e7\u00e3o de esta\u00e7\u00f5es e redes de telecomunica\u00e7\u00f5es", "code": "42.21-9-05"}, {"text": "Outras sociedades de participa\u00e7\u00e3o, exceto holdings", "code": "64.63-8-00"}, {"text": "Representantes comerciais e agentes do com\u00e9rcio de mercadorias em geral n\u00e3o especializado", "code": "46.19-2-00"}, {"text": "Reprodu\u00e7\u00e3o de software em qualquer suporte", "code": "18.30-0-03"}, {"text": "Treinamento em desenvolvimento profissional e gerencial", "code": "85.99-6-04"}], "qsa": [{"qual": "49-S\u00f3cio-Administrador", "nome": "LUCIANO CARNEIRO DA SILVA"}, {"qual": "22-S\u00f3cio", "qual_rep_legal": "05-Administrador", "nome_rep_legal": "JONATAS DE OLIVEIRA DANTAS FILHO", "nome": "AD PAR PARTICIPACOES & EMPREENDIMENTOS LTDA."}], "situacao": "ATIVA", "bairro": "BONSUCESSO", "logradouro": "R FREI JABOATAO", "numero": "159", "cep": "21.041-115", "municipio": "RIO DE JANEIRO", "porte": "DEMAIS", "abertura": "20/02/2001", "natureza_juridica": "206-2 - Sociedade Empres\u00e1ria Limitada", "cnpj": "04.301.209/0001-46", "ultima_atualizacao": "2020-02-08T00:19:36.791Z", "status": "OK", "tipo": "MATRIZ", "fantasia": "", "complemento": "", "efr": "", "motivo_situacao": "", "situacao_especial": "", "data_situacao_especial": "", "capital_social": "3000000.00", "extra": {}, "billing": {"free": false, "database": false}}