{"atividade_principal": [{"text": "Fabrica\u00e7\u00e3o de produtos diversos n\u00e3o especificados anteriormente", "code": "32.99-0-99"}], "data_situacao": "03/11/2005", "complemento": "LOJA 01", "nome": "C. M. LOPES DE OLIVEIRA PINHEIRO", "uf": "RJ", "telefone": "(22) 2762-9510/ (22) 2762-2109", "email": "lhcastilhos@uol.com.br", "atividades_secundarias": [{"text": "Com\u00e9rcio varejista de artigos de papelaria", "code": "47.61-0-03"}, {"text": "Com\u00e9rcio varejista de equipamentos para escrit\u00f3rio", "code": "47.89-0-07"}, {"text": "Com\u00e9rcio varejista de materiais hidr\u00e1ulicos", "code": "47.44-0-03"}], "qsa": [], "situacao": "ATIVA", "bairro": "SOL E MAR", "logradouro": "R EVALDO COSTA", "numero": "994", "cep": "27.940-410", "municipio": "MACAE", "porte": "MICRO EMPRESA", "abertura": "16/02/2001", "natureza_juridica": "213-5 - Empres\u00e1rio (Individual)", "fantasia": "DESIGN CARIMBOS", "cnpj": "04.314.243/0001-55", "ultima_atualizacao": "2020-02-07T23:54:25.103Z", "status": "OK", "tipo": "MATRIZ", "efr": "", "motivo_situacao": "", "situacao_especial": "", "data_situacao_especial": "", "capital_social": "15000.00", "extra": {}, "billing": {"free": false, "database": false}}