{"atividade_principal": [{"text": "Aluguel de outras m\u00e1quinas e equipamentos comerciais e industriais n\u00e3o especificados anteriormente, sem operador", "code": "77.39-0-99"}], "data_situacao": "03/11/2005", "nome": "RT-LEA - LOCACAO DE EQUIPAMENTOS E ANDAIMES LTDA", "uf": "RJ", "telefone": "(22) 3051-6628/ (22) 3084-0201", "email": "comercial@rtlea.com.br", "atividades_secundarias": [{"text": "Fabrica\u00e7\u00e3o de obras de caldeiraria pesada", "code": "25.13-6-00"}, {"text": "Fabrica\u00e7\u00e3o de tanques, reservat\u00f3rios met\u00e1licos e caldeiras para aquecimento central", "code": "25.21-7-00"}, {"text": "Servi\u00e7os de tratamento e revestimento em metais", "code": "25.39-0-02"}, {"text": "Fabrica\u00e7\u00e3o de m\u00e1quinas, equipamentos e aparelhos para transporte e eleva\u00e7\u00e3o de cargas, pe\u00e7as e acess\u00f3rios", "code": "28.22-4-02"}, {"text": "Manuten\u00e7\u00e3o e repara\u00e7\u00e3o de tanques, reservat\u00f3rios met\u00e1licos e caldeiras, exceto para ve\u00edculos", "code": "33.11-2-00"}, {"text": "Manuten\u00e7\u00e3o e repara\u00e7\u00e3o de m\u00e1quinas, equipamentos e aparelhos para transporte e eleva\u00e7\u00e3o de cargas", "code": "33.14-7-08"}, {"text": "Manuten\u00e7\u00e3o e repara\u00e7\u00e3o de equipamentos e produtos n\u00e3o especificados anteriormente", "code": "33.19-8-00"}, {"text": "Obras de montagem industrial", "code": "42.92-8-02"}, {"text": "Obras de terraplenagem", "code": "43.13-4-00"}, {"text": "Servi\u00e7os de opera\u00e7\u00e3o e fornecimento de equipamentos para transporte e eleva\u00e7\u00e3o de cargas e pessoas para uso em obras", "code": "43.99-1-04"}, {"text": "Servi\u00e7os especializados para constru\u00e7\u00e3o n\u00e3o especificados anteriormente", "code": "43.99-1-99"}, {"text": "Com\u00e9rcio atacadista de M\u00e1quinas e equipamentos para uso industrial; partes e pe\u00e7as", "code": "46.63-0-00"}, {"text": "Carga e descarga", "code": "52.12-5-00"}, {"text": "Testes e an\u00e1lises t\u00e9cnicas", "code": "71.20-1-00"}, {"text": "Aluguel de m\u00e1quinas e equipamentos para constru\u00e7\u00e3o sem operador, exceto andaimes", "code": "77.32-2-01"}, {"text": "Aluguel de andaimes", "code": "77.32-2-02"}, {"text": "Aluguel de palcos, coberturas e outras estruturas de uso tempor\u00e1rio, exceto andaimes", "code": "77.39-0-03"}, {"text": "Atividades paisag\u00edsticas", "code": "81.30-3-00"}], "qsa": [{"qual": "49-S\u00f3cio-Administrador", "nome": "REGINA TURON MACIEL"}, {"qual": "22-S\u00f3cio", "nome": "FERNANDO MARTINS TURON"}], "situacao": "ATIVA", "bairro": "AJUDA", "logradouro": "AV LACERDA AGOSTINHO", "numero": "4951", "cep": "27.972-250", "municipio": "MACAE", "porte": "EMPRESA DE PEQUENO PORTE", "abertura": "24/04/2001", "natureza_juridica": "206-2 - Sociedade Empres\u00e1ria Limitada", "fantasia": "RT - LEA - CONSTRUCOES, EQUIPAMENTOS E ANDAIMES", "cnpj": "04.433.625/0001-06", "ultima_atualizacao": "2020-02-08T01:02:36.018Z", "status": "OK", "tipo": "MATRIZ", "complemento": "", "efr": "", "motivo_situacao": "", "situacao_especial": "", "data_situacao_especial": "", "capital_social": "500000.00", "extra": {}, "billing": {"free": false, "database": false}}