{"atividade_principal": [{"text": "Atividades de atendimento hospitalar, exceto pronto-socorro e unidades para atendimento a urg\u00eancias", "code": "86.10-1-01"}], "data_situacao": "09/04/2001", "complemento": ".", "nome": "CAU- CENTRO AVANCADO DE UROLOGIA LTDA", "uf": "RJ", "telefone": "(22) 2722-0177/ (22) 2723-2404", "atividades_secundarias": [{"text": "Atividade m\u00e9dica ambulatorial com recursos para realiza\u00e7\u00e3o de procedimentos cir\u00fargicos", "code": "86.30-5-01"}, {"text": "Atividade m\u00e9dica ambulatorial com recursos para realiza\u00e7\u00e3o de exames complementares", "code": "86.30-5-02"}, {"text": "Servi\u00e7os de litotripcia", "code": "86.40-2-13"}, {"text": "Outras atividades de aten\u00e7\u00e3o \u00e0 sa\u00fade humana n\u00e3o especificadas anteriormente", "code": "86.90-9-99"}], "qsa": [{"qual": "49-S\u00f3cio-Administrador", "nome": "JEREMIAS DUTRA GARCIA"}, {"qual": "49-S\u00f3cio-Administrador", "nome": "WALID IBRAHIM KHENAIFES"}, {"qual": "49-S\u00f3cio-Administrador", "nome": "ROBERTO MIOTTO"}, {"qual": "49-S\u00f3cio-Administrador", "nome": "FRANCIS ROQUE ANTONIO KHOURI"}], "situacao": "ATIVA", "bairro": "CENTRO", "logradouro": "R SALVADOR CORREIA", "numero": "97", "cep": "28.035-310", "municipio": "CAMPOS DOS GOYTACAZES", "porte": "EMPRESA DE PEQUENO PORTE", "abertura": "09/04/2001", "natureza_juridica": "206-2 - Sociedade Empres\u00e1ria Limitada", "fantasia": "CAU", "cnpj": "04.430.426/0001-36", "ultima_atualizacao": "2020-02-07T23:23:17.632Z", "status": "OK", "tipo": "MATRIZ", "email": "", "efr": "", "motivo_situacao": "", "situacao_especial": "", "data_situacao_especial": "", "capital_social": "1000000.00", "extra": {}, "billing": {"free": false, "database": false}}