{"data_situacao": "11/05/2004", "motivo_situacao": "EXTINCAO P/ ENC LIQ VOLUNTARIA", "nome": "BRINDES DO BRASIL LTDA", "situacao": "BAIXADA", "porte": "DEMAIS", "abertura": "23/04/2001", "natureza_juridica": "206-2 - Sociedade Empres\u00e1ria Limitada", "fantasia": "BRINDES DO BRASIL", "cnpj": "04.442.145/0001-01", "ultima_atualizacao": "2020-02-08T00:11:56.843Z", "status": "OK", "tipo": "MATRIZ", "logradouro": "", "numero": "", "complemento": "", "cep": "", "bairro": "", "municipio": "", "uf": "", "email": "", "telefone": "", "efr": "", "situacao_especial": "", "data_situacao_especial": "", "atividade_principal": [{"code": "00.00-0-00", "text": "********"}], "atividades_secundarias": [{"code": "00.00-0-00", "text": "N\u00e3o informada"}], "capital_social": "0.00", "qsa": [], "extra": {}, "billing": {"free": false, "database": false}}