{"atividade_principal": [{"text": "Servi\u00e7os de engenharia", "code": "71.12-0-00"}], "data_situacao": "03/11/2005", "complemento": "9 ANDAR", "nome": "ENERGO ENGENHARIA E SERVICOS LTDA", "uf": "SP", "qsa": [{"qual": "49-S\u00f3cio-Administrador", "nome": "MIRACYR ASSIS MARCATO"}, {"qual": "22-S\u00f3cio", "nome": "CLAUDIA SCHARLACK MARCATO"}], "situacao": "ATIVA", "bairro": "JD PAULISTA", "logradouro": "R CACONDE", "numero": "399", "cep": "01.425-011", "municipio": "SAO PAULO", "porte": "EMPRESA DE PEQUENO PORTE", "abertura": "08/06/2001", "natureza_juridica": "206-2 - Sociedade Empres\u00e1ria Limitada", "cnpj": "04.500.958/0001-00", "ultima_atualizacao": "2020-02-07T23:14:46.741Z", "status": "OK", "tipo": "MATRIZ", "fantasia": "", "email": "", "telefone": "", "efr": "", "motivo_situacao": "", "situacao_especial": "", "data_situacao_especial": "", "atividades_secundarias": [{"code": "00.00-0-00", "text": "N\u00e3o informada"}], "capital_social": "30000.00", "extra": {}, "billing": {"free": false, "database": false}}