{"atividade_principal": [{"text": "Corretores e agentes de seguros, de planos de previd\u00eancia complementar e de sa\u00fade", "code": "66.22-3-00"}], "data_situacao": "03/11/2005", "complemento": "B", "nome": "MOREIRA ARANTES CORRETORA DE SEGUROS LTDA", "uf": "RJ", "telefone": "(22) 2762-9510/ (22) 2762-2109", "qsa": [{"qual": "49-S\u00f3cio-Administrador", "nome": "REGIS TANOS MADEIRA"}, {"qual": "49-S\u00f3cio-Administrador", "nome": "SONIA CRISTINA MOREIRA ARANTES"}], "situacao": "ATIVA", "bairro": "CAJUEIRAS", "logradouro": "R TIRADENTES", "numero": "112", "cep": "27.915-060", "municipio": "MACAE", "porte": "MICRO EMPRESA", "abertura": "25/06/2001", "natureza_juridica": "206-2 - Sociedade Empres\u00e1ria Limitada", "cnpj": "04.517.216/0001-80", "ultima_atualizacao": "2020-02-07T22:58:52.694Z", "status": "OK", "tipo": "MATRIZ", "fantasia": "", "email": "", "efr": "", "motivo_situacao": "", "situacao_especial": "", "data_situacao_especial": "", "atividades_secundarias": [{"code": "00.00-0-00", "text": "N\u00e3o informada"}], "capital_social": "10000.00", "extra": {}, "billing": {"free": false, "database": false}}