{"atividade_principal": [{"text": "Atividades de servi\u00e7os de complementa\u00e7\u00e3o diagn\u00f3stica e terap\u00eautica n\u00e3o especificadas anteriormente", "code": "86.40-2-99"}], "data_situacao": "03/11/2005", "complemento": "PARTE", "nome": "UNIDADE HEMODINMICA DE MACAE LTDA", "uf": "RJ", "atividades_secundarias": [{"text": "Servi\u00e7os de resson\u00e2ncia magn\u00e9tica", "code": "86.40-2-06"}, {"text": "Servi\u00e7os de diagn\u00f3stico por imagem sem uso de radia\u00e7\u00e3o ionizante, exceto resson\u00e2ncia magn\u00e9tica", "code": "86.40-2-07"}, {"text": "Servi\u00e7os de diagn\u00f3stico por registro gr\u00e1fico - ECG, EEG e outros exames an\u00e1logos", "code": "86.40-2-08"}, {"text": "Servi\u00e7os de diagn\u00f3stico por m\u00e9todos \u00f3pticos - endoscopia e outros exames an\u00e1logos", "code": "86.40-2-09"}, {"text": "Servi\u00e7os de litotripcia", "code": "86.40-2-13"}], "qsa": [{"qual": "22-S\u00f3cio", "nome": "ANTONIO ALEXANDRE NETO"}, {"qual": "22-S\u00f3cio", "nome": "VANICE MARIA ROCHA DA SILVA SANTOS"}, {"qual": "49-S\u00f3cio-Administrador", "nome": "JOAO ALEXANDRE FARJALLA CARACAS"}, {"qual": "22-S\u00f3cio", "nome": "DARTESON DA SILVEIRA GUTIERREZ"}, {"qual": "05-Administrador", "nome": "MARIA DE NAZARE ARAUJO GALVAO"}, {"qual": "22-S\u00f3cio", "qual_rep_legal": "05-Administrador", "nome_rep_legal": "JOAO EDUARDO TINOCO DE PAULA", "nome": "CARDIOMASTER LTDA"}, {"qual": "22-S\u00f3cio", "nome": "CRISTINA LOURENCO DE BRITO"}, {"qual": "22-S\u00f3cio", "nome": "KARINA QUEIROZ CHAVES GUIMARAES"}, {"qual": "05-Administrador", "nome": "ANTONIO CARLOS BOTELHO DA SILVA"}, {"qual": "22-S\u00f3cio", "nome": "ELIAS TINOCO GOMES"}, {"qual": "22-S\u00f3cio", "nome": "LIVIA MACEDO NUSS"}], "situacao": "ATIVA", "bairro": "CENTRO", "logradouro": "PC VERISSIMO DE MELO", "numero": "391", "cep": "27.913-070", "municipio": "MACAE", "porte": "EMPRESA DE PEQUENO PORTE", "abertura": "26/07/2001", "natureza_juridica": "206-2 - Sociedade Empres\u00e1ria Limitada", "fantasia": "UNICOR RJ", "cnpj": "04.621.050/0001-47", "ultima_atualizacao": "2020-02-08T00:23:53.138Z", "status": "OK", "tipo": "MATRIZ", "email": "", "telefone": "", "efr": "", "motivo_situacao": "", "situacao_especial": "", "data_situacao_especial": "", "capital_social": "254400.00", "extra": {}, "billing": {"free": false, "database": false}}