{"atividade_principal": [{"text": "Desenvolvimento de programas de computador sob encomenda", "code": "62.01-5-01"}], "data_situacao": "03/11/2005", "complemento": "SALA: 2701;", "nome": "TIPLAN - CONSULTORIA E SERVICOS EM INFORMATICA LTDA", "uf": "RJ", "telefone": "(21) 2524-8247", "email": "admin@tiplan.com.br", "atividades_secundarias": [{"text": "Desenvolvimento e licenciamento de programas de computador customiz\u00e1veis", "code": "62.02-3-00"}, {"text": "Consultoria em tecnologia da informa\u00e7\u00e3o", "code": "62.04-0-00"}, {"text": "Suporte t\u00e9cnico, manuten\u00e7\u00e3o e outros servi\u00e7os em tecnologia da informa\u00e7\u00e3o", "code": "62.09-1-00"}, {"text": "Desenvolvimento e licenciamento de programas de computador n\u00e3o-customiz\u00e1veis", "code": "62.03-1-00"}], "qsa": [{"qual": "49-S\u00f3cio-Administrador", "nome": "FERNANDO SILVA BRAGA"}, {"qual": "49-S\u00f3cio-Administrador", "nome": "GUSTAVO IGREJA BARRETTO DOS SANTOS"}], "situacao": "ATIVA", "bairro": "CENTRO", "logradouro": "AV RIO BRANCO", "numero": "110", "cep": "20.040-001", "municipio": "RIO DE JANEIRO", "porte": "DEMAIS", "abertura": "17/08/2001", "natureza_juridica": "206-2 - Sociedade Empres\u00e1ria Limitada", "fantasia": "TIPLAN", "cnpj": "04.642.554/0001-43", "ultima_atualizacao": "2020-02-07T23:10:16.361Z", "status": "OK", "tipo": "MATRIZ", "efr": "", "motivo_situacao": "", "situacao_especial": "", "data_situacao_especial": "", "capital_social": "800000.00", "extra": {}, "billing": {"free": false, "database": false}}