{"atividade_principal": [{"text": "Transporte por navega\u00e7\u00e3o de travessia, municipal", "code": "50.91-2-01"}], "data_situacao": "03/11/2005", "nome": "J. S. MADALENA TRANSPORTE", "uf": "RJ", "situacao": "ATIVA", "bairro": "BARRA", "logradouro": "AV LUIZ LIRIO", "numero": "533", "cep": "27.961-070", "municipio": "MACAE", "porte": "MICRO EMPRESA", "abertura": "29/08/2001", "natureza_juridica": "213-5 - Empres\u00e1rio (Individual)", "fantasia": "NARIO MADALENA", "cnpj": "04.687.431/0001-29", "ultima_atualizacao": "2020-02-07T23:20:56.048Z", "status": "OK", "tipo": "MATRIZ", "complemento": "", "email": "", "telefone": "", "efr": "", "motivo_situacao": "", "situacao_especial": "", "data_situacao_especial": "", "atividades_secundarias": [{"code": "00.00-0-00", "text": "N\u00e3o informada"}], "capital_social": "0.00", "qsa": [], "extra": {}, "billing": {"free": false, "database": false}}