{"atividade_principal": [{"text": "Com\u00e9rcio a varejo de pe\u00e7as e acess\u00f3rios novos para ve\u00edculos automotores", "code": "45.30-7-03"}], "data_situacao": "23/04/2005", "nome": "RISSO CAMPOS AUTO PECAS LTDA", "uf": "RJ", "qsa": [{"qual": "49-S\u00f3cio-Administrador", "nome": "RODRIGO RISSO CAMPOS"}, {"qual": "22-S\u00f3cio", "nome": "LUIZ FERNANDO MOREIRA CAMPOS"}], "situacao": "ATIVA", "bairro": "CENTRO", "logradouro": "AV QUINZE DE NOVEMBRO", "numero": "121", "cep": "28.035-100", "municipio": "CAMPOS DOS GOYTACAZES", "porte": "MICRO EMPRESA", "abertura": "12/09/2001", "natureza_juridica": "206-2 - Sociedade Empres\u00e1ria Limitada", "fantasia": "MEGA PECAS", "cnpj": "04.688.866/0001-98", "ultima_atualizacao": "2020-02-07T23:53:05.687Z", "status": "OK", "tipo": "MATRIZ", "complemento": "", "email": "", "telefone": "", "efr": "", "motivo_situacao": "", "situacao_especial": "", "data_situacao_especial": "", "atividades_secundarias": [{"code": "00.00-0-00", "text": "N\u00e3o informada"}], "capital_social": "480000.00", "extra": {}, "billing": {"free": false, "database": false}}