{"atividade_principal": [{"text": "Com\u00e9rcio atacadista de vidros, espelhos, vitrais e molduras", "code": "46.79-6-03"}], "data_situacao": "25/03/2005", "nome": "VIDRAL VIDRO E ALUMINIO LTDA", "uf": "RJ", "telefone": "(22) 2643-0465", "atividades_secundarias": [{"text": "Instala\u00e7\u00e3o de portas, janelas, tetos, divis\u00f3rias e arm\u00e1rios embutidos de qualquer material", "code": "43.30-4-02"}, {"text": "Com\u00e9rcio atacadista especializado de materiais de constru\u00e7\u00e3o n\u00e3o especificados anteriormente", "code": "46.79-6-04"}], "qsa": [{"qual": "49-S\u00f3cio-Administrador", "nome": "ROSANE DELATORRE DE AZEVEDO"}, {"qual": "49-S\u00f3cio-Administrador", "nome": "JOSELIO CARNEIRO DE AZEVEDO"}], "situacao": "ATIVA", "bairro": "BAIRRO RIVIERA FLUMINENSE", "logradouro": "AV AUGUSTO TINOCO GARCIA", "numero": "2050", "cep": "27.937-590", "municipio": "MACAE", "porte": "MICRO EMPRESA", "abertura": "09/07/2001", "natureza_juridica": "206-2 - Sociedade Empres\u00e1ria Limitada", "cnpj": "04.721.299/0001-24", "ultima_atualizacao": "2020-02-08T00:52:46.684Z", "status": "OK", "tipo": "MATRIZ", "fantasia": "", "complemento": "", "email": "", "efr": "", "motivo_situacao": "", "situacao_especial": "", "data_situacao_especial": "", "capital_social": "30000.00", "extra": {}, "billing": {"free": false, "database": false}}