{"data_situacao": "21/01/2016", "motivo_situacao": "EXTINCAO P/ ENC LIQ VOLUNTARIA", "nome": "MEGA PETRUS COMERCIO DE PRODUTOS DE INFORMATICA ELETROELETRONICOS E ELETRODOMESTICO LTDA", "telefone": "(22) 2772-4941", "email": "andre_gama@ig.com.br", "situacao": "BAIXADA", "porte": "MICRO EMPRESA", "abertura": "22/10/2001", "natureza_juridica": "206-2 - Sociedade Empres\u00e1ria Limitada", "fantasia": "CRN-CENTRO DE REPAROS EM NOTEBOOKS", "cnpj": "04.738.502/0001-75", "ultima_atualizacao": "2020-02-07T23:15:53.154Z", "status": "OK", "tipo": "MATRIZ", "logradouro": "", "numero": "", "complemento": "", "cep": "", "bairro": "", "municipio": "", "uf": "", "efr": "", "situacao_especial": "", "data_situacao_especial": "", "atividade_principal": [{"code": "00.00-0-00", "text": "********"}], "atividades_secundarias": [{"code": "00.00-0-00", "text": "N\u00e3o informada"}], "capital_social": "0.00", "qsa": [], "extra": {}, "billing": {"free": false, "database": false}}