{"atividade_principal": [{"text": "Servi\u00e7os de diagn\u00f3stico por imagem com uso de radia\u00e7\u00e3o ionizante, exceto tomografia", "code": "86.40-2-05"}], "data_situacao": "27/08/2005", "complemento": "SALA 06", "nome": "CINTICEDI MEDICINA NUCLEAR LTDA", "uf": "RJ", "atividades_secundarias": [{"text": "Servi\u00e7os de diagn\u00f3stico por imagem sem uso de radia\u00e7\u00e3o ionizante, exceto resson\u00e2ncia magn\u00e9tica", "code": "86.40-2-07"}, {"text": "Atividades de servi\u00e7os de complementa\u00e7\u00e3o diagn\u00f3stica e terap\u00eautica n\u00e3o especificadas anteriormente", "code": "86.40-2-99"}], "qsa": [{"qual": "49-S\u00f3cio-Administrador", "nome": "MIGUEL ALEXANDRE"}, {"qual": "22-S\u00f3cio", "nome": "BERNARDO GOMES ALEXANDRE"}], "situacao": "ATIVA", "bairro": "CENTRO", "logradouro": "R VISCONDE DE QUISSAMA", "numero": "766", "cep": "27.910-020", "municipio": "MACAE", "porte": "EMPRESA DE PEQUENO PORTE", "abertura": "03/10/2001", "natureza_juridica": "224-0 - Sociedade Simples Limitada", "cnpj": "04.758.673/0001-66", "ultima_atualizacao": "2020-02-08T00:03:33.173Z", "status": "OK", "tipo": "MATRIZ", "fantasia": "", "email": "", "telefone": "", "efr": "", "motivo_situacao": "", "situacao_especial": "", "data_situacao_especial": "", "capital_social": "0.00", "extra": {}, "billing": {"free": false, "database": false}}