{"atividade_principal": [{"text": "Com\u00e9rcio varejista de medicamentos veterin\u00e1rios", "code": "47.71-7-04"}], "data_situacao": "13/07/2002", "nome": "MOTTA & MACIEL LTDA", "uf": "RJ", "telefone": "(22) 2732-7877", "atividades_secundarias": [{"text": "Com\u00e9rcio varejista de ferragens e ferramentas", "code": "47.44-0-01"}, {"text": "Com\u00e9rcio varejista de madeira e artefatos", "code": "47.44-0-02"}, {"text": "Com\u00e9rcio varejista de materiais de constru\u00e7\u00e3o em geral", "code": "47.44-0-99"}], "qsa": [{"qual": "49-S\u00f3cio-Administrador", "nome": "DOUGLAS CRUZ MACIEL"}, {"qual": "49-S\u00f3cio-Administrador", "nome": "VINICIUS PAES MANHAES DA MOTTA"}], "situacao": "ATIVA", "bairro": "CENTRO", "logradouro": "R DOUTOR LACERDA SOBRINHO", "numero": "187", "cep": "28.010-076", "municipio": "CAMPOS DOS GOYTACAZES", "porte": "MICRO EMPRESA", "abertura": "29/10/2001", "natureza_juridica": "206-2 - Sociedade Empres\u00e1ria Limitada", "fantasia": "CASA DOS LAVRADORES", "cnpj": "04.762.645/0001-12", "ultima_atualizacao": "2020-02-08T00:15:02.835Z", "status": "OK", "tipo": "MATRIZ", "complemento": "", "email": "", "efr": "", "motivo_situacao": "", "situacao_especial": "", "data_situacao_especial": "", "capital_social": "60000.00", "extra": {}, "billing": {"free": false, "database": false}}