{"atividade_principal": [{"text": "Atividades de assist\u00eancia psicossocial e \u00e0 sa\u00fade a portadores de dist\u00farbios ps\u00edquicos, defici\u00eancia mental e depend\u00eancia qu\u00edmica n\u00e3o especificadas anteriormente", "code": "87.20-4-99"}], "data_situacao": "03/11/2005", "nome": "CENTRO DE TRATAMENTO E REINTEGRACAO AOS DEPENDENTES QUIMICOS - COMUNIDADE TERAPEUTICA SHALON AND LIFE (CTSAL)", "uf": "RJ", "telefone": "(22) 2765-5072", "qsa": [{"qual": "16-Presidente", "nome": "LUIZ ANTONIO LEAL GUERREIRO"}], "situacao": "ATIVA", "bairro": "CANCELA PRETA", "logradouro": "R SIDNEY VASCONCELOS AGUIAR", "numero": "869", "cep": "27.937-010", "municipio": "MACAE", "porte": "DEMAIS", "abertura": "28/09/2001", "natureza_juridica": "399-9 - Associa\u00e7\u00e3o Privada", "fantasia": "SHALON AND LIFE", "cnpj": "04.792.137/0001-87", "ultima_atualizacao": "2020-02-08T00:39:26.500Z", "status": "OK", "tipo": "MATRIZ", "complemento": "", "email": "", "efr": "", "motivo_situacao": "", "situacao_especial": "", "data_situacao_especial": "", "atividades_secundarias": [{"code": "00.00-0-00", "text": "N\u00e3o informada"}], "capital_social": "0.00", "extra": {}, "billing": {"free": false, "database": false}}