{"atividade_principal": [{"text": "Educa\u00e7\u00e3o superior - gradua\u00e7\u00e3o e p\u00f3s-gradua\u00e7\u00e3o", "code": "85.32-5-00"}], "data_situacao": "23/10/2001", "nome": "UNIVERSIDADE ESTADUAL DO NORTE FLUMINENSE DARCY RIBEIRO - UENF", "uf": "RJ", "telefone": "(22) 2726-1571", "atividades_secundarias": [{"text": "Atividades veterin\u00e1rias", "code": "75.00-1-00"}], "situacao": "ATIVA", "bairro": "HORTO", "logradouro": "AV ALBERTO LAMEGO", "numero": "2000", "cep": "28.015-622", "municipio": "CAMPOS DOS GOYTACAZES", "porte": "DEMAIS", "abertura": "23/10/2001", "natureza_juridica": "114-7 - Funda\u00e7\u00e3o P\u00fablica de Direito P\u00fablico Estadual ou do Distrito Federal", "fantasia": "UENF", "cnpj": "04.809.688/0001-06", "ultima_atualizacao": "2020-02-07T22:54:26.243Z", "status": "OK", "tipo": "MATRIZ", "complemento": "", "email": "", "efr": "", "motivo_situacao": "", "situacao_especial": "", "data_situacao_especial": "", "capital_social": "0.00", "qsa": [], "extra": {}, "billing": {"free": false, "database": false}}