{"atividade_principal": [{"text": "Aluguel de im\u00f3veis pr\u00f3prios", "code": "68.10-2-02"}], "data_situacao": "18/12/2004", "complemento": "APT 1108", "nome": "DIBOA EMPREENDIMENTOS PARTICIPACOES E SERVICOS EIRELI", "uf": "RJ", "telefone": "(21) 2026-4766", "email": "diboaeireli@hotmail.com", "atividades_secundarias": [{"text": "Confec\u00e7\u00e3o de pe\u00e7as de vestu\u00e1rio, exceto roupas \u00edntimas e as confeccionadas sob medida", "code": "14.12-6-01"}, {"text": "Servi\u00e7os de montagem de m\u00f3veis de qualquer material", "code": "33.29-5-01"}, {"text": "Com\u00e9rcio atacadista de artigos de escrit\u00f3rio e de papelaria", "code": "46.47-8-01"}, {"text": "Outras atividades de presta\u00e7\u00e3o de servi\u00e7os de informa\u00e7\u00e3o n\u00e3o especificadas anteriormente", "code": "63.99-2-00"}, {"text": "Outras sociedades de participa\u00e7\u00e3o, exceto holdings", "code": "64.63-8-00"}, {"text": "Gest\u00e3o e administra\u00e7\u00e3o da propriedade imobili\u00e1ria", "code": "68.22-6-00"}, {"text": "Atividades de consultoria em gest\u00e3o empresarial, exceto consultoria t\u00e9cnica espec\u00edfica", "code": "70.20-4-00"}, {"text": "Restaura\u00e7\u00e3o e conserva\u00e7\u00e3o de lugares e pr\u00e9dios hist\u00f3ricos", "code": "91.02-3-02"}], "qsa": [{"qual": "65-Titular Pessoa F\u00edsica Residente ou Domiciliado no Brasil", "nome": "WALTER JOSE DA SILVA"}], "situacao": "ATIVA", "bairro": "CENTRO", "logradouro": "R ALCANTARA MACHADO", "numero": "00036", "cep": "20.081-010", "municipio": "RIO DE JANEIRO", "porte": "DEMAIS", "abertura": "15/03/2002", "natureza_juridica": "230-5 - Empresa Individual de Responsabilidade Limitada (de Natureza Empres\u00e1ria)", "cnpj": "04.960.002/0001-83", "ultima_atualizacao": "2020-02-08T01:00:01.190Z", "status": "OK", "tipo": "MATRIZ", "fantasia": "", "efr": "", "motivo_situacao": "", "situacao_especial": "", "data_situacao_especial": "", "capital_social": "1100000.00", "extra": {}, "billing": {"free": false, "database": false}}