{"atividade_principal": [{"text": "Produ\u00e7\u00e3o de artefatos estampados de metal", "code": "25.32-2-01"}], "data_situacao": "03/11/2005", "complemento": "KM 375", "nome": "CAUMAQ - INDUSTRIA METALURGICA LTDA", "uf": "RS", "telefone": "(51) 3723-9087", "atividades_secundarias": [{"text": "Fabrica\u00e7\u00e3o de aparelhos e equipamentos de medida, teste e controle", "code": "26.51-5-00"}, {"text": "Fabrica\u00e7\u00e3o de outros produtos de metal n\u00e3o especificados anteriormente", "code": "25.99-3-99"}, {"text": "Fabrica\u00e7\u00e3o de outros aparelhos eletrodom\u00e9sticos n\u00e3o especificados anteriormente, pe\u00e7as e acess\u00f3rios", "code": "27.59-7-99"}, {"text": "Fabrica\u00e7\u00e3o de fog\u00f5es, refrigeradores e m\u00e1quinas de lavar e secar para uso dom\u00e9stico, pe\u00e7as e acess\u00f3rios", "code": "27.51-1-00"}, {"text": "Fabrica\u00e7\u00e3o de esquadrias de metal", "code": "25.12-8-00"}, {"text": "Fabrica\u00e7\u00e3o de m\u00f3veis com predomin\u00e2ncia de madeira", "code": "31.01-2-00"}, {"text": "Fabrica\u00e7\u00e3o de m\u00f3veis com predomin\u00e2ncia de metal", "code": "31.02-1-00"}, {"text": "Fabrica\u00e7\u00e3o de mobili\u00e1rio para uso m\u00e9dico, cir\u00fargico, odontol\u00f3gico e de laborat\u00f3rio", "code": "32.50-7-02"}, {"text": "Com\u00e9rcio varejista de artigos de papelaria", "code": "47.61-0-03"}, {"text": "Fabrica\u00e7\u00e3o de equipamentos de transporte n\u00e3o especificados anteriormente", "code": "30.99-7-00"}], "qsa": [{"qual": "22-S\u00f3cio", "nome": "JULIA SCHLABITZ CAUDURO"}, {"qual": "49-S\u00f3cio-Administrador", "nome": "EDUARDO ANTONIO CAUDURO"}, {"qual": "22-S\u00f3cio", "nome": "DENISE CAUDURO"}], "situacao": "ATIVA", "bairro": "PASSO DO MOURA", "logradouro": "ROD BR 153", "numero": "S/N", "cep": "96.501-000", "municipio": "CACHOEIRA DO SUL", "porte": "EMPRESA DE PEQUENO PORTE", "abertura": "15/03/2002", "natureza_juridica": "206-2 - Sociedade Empres\u00e1ria Limitada", "cnpj": "04.966.809/0001-23", "ultima_atualizacao": "2020-02-08T00:40:14.923Z", "status": "OK", "tipo": "MATRIZ", "fantasia": "", "email": "", "efr": "", "motivo_situacao": "", "situacao_especial": "", "data_situacao_especial": "", "capital_social": "150000.00", "extra": {}, "billing": {"free": false, "database": false}}