{"atividade_principal": [{"text": "Administra\u00e7\u00e3o p\u00fablica em geral", "code": "84.11-6-00"}], "data_situacao": "03/11/2005", "nome": "CIA DE DESEMVOLV E ADM DA AREA METROPOLITANA DE BELEM", "efr": "MUNIC\u00cdPIO DE BELEM", "uf": "PA", "qsa": [{"qual": "10-Diretor", "nome": "NESTOR PINTO BASTOS JUNIOR"}, {"qual": "10-Diretor", "nome": "EURICO FERNANDO DE QUEIROZ ALVES"}, {"qual": "10-Diretor", "nome": "CARLOS ALPHEU MELLO RODRIGUES"}, {"qual": "10-Diretor", "nome": "ADALBERTO ARAUJO ROCHA JUNIOR"}, {"qual": "10-Diretor", "nome": "CESAR AUGUSTO BRASIL MEIRA"}, {"qual": "10-Diretor", "nome": "PAULO SERGIO RODRIGUES CAL"}, {"qual": "16-Presidente", "nome": "DANILO SOARES DA SILVA"}, {"qual": "10-Diretor", "nome": "CLAUDIA HELENA HASSELMANN SADALLA"}, {"qual": "10-Diretor", "nome": "ANTONIO BENTES DE FIGUEIREDO NETO"}, {"qual": "10-Diretor", "nome": "ROBERTO PAULO AMORAS"}, {"qual": "10-Diretor", "nome": "MARCOS ANTONIO BRANDAO DA COSTA JUNIOR"}], "situacao": "ATIVA", "bairro": "NAZARE", "logradouro": "AV NAZARE", "numero": "708", "cep": "66.035-445", "municipio": "BELEM", "porte": "DEMAIS", "abertura": "25/06/1970", "natureza_juridica": "203-8 - Sociedade de Economia Mista", "fantasia": "CODEM", "cnpj": "04.977.583/0001-66", "ultima_atualizacao": "2020-02-07T23:13:20.575Z", "status": "OK", "tipo": "MATRIZ", "complemento": "", "email": "", "telefone": "", "motivo_situacao": "", "situacao_especial": "", "data_situacao_especial": "", "atividades_secundarias": [{"code": "00.00-0-00", "text": "N\u00e3o informada"}], "capital_social": "0.00", "extra": {}, "billing": {"free": false, "database": false}}