{"atividade_principal": [{"text": "Servi\u00e7os de reboque de ve\u00edculos", "code": "52.29-0-02"}], "data_situacao": "03/11/2005", "complemento": "KM 206", "nome": "W. O. MAGALHAES EIRELI", "uf": "RJ", "telefone": "(22) 2778-1231", "atividades_secundarias": [{"text": "Servi\u00e7o de pulveriza\u00e7\u00e3o e controle de pragas agr\u00edcolas", "code": "01.61-0-01"}, {"text": "Atividades de apoio \u00e0 agricultura n\u00e3o especificadas anteriormente", "code": "01.61-0-99"}, {"text": "Atividades de p\u00f3s-colheita", "code": "01.63-6-00"}, {"text": "Extra\u00e7\u00e3o de calc\u00e1rio e dolomita e beneficiamento associado", "code": "08.10-0-04"}, {"text": "Fabrica\u00e7\u00e3o de outros produtos qu\u00edmicos n\u00e3o especificados anteriormente", "code": "20.99-1-99"}, {"text": "Reforma de pneum\u00e1ticos usados", "code": "22.12-9-00"}, {"text": "Recondicionamento e recupera\u00e7\u00e3o de motores para ve\u00edculos automotores", "code": "29.50-6-00"}, {"text": "Manuten\u00e7\u00e3o e repara\u00e7\u00e3o de tratores agr\u00edcolas", "code": "33.14-7-12"}, {"text": "Distribui\u00e7\u00e3o de \u00e1gua por caminh\u00f5es", "code": "36.00-6-02"}, {"text": "Gest\u00e3o de redes de esgoto", "code": "37.01-1-00"}, {"text": "Atividades relacionadas a esgoto, exceto a gest\u00e3o de redes", "code": "37.02-9-00"}, {"text": "Coleta de res\u00edduos n\u00e3o-perigosos", "code": "38.11-4-00"}, {"text": "Coleta de res\u00edduos perigosos", "code": "38.12-2-00"}, {"text": "Recupera\u00e7\u00e3o de sucatas de alum\u00ednio", "code": "38.31-9-01"}, {"text": "Recupera\u00e7\u00e3o de materiais met\u00e1licos, exceto alum\u00ednio", "code": "38.31-9-99"}, {"text": "Recupera\u00e7\u00e3o de materiais pl\u00e1sticos", "code": "38.32-7-00"}, {"text": "Recupera\u00e7\u00e3o de materiais n\u00e3o especificados anteriormente", "code": "38.39-4-99"}, {"text": "Demoli\u00e7\u00e3o de edif\u00edcios e outras estruturas", "code": "43.11-8-01"}, {"text": "Obras de terraplenagem", "code": "43.13-4-00"}, {"text": "Servi\u00e7os de opera\u00e7\u00e3o e fornecimento de equipamentos para transporte e eleva\u00e7\u00e3o de cargas e pessoas para uso em obras", "code": "43.99-1-04"}, {"text": "Servi\u00e7os de manuten\u00e7\u00e3o e repara\u00e7\u00e3o mec\u00e2nica de ve\u00edculos automotores", "code": "45.20-0-01"}, {"text": "Servi\u00e7os de manuten\u00e7\u00e3o e repara\u00e7\u00e3o el\u00e9trica de ve\u00edculos automotores", "code": "45.20-0-03"}, {"text": "Servi\u00e7os de lavagem, lubrifica\u00e7\u00e3o e polimento de ve\u00edculos automotores", "code": "45.20-0-05"}, {"text": "Com\u00e9rcio a varejo de pe\u00e7as e acess\u00f3rios novos para ve\u00edculos automotores", "code": "45.30-7-03"}, {"text": "Com\u00e9rcio a varejo de pe\u00e7as e acess\u00f3rios usados para ve\u00edculos automotores", "code": "45.30-7-04"}, {"text": "Servi\u00e7o de transporte de passageiros - loca\u00e7\u00e3o de autom\u00f3veis com motorista", "code": "49.23-0-02"}, {"text": "Transporte escolar", "code": "49.24-8-00"}, {"text": "Transporte rodovi\u00e1rio de carga, exceto produtos perigosos e mudan\u00e7as, municipal", "code": "49.30-2-01"}, {"text": "Carga e descarga", "code": "52.12-5-00"}, {"text": "Estacionamento de ve\u00edculos", "code": "52.23-1-00"}, {"text": "Servi\u00e7os de apoio ao transporte por t\u00e1xi, inclusive centrais de chamada", "code": "52.29-0-01"}, {"text": "Loca\u00e7\u00e3o de autom\u00f3veis sem condutor", "code": "77.11-0-00"}, {"text": "Aluguel de m\u00e1quinas e equipamentos agr\u00edcolas sem operador", "code": "77.31-4-00"}, {"text": "Aluguel de palcos, coberturas e outras estruturas de uso tempor\u00e1rio, exceto andaimes", "code": "77.39-0-03"}, {"text": "Atividades de limpeza n\u00e3o especificadas anteriormente", "code": "81.29-0-00"}, {"text": "Servi\u00e7os de organiza\u00e7\u00e3o de feiras, congressos, exposi\u00e7\u00f5es e festas", "code": "82.30-0-01"}, {"text": "Leiloeiros independentes", "code": "82.99-7-04"}, {"text": "Treinamento em desenvolvimento profissional e gerencial", "code": "85.99-6-04"}], "qsa": [{"qual": "65-Titular Pessoa F\u00edsica Residente ou Domiciliado no Brasil", "nome": "WASHINGTON DE OLIVEIRA MAGALHAES"}], "situacao": "ATIVA", "bairro": "INDUSTRIAL", "logradouro": "ROD BR 101", "numero": "229", "cep": "28.860-000", "municipio": "CASIMIRO DE ABREU", "porte": "MICRO EMPRESA", "abertura": "02/04/2002", "natureza_juridica": "230-5 - Empresa Individual de Responsabilidade Limitada (de Natureza Empres\u00e1ria)", "cnpj": "05.018.233/0001-35", "ultima_atualizacao": "2020-02-07T22:57:24.645Z", "status": "OK", "tipo": "MATRIZ", "fantasia": "", "email": "", "efr": "", "motivo_situacao": "", "situacao_especial": "", "data_situacao_especial": "", "capital_social": "4000000.00", "extra": {}, "billing": {"free": false, "database": false}}