{"atividade_principal": [{"text": "Com\u00e9rcio atacadista de medicamentos e drogas de uso humano", "code": "46.44-3-01"}], "data_situacao": "18/06/2005", "nome": "COMERCIO E REPRESENTACOES PRADO LTDA", "uf": "PA", "atividades_secundarias": [{"text": "Representantes comerciais e agentes do com\u00e9rcio de mercadorias em geral n\u00e3o especializado", "code": "46.19-2-00"}, {"text": "Com\u00e9rcio atacadista de pr\u00f3teses e artigos de ortopedia", "code": "46.45-1-02"}, {"text": "Com\u00e9rcio atacadista de produtos odontol\u00f3gicos", "code": "46.45-1-03"}, {"text": "Com\u00e9rcio atacadista de produtos de higiene pessoal", "code": "46.46-0-02"}, {"text": "Com\u00e9rcio atacadista de m\u00f3veis e artigos de colchoaria", "code": "46.49-4-04"}, {"text": "Com\u00e9rcio atacadista de m\u00e1quinas, aparelhos e equipamentos para uso odonto-m\u00e9dico-hospitalar; partes e pe\u00e7as", "code": "46.64-8-00"}, {"text": "Aluguel de im\u00f3veis pr\u00f3prios", "code": "68.10-2-02"}, {"text": "Atividades de enfermagem", "code": "86.50-0-01"}, {"text": "Atividades de fornecimento de infra-estrutura de apoio e assist\u00eancia a paciente no domic\u00edlio", "code": "87.12-3-00"}], "qsa": [{"qual": "49-S\u00f3cio-Administrador", "nome": "MARIA CRISTINA CARDOSO PRADO PEREIRA"}, {"qual": "22-S\u00f3cio", "nome": "JOSE FERNANDO PRADO PEREIRA"}, {"qual": "05-Administrador", "nome": "MARLENE CARDOSO PRADO PEREIRA"}], "situacao": "ATIVA", "bairro": "GUAMA", "logradouro": "TR CASTELO BRANCO", "numero": "2028", "cep": "66.063-000", "municipio": "BELEM", "porte": "DEMAIS", "abertura": "27/09/1984", "natureza_juridica": "206-2 - Sociedade Empres\u00e1ria Limitada", "cnpj": "05.049.432/0001-00", "ultima_atualizacao": "2020-02-08T01:11:19.161Z", "status": "OK", "tipo": "MATRIZ", "fantasia": "", "complemento": "", "email": "", "telefone": "", "efr": "", "motivo_situacao": "", "situacao_especial": "", "data_situacao_especial": "", "capital_social": "1300000.00", "extra": {}, "billing": {"free": false, "database": false}}