{"atividade_principal": [{"text": "Discotecas, danceterias, sal\u00f5es de dan\u00e7a e similares", "code": "93.29-8-01"}], "data_situacao": "03/11/2005", "nome": "NUCLEO DE DANCA PORTADORES DE ALEGRIA", "uf": "RJ", "telefone": "(22) 9205-3221", "email": "portadoresdealegria@gmail.com", "qsa": [{"qual": "16-Presidente", "nome": "VANIA TOLIPAN DE OLIVEIRA"}, {"qual": "05-Administrador", "nome": "MANOEL CARLOS NASCIMENTO"}], "situacao": "ATIVA", "bairro": "CENTRO", "logradouro": "R DOUTOR JULIO OLIVIER", "numero": "93", "cep": "27.913-161", "municipio": "MACAE", "porte": "DEMAIS", "abertura": "01/11/2001", "natureza_juridica": "399-9 - Associa\u00e7\u00e3o Privada", "cnpj": "05.065.779/0001-47", "ultima_atualizacao": "2020-02-07T23:51:26.680Z", "status": "OK", "tipo": "MATRIZ", "fantasia": "", "complemento": "", "efr": "", "motivo_situacao": "", "situacao_especial": "", "data_situacao_especial": "", "atividades_secundarias": [{"code": "00.00-0-00", "text": "N\u00e3o informada"}], "capital_social": "0.00", "extra": {}, "billing": {"free": false, "database": false}}