{"atividade_principal": [{"text": "Com\u00e9rcio varejista de outros artigos de uso pessoal e dom\u00e9stico n\u00e3o especificados anteriormente", "code": "47.59-8-99"}], "data_situacao": "03/11/2005", "nome": "CASA DOS BEBEDOUROS LTDA", "uf": "SP", "telefone": "(19) 3515-0300", "email": "financeiro@casadosbebedouros.com.br", "atividades_secundarias": [{"text": "Manuten\u00e7\u00e3o e repara\u00e7\u00e3o de m\u00e1quinas e aparelhos de refrigera\u00e7\u00e3o e ventila\u00e7\u00e3o para uso industrial e comercial", "code": "33.14-7-07"}], "qsa": [{"qual": "49-S\u00f3cio-Administrador", "nome": "GUSTAVO BARROS GHIZO"}, {"qual": "49-S\u00f3cio-Administrador", "nome": "MARCELA BARROS GHIZO"}], "situacao": "ATIVA", "bairro": "SWISS PARK", "logradouro": "AV DERMIVAL BERNARDES SIQUEIRA", "numero": "3360", "cep": "13.049-252", "municipio": "CAMPINAS", "porte": "DEMAIS", "abertura": "14/05/2002", "natureza_juridica": "206-2 - Sociedade Empres\u00e1ria Limitada", "fantasia": "CASA DOS BEBEDOUROS", "cnpj": "05.075.302/0001-42", "ultima_atualizacao": "2020-02-08T01:11:27.513Z", "status": "OK", "tipo": "MATRIZ", "complemento": "", "efr": "", "motivo_situacao": "", "situacao_especial": "", "data_situacao_especial": "", "capital_social": "100000.00", "extra": {}, "billing": {"free": false, "database": false}}