{"atividade_principal": [{"text": "Com\u00e9rcio varejista de produtos farmac\u00eauticos, com manipula\u00e7\u00e3o de f\u00f3rmulas", "code": "47.71-7-02"}], "data_situacao": "09/08/2003", "nome": "FARMACIA MAGISTRAL DE MACAE LTDA", "uf": "RJ", "atividades_secundarias": [{"text": "Com\u00e9rcio varejista de produtos farmac\u00eauticos homeop\u00e1ticos", "code": "47.71-7-03"}], "qsa": [{"qual": "49-S\u00f3cio-Administrador", "nome": "CARLOS ANTONIO MOREIRA DOS SANTOS"}, {"qual": "22-S\u00f3cio", "nome": "DANIELE TARANTO PEREIRA DOS SANTOS"}], "situacao": "ATIVA", "bairro": "CENTRO", "logradouro": "R EUZEBIO DE QUEIROZ", "numero": "252", "cep": "27.910-230", "municipio": "MACAE", "porte": "EMPRESA DE PEQUENO PORTE", "abertura": "23/05/2002", "natureza_juridica": "206-2 - Sociedade Empres\u00e1ria Limitada", "fantasia": "VERDE FORMULA", "cnpj": "05.103.689/0001-01", "ultima_atualizacao": "2020-02-08T00:57:06.338Z", "status": "OK", "tipo": "MATRIZ", "complemento": "", "email": "", "telefone": "", "efr": "", "motivo_situacao": "", "situacao_especial": "", "data_situacao_especial": "", "capital_social": "0.00", "extra": {}, "billing": {"free": false, "database": false}}