{"atividade_principal": [{"text": "Atividades de vigil\u00e2ncia e seguran\u00e7a privada", "code": "80.11-1-01"}], "data_situacao": "03/11/2005", "nome": "BEST VIGILANCIA E SEGURANCA LTDA", "uf": "RJ", "telefone": "(21) 2451-7572", "email": "sac@grupobest.com.br", "atividades_secundarias": [{"text": "Atividades de monitoramento de sistemas de seguran\u00e7a eletr\u00f4nico", "code": "80.20-0-01"}], "qsa": [{"qual": "49-S\u00f3cio-Administrador", "nome": "ALAN FRANCISCO JOSIAS PEREIRA"}, {"qual": "49-S\u00f3cio-Administrador", "nome": "JORGE ALEXANDRE PIMENTEL MEGE"}, {"qual": "22-S\u00f3cio", "nome": "KAREN DA SILVA PIMENTEL MEGE COSTA"}], "situacao": "ATIVA", "bairro": "RAMOS", "logradouro": "TV LEONOR MASCARENHAS", "numero": "00087", "cep": "21.040-135", "municipio": "RIO DE JANEIRO", "porte": "DEMAIS", "abertura": "06/08/2002", "natureza_juridica": "206-2 - Sociedade Empres\u00e1ria Limitada", "cnpj": "05.234.289/0001-27", "ultima_atualizacao": "2020-02-08T00:47:44.774Z", "status": "OK", "tipo": "MATRIZ", "fantasia": "", "complemento": "", "efr": "", "motivo_situacao": "", "situacao_especial": "", "data_situacao_especial": "", "capital_social": "120000.00", "extra": {}, "billing": {"free": false, "database": false}}