{"atividade_principal": [{"text": "Atividades de vigil\u00e2ncia e seguran\u00e7a privada", "code": "80.11-1-01"}], "data_situacao": "13/09/2002", "nome": "PREVENCAO TATICA - SEGURANCA E VIGILANCIA LTDA", "uf": "RJ", "telefone": "(22) 2762-4454", "atividades_secundarias": [{"text": "Atividades de monitoramento de sistemas de seguran\u00e7a eletr\u00f4nico", "code": "80.20-0-01"}], "qsa": [{"qual": "49-S\u00f3cio-Administrador", "nome": "CELSO DA SILVA SANTOS"}, {"qual": "22-S\u00f3cio", "nome": "PETTERSON DOS SANTOS MOURA"}], "situacao": "ATIVA", "bairro": "CAVALEIROS", "logradouro": "AV NOSSA SENHORA DA GLORIA", "numero": "2881", "cep": "27.920-360", "municipio": "MACAE", "porte": "DEMAIS", "abertura": "13/09/2002", "natureza_juridica": "206-2 - Sociedade Empres\u00e1ria Limitada", "fantasia": "PREVENCAO TATICA", "cnpj": "05.304.111/0001-05", "ultima_atualizacao": "2020-02-08T01:07:01.471Z", "status": "OK", "tipo": "MATRIZ", "complemento": "", "email": "", "efr": "", "motivo_situacao": "", "situacao_especial": "", "data_situacao_especial": "", "capital_social": "328000.00", "extra": {}, "billing": {"free": false, "database": false}}