{"atividade_principal": [{"text": "Instala\u00e7\u00e3o e manuten\u00e7\u00e3o el\u00e9trica", "code": "43.21-5-00"}], "data_situacao": "26/02/2005", "complemento": "KM 534", "nome": "ESTELAR ILUMINACAO EIRELI", "uf": "SP", "telefone": "(11) 2450-4050", "email": "sonia@estelar.com.br estelar@estelar.com.br", "atividades_secundarias": [{"text": "Obras de funda\u00e7\u00f5es", "code": "43.91-6-00"}, {"text": "Obras de urbaniza\u00e7\u00e3o - ruas, pra\u00e7as e cal\u00e7adas", "code": "42.13-8-00"}, {"text": "Constru\u00e7\u00e3o de obras de arte especiais", "code": "42.12-0-00"}, {"text": "Montagem de estruturas met\u00e1licas", "code": "42.92-8-01"}, {"text": "Montagem e desmontagem de andaimes e outras estruturas tempor\u00e1rias", "code": "43.99-1-02"}, {"text": "Outras obras de engenharia civil n\u00e3o especificadas anteriormente", "code": "42.99-5-99"}, {"text": "Manuten\u00e7\u00e3o de redes de distribui\u00e7\u00e3o de energia el\u00e9trica", "code": "42.21-9-03"}, {"text": "Montagem e instala\u00e7\u00e3o de sistemas e equipamentos de ilumina\u00e7\u00e3o e sinaliza\u00e7\u00e3o em vias p\u00fablicas, portos e aeroportos", "code": "43.29-1-04"}, {"text": "Tratamentos t\u00e9rmicos, ac\u00fasticos ou de vibra\u00e7\u00e3o", "code": "43.29-1-05"}, {"text": "Instala\u00e7\u00e3o de pain\u00e9is publicit\u00e1rios", "code": "43.29-1-01"}, {"text": "Aluguel de outras m\u00e1quinas e equipamentos comerciais e industriais n\u00e3o especificados anteriormente, sem operador", "code": "77.39-0-99"}, {"text": "Atividades t\u00e9cnicas relacionadas \u00e0 engenharia e arquitetura n\u00e3o especificadas anteriormente", "code": "71.19-7-99"}, {"text": "Servi\u00e7os de arquitetura", "code": "71.11-1-00"}, {"text": "Servi\u00e7os de engenharia", "code": "71.12-0-00"}, {"text": "Casas de festas e eventos", "code": "82.30-0-02"}, {"text": "Produ\u00e7\u00e3o teatral", "code": "90.01-9-01"}, {"text": "Produ\u00e7\u00e3o musical", "code": "90.01-9-02"}, {"text": "Atividades de sonoriza\u00e7\u00e3o e de ilumina\u00e7\u00e3o", "code": "90.01-9-06"}, {"text": "Produ\u00e7\u00e3o de espet\u00e1culos circenses, de marionetes e similares", "code": "90.01-9-04"}, {"text": "Produ\u00e7\u00e3o de espet\u00e1culos de rodeios, vaquejadas e similares", "code": "90.01-9-05"}, {"text": "Artes c\u00eanicas, espet\u00e1culos e atividades complementares n\u00e3o especificadas anteriormente", "code": "90.01-9-99"}, {"text": "Parques de divers\u00e3o e parques tem\u00e1ticos", "code": "93.21-2-00"}, {"text": "Outras atividades de recrea\u00e7\u00e3o e lazer n\u00e3o especificadas anteriormente", "code": "93.29-8-99"}, {"text": "Aluguel de andaimes", "code": "77.32-2-02"}, {"text": "Aluguel de palcos, coberturas e outras estruturas de uso tempor\u00e1rio, exceto andaimes", "code": "77.39-0-03"}, {"text": "Produ\u00e7\u00e3o de espet\u00e1culos de dan\u00e7a", "code": "90.01-9-03"}, {"text": "Design de interiores", "code": "74.10-2-02"}, {"text": "Com\u00e9rcio varejista de outros produtos n\u00e3o especificados anteriormente", "code": "47.89-0-99"}], "qsa": [{"qual": "65-Titular Pessoa F\u00edsica Residente ou Domiciliado no Brasil", "nome": "HOLMES PEDRO GIACOMET JUNIOR"}], "situacao": "ATIVA", "bairro": "BAIRRO TABOAO", "logradouro": "ROD FERNAO DIAS", "numero": "SN", "cep": "07.600-000", "municipio": "MAIRIPORA", "porte": "DEMAIS", "abertura": "13/09/2002", "natureza_juridica": "230-5 - Empresa Individual de Responsabilidade Limitada (de Natureza Empres\u00e1ria)", "fantasia": "ESTELAR", "cnpj": "05.313.061/0001-22", "ultima_atualizacao": "2020-02-07T22:56:15.232Z", "status": "OK", "tipo": "MATRIZ", "efr": "", "motivo_situacao": "", "situacao_especial": "", "data_situacao_especial": "", "capital_social": "2000000.00", "extra": {}, "billing": {"free": false, "database": false}}