{"atividade_principal": [{"text": "Com\u00e9rcio atacadista de produtos odontol\u00f3gicos", "code": "46.45-1-03"}], "data_situacao": "03/11/2005", "complemento": "LOJA 11", "nome": "E.L. FARIA RIBEIRO", "uf": "RJ", "telefone": "(22) 2758-1414/ (22) 2758-1414", "email": "etc.sebastiao@sfnet.com.br", "atividades_secundarias": [{"text": "Com\u00e9rcio atacadista de m\u00e1quinas, aparelhos e equipamentos para uso odonto-m\u00e9dico-hospitalar; partes e pe\u00e7as", "code": "46.64-8-00"}, {"text": "Com\u00e9rcio varejista de cosm\u00e9ticos, produtos de perfumaria e de higiene pessoal", "code": "47.72-5-00"}, {"text": "Manuten\u00e7\u00e3o e repara\u00e7\u00e3o de equipamentos e produtos n\u00e3o especificados anteriormente", "code": "33.19-8-00"}], "qsa": [], "situacao": "ATIVA", "bairro": "CENTRO", "logradouro": "R CONSELHEIRO OTAVIANO", "numero": "68", "cep": "28.010-140", "municipio": "CAMPOS DOS GOYTACAZES", "porte": "MICRO EMPRESA", "abertura": "02/09/2002", "natureza_juridica": "213-5 - Empres\u00e1rio (Individual)", "fantasia": "ODONTO MEDIQUE", "cnpj": "05.331.560/0001-42", "ultima_atualizacao": "2020-02-07T23:27:35.638Z", "status": "OK", "tipo": "MATRIZ", "efr": "", "motivo_situacao": "", "situacao_especial": "", "data_situacao_especial": "", "capital_social": "50000.00", "extra": {}, "billing": {"free": false, "database": false}}