{"atividade_principal": [{"text": "Com\u00e9rcio varejista de produtos farmac\u00eauticos, com manipula\u00e7\u00e3o de f\u00f3rmulas", "code": "47.71-7-02"}], "data_situacao": "24/09/2005", "complemento": "SALA 1107 E 1108", "nome": "ANTHYGENUS PESQUISA,COMERCIO E MANIPULACAO DE VACINAS ESPECIAIS PARA ALERGIA E IMUNOLOGIA LTDA", "uf": "RJ", "telefone": "(21) 2240-9861/ (21) 2240-9953", "email": "ricardovfs@hotmail.com", "atividades_secundarias": [{"text": "Com\u00e9rcio varejista de produtos farmac\u00eauticos homeop\u00e1ticos", "code": "47.71-7-03"}], "qsa": [{"qual": "22-S\u00f3cio", "nome": "ISABEL MARIA DOS SANTOS"}, {"qual": "49-S\u00f3cio-Administrador", "nome": "MARIA QUEIROZ DA CRUZ"}, {"qual": "22-S\u00f3cio", "nome": "CLEYDE SOUSA BRANQUINHO"}], "situacao": "ATIVA", "bairro": "CENTRO", "logradouro": "AV RIO BRANCO", "numero": "277", "cep": "20.040-009", "municipio": "RIO DE JANEIRO", "porte": "MICRO EMPRESA", "abertura": "07/10/2002", "natureza_juridica": "206-2 - Sociedade Empres\u00e1ria Limitada", "fantasia": "ANTHYGENUS PESQ.,COM. MANIP.DE VACINAS ESP.PARA ALERG.", "cnpj": "05.382.206/0001-47", "ultima_atualizacao": "2020-02-07T23:11:20.356Z", "status": "OK", "tipo": "MATRIZ", "efr": "", "motivo_situacao": "", "situacao_especial": "", "data_situacao_especial": "", "capital_social": "30000.00", "extra": {}, "billing": {"free": false, "database": false}}