{"atividade_principal": [{"text": "Telefonia m\u00f3vel celular", "code": "61.20-5-01"}], "data_situacao": "24/09/2005", "complemento": "ANDAR TERREO-PARTE 2 ED.ESTACAO TEL. CENTRO NORTE", "nome": "OI MOVEL S.A. - EM RECUPERACAO JUDICIAL", "uf": "DF", "telefone": "(21) 3131-3589/ (21) 3131-3100", "email": "ld-atendimentoafiscalizacao-diretos@oi.net.br", "atividades_secundarias": [{"text": "Reprodu\u00e7\u00e3o de som em qualquer suporte", "code": "18.30-0-01"}, {"text": "Reprodu\u00e7\u00e3o de v\u00eddeo em qualquer suporte", "code": "18.30-0-02"}, {"text": "Representantes comerciais e agentes do com\u00e9rcio de mercadorias em geral n\u00e3o especializado", "code": "46.19-2-00"}, {"text": "Com\u00e9rcio atacadista de componentes eletr\u00f4nicos e equipamentos de telefonia e comunica\u00e7\u00e3o", "code": "46.52-4-00"}, {"text": "Lojas de variedades, exceto lojas de departamentos ou magazines", "code": "47.13-0-02"}, {"text": "Com\u00e9rcio varejista especializado de equipamentos e suprimentos de inform\u00e1tica", "code": "47.51-2-01"}, {"text": "Com\u00e9rcio varejista especializado de equipamentos de telefonia e comunica\u00e7\u00e3o", "code": "47.52-1-00"}, {"text": "Atividades de grava\u00e7\u00e3o de som e de edi\u00e7\u00e3o de m\u00fasica", "code": "59.20-1-00"}, {"text": "Servi\u00e7os de telecomunica\u00e7\u00f5es sem fio n\u00e3o especificados anteriormente", "code": "61.20-5-99"}, {"text": "Operadoras de televis\u00e3o por assinatura por cabo", "code": "61.41-8-00"}, {"text": "Operadoras de televis\u00e3o por assinatura por sat\u00e9lite", "code": "61.43-4-00"}, {"text": "Provedores de acesso \u00e0s redes de comunica\u00e7\u00f5es", "code": "61.90-6-01"}, {"text": "Outras atividades de telecomunica\u00e7\u00f5es n\u00e3o especificadas anteriormente", "code": "61.90-6-99"}, {"text": "Desenvolvimento de programas de computador sob encomenda", "code": "62.01-5-01"}, {"text": "Desenvolvimento e licenciamento de programas de computador customiz\u00e1veis", "code": "62.02-3-00"}, {"text": "Desenvolvimento e licenciamento de programas de computador n\u00e3o-customiz\u00e1veis", "code": "62.03-1-00"}, {"text": "Consultoria em tecnologia da informa\u00e7\u00e3o", "code": "62.04-0-00"}, {"text": "Suporte t\u00e9cnico, manuten\u00e7\u00e3o e outros servi\u00e7os em tecnologia da informa\u00e7\u00e3o", "code": "62.09-1-00"}, {"text": "Tratamento de dados, provedores de servi\u00e7os de aplica\u00e7\u00e3o e servi\u00e7os de hospedagem na internet", "code": "63.11-9-00"}, {"text": "Portais, provedores de conte\u00fado e outros servi\u00e7os de informa\u00e7\u00e3o na internet", "code": "63.19-4-00"}, {"text": "Holdings de institui\u00e7\u00f5es n\u00e3o-financeiras", "code": "64.62-0-00"}, {"text": "Pesquisas de mercado e de opini\u00e3o p\u00fablica", "code": "73.20-3-00"}], "qsa": [{"qual": "16-Presidente", "nome": "EURICO DE JESUS TELES NETO"}, {"qual": "10-Diretor", "nome": "JOSE CLAUDIO MOREIRA GONCALVES"}, {"qual": "10-Diretor", "nome": "BERNARDO KOS WINIK"}, {"qual": "10-Diretor", "nome": "RODRIGO MODESTO DE ABREU"}, {"qual": "10-Diretor", "nome": "CAMILLE LOYO FARIA"}, {"qual": "10-Diretor", "nome": "ANTONIO REINALDO RABELO FILHO"}], "situacao": "ATIVA", "bairro": "ASA NORTE", "logradouro": "ST SETOR COMERCIAL NORTE, QUADRA 03, BL. A", "numero": "S/N", "situacao_especial": "RECUPERACAO JUDICIAL", "cep": "70.713-900", "municipio": "BRASILIA", "porte": "DEMAIS", "abertura": "12/12/2002", "natureza_juridica": "205-4 - Sociedade An\u00f4nima Fechada", "data_situacao_especial": "16/20/2906", "fantasia": "OI", "cnpj": "05.423.963/0001-11", "ultima_atualizacao": "2020-02-07T16:20:02.590Z", "status": "OK", "tipo": "MATRIZ", "efr": "", "motivo_situacao": "", "capital_social": "7377436085.87", "extra": {}, "billing": {"free": false, "database": true}}