{"atividade_principal": [{"text": "Edi\u00e7\u00e3o de cadastros, listas e de outros produtos gr\u00e1ficos", "code": "58.19-1-00"}], "data_situacao": "03/11/2005", "complemento": "LOJA", "nome": "IRIS MIDIA COMERCIO E SERVICOS LTDA", "uf": "RJ", "telefone": "(22) 2762-3575", "atividades_secundarias": [{"text": "Com\u00e9rcio varejista de artigos de papelaria", "code": "47.61-0-03"}], "qsa": [{"qual": "49-S\u00f3cio-Administrador", "nome": "JULI DA SILVA SANTOS BARRETO"}, {"qual": "49-S\u00f3cio-Administrador", "nome": "MIGUEL ANGELO DA SILVA SANTOS NETO"}], "situacao": "ATIVA", "bairro": "COSTA DO SOL", "logradouro": "R JESUS SOARES PEREIRA", "numero": "466", "cep": "27.923-370", "municipio": "MACAE", "porte": "EMPRESA DE PEQUENO PORTE", "abertura": "11/11/2002", "natureza_juridica": "206-2 - Sociedade Empres\u00e1ria Limitada", "fantasia": "IRIS MIDIA", "cnpj": "05.445.448/0001-32", "ultima_atualizacao": "2020-02-07T22:24:14.022Z", "status": "OK", "tipo": "MATRIZ", "email": "", "efr": "", "motivo_situacao": "", "situacao_especial": "", "data_situacao_especial": "", "capital_social": "100000.00", "extra": {}, "billing": {"free": false, "database": true}}