{"data_situacao": "23/10/2014", "motivo_situacao": "EXTINCAO - TRAT. DIF. DADO AS ME E EPP", "nome": "S. TEIXEIRA NETO", "telefone": "(22) 2765-0699/ (22) 2762-2170", "situacao": "BAIXADA", "porte": "MICRO EMPRESA", "abertura": "03/12/2002", "natureza_juridica": "213-5 - Empres\u00e1rio (Individual)", "fantasia": "SAUDE MAIS", "cnpj": "05.471.068/0001-72", "ultima_atualizacao": "2020-02-07T23:52:18.206Z", "status": "OK", "tipo": "MATRIZ", "logradouro": "", "numero": "", "complemento": "", "cep": "", "bairro": "", "municipio": "", "uf": "", "email": "", "efr": "", "situacao_especial": "", "data_situacao_especial": "", "atividade_principal": [{"code": "00.00-0-00", "text": "********"}], "atividades_secundarias": [{"code": "00.00-0-00", "text": "N\u00e3o informada"}], "capital_social": "0.00", "qsa": [], "extra": {}, "billing": {"free": false, "database": false}}