{"atividade_principal": [{"text": "Outras atividades de servi\u00e7os pessoais n\u00e3o especificadas anteriormente", "code": "96.09-2-99"}], "data_situacao": "03/11/2005", "complemento": "LOJA", "nome": "RUZIMAR RAMOS DE ABREU", "uf": "RJ", "telefone": "(22) 2762-8541", "situacao": "ATIVA", "bairro": "IMBETIBA", "logradouro": "R DA IGUALDADE", "numero": "511", "cep": "27.913-140", "municipio": "MACAE", "porte": "MICRO EMPRESA", "abertura": "04/07/1989", "natureza_juridica": "213-5 - Empres\u00e1rio (Individual)", "fantasia": "MACAE CARIMBOS", "cnpj": "05.526.480/0001-42", "ultima_atualizacao": "2020-02-08T00:08:49.771Z", "status": "OK", "tipo": "MATRIZ", "email": "", "efr": "", "motivo_situacao": "", "situacao_especial": "", "data_situacao_especial": "", "atividades_secundarias": [{"code": "00.00-0-00", "text": "N\u00e3o informada"}], "capital_social": "0.00", "qsa": [], "extra": {}, "billing": {"free": false, "database": false}}