{"atividade_principal": [{"text": "Atividade m\u00e9dica ambulatorial restrita a consultas", "code": "86.30-5-03"}], "data_situacao": "24/09/2005", "complemento": "SALA 703 EDIF BOZIO", "nome": "ELEMIO SERVICOS MEDICOS LTDA", "uf": "RJ", "telefone": "(22) 2762-8585", "atividades_secundarias": [{"text": "Atividade m\u00e9dica ambulatorial com recursos para realiza\u00e7\u00e3o de exames complementares", "code": "86.30-5-02"}, {"text": "Atividades de servi\u00e7os de complementa\u00e7\u00e3o diagn\u00f3stica e terap\u00eautica n\u00e3o especificadas anteriormente", "code": "86.40-2-99"}, {"text": "Servi\u00e7os de diagn\u00f3stico por registro gr\u00e1fico - ECG, EEG e outros exames an\u00e1logos", "code": "86.40-2-08"}], "qsa": [{"qual": "49-S\u00f3cio-Administrador", "nome": "MARCELO RIBEIRO CAETANO"}, {"qual": "22-S\u00f3cio", "nome": "ANALUCIA ABREU MARANHAO"}, {"qual": "22-S\u00f3cio", "nome": "VITOR DAUMAS PASSOS"}, {"qual": "22-S\u00f3cio", "nome": "IZAIAS DINIZ MAGALHAES JUNIOR"}], "situacao": "ATIVA", "bairro": "CENTRO", "logradouro": "R VEREADOR ABREU LIMA", "numero": "60", "cep": "27.916-020", "municipio": "MACAE", "porte": "EMPRESA DE PEQUENO PORTE", "abertura": "11/12/2002", "natureza_juridica": "206-2 - Sociedade Empres\u00e1ria Limitada", "cnpj": "05.545.244/0001-73", "ultima_atualizacao": "2020-02-08T00:48:52.961Z", "status": "OK", "tipo": "MATRIZ", "fantasia": "", "email": "", "efr": "", "motivo_situacao": "", "situacao_especial": "", "data_situacao_especial": "", "capital_social": "115000.00", "extra": {}, "billing": {"free": false, "database": false}}