{"data_situacao": "25/06/2018", "motivo_situacao": "EXTINCAO P/ ENC LIQ VOLUNTARIA", "nome": "H.D.S. COMERCIAL, HIDRAULICA E SANEAMENTO EIRELI", "telefone": "(19) 3544-3896/ (19) 3544-3896", "email": "hdscontabil@terra.com.br", "situacao": "BAIXADA", "porte": "EMPRESA DE PEQUENO PORTE", "abertura": "13/03/2003", "natureza_juridica": "230-5 - Empresa Individual de Responsabilidade Limitada (de Natureza Empres\u00e1ria)", "fantasia": "H.D.S.", "cnpj": "05.582.844/0001-01", "ultima_atualizacao": "2020-02-07T23:10:46.463Z", "status": "OK", "tipo": "MATRIZ", "logradouro": "", "numero": "", "complemento": "", "cep": "", "bairro": "", "municipio": "", "uf": "", "efr": "", "situacao_especial": "", "data_situacao_especial": "", "atividade_principal": [{"code": "00.00-0-00", "text": "********"}], "atividades_secundarias": [{"code": "00.00-0-00", "text": "N\u00e3o informada"}], "capital_social": "0.00", "qsa": [], "extra": {}, "billing": {"free": false, "database": false}}