{"atividade_principal": [{"text": "Atividades de consultoria em gest\u00e3o empresarial, exceto consultoria t\u00e9cnica espec\u00edfica", "code": "70.20-4-00"}], "data_situacao": "18/03/2003", "nome": "EXPRESSA SERVICOS ADMINISTRATIVOS LTDA", "uf": "CE", "telefone": "(85) 3340-0637", "email": "fiscal@expressa.com", "atividades_secundarias": [{"text": "Outras atividades de presta\u00e7\u00e3o de servi\u00e7os de informa\u00e7\u00e3o n\u00e3o especificadas anteriormente", "code": "63.99-2-00"}], "qsa": [{"qual": "22-S\u00f3cio", "nome": "SERGIO LINS LIMA BRAGA"}, {"qual": "22-S\u00f3cio", "nome": "SILVIA MARIA RIBEIRO LIMA BRAGA"}, {"qual": "05-Administrador", "nome": "MARIANA BRAGA AITKEN"}], "situacao": "ATIVA", "bairro": "FATIMA", "logradouro": "R ALTO SANTO", "numero": "102", "cep": "60.055-265", "municipio": "FORTALEZA", "porte": "DEMAIS", "abertura": "18/03/2003", "natureza_juridica": "206-2 - Sociedade Empres\u00e1ria Limitada", "cnpj": "05.598.984/0001-78", "ultima_atualizacao": "2020-02-07T23:39:48.928Z", "status": "OK", "tipo": "MATRIZ", "fantasia": "", "complemento": "", "efr": "", "motivo_situacao": "", "situacao_especial": "", "data_situacao_especial": "", "capital_social": "600000.00", "extra": {}, "billing": {"free": false, "database": false}}