{"atividade_principal": [{"text": "Servi\u00e7os de organiza\u00e7\u00e3o de feiras, congressos, exposi\u00e7\u00f5es e festas", "code": "82.30-0-01"}], "data_situacao": "20/03/2004", "complemento": "APT: 62;", "nome": "AGILITY EVENTOS SOCIEDADE SIMPLES LTDA", "uf": "SP", "telefone": "(11) 9947-1931", "email": "elisabete@agilitymarketing.com.br", "qsa": [{"qual": "49-S\u00f3cio-Administrador", "nome": "ELISABETE LEITE NOGUEIRA"}, {"qual": "49-S\u00f3cio-Administrador", "nome": "JOSE ANTONIO MEDINA MALHADO"}], "situacao": "ATIVA", "bairro": "BARRO BRANCO (ZONA NORTE)", "logradouro": "R OTAVIO LOPES CASTELO BRANCO", "numero": "63", "cep": "02.345-020", "municipio": "SAO PAULO", "porte": "MICRO EMPRESA", "abertura": "26/03/2003", "natureza_juridica": "224-0 - Sociedade Simples Limitada", "cnpj": "05.610.927/0001-67", "ultima_atualizacao": "2020-02-08T00:04:45.060Z", "status": "OK", "tipo": "MATRIZ", "fantasia": "", "efr": "", "motivo_situacao": "", "situacao_especial": "", "data_situacao_especial": "", "atividades_secundarias": [{"code": "00.00-0-00", "text": "N\u00e3o informada"}], "capital_social": "1000.00", "extra": {}, "billing": {"free": false, "database": false}}