{"atividade_principal": [{"text": "Com\u00e9rcio varejista especializado de equipamentos e suprimentos de inform\u00e1tica", "code": "47.51-2-01"}], "data_situacao": "07/07/2003", "complemento": "STAND 028", "nome": "COMPCOMM CAXIAS SUPRIMENTOS DE INFORMATICA E TELECOMUNICACOES LTDA", "uf": "RJ", "qsa": [{"qual": "49-S\u00f3cio-Administrador", "nome": "RICARDO DE SOUZA CARVALHO"}, {"qual": "49-S\u00f3cio-Administrador", "nome": "VERONICA BATISTA DO PRADO"}], "situacao": "ATIVA", "bairro": "CENTRO", "logradouro": "AV PRESIDENTE KENNEDY", "numero": "1806", "cep": "25.020-001", "municipio": "DUQUE DE CAXIAS", "porte": "MICRO EMPRESA", "abertura": "07/07/2003", "natureza_juridica": "206-2 - Sociedade Empres\u00e1ria Limitada", "cnpj": "05.764.379/0001-20", "ultima_atualizacao": "2020-02-08T00:03:03.073Z", "status": "OK", "tipo": "MATRIZ", "fantasia": "", "email": "", "telefone": "", "efr": "", "motivo_situacao": "", "situacao_especial": "", "data_situacao_especial": "", "atividades_secundarias": [{"code": "00.00-0-00", "text": "N\u00e3o informada"}], "capital_social": "0.00", "extra": {}, "billing": {"free": false, "database": false}}