{"atividade_principal": [{"text": "Com\u00e9rcio varejista de m\u00f3veis", "code": "47.54-7-01"}], "data_situacao": "18/06/2005", "nome": "DOS GOULART MOVEIS E INFORMATICA EIRELI", "uf": "RJ", "atividades_secundarias": [{"text": "Servi\u00e7os de acabamentos gr\u00e1ficos, exceto encaderna\u00e7\u00e3o e plastifica\u00e7\u00e3o", "code": "18.22-9-99"}, {"text": "Manuten\u00e7\u00e3o e repara\u00e7\u00e3o de geradores, transformadores e motores el\u00e9tricos", "code": "33.13-9-01"}, {"text": "Manuten\u00e7\u00e3o e repara\u00e7\u00e3o de m\u00e1quinas de escrever, calcular e de outros equipamentos n\u00e3o-eletr\u00f4nicos para escrit\u00f3rio", "code": "33.14-7-09"}, {"text": "Servi\u00e7os de montagem de m\u00f3veis de qualquer material", "code": "33.29-5-01"}, {"text": "Constru\u00e7\u00e3o de esta\u00e7\u00f5es e redes de telecomunica\u00e7\u00f5es", "code": "42.21-9-04"}, {"text": "Montagem de estruturas met\u00e1licas", "code": "42.92-8-01"}, {"text": "Instala\u00e7\u00e3o e manuten\u00e7\u00e3o el\u00e9trica", "code": "43.21-5-00"}, {"text": "Instala\u00e7\u00f5es hidr\u00e1ulicas, sanit\u00e1rias e de g\u00e1s", "code": "43.22-3-01"}, {"text": "Instala\u00e7\u00e3o e manuten\u00e7\u00e3o de sistemas centrais de ar condicionado, de ventila\u00e7\u00e3o e refrigera\u00e7\u00e3o", "code": "43.22-3-02"}, {"text": "Instala\u00e7\u00f5es de sistema de preven\u00e7\u00e3o contra inc\u00eandio", "code": "43.22-3-03"}, {"text": "Instala\u00e7\u00e3o de pain\u00e9is publicit\u00e1rios", "code": "43.29-1-01"}, {"text": "Montagem e instala\u00e7\u00e3o de sistemas e equipamentos de ilumina\u00e7\u00e3o e sinaliza\u00e7\u00e3o em vias p\u00fablicas, portos e aeroportos", "code": "43.29-1-04"}, {"text": "Instala\u00e7\u00e3o de portas, janelas, tetos, divis\u00f3rias e arm\u00e1rios embutidos de qualquer material", "code": "43.30-4-02"}, {"text": "Obras de acabamento em gesso e estuque", "code": "43.30-4-03"}, {"text": "Servi\u00e7os de pintura de edif\u00edcios em geral", "code": "43.30-4-04"}, {"text": "Aplica\u00e7\u00e3o de revestimentos e de resinas em interiores e exteriores", "code": "43.30-4-05"}, {"text": "Montagem e desmontagem de andaimes e outras estruturas tempor\u00e1rias", "code": "43.99-1-02"}, {"text": "Com\u00e9rcio a varejo de pneum\u00e1ticos e c\u00e2maras-de-ar", "code": "45.30-7-05"}, {"text": "Representantes comerciais e agentes do com\u00e9rcio de instrumentos e materiais odonto-m\u00e9dico-hospitalares", "code": "46.18-4-02"}, {"text": "Com\u00e9rcio atacadista de instrumentos e materiais para uso m\u00e9dico, cir\u00fargico, hospitalar e de laborat\u00f3rios", "code": "46.45-1-01"}, {"text": "Com\u00e9rcio atacadista de produtos de higiene pessoal", "code": "46.46-0-02"}, {"text": "Com\u00e9rcio atacadista de artigos de escrit\u00f3rio e de papelaria", "code": "46.47-8-01"}, {"text": "Com\u00e9rcio atacadista de livros, jornais e outras publica\u00e7\u00f5es", "code": "46.47-8-02"}, {"text": "Com\u00e9rcio atacadista de equipamentos el\u00e9tricos de uso pessoal e dom\u00e9stico", "code": "46.49-4-01"}, {"text": "Com\u00e9rcio atacadista de m\u00f3veis e artigos de colchoaria", "code": "46.49-4-04"}, {"text": "Com\u00e9rcio atacadista de artigos de tape\u00e7aria; persianas e cortinas", "code": "46.49-4-05"}, {"text": "Com\u00e9rcio atacadista de lustres, lumin\u00e1rias e abajures", "code": "46.49-4-06"}, {"text": "Com\u00e9rcio atacadista de produtos de higiene, limpeza e conserva\u00e7\u00e3o domiciliar", "code": "46.49-4-08"}, {"text": "Com\u00e9rcio atacadista de equipamentos de inform\u00e1tica", "code": "46.51-6-01"}, {"text": "Com\u00e9rcio atacadista de suprimentos para inform\u00e1tica", "code": "46.51-6-02"}, {"text": "Com\u00e9rcio atacadista de outras m\u00e1quinas e equipamentos n\u00e3o especificados anteriormente; partes e pe\u00e7as", "code": "46.69-9-99"}, {"text": "Com\u00e9rcio atacadista de ferragens e ferramentas", "code": "46.72-9-00"}, {"text": "Com\u00e9rcio atacadista de material el\u00e9trico", "code": "46.73-7-00"}, {"text": "Com\u00e9rcio atacadista de vidros, espelhos, vitrais e molduras", "code": "46.79-6-03"}, {"text": "Lojas de variedades, exceto lojas de departamentos ou magazines", "code": "47.13-0-02"}, {"text": "Com\u00e9rcio varejista de bebidas", "code": "47.23-7-00"}, {"text": "Com\u00e9rcio varejista de produtos aliment\u00edcios em geral ou especializado em produtos aliment\u00edcios n\u00e3o especificados anteriormente", "code": "47.29-6-99"}, {"text": "Com\u00e9rcio varejista de material el\u00e9trico", "code": "47.42-3-00"}, {"text": "Com\u00e9rcio varejista de vidros", "code": "47.43-1-00"}, {"text": "Com\u00e9rcio varejista de ferragens e ferramentas", "code": "47.44-0-01"}, {"text": "Com\u00e9rcio varejista de materiais hidr\u00e1ulicos", "code": "47.44-0-03"}, {"text": "Com\u00e9rcio varejista de materiais de constru\u00e7\u00e3o n\u00e3o especificados anteriormente", "code": "47.44-0-05"}, {"text": "Com\u00e9rcio varejista de materiais de constru\u00e7\u00e3o em geral", "code": "47.44-0-99"}, {"text": "Com\u00e9rcio varejista especializado de equipamentos e suprimentos de inform\u00e1tica", "code": "47.51-2-01"}, {"text": "Com\u00e9rcio varejista especializado de equipamentos de telefonia e comunica\u00e7\u00e3o", "code": "47.52-1-00"}, {"text": "Com\u00e9rcio varejista especializado de eletrodom\u00e9sticos e equipamentos de \u00e1udio e v\u00eddeo", "code": "47.53-9-00"}, {"text": "Com\u00e9rcio varejista de artigos de colchoaria", "code": "47.54-7-02"}, {"text": "Com\u00e9rcio varejista de artigos de ilumina\u00e7\u00e3o", "code": "47.54-7-03"}, {"text": "Com\u00e9rcio varejista de tecidos", "code": "47.55-5-01"}, {"text": "Comercio varejista de artigos de armarinho", "code": "47.55-5-02"}, {"text": "Comercio varejista de artigos de cama, mesa e banho", "code": "47.55-5-03"}, {"text": "Com\u00e9rcio varejista especializado de instrumentos musicais e acess\u00f3rios", "code": "47.56-3-00"}, {"text": "Com\u00e9rcio varejista especializado de pe\u00e7as e acess\u00f3rios para aparelhos eletroeletr\u00f4nicos para uso dom\u00e9stico, exceto inform\u00e1tica e comunica\u00e7\u00e3o", "code": "47.57-1-00"}, {"text": "Com\u00e9rcio varejista de artigos de tape\u00e7aria, cortinas e persianas", "code": "47.59-8-01"}, {"text": "Com\u00e9rcio varejista de outros artigos de uso pessoal e dom\u00e9stico n\u00e3o especificados anteriormente", "code": "47.59-8-99"}, {"text": "Com\u00e9rcio varejista de livros", "code": "47.61-0-01"}, {"text": "Com\u00e9rcio varejista de artigos de papelaria", "code": "47.61-0-03"}, {"text": "Com\u00e9rcio varejista de discos, CDs, DVDs e fitas", "code": "47.62-8-00"}, {"text": "Com\u00e9rcio varejista de brinquedos e artigos recreativos", "code": "47.63-6-01"}, {"text": "Com\u00e9rcio varejista de artigos esportivos", "code": "47.63-6-02"}, {"text": "Com\u00e9rcio varejista de bicicletas e triciclos; pe\u00e7as e acess\u00f3rios", "code": "47.63-6-03"}, {"text": "Com\u00e9rcio varejista de artigos de ca\u00e7a, pesca e camping", "code": "47.63-6-04"}, {"text": "Com\u00e9rcio varejista de cosm\u00e9ticos, produtos de perfumaria e de higiene pessoal", "code": "47.72-5-00"}, {"text": "Com\u00e9rcio varejista de artigos m\u00e9dicos e ortop\u00e9dicos", "code": "47.73-3-00"}, {"text": "Com\u00e9rcio varejista de artigos de \u00f3ptica", "code": "47.74-1-00"}, {"text": "Com\u00e9rcio varejista de cal\u00e7ados", "code": "47.82-2-01"}, {"text": "Com\u00e9rcio varejista de artigos de viagem", "code": "47.82-2-02"}, {"text": "Com\u00e9rcio varejista de antig\u00fcidades", "code": "47.85-7-01"}, {"text": "Com\u00e9rcio varejista de suvenires, bijuterias e artesanatos", "code": "47.89-0-01"}, {"text": "Com\u00e9rcio varejista de objetos de arte", "code": "47.89-0-03"}, {"text": "Com\u00e9rcio varejista de produtos saneantes domissanit\u00e1rios", "code": "47.89-0-05"}, {"text": "Com\u00e9rcio varejista de equipamentos para escrit\u00f3rio", "code": "47.89-0-07"}, {"text": "Com\u00e9rcio varejista de artigos fotogr\u00e1ficos e para filmagem", "code": "47.89-0-08"}, {"text": "Com\u00e9rcio varejista de outros produtos n\u00e3o especificados anteriormente", "code": "47.89-0-99"}, {"text": "Servi\u00e7os de arquitetura", "code": "71.11-1-00"}, {"text": "Promo\u00e7\u00e3o de vendas", "code": "73.19-0-02"}, {"text": "Design de interiores", "code": "74.10-2-02"}, {"text": "Loca\u00e7\u00e3o de autom\u00f3veis sem condutor", "code": "77.11-0-00"}, {"text": "Loca\u00e7\u00e3o de outros meios de transporte n\u00e3o especificados anteriormente, sem condutor", "code": "77.19-5-99"}, {"text": "Aluguel de equipamentos recreativos e esportivos", "code": "77.21-7-00"}, {"text": "Aluguel de aparelhos de jogos eletr\u00f4nicos", "code": "77.29-2-01"}, {"text": "Aluguel de m\u00f3veis, utens\u00edlios e aparelhos de uso dom\u00e9stico e pessoal; instrumentos musicais", "code": "77.29-2-02"}, {"text": "Aluguel de m\u00e1quinas e equipamentos para constru\u00e7\u00e3o sem operador, exceto andaimes", "code": "77.32-2-01"}, {"text": "Aluguel de m\u00e1quinas e equipamentos para escrit\u00f3rios", "code": "77.33-1-00"}, {"text": "Aluguel de palcos, coberturas e outras estruturas de uso tempor\u00e1rio, exceto andaimes", "code": "77.39-0-03"}, {"text": "Limpeza em pr\u00e9dios e em domic\u00edlios", "code": "81.21-4-00"}, {"text": "Atividades de limpeza n\u00e3o especificadas anteriormente", "code": "81.29-0-00"}, {"text": "Atividades paisag\u00edsticas", "code": "81.30-3-00"}, {"text": "Produ\u00e7\u00e3o e promo\u00e7\u00e3o de eventos esportivos", "code": "93.19-1-01"}, {"text": "Repara\u00e7\u00e3o de artigos do mobili\u00e1rio", "code": "95.29-1-05"}], "qsa": [{"qual": "65-Titular Pessoa F\u00edsica Residente ou Domiciliado no Brasil", "nome": "LUIZ FELIPE GOULART MARINS"}], "situacao": "ATIVA", "bairro": "CENTRO", "logradouro": "AV 28 DE MARCO", "numero": "708", "cep": "28.020-740", "municipio": "CAMPOS DOS GOYTACAZES", "porte": "EMPRESA DE PEQUENO PORTE", "abertura": "08/07/2003", "natureza_juridica": "230-5 - Empresa Individual de Responsabilidade Limitada (de Natureza Empres\u00e1ria)", "fantasia": "GOULART SOLUCOES", "cnpj": "05.787.243/0001-35", "ultima_atualizacao": "2020-02-08T01:03:22.864Z", "status": "OK", "tipo": "MATRIZ", "complemento": "", "email": "", "telefone": "", "efr": "", "motivo_situacao": "", "situacao_especial": "", "data_situacao_especial": "", "capital_social": "500000.00", "extra": {}, "billing": {"free": false, "database": false}}