{"data_situacao": "28/03/2019", "motivo_situacao": "OMISSAO DE DECLARACOES", "nome": "RIOWORK PROMOCOES E RH LTDA", "telefone": "(21) 2671-2298/ (21) 2671-2298", "email": "cadec.contabilidade@bol.com.br", "qsa": [{"qual": "22-S\u00f3cio", "nome": "NELI MIGUEL CABRAL DOS SANTOS"}, {"qual": "22-S\u00f3cio", "nome": "SILVIO FERREIRA DA SILVA"}], "situacao": "INAPTA", "porte": "MICRO EMPRESA", "abertura": "09/07/2003", "natureza_juridica": "206-2 - Sociedade Empres\u00e1ria Limitada", "cnpj": "05.832.272/0001-71", "ultima_atualizacao": "2020-02-07T23:46:10.650Z", "status": "OK", "tipo": "MATRIZ", "fantasia": "", "logradouro": "", "numero": "", "complemento": "", "cep": "", "bairro": "", "municipio": "", "uf": "", "efr": "", "situacao_especial": "", "data_situacao_especial": "", "atividade_principal": [{"code": "00.00-0-00", "text": "********"}], "atividades_secundarias": [{"code": "00.00-0-00", "text": "N\u00e3o informada"}], "capital_social": "75000.00", "extra": {}, "billing": {"free": false, "database": false}}