{"atividade_principal": [{"text": "Transporte rodovi\u00e1rio coletivo de passageiros, sob regime de fretamento, intermunicipal, interestadual e internacional", "code": "49.29-9-02"}], "data_situacao": "18/08/2003", "nome": "ALOCAR TURISMO LTDA", "uf": "RJ", "atividades_secundarias": [{"text": "Loca\u00e7\u00e3o de autom\u00f3veis sem condutor", "code": "77.11-0-00"}, {"text": "Transporte rodovi\u00e1rio coletivo de passageiros, com itiner\u00e1rio fixo, municipal", "code": "49.21-3-01"}, {"text": "Transporte rodovi\u00e1rio coletivo de passageiros, com itiner\u00e1rio fixo, intermunicipal em regi\u00e3o metropolitana", "code": "49.21-3-02"}, {"text": "Servi\u00e7o de transporte de passageiros - loca\u00e7\u00e3o de autom\u00f3veis com motorista", "code": "49.23-0-02"}, {"text": "Servi\u00e7os de opera\u00e7\u00e3o e fornecimento de equipamentos para transporte e eleva\u00e7\u00e3o de cargas e pessoas para uso em obras", "code": "43.99-1-04"}, {"text": "Outros transportes rodovi\u00e1rios de passageiros n\u00e3o especificados anteriormente", "code": "49.29-9-99"}, {"text": "Loca\u00e7\u00e3o de m\u00e3o-de-obra tempor\u00e1ria", "code": "78.20-5-00"}, {"text": "Sele\u00e7\u00e3o e agenciamento de m\u00e3o-de-obra", "code": "78.10-8-00"}], "qsa": [{"qual": "49-S\u00f3cio-Administrador", "nome": "ALCIDES DA CONCEICAO JUNIOR"}, {"qual": "22-S\u00f3cio", "nome": "LUCIANE SOUTO MANHAES"}], "situacao": "ATIVA", "bairro": "CAVALEIROS", "logradouro": "AV NOSSA SENHORA DA GLORIA", "numero": "1375", "cep": "27.920-360", "municipio": "MACAE", "porte": "EMPRESA DE PEQUENO PORTE", "abertura": "18/08/2003", "natureza_juridica": "206-2 - Sociedade Empres\u00e1ria Limitada", "fantasia": "TRANSLOCAR TOUR", "cnpj": "05.852.825/0001-58", "ultima_atualizacao": "2020-02-07T23:48:33.586Z", "status": "OK", "tipo": "MATRIZ", "complemento": "", "email": "", "telefone": "", "efr": "", "motivo_situacao": "", "situacao_especial": "", "data_situacao_especial": "", "capital_social": "1250000.00", "extra": {}, "billing": {"free": false, "database": false}}