{"atividade_principal": [{"text": "Restaurantes e similares", "code": "56.11-2-01"}], "data_situacao": "23/10/2004", "nome": "SINGULAR GESTAO DE SERVICOS LTDA", "uf": "RJ", "telefone": "(24) 2242-4139/ (24) 2237-2575", "email": "contador@compuland.com.br", "atividades_secundarias": [{"text": "Com\u00e9rcio atacadista especializado em outros produtos aliment\u00edcios n\u00e3o especificados anteriormente", "code": "46.37-1-99"}, {"text": "Com\u00e9rcio atacadista de produtos aliment\u00edcios em geral", "code": "46.39-7-01"}, {"text": "Com\u00e9rcio varejista de produtos saneantes domissanit\u00e1rios", "code": "47.89-0-05"}, {"text": "Fornecimento de alimentos preparados preponderantemente para empresas", "code": "56.20-1-01"}, {"text": "Servi\u00e7os de alimenta\u00e7\u00e3o para eventos e recep\u00e7\u00f5es - buf\u00ea", "code": "56.20-1-02"}, {"text": "Sele\u00e7\u00e3o e agenciamento de m\u00e3o-de-obra", "code": "78.10-8-00"}, {"text": "Fornecimento e gest\u00e3o de recursos humanos para terceiros", "code": "78.30-2-00"}, {"text": "Limpeza em pr\u00e9dios e em domic\u00edlios", "code": "81.21-4-00"}, {"text": "Atividades de limpeza n\u00e3o especificadas anteriormente", "code": "81.29-0-00"}, {"text": "Atividades paisag\u00edsticas", "code": "81.30-3-00"}, {"text": "Atividades de profissionais da nutri\u00e7\u00e3o", "code": "86.50-0-02"}], "qsa": [{"qual": "49-S\u00f3cio-Administrador", "nome": "PAULO CESAR RIBEIRO ALVES"}, {"qual": "22-S\u00f3cio", "nome": "CARLSON RUY FERREIRA"}], "situacao": "ATIVA", "bairro": "VILA ROSALI", "logradouro": "AV PERNAMBUCANA", "numero": "1260", "cep": "25.510-430", "municipio": "SAO JOAO DE MERITI", "porte": "DEMAIS", "abertura": "28/10/2003", "natureza_juridica": "206-2 - Sociedade Empres\u00e1ria Limitada", "fantasia": "SINGULAR SOLUCOES", "cnpj": "05.951.758/0001-29", "ultima_atualizacao": "2020-02-08T00:23:46.794Z", "status": "OK", "tipo": "MATRIZ", "complemento": "", "efr": "", "motivo_situacao": "", "situacao_especial": "", "data_situacao_especial": "", "capital_social": "3500000.00", "extra": {}, "billing": {"free": false, "database": false}}