{"data_situacao": "18/09/2018", "motivo_situacao": "OMISSAO DE DECLARACOES", "nome": "PIV ZET COMERCIAL E DISTRIBUIDORA LTDA", "telefone": "(21) 3328-3190/ (21) 2487-4577", "qsa": [{"qual": "49-S\u00f3cio-Administrador", "nome": "LUIZ COELHO FILHO"}, {"qual": "22-S\u00f3cio", "nome": "HELENA GONCALVES COELHO"}], "situacao": "INAPTA", "porte": "MICRO EMPRESA", "abertura": "23/10/2003", "natureza_juridica": "206-2 - Sociedade Empres\u00e1ria Limitada", "fantasia": "VIP TEX DISTRIBUIDORA", "cnpj": "05.997.497/0001-88", "ultima_atualizacao": "2020-02-07T23:27:53.092Z", "status": "OK", "tipo": "MATRIZ", "logradouro": "", "numero": "", "complemento": "", "cep": "", "bairro": "", "municipio": "", "uf": "", "email": "", "efr": "", "situacao_especial": "", "data_situacao_especial": "", "atividade_principal": [{"code": "00.00-0-00", "text": "********"}], "atividades_secundarias": [{"code": "00.00-0-00", "text": "N\u00e3o informada"}], "capital_social": "1000000.00", "extra": {}, "billing": {"free": false, "database": false}}