{"atividade_principal": [{"text": "Com\u00e9rcio atacadista de instrumentos e materiais para uso m\u00e9dico, cir\u00fargico, hospitalar e de laborat\u00f3rios", "code": "46.45-1-01"}], "data_situacao": "03/11/2005", "complemento": "LOJA 1", "nome": "KARTROLINE COMERCIO E REPRESENTACOES LTDA", "uf": "RJ", "telefone": "(21) 2612-3131/ (21) 2620-1967", "atividades_secundarias": [{"text": "Com\u00e9rcio atacadista de suprimentos para inform\u00e1tica", "code": "46.51-6-02"}, {"text": "Com\u00e9rcio atacadista especializado em outros produtos intermedi\u00e1rios n\u00e3o especificados anteriormente", "code": "46.89-3-99"}, {"text": "Com\u00e9rcio varejista de outros produtos n\u00e3o especificados anteriormente", "code": "47.89-0-99"}, {"text": "Com\u00e9rcio atacadista de equipamentos de inform\u00e1tica", "code": "46.51-6-01"}], "qsa": [{"qual": "49-S\u00f3cio-Administrador", "nome": "ROBERTO CASSIO FARIAS DA SILVA"}, {"qual": "22-S\u00f3cio", "nome": "HEBERTE LUIS FARIAS NUNES"}], "situacao": "ATIVA", "bairro": "CENTRO", "logradouro": "R MARQUES DE CAXIAS", "numero": "214", "cep": "24.030-050", "municipio": "NITEROI", "porte": "MICRO EMPRESA", "abertura": "03/12/2003", "natureza_juridica": "206-2 - Sociedade Empres\u00e1ria Limitada", "cnpj": "06.054.554/0001-58", "ultima_atualizacao": "2020-02-07T23:21:22.565Z", "status": "OK", "tipo": "MATRIZ", "fantasia": "", "email": "", "efr": "", "motivo_situacao": "", "situacao_especial": "", "data_situacao_especial": "", "capital_social": "150000.00", "extra": {}, "billing": {"free": false, "database": false}}