{"atividade_principal": [{"text": "Com\u00e9rcio atacadista de medicamentos e drogas de uso humano", "code": "46.44-3-01"}], "data_situacao": "23/10/2004", "complemento": "LOTE 6 BOX 03", "nome": "HOSP - LOG COMERCIO DE PRODUTOS HOSPITALARES LTDA", "uf": "DF", "telefone": "(11) 2185-7686", "email": "carlos.paulo@stcruz.com.br", "atividades_secundarias": [{"text": "Atividades de consultoria em gest\u00e3o empresarial, exceto consultoria t\u00e9cnica espec\u00edfica", "code": "70.20-4-00"}, {"text": "Outras atividades de servi\u00e7os pessoais n\u00e3o especificadas anteriormente", "code": "96.09-2-99"}, {"text": "Com\u00e9rcio atacadista especializado em outros produtos aliment\u00edcios n\u00e3o especificados anteriormente", "code": "46.37-1-99"}], "qsa": [{"qual": "22-S\u00f3cio", "qual_rep_legal": "05-Administrador", "nome_rep_legal": "GILBERTO MAYER FILHO", "nome": "ONCO PROD DISTRIBUIDORA DE PRODUTOS HOSPITALARES E ONCOLOGICOS LTDA."}, {"qual": "22-S\u00f3cio", "qual_rep_legal": "05-Administrador", "nome_rep_legal": "GILBERTO MAYER FILHO", "nome": "S.C. PARTICIPACOES EMPRESARIAIS LTDA."}, {"qual": "05-Administrador", "nome": "GILBERTO MAYER FILHO"}], "situacao": "ATIVA", "bairro": "ZONA INDUSTRIAL (GUARA)", "logradouro": "ST STRC TRECHO 3 CONJUNTO C", "numero": "S/N", "cep": "71.225-533", "municipio": "BRASILIA", "porte": "DEMAIS", "abertura": "12/01/2004", "natureza_juridica": "206-2 - Sociedade Empres\u00e1ria Limitada", "fantasia": "ONCOPROD", "cnpj": "06.081.203/0001-36", "ultima_atualizacao": "2020-02-07T23:33:33.029Z", "status": "OK", "tipo": "MATRIZ", "efr": "", "motivo_situacao": "", "situacao_especial": "", "data_situacao_especial": "", "capital_social": "159015303.00", "extra": {}, "billing": {"free": false, "database": false}}