{"atividade_principal": [{"text": "Com\u00e9rcio varejista de outros produtos n\u00e3o especificados anteriormente", "code": "47.89-0-99"}], "data_situacao": "12/08/2010", "complemento": "QUADRA05 LOTE 04", "nome": "C. M. M. SILVA COMERCIO DE PISCINAS", "uf": "RJ", "telefone": "(22) 2772-0699/ (22) 2772-5508", "atividades_secundarias": [{"text": "Com\u00e9rcio varejista de materiais hidr\u00e1ulicos", "code": "47.44-0-03"}, {"text": "Com\u00e9rcio varejista de materiais de constru\u00e7\u00e3o em geral", "code": "47.44-0-99"}, {"text": "Com\u00e9rcio varejista de material el\u00e9trico", "code": "47.42-3-00"}, {"text": "Com\u00e9rcio varejista de m\u00f3veis", "code": "47.54-7-01"}, {"text": "Manuten\u00e7\u00e3o e repara\u00e7\u00e3o de equipamentos hidr\u00e1ulicos e pneum\u00e1ticos, exceto v\u00e1lvulas", "code": "33.14-7-02"}], "situacao": "ATIVA", "bairro": "PRAIA CAMPISTA", "logradouro": "AV GUADALAJARA", "numero": "S/N", "cep": "27.923-220", "municipio": "MACAE", "porte": "MICRO EMPRESA", "abertura": "12/08/2010", "natureza_juridica": "213-5 - Empres\u00e1rio (Individual)", "fantasia": "ADAO PISCINAS", "cnpj": "06.113.208/0002-84", "ultima_atualizacao": "2020-02-07T23:13:57.108Z", "status": "OK", "tipo": "FILIAL", "email": "", "efr": "", "motivo_situacao": "", "situacao_especial": "", "data_situacao_especial": "", "capital_social": "0.00", "qsa": [], "extra": {}, "billing": {"free": false, "database": false}}