{"data_situacao": "18/09/2018", "motivo_situacao": "OMISSAO DE DECLARACOES", "nome": "INSTITUTO GRUPO ESCOTEIRO MACAHE", "qsa": [{"qual": "16-Presidente", "nome": "FABIANE CORDEIRO PEREIRA GOMES"}], "situacao": "INAPTA", "porte": "DEMAIS", "abertura": "09/02/2004", "natureza_juridica": "399-9 - Associa\u00e7\u00e3o Privada", "fantasia": "IGEM", "cnpj": "06.129.485/0001-02", "ultima_atualizacao": "2020-02-08T00:42:27.575Z", "status": "OK", "tipo": "MATRIZ", "logradouro": "", "numero": "", "complemento": "", "cep": "", "bairro": "", "municipio": "", "uf": "", "email": "", "telefone": "", "efr": "", "situacao_especial": "", "data_situacao_especial": "", "atividade_principal": [{"code": "00.00-0-00", "text": "********"}], "atividades_secundarias": [{"code": "00.00-0-00", "text": "N\u00e3o informada"}], "capital_social": "0.00", "extra": {}, "billing": {"free": false, "database": false}}