{"atividade_principal": [{"text": "Com\u00e9rcio varejista de outros artigos de uso pessoal e dom\u00e9stico n\u00e3o especificados anteriormente", "code": "47.59-8-99"}], "data_situacao": "23/10/2004", "complemento": "CONJ 163 ANDAR 16", "nome": "SOLUCAO INOX COMERCIO DE EQUIPAMENTOS INDUSTRIAIS EIRELI", "uf": "SP", "telefone": "(19) 3232-2829", "email": "solucaoinox@solucaoinox.com.br", "atividades_secundarias": [{"text": "Com\u00e9rcio varejista especializado de eletrodom\u00e9sticos e equipamentos de \u00e1udio e v\u00eddeo", "code": "47.53-9-00"}, {"text": "Com\u00e9rcio varejista especializado de equipamentos e suprimentos de inform\u00e1tica", "code": "47.51-2-01"}], "qsa": [{"qual": "65-Titular Pessoa F\u00edsica Residente ou Domiciliado no Brasil", "nome": "MURILO CAMARGO LIMA"}], "situacao": "ATIVA", "bairro": "CENTRO", "logradouro": "R BARAO DE JAGUARA", "numero": "1481", "cep": "13.015-002", "municipio": "CAMPINAS", "porte": "DEMAIS", "abertura": "25/02/2004", "natureza_juridica": "230-5 - Empresa Individual de Responsabilidade Limitada (de Natureza Empres\u00e1ria)", "cnpj": "06.137.445/0001-02", "ultima_atualizacao": "2020-02-07T23:34:22.897Z", "status": "OK", "tipo": "MATRIZ", "fantasia": "", "efr": "", "motivo_situacao": "", "situacao_especial": "", "data_situacao_especial": "", "capital_social": "1000000.00", "extra": {}, "billing": {"free": false, "database": false}}