{"atividade_principal": [{"text": "Constru\u00e7\u00e3o de edif\u00edcios", "code": "41.20-4-00"}], "data_situacao": "31/03/2004", "complemento": "BLC 1 A SAL 0730", "nome": "INNOVA RIO ENGENHARIA E CONSTRUCOES LTDA", "uf": "RJ", "telefone": "(21) 2494-9194", "atividades_secundarias": [{"text": "Fabrica\u00e7\u00e3o de estruturas met\u00e1licas", "code": "25.11-0-00"}, {"text": "Montagem de estruturas met\u00e1licas", "code": "42.92-8-01"}, {"text": "Obras de montagem industrial", "code": "42.92-8-02"}, {"text": "Instala\u00e7\u00f5es hidr\u00e1ulicas, sanit\u00e1rias e de g\u00e1s", "code": "43.22-3-01"}, {"text": "Com\u00e9rcio varejista de materiais de constru\u00e7\u00e3o em geral", "code": "47.44-0-99"}, {"text": "Servi\u00e7os de engenharia", "code": "71.12-0-00"}], "qsa": [{"qual": "49-S\u00f3cio-Administrador", "nome": "JOAO PAULO CREDMANN BOTTREL"}, {"qual": "22-S\u00f3cio", "nome": "JOAO OLEGARIO BOTREL TAVARES"}], "situacao": "ATIVA", "bairro": "JACAREPAGUA", "logradouro": "AV TRES PAA 10448/ PAL 40481", "numero": "00605", "cep": "22.775-040", "municipio": "RIO DE JANEIRO", "porte": "DEMAIS", "abertura": "31/03/2004", "natureza_juridica": "206-2 - Sociedade Empres\u00e1ria Limitada", "fantasia": "INNOVASTEEL", "cnpj": "06.181.476/0001-52", "ultima_atualizacao": "2020-02-07T23:01:54.382Z", "status": "OK", "tipo": "MATRIZ", "email": "", "efr": "", "motivo_situacao": "", "situacao_especial": "", "data_situacao_especial": "", "capital_social": "16000000.00", "extra": {}, "billing": {"free": false, "database": false}}