{"atividade_principal": [{"text": "Hot\u00e9is", "code": "55.10-8-01"}], "data_situacao": "05/02/2005", "nome": "ARCOS RIO PALACE HOTEL EIRELI", "uf": "RJ", "atividades_secundarias": [{"text": "Restaurantes e similares", "code": "56.11-2-01"}], "qsa": [{"qual": "65-Titular Pessoa F\u00edsica Residente ou Domiciliado no Brasil", "nome": "JUAN TUNAS SANTIAGO"}], "situacao": "ATIVA", "bairro": "CENTRO", "logradouro": "AV MEM DE SA", "numero": "117", "cep": "20.230-150", "municipio": "RIO DE JANEIRO", "porte": "DEMAIS", "abertura": "31/03/2004", "natureza_juridica": "230-5 - Empresa Individual de Responsabilidade Limitada (de Natureza Empres\u00e1ria)", "cnpj": "06.195.281/0001-61", "ultima_atualizacao": "2020-02-08T00:42:49.827Z", "status": "OK", "tipo": "MATRIZ", "fantasia": "", "complemento": "", "email": "", "telefone": "", "efr": "", "motivo_situacao": "", "situacao_especial": "", "data_situacao_especial": "", "capital_social": "1300000.00", "extra": {}, "billing": {"free": false, "database": false}}