{"atividade_principal": [{"text": "Atividade m\u00e9dica ambulatorial com recursos para realiza\u00e7\u00e3o de exames complementares", "code": "86.30-5-02"}], "data_situacao": "30/03/2004", "complemento": "ANDAR 1 E 2", "nome": "SAME - SERVICOS DE ATUACAO EM MEDICINA DE EMERGENCIA LTDA", "uf": "RJ", "telefone": "(22) 2020-2297", "email": "financeiro@same.med.br", "atividades_secundarias": [{"text": "Aluguel de equipamentos cient\u00edficos, m\u00e9dicos e hospitalares, sem operador", "code": "77.39-0-02"}, {"text": "UTI m\u00f3vel", "code": "86.21-6-01"}, {"text": "Atividades de profissionais da \u00e1rea de sa\u00fade n\u00e3o especificadas anteriormente", "code": "86.50-0-99"}], "qsa": [{"qual": "49-S\u00f3cio-Administrador", "nome": "CLEIDE VALERIA LESSA DE SOUZA GOULART"}, {"qual": "22-S\u00f3cio", "nome": "RICARDO GOULART SIMOES"}], "situacao": "ATIVA", "bairro": "CAVALEIROS", "logradouro": "AV NOSSA SENHORA DA GLORIA", "numero": "1895", "cep": "27.920-360", "municipio": "MACAE", "porte": "EMPRESA DE PEQUENO PORTE", "abertura": "30/03/2004", "natureza_juridica": "206-2 - Sociedade Empres\u00e1ria Limitada", "fantasia": "SAME", "cnpj": "06.217.910/0001-07", "ultima_atualizacao": "2020-02-08T00:25:40.777Z", "status": "OK", "tipo": "MATRIZ", "efr": "", "motivo_situacao": "", "situacao_especial": "", "data_situacao_especial": "", "capital_social": "1800000.00", "extra": {}, "billing": {"free": false, "database": false}}