{"atividade_principal": [{"text": "Ag\u00eancias de viagens", "code": "79.11-2-00"}], "data_situacao": "03/11/2005", "complemento": "APT 102", "nome": "R.L.L. MORAES AGENCIA DE TURISMO", "uf": "RJ", "telefone": "(22) 2772-6478/ (22) 2772-6756", "email": "ronaldo-moraes@uol.com.br", "atividades_secundarias": [{"text": "Operadores tur\u00edsticos", "code": "79.12-1-00"}, {"text": "Servi\u00e7os de reservas e outros servi\u00e7os de turismo n\u00e3o especificados anteriormente", "code": "79.90-2-00"}], "situacao": "ATIVA", "bairro": "CENTRO", "logradouro": "R SILVA JARDIM", "numero": "55", "cep": "27.910-340", "municipio": "MACAE", "porte": "MICRO EMPRESA", "abertura": "06/04/2004", "natureza_juridica": "213-5 - Empres\u00e1rio (Individual)", "cnpj": "06.251.145/0001-41", "ultima_atualizacao": "2020-02-08T00:48:05.036Z", "status": "OK", "tipo": "MATRIZ", "fantasia": "", "efr": "", "motivo_situacao": "", "situacao_especial": "", "data_situacao_especial": "", "capital_social": "0.00", "qsa": [], "extra": {}, "billing": {"free": false, "database": false}}