{"atividade_principal": [{"text": "Com\u00e9rcio varejista especializado de equipamentos e suprimentos de inform\u00e1tica", "code": "47.51-2-01"}], "data_situacao": "03/11/2005", "complemento": "LOJA 106", "nome": "D & D SERVICOS DE INFORMATICA LTDA", "uf": "RJ", "telefone": "(21) 3738-0093", "situacao": "ATIVA", "bairro": "MEIER", "logradouro": "R ANA BARBOSA", "numero": "47", "cep": "20.735-120", "municipio": "RIO DE JANEIRO", "porte": "MICRO EMPRESA", "abertura": "20/04/2004", "natureza_juridica": "206-2 - Sociedade Empres\u00e1ria Limitada", "fantasia": "INFO UNION", "cnpj": "06.270.388/0002-08", "ultima_atualizacao": "2020-02-07T23:09:36.879Z", "status": "OK", "tipo": "FILIAL", "email": "", "efr": "", "motivo_situacao": "", "situacao_especial": "", "data_situacao_especial": "", "atividades_secundarias": [{"code": "00.00-0-00", "text": "N\u00e3o informada"}], "capital_social": "0.00", "qsa": [], "extra": {}, "billing": {"free": false, "database": false}}