{"atividade_principal": [{"text": "Com\u00e9rcio atacadista de instrumentos e materiais para uso m\u00e9dico, cir\u00fargico, hospitalar e de laborat\u00f3rios", "code": "46.45-1-01"}], "data_situacao": "12/05/2004", "complemento": "COB 421", "nome": "PROGMED RIO COMERCIO E SERVICOS DE EQUIPAMENTOS HOSPITALARES LTDA", "uf": "RJ", "telefone": "(21) 3150-0440", "email": "dan.cont@yahoo.com.br", "atividades_secundarias": [{"text": "Com\u00e9rcio varejista de artigos m\u00e9dicos e ortop\u00e9dicos", "code": "47.73-3-00"}, {"text": "Repara\u00e7\u00e3o e manuten\u00e7\u00e3o de equipamentos eletroeletr\u00f4nicos de uso pessoal e dom\u00e9stico", "code": "95.21-5-00"}], "qsa": [{"qual": "49-S\u00f3cio-Administrador", "nome": "MARCO AURELIO LOURENCO DA ROCHA"}, {"qual": "22-S\u00f3cio", "nome": "VANESSA BAUER DOS SANTOS ROCHA"}], "situacao": "ATIVA", "bairro": "BARRA DA TIJUCA", "logradouro": "AV AYRTON SENNA", "numero": "1850", "cep": "22.775-003", "municipio": "RIO DE JANEIRO", "porte": "MICRO EMPRESA", "abertura": "12/05/2004", "natureza_juridica": "206-2 - Sociedade Empres\u00e1ria Limitada", "fantasia": "PROGMED RIO", "cnpj": "06.282.046/0001-27", "ultima_atualizacao": "2020-02-08T00:59:01.228Z", "status": "OK", "tipo": "MATRIZ", "efr": "", "motivo_situacao": "", "situacao_especial": "", "data_situacao_especial": "", "capital_social": "0.00", "extra": {}, "billing": {"free": false, "database": false}}