{"atividade_principal": [{"text": "Atividades de associa\u00e7\u00f5es de defesa de direitos sociais", "code": "94.30-8-00"}], "data_situacao": "03/11/2005", "complemento": "SALA 612", "nome": "UNIAO NACIONAL DOS CONSELHOS MUNICIPAIS DE EDUCACAO - UNCME", "uf": "DF", "telefone": "(61) 3263-099", "atividades_secundarias": [{"text": "Atividades de organiza\u00e7\u00f5es associativas ligadas \u00e0 cultura e \u00e0 arte", "code": "94.93-6-00"}, {"text": "Atividades associativas n\u00e3o especificadas anteriormente", "code": "94.99-5-00"}], "qsa": [{"qual": "16-Presidente", "nome": "MANOEL HUMBERTO GONZAGA LIMA"}], "situacao": "ATIVA", "bairro": "SETOR COMERCIAL SUL", "logradouro": "SCS QUADRA 06 EDIFICIO CARIOCA", "numero": "S/N", "cep": "70.325-900", "municipio": "BRASILIA", "porte": "DEMAIS", "abertura": "26/09/2002", "natureza_juridica": "399-9 - Associa\u00e7\u00e3o Privada", "fantasia": "UNCME", "cnpj": "06.354.628/0001-71", "ultima_atualizacao": "2020-02-08T00:13:12.508Z", "status": "OK", "tipo": "MATRIZ", "email": "", "efr": "", "motivo_situacao": "", "situacao_especial": "", "data_situacao_especial": "", "capital_social": "0.00", "extra": {}, "billing": {"free": false, "database": false}}