{"atividade_principal": [{"text": "Administra\u00e7\u00e3o de caixas escolares", "code": "85.50-3-01"}], "data_situacao": "21/06/2004", "complemento": "IGREJA ASSEBLEIA DE D", "nome": "CONSELHO ESCOLAR DA ESCOLA MUNICIPAL DE EDUCACAO INFANTIL CHRISTOS JEAN KOUSOULAS", "uf": "RJ", "telefone": "(22) 2772-4955", "atividades_secundarias": [{"text": "Outras atividades de ensino n\u00e3o especificadas anteriormente", "code": "85.99-6-99"}], "qsa": [{"qual": "16-Presidente", "nome": "ROSANE VIEIRA BOTELHO"}], "situacao": "ATIVA", "bairro": "NOVA HOLANDA", "logradouro": "R JACINTO MAGRINAM", "numero": "21", "cep": "27.975-280", "municipio": "MACAE", "porte": "DEMAIS", "abertura": "21/06/2004", "natureza_juridica": "399-9 - Associa\u00e7\u00e3o Privada", "fantasia": "CE EMEICJK", "cnpj": "06.369.007/0001-61", "ultima_atualizacao": "2020-02-07T23:50:14.851Z", "status": "OK", "tipo": "MATRIZ", "email": "", "efr": "", "motivo_situacao": "", "situacao_especial": "", "data_situacao_especial": "", "capital_social": "0.00", "extra": {}, "billing": {"free": false, "database": false}}