{"atividade_principal": [{"text": "Com\u00e9rcio varejista de artigos m\u00e9dicos e ortop\u00e9dicos", "code": "47.73-3-00"}], "data_situacao": "14/07/2004", "complemento": "SALA 303", "nome": "AZEVEDO FERREIRA COMERCIO DE MATERIAL HOSPITALAR LTDA", "uf": "RJ", "telefone": "(22) 3824-3240", "email": "fiscal.contabilmed@gmail.com", "atividades_secundarias": [{"text": "Com\u00e9rcio atacadista de instrumentos e materiais para uso m\u00e9dico, cir\u00fargico, hospitalar e de laborat\u00f3rios", "code": "46.45-1-01"}, {"text": "Com\u00e9rcio atacadista de produtos odontol\u00f3gicos", "code": "46.45-1-03"}, {"text": "Aluguel de equipamentos cient\u00edficos, m\u00e9dicos e hospitalares, sem operador", "code": "77.39-0-02"}], "qsa": [{"qual": "49-S\u00f3cio-Administrador", "nome": "ADEMIR MARQUES FERREIRA"}, {"qual": "22-S\u00f3cio", "nome": "DENISE DE AZEVEDO FERREIRA"}], "situacao": "ATIVA", "bairro": "PRESIDENTE COSTA E SILVA", "logradouro": "R THOMAZ TEIXEIRA DOS SANTOS", "numero": "98", "cep": "28.300-000", "municipio": "ITAPERUNA", "porte": "DEMAIS", "abertura": "14/07/2004", "natureza_juridica": "206-2 - Sociedade Empres\u00e1ria Limitada", "fantasia": "ENDO NEURO", "cnpj": "06.877.768/0001-24", "ultima_atualizacao": "2020-02-08T00:44:13.299Z", "status": "OK", "tipo": "MATRIZ", "efr": "", "motivo_situacao": "", "situacao_especial": "", "data_situacao_especial": "", "capital_social": "200000.00", "extra": {}, "billing": {"free": false, "database": false}}