{"atividade_principal": [{"text": "Com\u00e9rcio varejista especializado de equipamentos e suprimentos de inform\u00e1tica", "code": "47.51-2-01"}], "data_situacao": "23/07/2004", "nome": "CEZAR E TOLEDO INFORMATICA LTDA", "uf": "RJ", "telefone": "(22) 2555-4869", "atividades_secundarias": [{"text": "Com\u00e9rcio varejista de artigos de papelaria", "code": "47.61-0-03"}], "qsa": [{"qual": "49-S\u00f3cio-Administrador", "nome": "LIBERALINA MARIA DE LIMA SILVA"}, {"qual": "22-S\u00f3cio", "nome": "ANTONIA FERREIRA DE OLIVEIRA"}], "situacao": "ATIVA", "bairro": "CENTRO", "logradouro": "R ANTONIO ROCHA SILVA JUNIOR", "numero": "50", "cep": "28.500-000", "municipio": "CANTAGALO", "porte": "MICRO EMPRESA", "abertura": "23/07/2004", "natureza_juridica": "206-2 - Sociedade Empres\u00e1ria Limitada", "cnpj": "06.928.425/0001-41", "ultima_atualizacao": "2020-02-08T00:16:07.773Z", "status": "OK", "tipo": "MATRIZ", "fantasia": "", "complemento": "", "email": "", "efr": "", "motivo_situacao": "", "situacao_especial": "", "data_situacao_especial": "", "capital_social": "0.00", "extra": {}, "billing": {"free": false, "database": false}}