{"atividade_principal": [{"text": "Servi\u00e7os de pr\u00e9-impress\u00e3o", "code": "18.21-1-00"}], "data_situacao": "03/09/2004", "nome": "SPBRINDES IMPRESSOES LTDA", "uf": "SP", "telefone": "(11) 2364-8523", "email": "marcelo@spbrindes.com.br", "qsa": [{"qual": "49-S\u00f3cio-Administrador", "nome": "INDOLETI DIAS"}], "situacao": "ATIVA", "bairro": "MOOCA", "logradouro": "R CONSELHEIRO JOAO ALFREDO", "numero": "218", "cep": "03.106-060", "municipio": "SAO PAULO", "porte": "EMPRESA DE PEQUENO PORTE", "abertura": "03/09/2004", "natureza_juridica": "206-2 - Sociedade Empres\u00e1ria Limitada", "cnpj": "06.977.998/0001-65", "ultima_atualizacao": "2020-02-07T12:58:49.012Z", "status": "OK", "tipo": "MATRIZ", "fantasia": "", "complemento": "", "efr": "", "motivo_situacao": "", "situacao_especial": "", "data_situacao_especial": "", "atividades_secundarias": [{"code": "00.00-0-00", "text": "N\u00e3o informada"}], "capital_social": "15000.00", "extra": {}, "billing": {"free": false, "database": true}}