{"atividade_principal": [{"text": "Com\u00e9rcio atacadista de produtos odontol\u00f3gicos", "code": "46.45-1-03"}], "data_situacao": "01/09/2004", "complemento": "SLJ 207 LOJA 102 LOJA 103", "nome": "J.PINHEIRO-MATERIAIS MEDICOS E ODONTOLOGICOS LTDA", "uf": "RJ", "telefone": "(21) 2577-1670", "email": "brasildental@tripweb.com.br", "atividades_secundarias": [{"text": "Com\u00e9rcio atacadista de cosm\u00e9ticos e produtos de perfumaria", "code": "46.46-0-01"}, {"text": "Com\u00e9rcio atacadista de instrumentos e materiais para uso m\u00e9dico, cir\u00fargico, hospitalar e de laborat\u00f3rios", "code": "46.45-1-01"}, {"text": "Com\u00e9rcio atacadista de medicamentos e drogas de uso humano", "code": "46.44-3-01"}, {"text": "Com\u00e9rcio atacadista de produtos de higiene pessoal", "code": "46.46-0-02"}, {"text": "Com\u00e9rcio atacadista de pr\u00f3teses e artigos de ortopedia", "code": "46.45-1-02"}], "qsa": [{"qual": "49-S\u00f3cio-Administrador", "nome": "MANUEL PINHEIRO DA SILVA"}, {"qual": "49-S\u00f3cio-Administrador", "nome": "JOEL PINHEIRO DA SILVA"}], "situacao": "ATIVA", "bairro": "VILA ISABEL", "logradouro": "R SILVA PINTO", "numero": "49", "cep": "20.551-190", "municipio": "RIO DE JANEIRO", "porte": "EMPRESA DE PEQUENO PORTE", "abertura": "01/09/2004", "natureza_juridica": "206-2 - Sociedade Empres\u00e1ria Limitada", "fantasia": "BRASIL DENTAL", "cnpj": "07.010.532/0001-59", "ultima_atualizacao": "2020-02-08T00:24:18.328Z", "status": "OK", "tipo": "MATRIZ", "efr": "", "motivo_situacao": "", "situacao_especial": "", "data_situacao_especial": "", "capital_social": "300000.00", "extra": {}, "billing": {"free": false, "database": false}}