{"atividade_principal": [{"text": "Prepara\u00e7\u00e3o de massa de concreto e argamassa para constru\u00e7\u00e3o", "code": "23.30-3-05"}], "data_situacao": "22/05/2009", "complemento": "TREVO", "nome": "CONCRELAGOS CONCRETO LTDA", "uf": "RJ", "telefone": "(22) 3824-1071", "email": "apolo@concretoapolo.com.br", "situacao": "ATIVA", "bairro": "CABIUNAS", "logradouro": "EST MACAE / CARAPEBUS", "numero": "3", "cep": "27.910-000", "municipio": "MACAE", "porte": "DEMAIS", "abertura": "22/05/2009", "natureza_juridica": "206-2 - Sociedade Empres\u00e1ria Limitada", "cnpj": "07.015.016/0012-70", "ultima_atualizacao": "2020-02-08T01:09:58.719Z", "status": "OK", "tipo": "FILIAL", "fantasia": "", "efr": "", "motivo_situacao": "", "situacao_especial": "", "data_situacao_especial": "", "atividades_secundarias": [{"code": "00.00-0-00", "text": "N\u00e3o informada"}], "capital_social": "0.00", "qsa": [], "extra": {}, "billing": {"free": false, "database": false}}