{"atividade_principal": [{"text": "Servi\u00e7os de comunica\u00e7\u00e3o multim\u00eddia - SCM", "code": "61.10-8-03"}], "data_situacao": "28/10/2004", "complemento": "PARTE II", "nome": "INFOSHORE COMERCIO E SERVICOS DE TECNOLOGIA DA INFORMACAO E COMUNICACAO LTDA", "uf": "RJ", "telefone": "(22) 2105-7333", "atividades_secundarias": [{"text": "Manuten\u00e7\u00e3o de esta\u00e7\u00f5es e redes de telecomunica\u00e7\u00f5es", "code": "42.21-9-05"}, {"text": "Operadoras de televis\u00e3o por assinatura por cabo", "code": "61.41-8-00"}, {"text": "Provedores de acesso \u00e0s redes de comunica\u00e7\u00f5es", "code": "61.90-6-01"}, {"text": "Outras atividades de telecomunica\u00e7\u00f5es n\u00e3o especificadas anteriormente", "code": "61.90-6-99"}], "qsa": [{"qual": "49-S\u00f3cio-Administrador", "nome": "EVANDRO CAPISTRANO CUNHA"}, {"qual": "22-S\u00f3cio", "nome": "ANDRE PRADO CUNHA"}], "situacao": "ATIVA", "bairro": "SOL Y MAR", "logradouro": "AV CARLOS AUGUSTO TINOCO GARCIA", "numero": "1756", "cep": "27.940-370", "municipio": "MACAE", "porte": "MICRO EMPRESA", "abertura": "28/10/2004", "natureza_juridica": "206-2 - Sociedade Empres\u00e1ria Limitada", "fantasia": "INFOSHORE TELECOMUNICACAO", "cnpj": "07.123.880/0001-32", "ultima_atualizacao": "2020-02-08T00:38:36.446Z", "status": "OK", "tipo": "MATRIZ", "email": "", "efr": "", "motivo_situacao": "", "situacao_especial": "", "data_situacao_especial": "", "capital_social": "120000.00", "extra": {}, "billing": {"free": false, "database": false}}