{"atividade_principal": [{"text": "Laborat\u00f3rios de anatomia patol\u00f3gica e citol\u00f3gica", "code": "86.40-2-01"}], "data_situacao": "13/12/2004", "complemento": "1101", "nome": "FONTE MEDICINA DIAGNOSTICA LTDA.", "uf": "RJ", "qsa": [{"qual": "49-S\u00f3cio-Administrador", "nome": "ANDREA RODRIGUES CORDOVIL PIRES"}, {"qual": "49-S\u00f3cio-Administrador", "nome": "CLAUDIO RODRIGUES CORDOVIL PIRES"}, {"qual": "22-S\u00f3cio", "nome": "LAURA PONTES FAJARDO"}, {"qual": "22-S\u00f3cio", "nome": "RUBENS RODRIGUEZ"}], "situacao": "ATIVA", "bairro": "INGA", "logradouro": "R SAO SEBASTIAO", "numero": "18", "cep": "24.210-110", "municipio": "NITEROI", "porte": "DEMAIS", "abertura": "13/12/2004", "natureza_juridica": "224-0 - Sociedade Simples Limitada", "cnpj": "07.144.297/0001-08", "ultima_atualizacao": "2020-02-07T23:13:29.716Z", "status": "OK", "tipo": "MATRIZ", "fantasia": "", "email": "", "telefone": "", "efr": "", "motivo_situacao": "", "situacao_especial": "", "data_situacao_especial": "", "atividades_secundarias": [{"code": "00.00-0-00", "text": "N\u00e3o informada"}], "capital_social": "200000.00", "extra": {}, "billing": {"free": false, "database": false}}