{"atividade_principal": [{"text": "Fabrica\u00e7\u00e3o de outros produtos t\u00eaxteis n\u00e3o especificados anteriormente", "code": "13.59-6-00"}], "data_situacao": "14/12/2004", "complemento": "LOTE 88", "nome": "ERICKSON BANDEIRAS E UNIFORMES LTDA", "uf": "RJ", "telefone": "(22) 2522-5732/ (22) 2522-1042", "email": "dilsonsilva@uol.com.br", "atividades_secundarias": [{"text": "Confec\u00e7\u00e3o, sob medida, de roupas profissionais", "code": "14.13-4-02"}], "qsa": [{"qual": "49-S\u00f3cio-Administrador", "nome": "DARLENE MENDES DA SILVA DUARTE"}, {"qual": "49-S\u00f3cio-Administrador", "nome": "ERICKSON PENNA DUARTE"}], "situacao": "ATIVA", "bairro": "SUICO", "logradouro": "R MONTES JURA,", "numero": "70", "cep": "28.610-000", "municipio": "NOVA FRIBURGO", "porte": "MICRO EMPRESA", "abertura": "14/12/2004", "natureza_juridica": "206-2 - Sociedade Empres\u00e1ria Limitada", "fantasia": "D K BANDEIRAS E UNIFORMES", "cnpj": "07.141.980/0001-91", "ultima_atualizacao": "2020-02-07T12:21:06.480Z", "status": "OK", "tipo": "MATRIZ", "efr": "", "motivo_situacao": "", "situacao_especial": "", "data_situacao_especial": "", "capital_social": "0.00", "extra": {}, "billing": {"free": false, "database": true}}