{"atividade_principal": [{"text": "Atividades de intermedia\u00e7\u00e3o e agenciamento de servi\u00e7os e neg\u00f3cios em geral, exceto imobili\u00e1rios", "code": "74.90-1-04"}], "data_situacao": "19/04/2004", "complemento": "LOTE 14", "nome": "SPIRIT PARTICIPACOES LTDA", "uf": "RJ", "telefone": "(22) 2644-3543", "atividades_secundarias": [{"text": "Agenciamento de profissionais para atividades esportivas, culturais e art\u00edsticas", "code": "74.90-1-05"}, {"text": "Aluguel de m\u00e1quinas e equipamentos para constru\u00e7\u00e3o sem operador, exceto andaimes", "code": "77.32-2-01"}, {"text": "Atividades de administra\u00e7\u00e3o de fundos por contrato ou comiss\u00e3o", "code": "66.30-4-00"}, {"text": "Com\u00e9rcio atacadista de \u00e1gua mineral", "code": "46.35-4-01"}, {"text": "Com\u00e9rcio atacadista de bebidas n\u00e3o especificadas anteriormente", "code": "46.35-4-99"}, {"text": "Com\u00e9rcio atacadista de componentes eletr\u00f4nicos e equipamentos de telefonia e comunica\u00e7\u00e3o", "code": "46.52-4-00"}, {"text": "Com\u00e9rcio atacadista de equipamentos de inform\u00e1tica", "code": "46.51-6-01"}, {"text": "Com\u00e9rcio atacadista de M\u00e1quinas e equipamentos para uso industrial; partes e pe\u00e7as", "code": "46.63-0-00"}, {"text": "Com\u00e9rcio atacadista de m\u00e1quinas, equipamentos para terraplenagem, minera\u00e7\u00e3o e constru\u00e7\u00e3o; partes e pe\u00e7as", "code": "46.62-1-00"}, {"text": "Com\u00e9rcio atacadista de materiais de constru\u00e7\u00e3o em geral", "code": "46.79-6-99"}, {"text": "Com\u00e9rcio atacadista de mercadorias em geral, sem predomin\u00e2ncia de alimentos ou de insumos agropecu\u00e1rios", "code": "46.93-1-00"}, {"text": "Com\u00e9rcio atacadista de outras m\u00e1quinas e equipamentos n\u00e3o especificados anteriormente; partes e pe\u00e7as", "code": "46.69-9-99"}, {"text": "Com\u00e9rcio atacadista de produtos aliment\u00edcios em geral", "code": "46.39-7-01"}, {"text": "Com\u00e9rcio atacadista de suprimentos para inform\u00e1tica", "code": "46.51-6-02"}, {"text": "Consultoria em publicidade", "code": "73.19-0-04"}, {"text": "Loca\u00e7\u00e3o de autom\u00f3veis sem condutor", "code": "77.11-0-00"}, {"text": "Outras sociedades de participa\u00e7\u00e3o, exceto holdings", "code": "64.63-8-00"}, {"text": "Outros representantes comerciais e agentes do com\u00e9rcio especializado em produtos n\u00e3o especificados anteriormente", "code": "46.18-4-99"}, {"text": "Produ\u00e7\u00e3o de espet\u00e1culos circenses, de marionetes e similares", "code": "90.01-9-04"}, {"text": "Produ\u00e7\u00e3o de espet\u00e1culos de dan\u00e7a", "code": "90.01-9-03"}, {"text": "Produ\u00e7\u00e3o e promo\u00e7\u00e3o de eventos esportivos", "code": "93.19-1-01"}, {"text": "Produ\u00e7\u00e3o musical", "code": "90.01-9-02"}, {"text": "Produ\u00e7\u00e3o teatral", "code": "90.01-9-01"}, {"text": "Representantes comerciais e agentes do com\u00e9rcio de m\u00e1quinas, equipamentos, embarca\u00e7\u00f5es e aeronaves", "code": "46.14-1-00"}, {"text": "Representantes comerciais e agentes do com\u00e9rcio de mercadorias em geral n\u00e3o especializado", "code": "46.19-2-00"}, {"text": "Representantes comerciais e agentes do com\u00e9rcio de produtos aliment\u00edcios, bebidas e fumo", "code": "46.17-6-00"}, {"text": "Servi\u00e7os de alimenta\u00e7\u00e3o para eventos e recep\u00e7\u00f5es - buf\u00ea", "code": "56.20-1-02"}, {"text": "Servi\u00e7os de engenharia", "code": "71.12-0-00"}, {"text": "Servi\u00e7os de opera\u00e7\u00e3o e fornecimento de equipamentos para transporte e eleva\u00e7\u00e3o de cargas e pessoas para uso em obras", "code": "43.99-1-04"}, {"text": "Servi\u00e7os de remo\u00e7\u00e3o de pacientes, exceto os servi\u00e7os m\u00f3veis de atendimento a urg\u00eancias", "code": "86.22-4-00"}, {"text": "Com\u00e9rcio atacadista de cerveja, chope e refrigerante", "code": "46.35-4-02"}, {"text": "Servi\u00e7os de organiza\u00e7\u00e3o de feiras, congressos, exposi\u00e7\u00f5es e festas", "code": "82.30-0-01"}], "qsa": [{"qual": "49-S\u00f3cio-Administrador", "nome": "FROILAN MOREIRA DE MORAES"}], "situacao": "ATIVA", "bairro": "BAIXO GRANDE", "logradouro": "R EURIBIO RODRIGUES DA FONSECA", "numero": "S/N", "cep": "28.940-090", "municipio": "SAO PEDRO DA ALDEIA", "porte": "DEMAIS", "abertura": "19/04/2004", "natureza_juridica": "206-2 - Sociedade Empres\u00e1ria Limitada", "fantasia": "SPIRIT ENTRETENIMENTOS", "cnpj": "07.219.982/0001-56", "ultima_atualizacao": "2020-02-08T00:24:00.242Z", "status": "OK", "tipo": "MATRIZ", "email": "", "efr": "", "motivo_situacao": "", "situacao_especial": "", "data_situacao_especial": "", "capital_social": "2500000.00", "extra": {}, "billing": {"free": false, "database": false}}