{"atividade_principal": [{"text": "Loca\u00e7\u00e3o de autom\u00f3veis sem condutor", "code": "77.11-0-00"}], "data_situacao": "18/07/2019", "nome": "TIFER TRANSPORTES LTDA", "uf": "RJ", "atividades_secundarias": [{"text": "Servi\u00e7o de transporte de passageiros - loca\u00e7\u00e3o de autom\u00f3veis com motorista", "code": "49.23-0-02"}], "qsa": [{"qual": "49-S\u00f3cio-Administrador", "nome": "TIAGO MARQUES DE MORAES"}, {"qual": "22-S\u00f3cio", "nome": "VANILDA DE MORAES KEELER"}], "situacao": "ATIVA", "bairro": "PARQUE VAL. MIRANDA", "logradouro": "R DOS ADVOGADOS", "numero": "46", "cep": "27.915-210", "municipio": "MACAE", "porte": "MICRO EMPRESA", "abertura": "04/02/2005", "natureza_juridica": "206-2 - Sociedade Empres\u00e1ria Limitada", "cnpj": "07.244.139/0001-20", "ultima_atualizacao": "2020-02-08T00:21:40.351Z", "status": "OK", "tipo": "MATRIZ", "fantasia": "", "complemento": "", "email": "", "telefone": "", "efr": "", "motivo_situacao": "", "situacao_especial": "", "data_situacao_especial": "", "capital_social": "150000.00", "extra": {}, "billing": {"free": false, "database": false}}