{"atividade_principal": [{"text": "Navega\u00e7\u00e3o de apoio mar\u00edtimo", "code": "50.30-1-01"}], "data_situacao": "24/02/2005", "complemento": "APT 101", "nome": "POLARES TRANSPORTES MARITIMOS LTDA", "uf": "RJ", "telefone": "(22) 2772-0953", "email": "polares@polarestransportes.com.br", "atividades_secundarias": [{"text": "Aluguel de outras m\u00e1quinas e equipamentos comerciais e industriais n\u00e3o especificados anteriormente, sem operador", "code": "77.39-0-99"}, {"text": "Dep\u00f3sitos de mercadorias para terceiros, exceto armaz\u00e9ns gerais e guarda-m\u00f3veis", "code": "52.11-7-99"}, {"text": "Escafandria e mergulho", "code": "74.90-1-02"}, {"text": "Limpeza em pr\u00e9dios e em domic\u00edlios", "code": "81.21-4-00"}, {"text": "Loca\u00e7\u00e3o de autom\u00f3veis sem condutor", "code": "77.11-0-00"}, {"text": "Loca\u00e7\u00e3o de embarca\u00e7\u00f5es sem tripula\u00e7\u00e3o, exceto para fins recreativos", "code": "77.19-5-01"}, {"text": "Navega\u00e7\u00e3o de apoio portu\u00e1rio", "code": "50.30-1-02"}, {"text": "Organiza\u00e7\u00e3o log\u00edstica do transporte de carga", "code": "52.50-8-04"}, {"text": "Servi\u00e7o de rebocadores e empurradores", "code": "50.30-1-03"}, {"text": "Servi\u00e7os de cartografia, topografia e geod\u00e9sia", "code": "71.19-7-01"}, {"text": "Transporte aquavi\u00e1rio para passeios tur\u00edsticos", "code": "50.99-8-01"}, {"text": "Transporte por navega\u00e7\u00e3o interior de passageiros em linhas regulares, municipal, exceto travessia", "code": "50.22-0-01"}, {"text": "Transporte rodovi\u00e1rio coletivo de passageiros, sob regime de fretamento, municipal", "code": "49.29-9-01"}], "qsa": [{"qual": "49-S\u00f3cio-Administrador", "nome": "MARIA LUIZA VIEIRA DE LIMA"}, {"qual": "22-S\u00f3cio", "nome": "BRAZ DUTRA DE LIMA"}], "situacao": "ATIVA", "bairro": "CENTRO", "logradouro": "R COMPOSITOR BENEDITO LACERDA", "numero": "45", "cep": "27.913-000", "municipio": "MACAE", "porte": "EMPRESA DE PEQUENO PORTE", "abertura": "24/02/2005", "natureza_juridica": "206-2 - Sociedade Empres\u00e1ria Limitada", "fantasia": "POLARES TRANSPORTES MARITIMOS", "cnpj": "07.269.288/0001-43", "ultima_atualizacao": "2020-02-08T00:29:47.296Z", "status": "OK", "tipo": "MATRIZ", "efr": "", "motivo_situacao": "", "situacao_especial": "", "data_situacao_especial": "", "capital_social": "500000.00", "extra": {}, "billing": {"free": false, "database": false}}