{"atividade_principal": [{"text": "Com\u00e9rcio atacadista de instrumentos e materiais para uso m\u00e9dico, cir\u00fargico, hospitalar e de laborat\u00f3rios", "code": "46.45-1-01"}], "data_situacao": "04/03/2005", "nome": "SINAL VITAL COMERCIAL DE PRODUTOS MEDICOS E SERVICOS LTDA", "uf": "RJ", "telefone": "(21) 2284-1666", "email": "comercial@sinalvital.com.br", "atividades_secundarias": [{"text": "Manuten\u00e7\u00e3o e repara\u00e7\u00e3o de m\u00e1quinas e equipamentos para uso geral n\u00e3o especificados anteriormente", "code": "33.14-7-10"}, {"text": "Manuten\u00e7\u00e3o e repara\u00e7\u00e3o de equipamentos e produtos n\u00e3o especificados anteriormente", "code": "33.19-8-00"}, {"text": "Representantes comerciais e agentes do com\u00e9rcio de instrumentos e materiais odonto-m\u00e9dico-hospitalares", "code": "46.18-4-02"}, {"text": "Com\u00e9rcio atacadista de m\u00e1quinas, aparelhos e equipamentos para uso odonto-m\u00e9dico-hospitalar; partes e pe\u00e7as", "code": "46.64-8-00"}, {"text": "Com\u00e9rcio varejista de artigos m\u00e9dicos e ortop\u00e9dicos", "code": "47.73-3-00"}, {"text": "Aluguel de material m\u00e9dico", "code": "77.29-2-03"}, {"text": "Treinamento em desenvolvimento profissional e gerencial", "code": "85.99-6-04"}], "qsa": [{"qual": "49-S\u00f3cio-Administrador", "nome": "MAURO CELNIK"}, {"qual": "22-S\u00f3cio", "nome": "GISELLE TEIXEIRA DE SOUZA"}, {"qual": "22-S\u00f3cio", "nome": "ANTONIO APARECIDO GEORGETE"}], "situacao": "ATIVA", "bairro": "ROCHA", "logradouro": "R GENERAL BELFORD", "numero": "492", "cep": "20.961-000", "municipio": "RIO DE JANEIRO", "porte": "DEMAIS", "abertura": "04/03/2005", "natureza_juridica": "206-2 - Sociedade Empres\u00e1ria Limitada", "cnpj": "07.270.468/0001-45", "ultima_atualizacao": "2020-02-08T00:43:53.578Z", "status": "OK", "tipo": "MATRIZ", "fantasia": "", "complemento": "", "efr": "", "motivo_situacao": "", "situacao_especial": "", "data_situacao_especial": "", "capital_social": "255000.00", "extra": {}, "billing": {"free": false, "database": false}}