{"atividade_principal": [{"text": "Pintura para sinaliza\u00e7\u00e3o em pistas rodovi\u00e1rias e aeroportos", "code": "42.11-1-02"}], "data_situacao": "14/03/2005", "nome": "FIRE DE CAMPOS EMPREENDIMENTOS LTDA", "uf": "RJ", "telefone": "(22) 2722-4477", "atividades_secundarias": [{"text": "Fabrica\u00e7\u00e3o de equipamentos para sinaliza\u00e7\u00e3o e alarme", "code": "27.90-2-02"}, {"text": "Manuten\u00e7\u00e3o e repara\u00e7\u00e3o de aparelhos e instrumentos de medida, teste e controle", "code": "33.12-1-02"}, {"text": "Servi\u00e7os de engenharia", "code": "71.12-0-00"}, {"text": "Aluguel de outras m\u00e1quinas e equipamentos comerciais e industriais n\u00e3o especificados anteriormente, sem operador", "code": "77.39-0-99"}], "qsa": [{"qual": "22-S\u00f3cio", "nome": "CARLOS ALBERTO NASCIMENTO ARAUJO"}, {"qual": "49-S\u00f3cio-Administrador", "nome": "JOAO CARLOS DE SIQUEIRA ARAUJO"}], "situacao": "ATIVA", "bairro": "PQE TARCISIO MIRANDA", "logradouro": "AV DR ARTHUR BERNADES", "numero": "832", "cep": "28.015-325", "municipio": "CAMPOS DOS GOYTACAZES", "porte": "EMPRESA DE PEQUENO PORTE", "abertura": "14/03/2005", "natureza_juridica": "206-2 - Sociedade Empres\u00e1ria Limitada", "cnpj": "07.301.795/0001-17", "ultima_atualizacao": "2020-02-08T00:48:37.280Z", "status": "OK", "tipo": "MATRIZ", "fantasia": "", "complemento": "", "email": "", "efr": "", "motivo_situacao": "", "situacao_especial": "", "data_situacao_especial": "", "capital_social": "4000000.00", "extra": {}, "billing": {"free": false, "database": false}}