{"atividade_principal": [{"text": "Aluguel de outras m\u00e1quinas e equipamentos comerciais e industriais n\u00e3o especificados anteriormente, sem operador", "code": "77.39-0-99"}], "data_situacao": "30/03/2005", "complemento": "SALA 103", "nome": "RIO LOURO LOCACAO DE MAQUINAS E EQUIPAMENTOS EIRELI", "uf": "RJ", "telefone": "(22) 2791-0301", "email": "contadorallanmiranda@globo.com", "atividades_secundarias": [{"text": "Servi\u00e7o de transporte de passageiros - loca\u00e7\u00e3o de autom\u00f3veis com motorista", "code": "49.23-0-02"}, {"text": "Organiza\u00e7\u00e3o de excurs\u00f5es em ve\u00edculos rodovi\u00e1rios pr\u00f3prios, municipal", "code": "49.29-9-03"}, {"text": "Transporte rodovi\u00e1rio de carga, exceto produtos perigosos e mudan\u00e7as, municipal", "code": "49.30-2-01"}, {"text": "Obras de terraplenagem", "code": "43.13-4-00"}, {"text": "Outras obras de instala\u00e7\u00f5es em constru\u00e7\u00f5es n\u00e3o especificadas anteriormente", "code": "43.29-1-99"}, {"text": "Aluguel de m\u00e1quinas e equipamentos agr\u00edcolas sem operador", "code": "77.31-4-00"}, {"text": "Loca\u00e7\u00e3o de autom\u00f3veis sem condutor", "code": "77.11-0-00"}], "qsa": [{"qual": "65-Titular Pessoa F\u00edsica Residente ou Domiciliado no Brasil", "nome": "RENATA PIRES ARCHANGELO BESADA"}], "situacao": "ATIVA", "bairro": "VISCONDE DE ARAUJO", "logradouro": "R DARCILIO POSSATI", "numero": "162", "cep": "27.943-110", "municipio": "MACAE", "porte": "EMPRESA DE PEQUENO PORTE", "abertura": "30/03/2005", "natureza_juridica": "230-5 - Empresa Individual de Responsabilidade Limitada (de Natureza Empres\u00e1ria)", "fantasia": "RIO LOURO LOCACOES", "cnpj": "07.328.492/0001-98", "ultima_atualizacao": "2020-02-07T23:57:04.715Z", "status": "OK", "tipo": "MATRIZ", "efr": "", "motivo_situacao": "", "situacao_especial": "", "data_situacao_especial": "", "capital_social": "400000.00", "extra": {}, "billing": {"free": false, "database": false}}