{"atividade_principal": [{"text": "Obras de alvenaria", "code": "43.99-1-03"}], "data_situacao": "03/03/2005", "nome": "R. J. SERVISAN CONSTRUCAO E SERVICOS EIRELI", "uf": "RJ", "atividades_secundarias": [{"text": "Outras obras de acabamento da constru\u00e7\u00e3o", "code": "43.30-4-99"}], "qsa": [{"qual": "65-Titular Pessoa F\u00edsica Residente ou Domiciliado no Brasil", "nome": "ROGERIO ABREU CANELA"}], "situacao": "ATIVA", "bairro": "PARQUE FLAMBOYANT", "logradouro": "R SEBASTIAO CLOVIS TAVARES", "numero": "32/36", "cep": "28.020-263", "municipio": "CAMPOS DOS GOYTACAZES", "porte": "MICRO EMPRESA", "abertura": "03/03/2005", "natureza_juridica": "230-5 - Empresa Individual de Responsabilidade Limitada (de Natureza Empres\u00e1ria)", "cnpj": "07.367.262/0001-38", "ultima_atualizacao": "2020-02-07T23:38:41.616Z", "status": "OK", "tipo": "MATRIZ", "fantasia": "", "complemento": "", "email": "", "telefone": "", "efr": "", "motivo_situacao": "", "situacao_especial": "", "data_situacao_especial": "", "capital_social": "500000.00", "extra": {}, "billing": {"free": false, "database": false}}