{"atividade_principal": [{"text": "Com\u00e9rcio atacadista de produtos de higiene, limpeza e conserva\u00e7\u00e3o domiciliar", "code": "46.49-4-08"}], "data_situacao": "04/05/2005", "nome": "LATTANZI COMERCIO DE PRODUTOS DE LIMPEZA E DESCARTAVEIS LTDA", "uf": "RJ", "atividades_secundarias": [{"text": "Com\u00e9rcio atacadista de alimentos para animais", "code": "46.23-1-09"}, {"text": "Com\u00e9rcio atacadista de produtos aliment\u00edcios em geral", "code": "46.39-7-01"}, {"text": "Com\u00e9rcio atacadista de artigos de escrit\u00f3rio e de papelaria", "code": "46.47-8-01"}, {"text": "Com\u00e9rcio atacadista de materiais de constru\u00e7\u00e3o em geral", "code": "46.79-6-99"}], "qsa": [{"qual": "49-S\u00f3cio-Administrador", "nome": "JORGE LUIS VEIGA MATTOS"}, {"qual": "49-S\u00f3cio-Administrador", "nome": "CLAUDIO VEIGA MATTOS"}], "situacao": "ATIVA", "bairro": "BALNEARIO REMANSO", "logradouro": "R SAO FRANCISCO", "numero": "336", "cep": "28.890-001", "municipio": "RIO DAS OSTRAS", "porte": "MICRO EMPRESA", "abertura": "04/05/2005", "natureza_juridica": "206-2 - Sociedade Empres\u00e1ria Limitada", "cnpj": "07.412.807/0001-80", "ultima_atualizacao": "2020-02-08T01:11:01.812Z", "status": "OK", "tipo": "MATRIZ", "fantasia": "", "complemento": "", "email": "", "telefone": "", "efr": "", "motivo_situacao": "", "situacao_especial": "", "data_situacao_especial": "", "capital_social": "700000.00", "extra": {}, "billing": {"free": false, "database": false}}