{"data_situacao": "12/04/2017", "motivo_situacao": "INTERRUPCAO TEMP ATIVIDADES", "nome": "PERFIL SERVICOS EMPRESARIAIS LTDA", "telefone": "(22) 2765-1974", "qsa": [{"qual": "49-S\u00f3cio-Administrador", "nome": "JOSIVAL DE JESUS OLIVEIRA"}], "situacao": "SUSPENSA", "porte": "EMPRESA DE PEQUENO PORTE", "abertura": "31/05/2005", "natureza_juridica": "206-2 - Sociedade Empres\u00e1ria Limitada", "fantasia": "PERFIL SERVICOS EMPRESARIAIS", "cnpj": "07.425.525/0001-18", "ultima_atualizacao": "2020-02-07T23:50:55.391Z", "status": "OK", "tipo": "MATRIZ", "logradouro": "", "numero": "", "complemento": "", "cep": "", "bairro": "", "municipio": "", "uf": "", "email": "", "efr": "", "situacao_especial": "", "data_situacao_especial": "", "atividade_principal": [{"code": "00.00-0-00", "text": "********"}], "atividades_secundarias": [{"code": "00.00-0-00", "text": "N\u00e3o informada"}], "capital_social": "350000.00", "extra": {}, "billing": {"free": false, "database": false}}