{"data_situacao": "29/03/2019", "motivo_situacao": "OMISSAO DE DECLARACOES", "nome": "PURART DE MACAE SERVICOS DE DIGITALIZACOES E EDIFICACOES LIMITADA", "telefone": "(22) 2762-5020/ (22) 2772-0627", "qsa": [{"qual": "49-S\u00f3cio-Administrador", "nome": "RODRIGO PINHEIRO MARQUES BORGES"}, {"qual": "22-S\u00f3cio", "nome": "JOSE JOAO MUANES NETO"}], "situacao": "INAPTA", "porte": "EMPRESA DE PEQUENO PORTE", "abertura": "18/05/2005", "natureza_juridica": "206-2 - Sociedade Empres\u00e1ria Limitada", "fantasia": "TECNOARTE", "cnpj": "07.425.510/0001-50", "ultima_atualizacao": "2020-02-08T00:04:17.242Z", "status": "OK", "tipo": "MATRIZ", "logradouro": "", "numero": "", "complemento": "", "cep": "", "bairro": "", "municipio": "", "uf": "", "email": "", "efr": "", "situacao_especial": "", "data_situacao_especial": "", "atividade_principal": [{"code": "00.00-0-00", "text": "********"}], "atividades_secundarias": [{"code": "00.00-0-00", "text": "N\u00e3o informada"}], "capital_social": "1000000.00", "extra": {}, "billing": {"free": false, "database": false}}