{"data_situacao": "25/09/2018", "motivo_situacao": "OMISSAO DE DECLARACOES", "nome": "INSTITUTO CHRISTIANE SALLES", "telefone": "(22) 2759-2731", "qsa": [{"qual": "16-Presidente", "nome": "ANA MARIA PINTO"}, {"qual": "10-Diretor", "nome": "SANDRA BIZZO RAMOS"}, {"qual": "10-Diretor", "nome": "ALOISIO EUGENIO DE ALMEIDA"}], "situacao": "INAPTA", "porte": "DEMAIS", "abertura": "23/05/2005", "natureza_juridica": "399-9 - Associa\u00e7\u00e3o Privada", "fantasia": "INSTITUTO CHRISTIANE SALLES", "cnpj": "07.432.638/0001-40", "ultima_atualizacao": "2020-02-07T23:27:05.590Z", "status": "OK", "tipo": "MATRIZ", "logradouro": "", "numero": "", "complemento": "", "cep": "", "bairro": "", "municipio": "", "uf": "", "email": "", "efr": "", "situacao_especial": "", "data_situacao_especial": "", "atividade_principal": [{"code": "00.00-0-00", "text": "********"}], "atividades_secundarias": [{"code": "00.00-0-00", "text": "N\u00e3o informada"}], "capital_social": "0.00", "extra": {}, "billing": {"free": false, "database": false}}