{"atividade_principal": [{"text": "Com\u00e9rcio atacadista de instrumentos e materiais para uso m\u00e9dico, cir\u00fargico, hospitalar e de laborat\u00f3rios", "code": "46.45-1-01"}], "data_situacao": "24/06/2005", "complemento": "BLOCO 2 SALAS 308 A 316", "nome": "ZEIKI MEDICAL - PRODUTOS MEDICOS LTDA.", "uf": "RJ", "telefone": "(21) 3217-6490", "email": "comercial@zeiki.com.br", "atividades_secundarias": [{"text": "Com\u00e9rcio atacadista de medicamentos e drogas de uso humano", "code": "46.44-3-01"}, {"text": "Com\u00e9rcio atacadista de m\u00e1quinas, aparelhos e equipamentos para uso odonto-m\u00e9dico-hospitalar; partes e pe\u00e7as", "code": "46.64-8-00"}, {"text": "Aluguel de equipamentos cient\u00edficos, m\u00e9dicos e hospitalares, sem operador", "code": "77.39-0-02"}, {"text": "Manuten\u00e7\u00e3o e repara\u00e7\u00e3o de aparelhos eletrom\u00e9dicos e eletroterap\u00eauticos e equipamentos de irradia\u00e7\u00e3o", "code": "33.12-1-03"}, {"text": "Outras sociedades de participa\u00e7\u00e3o, exceto holdings", "code": "64.63-8-00"}], "qsa": [{"qual": "49-S\u00f3cio-Administrador", "nome": "MARCUS JOSE BARROSO PIERUCCI"}, {"qual": "49-S\u00f3cio-Administrador", "nome": "MARCIA SEIXAS BARROSO PIERUCCI"}, {"qual": "49-S\u00f3cio-Administrador", "nome": "SERGIO ALEXANDER DE ALMEIDA MARON"}, {"qual": "49-S\u00f3cio-Administrador", "nome": "VICTOR DABBAH"}, {"qual": "49-S\u00f3cio-Administrador", "nome": "CRISTINA SEIXAS BARROSO MARON"}], "situacao": "ATIVA", "bairro": "BARRA DA TIJUCA", "logradouro": "AV DAS AMRICAS", "numero": "7899", "cep": "22.793-081", "municipio": "RIO DE JANEIRO", "porte": "DEMAIS", "abertura": "24/06/2005", "natureza_juridica": "206-2 - Sociedade Empres\u00e1ria Limitada", "cnpj": "07.470.296/0001-53", "ultima_atualizacao": "2020-02-08T00:04:10.536Z", "status": "OK", "tipo": "MATRIZ", "fantasia": "", "efr": "", "motivo_situacao": "", "situacao_especial": "", "data_situacao_especial": "", "capital_social": "1138463.00", "extra": {}, "billing": {"free": false, "database": false}}