{"atividade_principal": [{"text": "Atividades de servi\u00e7os de complementa\u00e7\u00e3o diagn\u00f3stica e terap\u00eautica n\u00e3o especificadas anteriormente", "code": "86.40-2-99"}], "data_situacao": "11/07/2005", "complemento": "SALA 503", "nome": "VITA MACAE EXAMES MEDICOS COMPLEMENTARES LTDA", "uf": "RJ", "atividades_secundarias": [{"text": "Servi\u00e7os de resson\u00e2ncia magn\u00e9tica", "code": "86.40-2-06"}, {"text": "Servi\u00e7os de diagn\u00f3stico por imagem sem uso de radia\u00e7\u00e3o ionizante, exceto resson\u00e2ncia magn\u00e9tica", "code": "86.40-2-07"}, {"text": "Servi\u00e7os de diagn\u00f3stico por registro gr\u00e1fico - ECG, EEG e outros exames an\u00e1logos", "code": "86.40-2-08"}, {"text": "Servi\u00e7os de diagn\u00f3stico por m\u00e9todos \u00f3pticos - endoscopia e outros exames an\u00e1logos", "code": "86.40-2-09"}, {"text": "Servi\u00e7os de litotripcia", "code": "86.40-2-13"}], "qsa": [{"qual": "22-S\u00f3cio", "nome": "JAMILLY NEFFA GOBBI"}, {"qual": "49-S\u00f3cio-Administrador", "nome": "JOAO CARLOS DE FREITAS GOBBI"}], "situacao": "ATIVA", "bairro": "CENTRO", "logradouro": "R VEREADOR ABREU LIMA", "numero": "60", "cep": "27.916-020", "municipio": "MACAE", "porte": "MICRO EMPRESA", "abertura": "11/07/2005", "natureza_juridica": "224-0 - Sociedade Simples Limitada", "fantasia": "VITA MACAE", "cnpj": "07.508.466/0001-41", "ultima_atualizacao": "2020-02-08T00:23:36.523Z", "status": "OK", "tipo": "MATRIZ", "email": "", "telefone": "", "efr": "", "motivo_situacao": "", "situacao_especial": "", "data_situacao_especial": "", "capital_social": "40000.00", "extra": {}, "billing": {"free": false, "database": false}}