{"atividade_principal": [{"text": "Atividades de associa\u00e7\u00f5es de defesa de direitos sociais", "code": "94.30-8-00"}], "data_situacao": "26/11/2018", "nome": "ASSOCIACAO MISTA DE PESCADORES DE MACAE", "uf": "RJ", "telefone": "(22) 2772-5758", "atividades_secundarias": [{"text": "Atividades de organiza\u00e7\u00f5es associativas ligadas \u00e0 cultura e \u00e0 arte", "code": "94.93-6-00"}, {"text": "Atividades associativas n\u00e3o especificadas anteriormente", "code": "94.99-5-00"}], "qsa": [{"qual": "16-Presidente", "nome": "CARLOS HENRIQUE CARDOSO DE AZEVEDO"}], "situacao": "ATIVA", "bairro": "BARRA DE MACAE", "logradouro": "R MARLON", "numero": "SN", "cep": "27.975-290", "municipio": "MACAE", "porte": "DEMAIS", "abertura": "18/07/2005", "natureza_juridica": "399-9 - Associa\u00e7\u00e3o Privada", "fantasia": "AMPEMAC", "cnpj": "07.516.251/0001-72", "ultima_atualizacao": "2020-02-07T23:20:46.396Z", "status": "OK", "tipo": "MATRIZ", "complemento": "", "email": "", "efr": "", "motivo_situacao": "", "situacao_especial": "", "data_situacao_especial": "", "capital_social": "0.00", "extra": {}, "billing": {"free": false, "database": false}}