{"atividade_principal": [{"text": "Fabrica\u00e7\u00e3o de aparelhos e equipamentos de medida, teste e controle", "code": "26.51-5-00"}], "data_situacao": "22/09/2005", "complemento": ": ACESSO A;", "nome": "GE POWER CONVERSION BRASIL LTDA.", "uf": "MG", "telefone": "(31) 3268-2900/ (31) 3268-8026", "email": "aloisio.assis@ge.com", "atividades_secundarias": [{"text": "Fabrica\u00e7\u00e3o de outros equipamentos e aparelhos el\u00e9tricos n\u00e3o especificados anteriormente", "code": "27.90-2-99"}, {"text": "Manuten\u00e7\u00e3o e repara\u00e7\u00e3o de aparelhos e instrumentos de medida, teste e controle", "code": "33.12-1-02"}, {"text": "Instala\u00e7\u00e3o de m\u00e1quinas e equipamentos industriais", "code": "33.21-0-00"}, {"text": "Outras obras de engenharia civil n\u00e3o especificadas anteriormente", "code": "42.99-5-99"}, {"text": "Com\u00e9rcio atacadista de M\u00e1quinas e equipamentos para uso industrial; partes e pe\u00e7as", "code": "46.63-0-00"}, {"text": "Desenvolvimento e licenciamento de programas de computador customiz\u00e1veis", "code": "62.02-3-00"}, {"text": "Suporte t\u00e9cnico, manuten\u00e7\u00e3o e outros servi\u00e7os em tecnologia da informa\u00e7\u00e3o", "code": "62.09-1-00"}, {"text": "Outras atividades de presta\u00e7\u00e3o de servi\u00e7os de informa\u00e7\u00e3o n\u00e3o especificadas anteriormente", "code": "63.99-2-00"}, {"text": "Holdings de institui\u00e7\u00f5es n\u00e3o-financeiras", "code": "64.62-0-00"}, {"text": "Servi\u00e7os de engenharia", "code": "71.12-0-00"}, {"text": "Atividades de intermedia\u00e7\u00e3o e agenciamento de servi\u00e7os e neg\u00f3cios em geral, exceto imobili\u00e1rios", "code": "74.90-1-04"}, {"text": "Aluguel de outras m\u00e1quinas e equipamentos comerciais e industriais n\u00e3o especificados anteriormente, sem operador", "code": "77.39-0-99"}, {"text": "Outras atividades de servi\u00e7os prestados principalmente \u00e0s empresas n\u00e3o especificadas anteriormente", "code": "82.99-7-99"}, {"text": "Treinamento em desenvolvimento profissional e gerencial", "code": "85.99-6-04"}, {"text": "Repara\u00e7\u00e3o e manuten\u00e7\u00e3o de computadores e de equipamentos perif\u00e9ricos", "code": "95.11-8-00"}], "qsa": [{"qual": "37-S\u00f3cio Pessoa Jur\u00eddica Domiciliado no Exterior", "pais_origem": "INGLATERRA", "nome_rep_legal": "AMAURI CORTEZ DEL BORTOLO", "qual_rep_legal": "17-Procurador", "nome": "GE POWER CONVERSION BRAZIL HOLDINGS LIMITED"}, {"qual": "05-Administrador", "nome": "CARLOS ADRIAO CORDEIRO GUIMARAES"}, {"qual": "05-Administrador", "nome": "POLIANA MAIA DE SOUZA OLIVEIRA CASAL"}, {"qual": "37-S\u00f3cio Pessoa Jur\u00eddica Domiciliado no Exterior", "pais_origem": "PA\u00cdSES BAIXOS (HOLANDA)", "nome_rep_legal": "MICHELE CORROCHANO ROBERT", "qual_rep_legal": "17-Procurador", "nome": "GE POWER CONVERSION NETHERLANDS B.V."}, {"qual": "05-Administrador", "nome": "ERALDO DE PAULA PEREIRA"}], "situacao": "ATIVA", "bairro": "JARDIM DAS ALTEROSAS 1A SECAO", "logradouro": "ROD BR-381 FERNAO DIAS", "numero": "KM 490", "cep": "32.670-790", "municipio": "BETIM", "porte": "DEMAIS", "abertura": "22/09/2005", "natureza_juridica": "206-2 - Sociedade Empres\u00e1ria Limitada", "cnpj": "07.608.927/0001-58", "ultima_atualizacao": "2020-02-07T23:18:17.505Z", "status": "OK", "tipo": "MATRIZ", "fantasia": "", "efr": "", "motivo_situacao": "", "situacao_especial": "", "data_situacao_especial": "", "capital_social": "341998765.00", "extra": {}, "billing": {"free": false, "database": false}}