{"atividade_principal": [{"text": "Com\u00e9rcio sob consigna\u00e7\u00e3o de ve\u00edculos automotores", "code": "45.12-9-02"}], "data_situacao": "26/07/2005", "complemento": "QUADRA145 LOTE 0020", "nome": "TOP CAR VEICULOS DE MACAE LTDA", "uf": "RJ", "telefone": "(22) 2773-4046/ (22) 2773-4046", "email": "fernandamaciel.fm@gmail.com", "atividades_secundarias": [{"text": "Atividades de intermedia\u00e7\u00e3o e agenciamento de servi\u00e7os e neg\u00f3cios em geral, exceto imobili\u00e1rios", "code": "74.90-1-04"}, {"text": "Com\u00e9rcio a varejo de autom\u00f3veis, camionetas e utilit\u00e1rios novos", "code": "45.11-1-01"}, {"text": "Com\u00e9rcio a varejo de motocicletas e motonetas novas", "code": "45.41-2-03"}, {"text": "Com\u00e9rcio a varejo de autom\u00f3veis, camionetas e utilit\u00e1rios usados", "code": "45.11-1-02"}, {"text": "Com\u00e9rcio a varejo de motocicletas e motonetas usadas", "code": "45.41-2-04"}, {"text": "Com\u00e9rcio varejista de bebidas", "code": "47.23-7-00"}, {"text": "Distribui\u00e7\u00e3o de \u00e1gua por caminh\u00f5es", "code": "36.00-6-02"}, {"text": "Loca\u00e7\u00e3o de autom\u00f3veis sem condutor", "code": "77.11-0-00"}], "qsa": [{"qual": "49-S\u00f3cio-Administrador", "nome": "ANSELMO FONSECA PARREIRA"}, {"qual": "22-S\u00f3cio", "nome": "DENISE MELO DE SOUZA"}], "situacao": "ATIVA", "bairro": "ALTO CAJUEIROS", "logradouro": "AV RUI BARBOSA", "numero": "SN", "cep": "27.915-011", "municipio": "MACAE", "porte": "MICRO EMPRESA", "abertura": "26/07/2005", "natureza_juridica": "206-2 - Sociedade Empres\u00e1ria Limitada", "fantasia": "TOP CAR VEICULOS", "cnpj": "07.625.017/0001-83", "ultima_atualizacao": "2020-02-07T23:30:30.642Z", "status": "OK", "tipo": "MATRIZ", "efr": "", "motivo_situacao": "", "situacao_especial": "", "data_situacao_especial": "", "capital_social": "200000.00", "extra": {}, "billing": {"free": false, "database": false}}