{"atividade_principal": [{"text": "Com\u00e9rcio varejista de material el\u00e9trico", "code": "47.42-3-00"}], "data_situacao": "16/09/2005", "complemento": "LOJA N. 03", "nome": "J. L. FREITAS COMERCIO DE MATERIAL ELETRO-HIDRAULICO LTDA", "uf": "RJ", "telefone": "(21) 2643-9080", "atividades_secundarias": [{"text": "Com\u00e9rcio varejista de materiais hidr\u00e1ulicos", "code": "47.44-0-03"}, {"text": "Com\u00e9rcio varejista de ferragens e ferramentas", "code": "47.44-0-01"}, {"text": "Com\u00e9rcio varejista de materiais de constru\u00e7\u00e3o em geral", "code": "47.44-0-99"}, {"text": "Com\u00e9rcio varejista de tintas e materiais para pintura", "code": "47.41-5-00"}, {"text": "Com\u00e9rcio varejista especializado de eletrodom\u00e9sticos e equipamentos de \u00e1udio e v\u00eddeo", "code": "47.53-9-00"}, {"text": "Com\u00e9rcio varejista de suvenires, bijuterias e artesanatos", "code": "47.89-0-01"}, {"text": "Repara\u00e7\u00e3o e manuten\u00e7\u00e3o de equipamentos eletroeletr\u00f4nicos de uso pessoal e dom\u00e9stico", "code": "95.21-5-00"}], "qsa": [{"qual": "49-S\u00f3cio-Administrador", "nome": "LUIS MAURICIO DE FREITAS FELIX"}, {"qual": "49-S\u00f3cio-Administrador", "nome": "MARIA JULIA DE FREITAS FELIX"}, {"qual": "22-S\u00f3cio", "nome": "MAXMILIAM LAMOGLIA DE FREITAS"}], "situacao": "ATIVA", "bairro": "CENTRO", "logradouro": "R EUZEBIO DE QUEIROZ", "numero": "166", "cep": "27.910-230", "municipio": "MACAE", "porte": "MICRO EMPRESA", "abertura": "16/09/2005", "natureza_juridica": "206-2 - Sociedade Empres\u00e1ria Limitada", "cnpj": "07.644.275/0001-07", "ultima_atualizacao": "2020-02-08T00:42:41.871Z", "status": "OK", "tipo": "MATRIZ", "fantasia": "", "email": "", "efr": "", "motivo_situacao": "", "situacao_especial": "", "data_situacao_especial": "", "capital_social": "20000.00", "extra": {}, "billing": {"free": false, "database": false}}