{"atividade_principal": [{"text": "Servi\u00e7os combinados de escrit\u00f3rio e apoio administrativo", "code": "82.11-3-00"}], "data_situacao": "09/11/2005", "complemento": "LOJA", "nome": "BRASILPAMA MANUFATURA DE PAPEIS EIRELI", "uf": "RJ", "telefone": "(21) 2605-2091", "email": "diretoria@grupopericia.com.br", "qsa": [{"qual": "65-Titular Pessoa F\u00edsica Residente ou Domiciliado no Brasil", "nome": "JOVINA CELIA SCHELCK DO NASCIMENTO CONSTANCIO"}], "situacao": "ATIVA", "bairro": "ANTONINA", "logradouro": "AV ABAETE", "numero": "129", "cep": "24.445-260", "municipio": "SAO GONCALO", "porte": "DEMAIS", "abertura": "09/11/2005", "natureza_juridica": "230-5 - Empresa Individual de Responsabilidade Limitada (de Natureza Empres\u00e1ria)", "cnpj": "07.716.156/0001-12", "ultima_atualizacao": "2020-02-08T00:47:37.692Z", "status": "OK", "tipo": "MATRIZ", "fantasia": "", "efr": "", "motivo_situacao": "", "situacao_especial": "", "data_situacao_especial": "", "atividades_secundarias": [{"code": "00.00-0-00", "text": "N\u00e3o informada"}], "capital_social": "6000000.00", "extra": {}, "billing": {"free": false, "database": false}}