{"atividade_principal": [{"text": "Provedores de acesso \u00e0s redes de comunica\u00e7\u00f5es", "code": "61.90-6-01"}], "data_situacao": "23/11/2005", "complemento": "ANDAR TERCEIRO E QUARTO", "nome": "VM OPENLINK COMUNICACAO MULTIMIDIA S.A.", "uf": "RJ", "telefone": "(22) 2537-8082", "email": "fiscal@sumicity.net.br", "atividades_secundarias": [{"text": "Constru\u00e7\u00e3o de esta\u00e7\u00f5es e redes de telecomunica\u00e7\u00f5es", "code": "42.21-9-04"}, {"text": "Manuten\u00e7\u00e3o de esta\u00e7\u00f5es e redes de telecomunica\u00e7\u00f5es", "code": "42.21-9-05"}, {"text": "Instala\u00e7\u00e3o e manuten\u00e7\u00e3o el\u00e9trica", "code": "43.21-5-00"}, {"text": "Servi\u00e7os de telefonia fixa comutada - STFC", "code": "61.10-8-01"}, {"text": "Servi\u00e7os de comunica\u00e7\u00e3o multim\u00eddia - SCM", "code": "61.10-8-03"}, {"text": "Servi\u00e7os de telecomunica\u00e7\u00f5es por fio n\u00e3o especificados anteriormente", "code": "61.10-8-99"}, {"text": "Operadoras de televis\u00e3o por assinatura por cabo", "code": "61.41-8-00"}, {"text": "Provedores de voz sobre protocolo internet - VOIP", "code": "61.90-6-02"}, {"text": "Outras atividades de telecomunica\u00e7\u00f5es n\u00e3o especificadas anteriormente", "code": "61.90-6-99"}, {"text": "Desenvolvimento e licenciamento de programas de computador customiz\u00e1veis", "code": "62.02-3-00"}, {"text": "Suporte t\u00e9cnico, manuten\u00e7\u00e3o e outros servi\u00e7os em tecnologia da informa\u00e7\u00e3o", "code": "62.09-1-00"}, {"text": "Portais, provedores de conte\u00fado e outros servi\u00e7os de informa\u00e7\u00e3o na internet", "code": "63.19-4-00"}, {"text": "Aluguel de m\u00e1quinas e equipamentos para escrit\u00f3rios", "code": "77.33-1-00"}, {"text": "Aluguel de outras m\u00e1quinas e equipamentos comerciais e industriais n\u00e3o especificados anteriormente, sem operador", "code": "77.39-0-99"}], "qsa": [{"qual": "16-Presidente", "nome": "VICENTE SERGIO DA SILVA GOMES"}, {"qual": "10-Diretor", "nome": "ADRIANO ALVES BORGES DA SILVEIRA"}, {"qual": "08-Conselheiro de Administra\u00e7\u00e3o", "nome": "FELIPE GONCALVES MATSUNAGA"}, {"qual": "08-Conselheiro de Administra\u00e7\u00e3o", "nome": "LUCIANA ANTONINI RIBEIRO"}, {"qual": "08-Conselheiro de Administra\u00e7\u00e3o", "nome": "MARCOS KORYTNICKI"}, {"qual": "08-Conselheiro de Administra\u00e7\u00e3o", "nome": "ALEX BONALDA JUCIUS"}, {"qual": "10-Diretor", "nome": "FABIO ABREU CARVALHO"}, {"qual": "10-Diretor", "nome": "NORAIR FERREIRA DO CARMO"}], "situacao": "ATIVA", "bairro": "CENTRO", "logradouro": "PC PRESIDENTE GETULIO VARGAS", "numero": "148", "cep": "28.640-000", "municipio": "CARMO", "porte": "DEMAIS", "abertura": "23/11/2005", "natureza_juridica": "205-4 - Sociedade An\u00f4nima Fechada", "fantasia": "SUMICITY NETWORKS", "cnpj": "07.714.104/0001-07", "ultima_atualizacao": "2020-02-07T23:05:11.820Z", "status": "OK", "tipo": "MATRIZ", "efr": "", "motivo_situacao": "", "situacao_especial": "", "data_situacao_especial": "", "capital_social": "196996969.00", "extra": {}, "billing": {"free": false, "database": false}}