{"atividade_principal": [{"text": "Outras atividades de ensino n\u00e3o especificadas anteriormente", "code": "85.99-6-99"}], "data_situacao": "22/02/2006", "nome": "CIEMH2 NUCLEO CULTURAL", "uf": "RJ", "telefone": "(22) 3084-2541/ (22) 9905-5077", "email": "ciemh@gmail.com", "atividades_secundarias": [{"text": "Atividades de sonoriza\u00e7\u00e3o e de ilumina\u00e7\u00e3o", "code": "90.01-9-06"}, {"text": "Artes c\u00eanicas, espet\u00e1culos e atividades complementares n\u00e3o especificadas anteriormente", "code": "90.01-9-99"}], "qsa": [{"qual": "16-Presidente", "nome": "RAFAEL DE SOUZA VIEIRA"}], "situacao": "ATIVA", "bairro": "RIVIERA FLUMINENSE", "logradouro": "R ELEOSINA PEREIRA QUEIROZ MATTOSO", "numero": "105", "cep": "27.940-050", "municipio": "MACAE", "porte": "DEMAIS", "abertura": "22/02/2006", "natureza_juridica": "399-9 - Associa\u00e7\u00e3o Privada", "fantasia": "CIEMH2", "cnpj": "07.873.902/0001-81", "ultima_atualizacao": "2020-02-08T00:36:57.579Z", "status": "OK", "tipo": "MATRIZ", "complemento": "", "efr": "", "motivo_situacao": "", "situacao_especial": "", "data_situacao_especial": "", "capital_social": "0.00", "extra": {}, "billing": {"free": false, "database": false}}