{"atividade_principal": [{"text": "Toalheiros", "code": "96.01-7-03"}], "data_situacao": "07/03/2006", "complemento": "QUADRAC LOTE 22 E 23 - PARTE", "nome": "AG2 MANUTENCAO E SERVICOS DE LIMPEZA LTDA", "uf": "RJ", "telefone": "(22) 2771-4420/ (22) 2771-4419", "email": "leonardo@tendenciacontabil.com.br", "atividades_secundarias": [{"text": "Lavanderias", "code": "96.01-7-01"}, {"text": "Tinturarias", "code": "96.01-7-02"}, {"text": "Aluguel de outras m\u00e1quinas e equipamentos comerciais e industriais n\u00e3o especificados anteriormente, sem operador", "code": "77.39-0-99"}, {"text": "Manuten\u00e7\u00e3o e repara\u00e7\u00e3o de outras m\u00e1quinas e equipamentos para usos industriais n\u00e3o especificados anteriormente", "code": "33.14-7-99"}], "qsa": [{"qual": "49-S\u00f3cio-Administrador", "nome": "TAYLAMY DIAS DA SILVA"}, {"qual": "22-S\u00f3cio", "nome": "TAYNARA DIAS E SILVA"}], "situacao": "ATIVA", "bairro": "ZONA ESPECIAL DE NEGOCIOS", "logradouro": "AV ZEN", "numero": "S/N", "cep": "28.899-002", "municipio": "RIO DAS OSTRAS", "porte": "MICRO EMPRESA", "abertura": "07/03/2006", "natureza_juridica": "206-2 - Sociedade Empres\u00e1ria Limitada", "fantasia": "ECOLAUNDRY SAUDE", "cnpj": "07.880.914/0001-33", "ultima_atualizacao": "2020-02-08T00:08:43.129Z", "status": "OK", "tipo": "MATRIZ", "efr": "", "motivo_situacao": "", "situacao_especial": "", "data_situacao_especial": "", "capital_social": "40000.00", "extra": {}, "billing": {"free": false, "database": false}}