{"data_situacao": "29/07/2016", "motivo_situacao": "INTERRUPCAO TEMP ATIVIDADES", "nome": "ONCOLINE - COMERCIO DE MEDICAMENTOS LTDA", "telefone": "(41) 3569-0777", "email": "relias@originalfarma.com.br", "qsa": [{"qual": "49-S\u00f3cio-Administrador", "nome": "MAURO MARQUES"}], "situacao": "SUSPENSA", "porte": "EMPRESA DE PEQUENO PORTE", "abertura": "07/03/2006", "natureza_juridica": "206-2 - Sociedade Empres\u00e1ria Limitada", "fantasia": "ORIGINALFARMA", "cnpj": "07.909.536/0001-73", "ultima_atualizacao": "2020-02-07T22:54:51.875Z", "status": "OK", "tipo": "MATRIZ", "logradouro": "", "numero": "", "complemento": "", "cep": "", "bairro": "", "municipio": "", "uf": "", "efr": "", "situacao_especial": "", "data_situacao_especial": "", "atividade_principal": [{"code": "00.00-0-00", "text": "********"}], "atividades_secundarias": [{"code": "00.00-0-00", "text": "N\u00e3o informada"}], "capital_social": "15000.00", "extra": {}, "billing": {"free": false, "database": false}}