{"atividade_principal": [{"text": "Com\u00e9rcio atacadista especializado em outros produtos aliment\u00edcios n\u00e3o especificados anteriormente", "code": "46.37-1-99"}], "data_situacao": "23/03/2006", "nome": "METABOLICA COMERCIO E SERVICOS HOSPITALARES LTDA", "uf": "RJ", "telefone": "(21) 3442-7760", "atividades_secundarias": [{"text": "Com\u00e9rcio atacadista de instrumentos e materiais para uso m\u00e9dico, cir\u00fargico, hospitalar e de laborat\u00f3rios", "code": "46.45-1-01"}, {"text": "Com\u00e9rcio atacadista de medicamentos e drogas de uso humano", "code": "46.44-3-01"}, {"text": "Com\u00e9rcio varejista de cosm\u00e9ticos, produtos de perfumaria e de higiene pessoal", "code": "47.72-5-00"}], "qsa": [{"qual": "22-S\u00f3cio", "nome": "SORAYA DA SILVA GENTIL"}, {"qual": "49-S\u00f3cio-Administrador", "nome": "DENISE FERNANDES DE OLIVEIRA"}], "situacao": "ATIVA", "bairro": "COLUBANDE", "logradouro": "EST DOS MENEZES", "numero": "30", "cep": "24.451-230", "municipio": "SAO GONCALO", "porte": "MICRO EMPRESA", "abertura": "23/03/2006", "natureza_juridica": "206-2 - Sociedade Empres\u00e1ria Limitada", "cnpj": "07.906.286/0001-18", "ultima_atualizacao": "2020-02-07T23:52:34.306Z", "status": "OK", "tipo": "MATRIZ", "fantasia": "", "complemento": "", "email": "", "efr": "", "motivo_situacao": "", "situacao_especial": "", "data_situacao_especial": "", "capital_social": "100000.00", "extra": {}, "billing": {"free": false, "database": false}}