{"atividade_principal": [{"text": "Instala\u00e7\u00e3o e manuten\u00e7\u00e3o de sistemas centrais de ar condicionado, de ventila\u00e7\u00e3o e refrigera\u00e7\u00e3o", "code": "43.22-3-02"}], "data_situacao": "31/01/2006", "nome": "RMV AR CONDICIONADO E SERVICOS LTDA", "uf": "RJ", "telefone": "(22) 2772-1718", "atividades_secundarias": [{"text": "Repara\u00e7\u00e3o e manuten\u00e7\u00e3o de equipamentos eletroeletr\u00f4nicos de uso pessoal e dom\u00e9stico", "code": "95.21-5-00"}, {"text": "Com\u00e9rcio varejista especializado de eletrodom\u00e9sticos e equipamentos de \u00e1udio e v\u00eddeo", "code": "47.53-9-00"}], "qsa": [{"qual": "49-S\u00f3cio-Administrador", "nome": "MARCIA MARIA DA SILVA COSTA"}, {"qual": "22-S\u00f3cio", "nome": "RAIANE CRISTINE COSTA PINTO"}], "situacao": "ATIVA", "bairro": "COSTA AZUL", "logradouro": "R MARIO FREIRE", "numero": "816", "cep": "28.890-001", "municipio": "RIO DAS OSTRAS", "porte": "EMPRESA DE PEQUENO PORTE", "abertura": "31/01/2006", "natureza_juridica": "206-2 - Sociedade Empres\u00e1ria Limitada", "cnpj": "07.936.307/0001-48", "ultima_atualizacao": "2020-02-08T00:01:26.662Z", "status": "OK", "tipo": "MATRIZ", "fantasia": "", "complemento": "", "email": "", "efr": "", "motivo_situacao": "", "situacao_especial": "", "data_situacao_especial": "", "capital_social": "70000.00", "extra": {}, "billing": {"free": false, "database": false}}