{"atividade_principal": [{"text": "Ag\u00eancias de publicidade", "code": "73.11-4-00"}], "data_situacao": "05/05/2006", "complemento": "LOJ A", "nome": "O DIA COMERCIAL LTDA", "uf": "RJ", "telefone": "(21) 2222-8004", "email": "juridico@odia.com.br", "atividades_secundarias": [{"text": "Com\u00e9rcio atacadista de artigos de escrit\u00f3rio e de papelaria", "code": "46.47-8-01"}, {"text": "Com\u00e9rcio atacadista de livros, jornais e outras publica\u00e7\u00f5es", "code": "46.47-8-02"}, {"text": "Edi\u00e7\u00e3o de livros", "code": "58.11-5-00"}, {"text": "Edi\u00e7\u00e3o de jornais di\u00e1rios", "code": "58.12-3-01"}, {"text": "Edi\u00e7\u00e3o de jornais n\u00e3o di\u00e1rios", "code": "58.12-3-02"}, {"text": "Edi\u00e7\u00e3o de revistas", "code": "58.13-1-00"}, {"text": "Outras atividades de publicidade n\u00e3o especificadas anteriormente", "code": "73.19-0-99"}], "qsa": [{"qual": "22-S\u00f3cio", "qual_rep_legal": "05-Administrador", "nome_rep_legal": "JOSE ANTONIO DA COSTA LIMA MASCARENHAS", "nome": "EDITORA O DIA LTDA - EM RECUPERACAO JUDICIAL"}, {"qual": "22-S\u00f3cio", "qual_rep_legal": "05-Administrador", "nome_rep_legal": "JOSE ANTONIO DA COSTA LIMA MASCARENHAS", "nome": "EMPRESA JORNALISTICA ECONOMICO S.A."}, {"qual": "05-Administrador", "nome": "ALEXANDRE DONIZETI RODRIGUES"}], "situacao": "ATIVA", "bairro": "CENTRO", "logradouro": "R DOS INVALIDOS", "numero": "00198", "cep": "20.231-048", "municipio": "RIO DE JANEIRO", "porte": "DEMAIS", "abertura": "05/05/2006", "natureza_juridica": "206-2 - Sociedade Empres\u00e1ria Limitada", "fantasia": "PLANETA O DIA", "cnpj": "07.982.737/0001-04", "ultima_atualizacao": "2020-02-07T23:51:02.497Z", "status": "OK", "tipo": "MATRIZ", "efr": "", "motivo_situacao": "", "situacao_especial": "", "data_situacao_especial": "", "capital_social": "288000.00", "extra": {}, "billing": {"free": false, "database": false}}