{"atividade_principal": [{"text": "Fabrica\u00e7\u00e3o de aparelhos e utens\u00edlios para corre\u00e7\u00e3o de defeitos f\u00edsicos e aparelhos ortop\u00e9dicos em geral, exceto sob encomenda", "code": "32.50-7-04"}], "data_situacao": "11/05/2006", "complemento": "TERREO", "nome": "OTICON DO BRASIL COMERCIO E DISTRIBUICAO DE EQUIPAMENTOS MEDICOS LTDA", "uf": "SP", "telefone": "(11) 5031-1947", "email": "remacon@remacon.com.br", "atividades_secundarias": [{"text": "Fabrica\u00e7\u00e3o de instrumentos n\u00e3o-eletr\u00f4nicos e utens\u00edlios para uso m\u00e9dico, cir\u00fargico, odontol\u00f3gico e de laborat\u00f3rio", "code": "32.50-7-01"}, {"text": "Com\u00e9rcio varejista de artigos m\u00e9dicos e ortop\u00e9dicos (Dispensada *)", "code": "47.73-3-00"}, {"text": "Manuten\u00e7\u00e3o e repara\u00e7\u00e3o de aparelhos eletrom\u00e9dicos e eletroterap\u00eauticos e equipamentos de irradia\u00e7\u00e3o", "code": "33.12-1-03"}, {"text": "Com\u00e9rcio atacadista de instrumentos e materiais para uso m\u00e9dico, cir\u00fargico, hospitalar e de laborat\u00f3rios", "code": "46.45-1-01"}, {"text": "Com\u00e9rcio atacadista de pr\u00f3teses e artigos de ortopedia", "code": "46.45-1-02"}], "qsa": [{"qual": "05-Administrador", "nome": "MORTEN HELLBERG PEDERSEN"}, {"qual": "22-S\u00f3cio", "qual_rep_legal": "05-Administrador", "nome_rep_legal": "EDUARDO COLLE MOREIRA LIMA", "nome": "DEMANT  PARTICIPACOES LTDA."}, {"qual": "22-S\u00f3cio", "qual_rep_legal": "05-Administrador", "nome_rep_legal": "MORTEN HELLBERG PEDERSEN", "nome": "CENTRO AUDITIVO TELEX LTDA"}], "situacao": "ATIVA", "bairro": "VILA PAULISTA", "logradouro": "AV DOUTOR LINO DE MORAES LEME", "numero": "883", "cep": "04.360-001", "municipio": "SAO PAULO", "porte": "DEMAIS", "abertura": "11/05/2006", "natureza_juridica": "206-2 - Sociedade Empres\u00e1ria Limitada", "cnpj": "08.008.331/0001-80", "ultima_atualizacao": "2020-02-08T01:09:41.848Z", "status": "OK", "tipo": "MATRIZ", "fantasia": "", "efr": "", "motivo_situacao": "", "situacao_especial": "", "data_situacao_especial": "", "capital_social": "250000.00", "extra": {}, "billing": {"free": false, "database": false}}