{"atividade_principal": [{"text": "Com\u00e9rcio atacadista de instrumentos e materiais para uso m\u00e9dico, cir\u00fargico, hospitalar e de laborat\u00f3rios", "code": "46.45-1-01"}], "data_situacao": "09/05/2006", "nome": "DIAGNOSTICA RIO PRODUTOS E SERVICOS MEDICOS HOSPITALARES LTDA.", "uf": "RJ", "telefone": "(21) 2580-3357", "atividades_secundarias": [{"text": "Com\u00e9rcio atacadista de m\u00e1quinas, aparelhos e equipamentos para uso odonto-m\u00e9dico-hospitalar; partes e pe\u00e7as", "code": "46.64-8-00"}, {"text": "Aluguel de equipamentos cient\u00edficos, m\u00e9dicos e hospitalares, sem operador", "code": "77.39-0-02"}, {"text": "Manuten\u00e7\u00e3o e repara\u00e7\u00e3o de aparelhos e instrumentos de medida, teste e controle", "code": "33.12-1-02"}, {"text": "Manuten\u00e7\u00e3o e repara\u00e7\u00e3o de aparelhos eletrom\u00e9dicos e eletroterap\u00eauticos e equipamentos de irradia\u00e7\u00e3o", "code": "33.12-1-03"}, {"text": "Testes e an\u00e1lises t\u00e9cnicas", "code": "71.20-1-00"}, {"text": "Outras atividades profissionais, cient\u00edficas e t\u00e9cnicas n\u00e3o especificadas anteriormente", "code": "74.90-1-99"}, {"text": "Com\u00e9rcio atacadista de produtos de higiene, limpeza e conserva\u00e7\u00e3o domiciliar", "code": "46.49-4-08"}], "qsa": [{"qual": "49-S\u00f3cio-Administrador", "nome": "CARLOS OTAVIO FERREIRA DOS SANTOS"}, {"qual": "49-S\u00f3cio-Administrador", "nome": "ROSANGELA SOUZA CORIOLANO LEITE"}, {"qual": "22-S\u00f3cio", "nome": "DENY CRETTON COSENDEY"}], "situacao": "ATIVA", "bairro": "RIACHUELO", "logradouro": "R LUIZ ZANCHETA", "numero": "00056", "cep": "20.970-120", "municipio": "RIO DE JANEIRO", "porte": "DEMAIS", "abertura": "09/05/2006", "natureza_juridica": "206-2 - Sociedade Empres\u00e1ria Limitada", "cnpj": "08.044.840/0001-68", "ultima_atualizacao": "2020-02-07T23:40:43.875Z", "status": "OK", "tipo": "MATRIZ", "fantasia": "", "complemento": "", "email": "", "efr": "", "motivo_situacao": "", "situacao_especial": "", "data_situacao_especial": "", "capital_social": "2000000.00", "extra": {}, "billing": {"free": false, "database": false}}