{"data_situacao": "27/03/2018", "motivo_situacao": "EXTINCAO P/ ENC LIQ VOLUNTARIA", "nome": "JULSAN COMERCIO E DISTRIBUIDORA DE PRODUTOS E EQUIPAMENTOS EIRELI", "telefone": "(22) 2760-0000", "email": "controll22@oi.com.br", "situacao": "BAIXADA", "porte": "MICRO EMPRESA", "abertura": "07/06/2006", "natureza_juridica": "230-5 - Empresa Individual de Responsabilidade Limitada (de Natureza Empres\u00e1ria)", "fantasia": "COMERCIAL JULSAN", "cnpj": "08.056.372/0001-41", "ultima_atualizacao": "2020-02-08T01:09:24.071Z", "status": "OK", "tipo": "MATRIZ", "logradouro": "", "numero": "", "complemento": "", "cep": "", "bairro": "", "municipio": "", "uf": "", "efr": "", "situacao_especial": "", "data_situacao_especial": "", "atividade_principal": [{"code": "00.00-0-00", "text": "********"}], "atividades_secundarias": [{"code": "00.00-0-00", "text": "N\u00e3o informada"}], "capital_social": "0.00", "qsa": [], "extra": {}, "billing": {"free": false, "database": false}}