{"atividade_principal": [{"text": "Representantes comerciais e agentes do com\u00e9rcio de medicamentos, cosm\u00e9ticos e produtos de perfumaria", "code": "46.18-4-01"}], "data_situacao": "03/11/2005", "complemento": "CXPST 450", "nome": "FARMA-RAPIDA MEDICAMENTOS E MATERIAIS ESPECIAIS S.A", "uf": "RN", "telefone": "(84) 3209-5450/ (84) 3209-5451", "email": "tributos@lscontabil.com.br", "atividades_secundarias": [{"text": "Representantes comerciais e agentes do com\u00e9rcio de instrumentos e materiais odonto-m\u00e9dico-hospitalares", "code": "46.18-4-02"}], "situacao": "ATIVA", "bairro": "TIROL", "logradouro": "AV AFONSO PENA", "numero": "1206", "cep": "59.020-265", "municipio": "NATAL", "porte": "DEMAIS", "abertura": "21/02/1974", "natureza_juridica": "205-4 - Sociedade An\u00f4nima Fechada", "fantasia": "D-HOSP", "cnpj": "08.076.127/0001-04", "ultima_atualizacao": "2020-02-08T00:58:13.637Z", "status": "OK", "tipo": "MATRIZ", "efr": "", "motivo_situacao": "", "situacao_especial": "", "data_situacao_especial": "", "capital_social": "0.00", "qsa": [], "extra": {}, "billing": {"free": false, "database": false}}