{"atividade_principal": [{"text": "Com\u00e9rcio atacadista de medicamentos e drogas de uso humano", "code": "46.44-3-01"}], "data_situacao": "14/06/2006", "complemento": "GALERIA 4, BL.F, LJ 15", "nome": "MAXLIFE SERVICOS E SUPRIMENTOS HOSPITALARES LTDA", "uf": "RJ", "telefone": "(21) 2717-3434", "email": "galtec@galtecgalindo.com.br", "atividades_secundarias": [{"text": "Com\u00e9rcio atacadista de instrumentos e materiais para uso m\u00e9dico, cir\u00fargico, hospitalar e de laborat\u00f3rios", "code": "46.45-1-01"}, {"text": "Com\u00e9rcio atacadista de produtos de higiene, limpeza e conserva\u00e7\u00e3o domiciliar", "code": "46.49-4-08"}, {"text": "Com\u00e9rcio atacadista de produtos de higiene pessoal", "code": "46.46-0-02"}, {"text": "Com\u00e9rcio atacadista de outros equipamentos e artigos de uso pessoal e dom\u00e9stico n\u00e3o especificados anteriormente", "code": "46.49-4-99"}], "qsa": [{"qual": "49-S\u00f3cio-Administrador", "nome": "CID MENEZES MACHADO"}, {"qual": "22-S\u00f3cio", "nome": "FERNANDO DOS SANTOS"}], "situacao": "ATIVA", "bairro": "BENFICA", "logradouro": "R CAPITAO FELIX", "numero": "110", "cep": "20.920-310", "municipio": "RIO DE JANEIRO", "porte": "EMPRESA DE PEQUENO PORTE", "abertura": "14/06/2006", "natureza_juridica": "206-2 - Sociedade Empres\u00e1ria Limitada", "cnpj": "08.099.869/0001-47", "ultima_atualizacao": "2020-02-08T00:44:51.135Z", "status": "OK", "tipo": "MATRIZ", "fantasia": "", "efr": "", "motivo_situacao": "", "situacao_especial": "", "data_situacao_especial": "", "capital_social": "750000.00", "extra": {}, "billing": {"free": false, "database": false}}