{"atividade_principal": [{"text": "Com\u00e9rcio varejista de artigos de papelaria", "code": "47.61-0-03"}], "data_situacao": "05/07/2006", "complemento": "SALA 10", "nome": "RAYMUNDO ROBERTO SANTOS - PAPELARIA E LIVRARIA", "uf": "RJ", "telefone": "(22) 2770-6559", "atividades_secundarias": [{"text": "Com\u00e9rcio varejista de outros produtos n\u00e3o especificados anteriormente", "code": "47.89-0-99"}, {"text": "Com\u00e9rcio atacadista de produtos de higiene, limpeza e conserva\u00e7\u00e3o domiciliar", "code": "46.49-4-08"}, {"text": "Com\u00e9rcio varejista de produtos saneantes domissanit\u00e1rios", "code": "47.89-0-05"}, {"text": "Com\u00e9rcio varejista especializado de equipamentos e suprimentos de inform\u00e1tica", "code": "47.51-2-01"}, {"text": "Com\u00e9rcio varejista de equipamentos para escrit\u00f3rio", "code": "47.89-0-07"}], "qsa": [], "situacao": "ATIVA", "bairro": "BARRA DE MACAE", "logradouro": "ROD AMARAL PEIXOTO", "numero": "908", "cep": "27.970-020", "municipio": "MACAE", "porte": "MICRO EMPRESA", "abertura": "05/07/2006", "natureza_juridica": "213-5 - Empres\u00e1rio (Individual)", "fantasia": "PAPER & CIA", "cnpj": "08.166.009/0001-89", "ultima_atualizacao": "2020-02-08T00:54:16.299Z", "status": "OK", "tipo": "MATRIZ", "email": "", "efr": "", "motivo_situacao": "", "situacao_especial": "", "data_situacao_especial": "", "capital_social": "10000.00", "extra": {}, "billing": {"free": false, "database": false}}