{"atividade_principal": [{"text": "Atividades de associa\u00e7\u00f5es de defesa de direitos sociais", "code": "94.30-8-00"}], "data_situacao": "28/07/2006", "nome": "INSTITUTO VISAO SOCIAL", "uf": "RJ", "telefone": "(22) 2772-2569", "atividades_secundarias": [{"text": "Atividades de organiza\u00e7\u00f5es associativas ligadas \u00e0 cultura e \u00e0 arte", "code": "94.93-6-00"}, {"text": "Atividades associativas n\u00e3o especificadas anteriormente", "code": "94.99-5-00"}], "qsa": [{"qual": "16-Presidente", "nome": "MARIA BERNADETE RAMOS VASCONCELLOS"}], "situacao": "ATIVA", "bairro": "COSTA DO SOL", "logradouro": "R JORGE LUIZ GOMES DE CASTRO", "numero": "7", "cep": "27.923-300", "municipio": "MACAE", "porte": "DEMAIS", "abertura": "28/07/2006", "natureza_juridica": "399-9 - Associa\u00e7\u00e3o Privada", "fantasia": "VISAO SOCIAL", "cnpj": "08.195.853/0001-38", "ultima_atualizacao": "2020-02-08T01:07:31.574Z", "status": "OK", "tipo": "MATRIZ", "complemento": "", "email": "", "efr": "", "motivo_situacao": "", "situacao_especial": "", "data_situacao_especial": "", "capital_social": "0.00", "extra": {}, "billing": {"free": false, "database": false}}