{"atividade_principal": [{"text": "Servi\u00e7os de comunica\u00e7\u00e3o multim\u00eddia - SCM", "code": "61.10-8-03"}], "data_situacao": "26/07/2006", "complemento": "117", "nome": "DATA CORPORE SERVICOS DE TELECOMUNICACOES E INFORMATICA LTDA", "uf": "RJ", "telefone": "(21) 3513-9000", "atividades_secundarias": [{"text": "Desenvolvimento de programas de computador sob encomenda", "code": "62.01-5-01"}, {"text": "Provedores de acesso \u00e0s redes de comunica\u00e7\u00f5es", "code": "61.90-6-01"}, {"text": "Provedores de voz sobre protocolo internet - VOIP", "code": "61.90-6-02"}, {"text": "Desenvolvimento e licenciamento de programas de computador n\u00e3o-customiz\u00e1veis", "code": "62.03-1-00"}, {"text": "Tratamento de dados, provedores de servi\u00e7os de aplica\u00e7\u00e3o e servi\u00e7os de hospedagem na internet", "code": "63.11-9-00"}, {"text": "Instala\u00e7\u00e3o de outros equipamentos n\u00e3o especificados anteriormente", "code": "33.29-5-99"}, {"text": "Repara\u00e7\u00e3o e manuten\u00e7\u00e3o de computadores e de equipamentos perif\u00e9ricos", "code": "95.11-8-00"}, {"text": "Aluguel de m\u00e1quinas e equipamentos para escrit\u00f3rios", "code": "77.33-1-00"}], "qsa": [{"qual": "49-S\u00f3cio-Administrador", "nome": "ANDRE LUIS QUINTAES GUIMARAES REIS DE OLIVEIRA"}, {"qual": "22-S\u00f3cio", "nome": "TANIA QUINTAES GUIMARAES"}], "situacao": "ATIVA", "bairro": "CENTRO", "logradouro": "R TEOFILO OTONI", "numero": "115", "cep": "20.090-080", "municipio": "RIO DE JANEIRO", "porte": "DEMAIS", "abertura": "26/07/2006", "natureza_juridica": "206-2 - Sociedade Empres\u00e1ria Limitada", "cnpj": "08.210.265/0001-26", "ultima_atualizacao": "2020-02-07T22:59:32.400Z", "status": "OK", "tipo": "MATRIZ", "fantasia": "", "email": "", "efr": "", "motivo_situacao": "", "situacao_especial": "", "data_situacao_especial": "", "capital_social": "2200000.00", "extra": {}, "billing": {"free": false, "database": false}}