{"atividade_principal": [{"text": "Lojas de variedades, exceto lojas de departamentos ou magazines", "code": "47.13-0-02"}], "data_situacao": "04/08/2006", "complemento": "LOJA 56", "nome": "M.H. SILVA BAZAR LTDA", "uf": "RJ", "telefone": "(21) 2771-6188/ (21) 8746-1628", "email": "marcio-beiral@ig.com.br", "qsa": [{"qual": "49-S\u00f3cio-Administrador", "nome": "LUIS ROBERTO FARIA VERRA"}, {"qual": "22-S\u00f3cio", "nome": "ROBERTO MORAES VERRA"}], "situacao": "ATIVA", "bairro": "CENTRO/DUQUE DE CAXIAS", "logradouro": "R MARIANO SENDRA DOS SANTOS", "numero": "S/N", "cep": "25.010-080", "municipio": "DUQUE DE CAXIAS", "porte": "MICRO EMPRESA", "abertura": "04/08/2006", "natureza_juridica": "206-2 - Sociedade Empres\u00e1ria Limitada", "fantasia": "ALIMENTO D' ALMA", "cnpj": "08.262.174/0001-34", "ultima_atualizacao": "2020-02-08T00:49:57.262Z", "status": "OK", "tipo": "MATRIZ", "efr": "", "motivo_situacao": "", "situacao_especial": "", "data_situacao_especial": "", "atividades_secundarias": [{"code": "00.00-0-00", "text": "N\u00e3o informada"}], "capital_social": "60000.00", "extra": {}, "billing": {"free": false, "database": false}}