{"atividade_principal": [{"text": "Com\u00e9rcio varejista de artigos de papelaria", "code": "47.61-0-03"}], "data_situacao": "15/09/2006", "nome": "A KARINA DIAS PAPELARIA E SERVICOS DE PROPAGANDA VISUAL", "uf": "RJ", "telefone": "(22) 2762-2258", "atividades_secundarias": [{"text": "Com\u00e9rcio varejista especializado de equipamentos e suprimentos de inform\u00e1tica", "code": "47.51-2-01"}, {"text": "Lojas de departamentos ou magazines, exceto lojas francas (Duty free)", "code": "47.13-0-04"}, {"text": "Com\u00e9rcio varejista de outros artigos de uso pessoal e dom\u00e9stico n\u00e3o especificados anteriormente", "code": "47.59-8-99"}, {"text": "Impress\u00e3o de material para uso publicit\u00e1rio", "code": "18.13-0-01"}, {"text": "Instala\u00e7\u00e3o e manuten\u00e7\u00e3o el\u00e9trica", "code": "43.21-5-00"}, {"text": "Servi\u00e7os combinados para apoio a edif\u00edcios, exceto condom\u00ednios prediais", "code": "81.11-7-00"}, {"text": "Servi\u00e7os de pintura de edif\u00edcios em geral", "code": "43.30-4-04"}, {"text": "Produ\u00e7\u00e3o e promo\u00e7\u00e3o de eventos esportivos", "code": "93.19-1-01"}, {"text": "Atividades de sonoriza\u00e7\u00e3o e de ilumina\u00e7\u00e3o", "code": "90.01-9-06"}, {"text": "Atividades de limpeza n\u00e3o especificadas anteriormente", "code": "81.29-0-00"}, {"text": "Estamparia e texturiza\u00e7\u00e3o em fios, tecidos, artefatos t\u00eaxteis e pe\u00e7as do vestu\u00e1rio", "code": "13.40-5-01"}], "qsa": [], "situacao": "ATIVA", "bairro": "RIVIERA FLUMINENSE", "logradouro": "R AGNES TEIXEIRA MARINHO GUIMARAES", "numero": "359", "cep": "27.937-540", "municipio": "MACAE", "porte": "MICRO EMPRESA", "abertura": "15/09/2006", "natureza_juridica": "213-5 - Empres\u00e1rio (Individual)", "fantasia": "YLIMITADA", "cnpj": "08.320.576/0001-48", "ultima_atualizacao": "2020-02-07T23:48:27.447Z", "status": "OK", "tipo": "MATRIZ", "complemento": "", "email": "", "efr": "", "motivo_situacao": "", "situacao_especial": "", "data_situacao_especial": "", "capital_social": "20000.00", "extra": {}, "billing": {"free": false, "database": false}}