{"atividade_principal": [{"text": "Constru\u00e7\u00e3o de edif\u00edcios", "code": "41.20-4-00"}], "data_situacao": "19/10/2006", "complemento": "LOJA 02", "nome": "BIOHIDRO CONSTRUCOES CIVIS, SERVICOS DE SANEAMENTO, INDUSTRIA E COMERCIO LTDA", "uf": "RJ", "telefone": "(22) 2771-8269", "atividades_secundarias": [{"text": "Servi\u00e7os de engenharia", "code": "71.12-0-00"}, {"text": "Com\u00e9rcio atacadista de bombas e compressores; partes e pe\u00e7as", "code": "46.69-9-01"}, {"text": "Constru\u00e7\u00e3o de redes de abastecimento de \u00e1gua, coleta de esgoto e constru\u00e7\u00f5es correlatas, exceto obras de irriga\u00e7\u00e3o", "code": "42.22-7-01"}, {"text": "Manuten\u00e7\u00e3o e repara\u00e7\u00e3o de m\u00e1quinas e equipamentos para uso geral n\u00e3o especificados anteriormente", "code": "33.14-7-10"}, {"text": "Aluguel de outras m\u00e1quinas e equipamentos comerciais e industriais n\u00e3o especificados anteriormente, sem operador", "code": "77.39-0-99"}, {"text": "Fabrica\u00e7\u00e3o de m\u00e1quinas e equipamentos para saneamento b\u00e1sico e ambiental, pe\u00e7as e acess\u00f3rios", "code": "28.25-9-00"}, {"text": "Fabrica\u00e7\u00e3o de esquadrias de metal", "code": "25.12-8-00"}, {"text": "Servi\u00e7os de manuten\u00e7\u00e3o e repara\u00e7\u00e3o mec\u00e2nica de ve\u00edculos automotores", "code": "45.20-0-01"}], "qsa": [{"qual": "49-S\u00f3cio-Administrador", "nome": "SEBASTIANA GOMES DA SILVA"}, {"qual": "22-S\u00f3cio", "nome": "ODIR CLECIO DA CRUZ ROQUE"}], "situacao": "ATIVA", "bairro": "CENTRO", "logradouro": "R OLIVEIRA BOTELHO", "numero": "166", "cep": "28.010-320", "municipio": "CAMPOS DOS GOYTACAZES", "porte": "MICRO EMPRESA", "abertura": "19/10/2006", "natureza_juridica": "206-2 - Sociedade Empres\u00e1ria Limitada", "fantasia": "BIOHIDRO", "cnpj": "08.386.495/0001-40", "ultima_atualizacao": "2020-02-08T00:32:25.058Z", "status": "OK", "tipo": "MATRIZ", "email": "", "efr": "", "motivo_situacao": "", "situacao_especial": "", "data_situacao_especial": "", "capital_social": "150000.00", "extra": {}, "billing": {"free": false, "database": false}}