{"data_situacao": "31/12/2016", "motivo_situacao": "INCORPORACAO", "nome": "BRT BRAZIL TROPHY LTDA", "telefone": "(49) 2101-0228", "email": "faturamento@brt.ind.br", "situacao": "BAIXADA", "porte": "EMPRESA DE PEQUENO PORTE", "abertura": "20/09/2006", "natureza_juridica": "206-2 - Sociedade Empres\u00e1ria Limitada", "fantasia": "BRT - BRAZIL TROPHY", "cnpj": "08.388.116/0001-51", "ultima_atualizacao": "2020-02-08T00:36:47.789Z", "status": "OK", "tipo": "MATRIZ", "logradouro": "", "numero": "", "complemento": "", "cep": "", "bairro": "", "municipio": "", "uf": "", "efr": "", "situacao_especial": "", "data_situacao_especial": "", "atividade_principal": [{"code": "00.00-0-00", "text": "********"}], "atividades_secundarias": [{"code": "00.00-0-00", "text": "N\u00e3o informada"}], "capital_social": "0.00", "qsa": [], "extra": {}, "billing": {"free": false, "database": false}}