{"atividade_principal": [{"text": "Servi\u00e7os de engenharia", "code": "71.12-0-00"}], "data_situacao": "17/10/2006", "complemento": "FRENTE", "nome": "OBRADECK CONSTRUCOES LTDA", "uf": "RJ", "telefone": "(22) 2735-1644", "atividades_secundarias": [{"text": "Servi\u00e7os de arquitetura", "code": "71.11-1-00"}, {"text": "Servi\u00e7os de cartografia, topografia e geod\u00e9sia", "code": "71.19-7-01"}, {"text": "Atividades de estudos geol\u00f3gicos", "code": "71.19-7-02"}, {"text": "Servi\u00e7os de desenho t\u00e9cnico relacionados \u00e0 arquitetura e engenharia", "code": "71.19-7-03"}, {"text": "Atividades t\u00e9cnicas relacionadas \u00e0 engenharia e arquitetura n\u00e3o especificadas anteriormente", "code": "71.19-7-99"}, {"text": "Constru\u00e7\u00e3o de edif\u00edcios", "code": "41.20-4-00"}, {"text": "Outras obras de instala\u00e7\u00f5es em constru\u00e7\u00f5es n\u00e3o especificadas anteriormente", "code": "43.29-1-99"}, {"text": "Constru\u00e7\u00e3o de redes de abastecimento de \u00e1gua, coleta de esgoto e constru\u00e7\u00f5es correlatas, exceto obras de irriga\u00e7\u00e3o", "code": "42.22-7-01"}, {"text": "Constru\u00e7\u00e3o de instala\u00e7\u00f5es esportivas e recreativas", "code": "42.99-5-01"}, {"text": "Obras de irriga\u00e7\u00e3o", "code": "42.22-7-02"}, {"text": "Perfura\u00e7\u00e3o e constru\u00e7\u00e3o de po\u00e7os de \u00e1gua", "code": "43.99-1-05"}, {"text": "Obras portu\u00e1rias, mar\u00edtimas e fluviais", "code": "42.91-0-00"}, {"text": "Servi\u00e7os de prepara\u00e7\u00e3o do terreno n\u00e3o especificados anteriormente", "code": "43.19-3-00"}, {"text": "Atividades de limpeza n\u00e3o especificadas anteriormente", "code": "81.29-0-00"}, {"text": "Limpeza em pr\u00e9dios e em domic\u00edlios", "code": "81.21-4-00"}, {"text": "Atividades paisag\u00edsticas", "code": "81.30-3-00"}, {"text": "Instala\u00e7\u00e3o de portas, janelas, tetos, divis\u00f3rias e arm\u00e1rios embutidos de qualquer material", "code": "43.30-4-02"}, {"text": "Constru\u00e7\u00e3o de rodovias e ferrovias", "code": "42.11-1-01"}, {"text": "Instala\u00e7\u00e3o e manuten\u00e7\u00e3o el\u00e9trica", "code": "43.21-5-00"}, {"text": "Obras de terraplenagem", "code": "43.13-4-00"}, {"text": "Servi\u00e7os de pintura de edif\u00edcios em geral", "code": "43.30-4-04"}, {"text": "Com\u00e9rcio varejista de materiais de constru\u00e7\u00e3o em geral", "code": "47.44-0-99"}, {"text": "Fabrica\u00e7\u00e3o de estruturas met\u00e1licas", "code": "25.11-0-00"}], "qsa": [{"qual": "49-S\u00f3cio-Administrador", "nome": "JOAO EDUARDO DE SALES HONORIO"}, {"qual": "22-S\u00f3cio", "nome": "SIMONE DE SALES HONORIO"}], "situacao": "ATIVA", "bairro": "PARQUE AURORA", "logradouro": "R PINTO FILHO", "numero": "170", "cep": "28.026-200", "municipio": "CAMPOS DOS GOYTACAZES", "porte": "MICRO EMPRESA", "abertura": "17/10/2006", "natureza_juridica": "224-0 - Sociedade Simples Limitada", "fantasia": "OBRADECK CONSTRUCOES", "cnpj": "08.380.128/0001-30", "ultima_atualizacao": "2020-02-08T00:16:39.824Z", "status": "OK", "tipo": "MATRIZ", "email": "", "efr": "", "motivo_situacao": "", "situacao_especial": "", "data_situacao_especial": "", "capital_social": "1500000.00", "extra": {}, "billing": {"free": false, "database": false}}