{"atividade_principal": [{"text": "Aluguel de m\u00e1quinas e equipamentos para constru\u00e7\u00e3o sem operador, exceto andaimes", "code": "77.32-2-01"}], "data_situacao": "07/11/2006", "complemento": "LOTE 19 PARTE", "nome": "MISTRAL COMERCIO E SERVICO LTDA", "uf": "RJ", "telefone": "(22) 2771-9448", "email": "adm@macaense.com.br", "atividades_secundarias": [{"text": "Atividades de limpeza n\u00e3o especificadas anteriormente", "code": "81.29-0-00"}, {"text": "Com\u00e9rcio varejista de artigos de papelaria", "code": "47.61-0-03"}, {"text": "Com\u00e9rcio varejista de outros produtos n\u00e3o especificados anteriormente", "code": "47.89-0-99"}, {"text": "Constru\u00e7\u00e3o de edif\u00edcios", "code": "41.20-4-00"}, {"text": "Filmagem de festas e eventos", "code": "74.20-0-04"}, {"text": "Instala\u00e7\u00e3o e manuten\u00e7\u00e3o el\u00e9trica", "code": "43.21-5-00"}, {"text": "Repara\u00e7\u00e3o e manuten\u00e7\u00e3o de computadores e de equipamentos perif\u00e9ricos", "code": "95.11-8-00"}, {"text": "Servi\u00e7os de organiza\u00e7\u00e3o de feiras, congressos, exposi\u00e7\u00f5es e festas", "code": "82.30-0-01"}], "qsa": [{"qual": "49-S\u00f3cio-Administrador", "nome": "JOSE LUIZ LOPEZ DOS SANTOS GARCIA"}, {"qual": "22-S\u00f3cio", "nome": "JOSE ALEXANDRE BARBOSA DE LIMA"}], "situacao": "ATIVA", "bairro": "SOL E MAR", "logradouro": "R ETELVINO PIMENTEL CYRIACO", "numero": "SN", "cep": "27.940-161", "municipio": "MACAE", "porte": "EMPRESA DE PEQUENO PORTE", "abertura": "07/11/2006", "natureza_juridica": "206-2 - Sociedade Empres\u00e1ria Limitada", "fantasia": "MISTRAL COMERCIO E SERVICOS", "cnpj": "08.460.279/0001-06", "ultima_atualizacao": "2020-02-08T00:12:53.588Z", "status": "OK", "tipo": "MATRIZ", "efr": "", "motivo_situacao": "", "situacao_especial": "", "data_situacao_especial": "", "capital_social": "88000.00", "extra": {}, "billing": {"free": false, "database": false}}