{"atividade_principal": [{"text": "Constru\u00e7\u00e3o de edif\u00edcios", "code": "41.20-4-00"}], "data_situacao": "20/12/2006", "nome": "CONSTRUTORA M. ALVES LTDA", "uf": "RJ", "telefone": "(55) 5555-5555", "atividades_secundarias": [{"text": "Incorpora\u00e7\u00e3o de empreendimentos imobili\u00e1rios", "code": "41.10-7-00"}, {"text": "Constru\u00e7\u00e3o de instala\u00e7\u00f5es esportivas e recreativas", "code": "42.99-5-01"}, {"text": "Aluguel de im\u00f3veis pr\u00f3prios", "code": "68.10-2-02"}], "qsa": [{"qual": "49-S\u00f3cio-Administrador", "nome": "ADRIANA TOLEDO BRETAS PEREIRA"}, {"qual": "49-S\u00f3cio-Administrador", "nome": "MANOEL ALVES PEREIRA"}], "situacao": "ATIVA", "bairro": "JARDIM MARILEA", "logradouro": "R SAO FIDELIS", "numero": "152", "cep": "28.890-001", "municipio": "RIO DAS OSTRAS", "porte": "DEMAIS", "abertura": "20/12/2006", "natureza_juridica": "206-2 - Sociedade Empres\u00e1ria Limitada", "cnpj": "08.579.251/0001-84", "ultima_atualizacao": "2020-02-07T23:02:02.847Z", "status": "OK", "tipo": "MATRIZ", "fantasia": "", "complemento": "", "email": "", "efr": "", "motivo_situacao": "", "situacao_especial": "", "data_situacao_especial": "", "capital_social": "3000000.00", "extra": {}, "billing": {"free": false, "database": false}}