{"atividade_principal": [{"text": "Com\u00e9rcio varejista de artigos de papelaria", "code": "47.61-0-03"}], "data_situacao": "13/12/2006", "nome": "L. C. BARBOSA & CIA LTDA", "uf": "RJ", "telefone": "(22) 8813-1186/ (22) 8126-5065", "email": "multipla.comercio@oi.com.br", "atividades_secundarias": [{"text": "Transporte escolar", "code": "49.24-8-00"}], "qsa": [{"qual": "49-S\u00f3cio-Administrador", "nome": "NEIVA FERREIRA REIS"}], "situacao": "ATIVA", "bairro": "VALE DAS PALMEIRAS", "logradouro": "R RAUL MARCHON DA ROSA", "numero": "726", "cep": "28.860-000", "municipio": "CASIMIRO DE ABREU", "porte": "MICRO EMPRESA", "abertura": "13/12/2006", "natureza_juridica": "206-2 - Sociedade Empres\u00e1ria Limitada", "fantasia": "MULTIPLA COMERCIO E SERVICOS", "cnpj": "08.589.247/0001-05", "ultima_atualizacao": "2020-02-08T00:36:10.656Z", "status": "OK", "tipo": "MATRIZ", "complemento": "", "efr": "", "motivo_situacao": "", "situacao_especial": "", "data_situacao_especial": "", "capital_social": "30000.00", "extra": {}, "billing": {"free": false, "database": false}}