{"atividade_principal": [{"text": "Servi\u00e7os de engenharia", "code": "71.12-0-00"}], "data_situacao": "09/01/2007", "complemento": "SALAS 1601 E 1602 PARTE", "nome": "PERAZZO ENGENHARIA LTDA", "uf": "RJ", "telefone": "(21) 2217-2600", "qsa": [{"qual": "49-S\u00f3cio-Administrador", "nome": "LEONARDO PERAZZO BARBOSA"}, {"qual": "22-S\u00f3cio", "nome": "GUSTAVO ROUX PERAZZO BARBOSA"}], "situacao": "ATIVA", "bairro": "CENTRO", "logradouro": "R SENADOR DANTAS", "numero": "20", "cep": "20.031-203", "municipio": "RIO DE JANEIRO", "porte": "EMPRESA DE PEQUENO PORTE", "abertura": "09/01/2007", "natureza_juridica": "206-2 - Sociedade Empres\u00e1ria Limitada", "cnpj": "08.595.996/0001-37", "ultima_atualizacao": "2020-02-08T00:07:00.530Z", "status": "OK", "tipo": "MATRIZ", "fantasia": "", "email": "", "efr": "", "motivo_situacao": "", "situacao_especial": "", "data_situacao_especial": "", "atividades_secundarias": [{"code": "00.00-0-00", "text": "N\u00e3o informada"}], "capital_social": "5000.00", "extra": {}, "billing": {"free": false, "database": false}}