{"atividade_principal": [{"text": "Previd\u00eancia complementar aberta", "code": "65.42-1-00"}], "data_situacao": "24/11/2006", "complemento": "ANDAR 7", "nome": "CAPEMISA SEGURADORA DE VIDA E PREVIDENCIA S/A", "uf": "RJ", "telefone": "(21) 4009-7676", "email": "contabilidadefiscal@capemisa.com.br", "atividades_secundarias": [{"text": "Sociedade seguradora de seguros vida", "code": "65.11-1-01"}], "qsa": [{"qual": "16-Presidente", "nome": "JORGE DE SOUZA ANDRADE"}, {"qual": "10-Diretor", "nome": "RAFAEL GRACA DO AMARAL"}, {"qual": "10-Diretor", "nome": "MARCIO AUGUSTO LEONE KOENIGSDORF"}, {"qual": "10-Diretor", "nome": "FABIO DOS SANTOS MEZIAT LESSA"}], "situacao": "ATIVA", "bairro": "BOTAFOGO", "logradouro": "R SAO CLEMENTE", "numero": "38", "cep": "22.260-900", "municipio": "RIO DE JANEIRO", "porte": "DEMAIS", "abertura": "24/11/2006", "natureza_juridica": "205-4 - Sociedade An\u00f4nima Fechada", "cnpj": "08.602.745/0001-32", "ultima_atualizacao": "2020-02-08T00:45:59.805Z", "status": "OK", "tipo": "MATRIZ", "fantasia": "", "efr": "", "motivo_situacao": "", "situacao_especial": "", "data_situacao_especial": "", "capital_social": "270796933.42", "extra": {}, "billing": {"free": false, "database": false}}