{"data_situacao": "06/09/2012", "motivo_situacao": "SOLICITACAO BAIXA INDEFERIDA", "nome": "L.CARLOS DUARTE DE SOUZA", "telefone": "(22) 9957-7444", "email": "falm@click21.com.br", "qsa": [], "situacao": "SUSPENSA", "porte": "MICRO EMPRESA", "abertura": "29/01/2007", "natureza_juridica": "213-5 - Empres\u00e1rio (Individual)", "fantasia": "LCDS LOCADORA", "cnpj": "08.640.376/0001-72", "ultima_atualizacao": "2020-02-08T00:14:27.950Z", "status": "OK", "tipo": "MATRIZ", "logradouro": "", "numero": "", "complemento": "", "cep": "", "bairro": "", "municipio": "", "uf": "", "efr": "", "situacao_especial": "", "data_situacao_especial": "", "atividade_principal": [{"code": "00.00-0-00", "text": "********"}], "atividades_secundarias": [{"code": "00.00-0-00", "text": "N\u00e3o informada"}], "capital_social": "15000.00", "extra": {}, "billing": {"free": false, "database": false}}