{"atividade_principal": [{"text": "Desenvolvimento de programas de computador sob encomenda", "code": "62.01-5-01"}], "data_situacao": "18/01/2007", "complemento": "SALA 301", "nome": "ELOGROUP DESENVOLVIMENTO E CONSULTORIA LTDA", "uf": "RJ", "telefone": "(21) 3174-8300/ (21) 3174-8333", "email": "contato@elogroup.com.br", "atividades_secundarias": [{"text": "Desenvolvimento e licenciamento de programas de computador customiz\u00e1veis", "code": "62.02-3-00"}, {"text": "Desenvolvimento e licenciamento de programas de computador n\u00e3o-customiz\u00e1veis", "code": "62.03-1-00"}, {"text": "Consultoria em tecnologia da informa\u00e7\u00e3o", "code": "62.04-0-00"}, {"text": "Holdings de institui\u00e7\u00f5es n\u00e3o-financeiras", "code": "64.62-0-00"}, {"text": "Outras sociedades de participa\u00e7\u00e3o, exceto holdings", "code": "64.63-8-00"}, {"text": "Atividades de consultoria em gest\u00e3o empresarial, exceto consultoria t\u00e9cnica espec\u00edfica", "code": "70.20-4-00"}, {"text": "Treinamento em desenvolvimento profissional e gerencial", "code": "85.99-6-04"}, {"text": "Servi\u00e7os de organiza\u00e7\u00e3o de feiras, congressos, exposi\u00e7\u00f5es e festas", "code": "82.30-0-01"}, {"text": "Edi\u00e7\u00e3o de livros", "code": "58.11-5-00"}, {"text": "Com\u00e9rcio atacadista de livros, jornais e outras publica\u00e7\u00f5es", "code": "46.47-8-02"}], "qsa": [{"qual": "22-S\u00f3cio", "nome": "LEANDRO DOS SANTOS DE JESUS"}, {"qual": "22-S\u00f3cio", "nome": "RAFAEL GOMES CLEMENTE"}, {"qual": "49-S\u00f3cio-Administrador", "nome": "ANDRE REGO MACIEIRA"}, {"qual": "22-S\u00f3cio", "nome": "DANIEL KARRER DA CRUZ"}, {"qual": "22-S\u00f3cio", "nome": "DANIEL BARROSO BARROS"}, {"qual": "22-S\u00f3cio", "qual_rep_legal": "05-Administrador", "nome_rep_legal": "RODRIGO MENDES DUARTE", "nome": "INNVENT CONSULTORIA E PARTICIPACOES LTDA."}, {"qual": "22-S\u00f3cio", "nome": "LUIS PEDRO TAKADA"}, {"qual": "22-S\u00f3cio", "nome": "JAIME BEER FRENKEL"}, {"qual": "22-S\u00f3cio", "nome": "DAVI MONTEIRO DE ALMEIDA"}, {"qual": "22-S\u00f3cio", "nome": "CARLOS EDUARDO GONCALVES"}, {"qual": "22-S\u00f3cio", "nome": "RICARDO AVILA GUTERRES PINHEIRO LEITE"}, {"qual": "22-S\u00f3cio", "nome": "LUIZ AUGUSTO MOREIRA DA COSTA"}, {"qual": "22-S\u00f3cio", "nome": "LUCAS SANTOS SALES"}, {"qual": "49-S\u00f3cio-Administrador", "nome": "THIAGO AMARAL FUKAMATI"}, {"qual": "22-S\u00f3cio", "nome": "RICARDO RODRIGUES GONCALVES"}, {"qual": "22-S\u00f3cio", "nome": "ISABELLA CARVALHO GRADE VALLEJO"}, {"qual": "22-S\u00f3cio", "nome": "LAYS ABREU LOBATO"}, {"qual": "22-S\u00f3cio", "nome": "PEDRO ROBERTO LEMOS CORTEZ"}, {"qual": "22-S\u00f3cio", "nome": "GABRIELA AMSTRONG BARRETO GONCALVES"}, {"qual": "22-S\u00f3cio", "nome": "RAFAEL CHAGAS VITALINO"}, {"qual": "22-S\u00f3cio", "nome": "PEDRO DA CUNHA BRANDAO"}, {"qual": "22-S\u00f3cio", "nome": "VINICIUS DOS SANTOS RIBEIRO"}, {"qual": "22-S\u00f3cio", "nome": "GUILHERME FERREIRA SOARES"}, {"qual": "22-S\u00f3cio", "nome": "RAFAEL CANDIDO GUIMARAES FREIRE"}, {"qual": "22-S\u00f3cio", "nome": "RODRIGO MENDES DUARTE"}, {"qual": "22-S\u00f3cio", "nome": "JOANNA GUSSEN CARNEIRO"}, {"qual": "22-S\u00f3cio", "nome": "BRUNO DA VEIGA CABRAL"}, {"qual": "22-S\u00f3cio", "nome": "DAIANE GRESSLER DE BRUM"}, {"qual": "22-S\u00f3cio", "nome": "LEONARDO SILVEIRA HAAG"}, {"qual": "22-S\u00f3cio", "nome": "MAURICIO ISAC CARDOSO"}, {"qual": "22-S\u00f3cio", "nome": "RICARDO FABRINO DE MOURA COUTINHO"}, {"qual": "22-S\u00f3cio", "nome": "ALEXANDRE VELLOSO GUIMARAES"}, {"qual": "22-S\u00f3cio", "nome": "RAFAEL PEREIRA DE ARAUJO PEDROSA"}, {"qual": "22-S\u00f3cio", "nome": "ISABELA ALVES CORREIA"}, {"qual": "22-S\u00f3cio", "nome": "FILIPE GUEDES DE OLIVEIRA ALMEIDA"}, {"qual": "22-S\u00f3cio", "nome": "ANDRE ALVES VIGGIANO"}, {"qual": "22-S\u00f3cio", "nome": "ANDRE LUIS FRANCO LIRA"}, {"qual": "22-S\u00f3cio", "nome": "BERNARDO CRAVEIRO BEZERRA"}, {"qual": "22-S\u00f3cio", "nome": "CARLOS EDUARDO GELAPE AZEVEDO"}, {"qual": "22-S\u00f3cio", "nome": "CAROLLINA APARECIDA GUTIERREZ BRAGA DA CUNHA"}, {"qual": "22-S\u00f3cio", "nome": "FILIPE GUIMARAES GOMES DA CUNHA"}, {"qual": "22-S\u00f3cio", "nome": "GUILHERME SCHLAEPFER PEREIRA"}, {"qual": "22-S\u00f3cio", "nome": "LUCAS MATTOS DE SOUZA"}, {"qual": "22-S\u00f3cio", "nome": "PERSEU FRAZAO DE MENEZES"}, {"qual": "22-S\u00f3cio", "nome": "RAFAELA LEAO OSORIO"}, {"qual": "22-S\u00f3cio", "nome": "RAPHAEL DE MOURA JAPIASSU GONCALVES"}, {"qual": "22-S\u00f3cio", "nome": "THIAGO LEITE DE MOURA E SOUZA"}, {"qual": "22-S\u00f3cio", "nome": "PAULO DAMASIO WERNECK"}, {"qual": "22-S\u00f3cio", "nome": "ADEMIR RIBEIRO DE SOUSA JUNIOR"}, {"qual": "22-S\u00f3cio", "nome": "ADRIANO FIGUEIREDO DE OLIVEIRA GOMES"}, {"qual": "22-S\u00f3cio", "nome": "ALVARO PADUA DE OLIVEIRA"}, {"qual": "22-S\u00f3cio", "nome": "ANA LUIZA ANDRADE NOVO"}, {"qual": "22-S\u00f3cio", "nome": "ANA PAULA DE OLIVEIRA SANTOS"}, {"qual": "22-S\u00f3cio", "nome": "ANA PAULA JAEGER"}, {"qual": "22-S\u00f3cio", "nome": "ANDRE FERREIRA DO NASCIMENTO"}, {"qual": "22-S\u00f3cio", "nome": "ANDRE PRESSENDO MENDES"}, {"qual": "22-S\u00f3cio", "nome": "ANTONIA TOURINHO ROCHA"}, {"qual": "22-S\u00f3cio", "nome": "ARNALDO ARAGAO ANTUNES PEREIRA FILHO"}, {"qual": "22-S\u00f3cio", "nome": "BARBARA VIANA MACHADO FEITOSA"}, {"qual": "22-S\u00f3cio", "nome": "BRUNA ROSSO BEZ FONTANA"}, {"qual": "22-S\u00f3cio", "nome": "BRUNO LASCALLA POPIN"}, {"qual": "22-S\u00f3cio", "nome": "CAIO MENEZES THIERS"}, {"qual": "22-S\u00f3cio", "nome": "CAIO MOURA MACHADO SANTOS"}, {"qual": "22-S\u00f3cio", "nome": "CAIO SILVEIRA JORDAO"}, {"qual": "22-S\u00f3cio", "nome": "CAMILA MELO DE CARVALHO"}, {"qual": "22-S\u00f3cio", "nome": "CAROLINA PRADO CRISOSTOMO"}, {"qual": "22-S\u00f3cio", "nome": "CASSIO VASCONCELOS SOARES MENEZES"}, {"qual": "22-S\u00f3cio", "nome": "CESAR AUGUSTO LAGE DOS SANTOS"}, {"qual": "22-S\u00f3cio", "nome": "DANIEL BRASIL CALDEIRA BRANT"}, {"qual": "22-S\u00f3cio", "nome": "DEBORA MAYUMI VIOL SAKODA"}, {"qual": "22-S\u00f3cio", "nome": "DIOGO DE LACERDA SANTOS"}, {"qual": "22-S\u00f3cio", "nome": "FABIO BOZZOLA SERPA"}, {"qual": "22-S\u00f3cio", "nome": "FLAVIO ANDRE KAMINISHI"}, {"qual": "22-S\u00f3cio", "nome": "GABRIEL RENAULT PINTO DE ALMEIDA MAGALHAES"}, {"qual": "22-S\u00f3cio", "nome": "GUILHERME BOGOSSIAN SUASSUNA DE ALENCAR SINDEAUX"}, {"qual": "22-S\u00f3cio", "nome": "GUILHERME LOPES FURLAN"}, {"qual": "22-S\u00f3cio", "nome": "GUSTAVO COVOLAN BOZZETTI"}, {"qual": "22-S\u00f3cio", "nome": "GUSTAVO LARA FERREIRA"}, {"qual": "22-S\u00f3cio", "nome": "ILANNA RENATA DE SOUZA FORTES"}, {"qual": "22-S\u00f3cio", "nome": "IRWIN ECHES RONACHER SOUZA"}, {"qual": "22-S\u00f3cio", "nome": "ISADORA CIDADE MARIANO"}, {"qual": "22-S\u00f3cio", "nome": "IZABELLA ALCANFOR GONTIJO"}, {"qual": "22-S\u00f3cio", "nome": "JHENNYSON ROBERT RIBEIRO DOS SANTOS"}, {"qual": "22-S\u00f3cio", "nome": "JOAO GABRIEL ALVES DOMINGOS"}, {"qual": "22-S\u00f3cio", "nome": "JOAO RICARDO NASSEH"}, {"qual": "22-S\u00f3cio", "nome": "LAIRA BRITO OLIVEIRA"}, {"qual": "22-S\u00f3cio", "nome": "LAIS HABIB VIEIRA MENDES"}, {"qual": "22-S\u00f3cio", "nome": "JOAO ANTONIO DE SANTA RITTA E RONDINA"}, {"qual": "22-S\u00f3cio", "nome": "LUANA RAMOS RIBEIRO"}, {"qual": "22-S\u00f3cio", "nome": "LUCAS LIMA RIBEIRO"}, {"qual": "22-S\u00f3cio", "nome": "LUCAS RODRIGUES DA SILVA"}, {"qual": "22-S\u00f3cio", "nome": "LUIS PAULO SENRA HUBER"}, {"qual": "22-S\u00f3cio", "nome": "LUISA CAVALCANTE DE AZEVEDO DA SILVA"}, {"qual": "22-S\u00f3cio", "nome": "MARCELO ELIAS OKA DE LIMA"}, {"qual": "22-S\u00f3cio", "nome": "MARCELLO PONCE LEONIS FONSECA"}, {"qual": "22-S\u00f3cio", "nome": "MARIANA DE MENDONCA MOLLES MAZZINI PERPETUO"}, {"qual": "22-S\u00f3cio", "nome": "MARIANA GIORGI MARIANO"}, {"qual": "22-S\u00f3cio", "nome": "MARIANA TASSO DE SOUSA MARTINS"}, {"qual": "22-S\u00f3cio", "nome": "MARINA DE SA MELO"}, {"qual": "22-S\u00f3cio", "nome": "MARINA OLIVEIRA BELARMINO DE ALMEIDA"}, {"qual": "22-S\u00f3cio", "nome": "MARTIM ANCONA DE FARIA BUENO DE AGUIAR"}, {"qual": "22-S\u00f3cio", "nome": "MATHEUS CARVALHO DA SILVA"}, {"qual": "22-S\u00f3cio", "nome": "MURILO DINIZ ROCHA FILHO"}, {"qual": "22-S\u00f3cio", "nome": "NAONE MANUEL GARCIA"}, {"qual": "22-S\u00f3cio", "nome": "NATALIA VERONEZE ALVES SANTOS DE MELO"}, {"qual": "22-S\u00f3cio", "nome": "NICHOLAS AUGUSTO RIBEIRO"}, {"qual": "22-S\u00f3cio", "nome": "NILTON LUIZ ANTONIALLI JUNIOR"}, {"qual": "22-S\u00f3cio", "nome": "NURIA ROJO PEREZ"}, {"qual": "22-S\u00f3cio", "nome": "OTAVIO MARTIN VIANNA"}, {"qual": "22-S\u00f3cio", "nome": "PAULO ARTHUR MAURO"}, {"qual": "22-S\u00f3cio", "nome": "PABLO CERRI"}, {"qual": "22-S\u00f3cio", "nome": "PAULO HENRIQUE YOSHIDA DE SOUZA"}, {"qual": "22-S\u00f3cio", "nome": "PEDRO FAEZ BRIDI"}, {"qual": "22-S\u00f3cio", "nome": "PEDRO HENRIQUE ALMEIDA SILVA"}, {"qual": "22-S\u00f3cio", "nome": "RAFAEL BRASILEIRO MIRANDA"}, {"qual": "22-S\u00f3cio", "nome": "RAFAEL FABRINO GOMES SILVA"}, {"qual": "22-S\u00f3cio", "nome": "RAUL GUSTAVO FERNANDES MESSIAS"}, {"qual": "22-S\u00f3cio", "nome": "RENATO GUERRA ROTELLI"}, {"qual": "22-S\u00f3cio", "nome": "RODRIGO BARBOSA BASSANI"}, {"qual": "22-S\u00f3cio", "nome": "RODRIGO DE MOURA LACERDA AGUERA"}, {"qual": "22-S\u00f3cio", "nome": "THIAGO ESTEVES CORREA"}, {"qual": "22-S\u00f3cio", "nome": "THOMAS PEREIRA KLEN"}, {"qual": "22-S\u00f3cio", "nome": "VICTOR HEMERLY MOREIRA VIEIRA TORRES"}, {"qual": "22-S\u00f3cio", "nome": "VITOR AUGUSTO FORTUNATO DE ANDRADE"}, {"qual": "22-S\u00f3cio", "nome": "SAMUEL GOMES E AYRES"}, {"qual": "22-S\u00f3cio", "nome": "ALEXANDRE FURIGO GONCALVES"}, {"qual": "22-S\u00f3cio", "nome": "ANDRE LEMOS PECEGO"}, {"qual": "22-S\u00f3cio", "nome": "ANDRE WAGNER FRANCA"}, {"qual": "22-S\u00f3cio", "nome": "ANNA CAROLINA DOS SANTOS BARROS"}, {"qual": "22-S\u00f3cio", "nome": "ARTHUR MUNDIM RODRIGUES"}, {"qual": "22-S\u00f3cio", "nome": "BERNARDO CUNHA DE OLIVEIRA FERNANDES"}, {"qual": "22-S\u00f3cio", "nome": "BRENO DE ALMEIDA LUCHESI"}, {"qual": "22-S\u00f3cio", "nome": "BRUNO DE OLIVEIRA MORAES"}, {"qual": "22-S\u00f3cio", "nome": "CASSIUS MARCELLUS DO CARMO FIGUEIREDO"}, {"qual": "22-S\u00f3cio", "nome": "CLOVIS MARINHEIRO ROLIM FILHO"}, {"qual": "22-S\u00f3cio", "nome": "DIOGO VIEIRA DE CASTRO COUTO DA SILVA"}, {"qual": "22-S\u00f3cio", "nome": "ELISA MUSSUMECI CALAZANS"}, {"qual": "22-S\u00f3cio", "nome": "FELIPE DA SILVA SIQUEIRA"}, {"qual": "22-S\u00f3cio", "nome": "FELIPE FORNAZIERE"}, {"qual": "22-S\u00f3cio", "nome": "FERNANDA ALMEIDA FERNANDES DE OLIVEIRA"}, {"qual": "22-S\u00f3cio", "nome": "FERNANDA SILVA MATHIAS"}, {"qual": "22-S\u00f3cio", "nome": "FRANCISCO DE ALMEIDA ROCHA ALVES"}, {"qual": "22-S\u00f3cio", "nome": "GABRIELA VIEIRA ALVES"}, {"qual": "22-S\u00f3cio", "nome": "HELOISA SIMOES TOMAZ"}, {"qual": "22-S\u00f3cio", "nome": "JOAO MANOEL CHAGAS SILVA"}, {"qual": "22-S\u00f3cio", "nome": "JOAO PAULO AMATO E ANTUNES"}, {"qual": "22-S\u00f3cio", "nome": "JULIA THOMAS CUELLAR"}, {"qual": "22-S\u00f3cio", "nome": "JULIANO BOLDRIN DE MENDONCA"}, {"qual": "22-S\u00f3cio", "nome": "LARA BARREIRA FERREIRA"}, {"qual": "22-S\u00f3cio", "nome": "LEONARDO ROCHA MATOS"}, {"qual": "22-S\u00f3cio", "nome": "LIVIA MARIA GONCALVES FRANCA"}, {"qual": "22-S\u00f3cio", "nome": "LORENA GARCIA CARNEIRO"}, {"qual": "22-S\u00f3cio", "nome": "LUCAS CIABOTTI TAVORA"}, {"qual": "22-S\u00f3cio", "nome": "LUCAS FERNANDES LIMA"}, {"qual": "22-S\u00f3cio", "nome": "LUCAS RODRIGUES LIGEIRO DE ALMEIDA MELO"}, {"qual": "22-S\u00f3cio", "nome": "LUISA BARRETO LEAL"}, {"qual": "22-S\u00f3cio", "nome": "LUISA JULIAO BONFA"}, {"qual": "22-S\u00f3cio", "nome": "LUIZA DE CASTRO FERREIRA DA SILVA"}, {"qual": "22-S\u00f3cio", "nome": "MARCOS PAULO NAVARINI"}, {"qual": "22-S\u00f3cio", "nome": "MARIA VICTORIA LINS LANGE ROSA"}, {"qual": "22-S\u00f3cio", "nome": "MARIANA DE OLIVEIRA VALE COUTINHO"}, {"qual": "22-S\u00f3cio", "nome": "MARILA FONTENELLE SILY DE ASSIS"}, {"qual": "22-S\u00f3cio", "nome": "MATHEUS ENRIQUE MARTINS JACUNDA"}, {"qual": "22-S\u00f3cio", "nome": "MATHEUS SOLDI HARDT"}, {"qual": "22-S\u00f3cio", "nome": "NADIA ANDRADE ARMELIN"}, {"qual": "22-S\u00f3cio", "nome": "OLAVO PONTES SANTANA"}, {"qual": "22-S\u00f3cio", "nome": "PAULA MIRANDA BRASIL"}, {"qual": "22-S\u00f3cio", "nome": "PEDRO HENRIQUE LEITE DE MENEZES"}, {"qual": "22-S\u00f3cio", "nome": "PEDRO SOARES COSTA ARRUDA FERNANDES"}, {"qual": "22-S\u00f3cio", "nome": "PRISCILLA GOMES BORGES"}, {"qual": "22-S\u00f3cio", "nome": "RAFAEL DE VAZQUEZ CABRAL"}, {"qual": "22-S\u00f3cio", "nome": "RENATO DE ABREU ORLANDI"}, {"qual": "22-S\u00f3cio", "nome": "SIMONE PAULA DOS SANTOS FRAGA"}, {"qual": "22-S\u00f3cio", "nome": "SONIA MARILIA TEIXEIRA FACIROLI"}, {"qual": "22-S\u00f3cio", "nome": "TARIK LUIS MAIA DA SILVA"}, {"qual": "22-S\u00f3cio", "nome": "THAYANE MARQUES DE SOUZA"}, {"qual": "22-S\u00f3cio", "nome": "THOMAZ OSWALDO CRUZ PENIDO GUERRA"}, {"qual": "22-S\u00f3cio", "nome": "VICENTE ROCHA CONDE ALJAN LOTUFO"}, {"qual": "22-S\u00f3cio", "nome": "VINICIUS AZEVEDO PEREIRA"}, {"qual": "22-S\u00f3cio", "nome": "VINICIUS CHAGAS BRASIL"}, {"qual": "22-S\u00f3cio", "nome": "ALEXANDRE SAWAYA ALVES GUIMARAES"}], "situacao": "ATIVA", "bairro": "CENTRO", "logradouro": "R DA QUITANDA", "numero": "60", "cep": "20.011-030", "municipio": "RIO DE JANEIRO", "porte": "DEMAIS", "abertura": "18/01/2007", "natureza_juridica": "206-2 - Sociedade Empres\u00e1ria Limitada", "cnpj": "08.670.505/0001-75", "ultima_atualizacao": "2020-02-07T23:21:44.859Z", "status": "OK", "tipo": "MATRIZ", "fantasia": "", "efr": "", "motivo_situacao": "", "situacao_especial": "", "data_situacao_especial": "", "capital_social": "250000.00", "extra": {}, "billing": {"free": false, "database": false}}