{"data_situacao": "21/09/2018", "motivo_situacao": "EXTINCAO P/ ENC LIQ VOLUNTARIA", "nome": "C C AMADO SERVICOS DE MECANICA DE AUTOMOVEIS LTDA", "telefone": "(22) 2759-0196/ (22) 2759-0196", "situacao": "BAIXADA", "porte": "MICRO EMPRESA", "abertura": "12/03/2007", "natureza_juridica": "206-2 - Sociedade Empres\u00e1ria Limitada", "fantasia": "EDUCAR MULTIMARCAS", "cnpj": "08.716.922/0001-01", "ultima_atualizacao": "2020-02-08T00:54:46.234Z", "status": "OK", "tipo": "MATRIZ", "logradouro": "", "numero": "", "complemento": "", "cep": "", "bairro": "", "municipio": "", "uf": "", "email": "", "efr": "", "situacao_especial": "", "data_situacao_especial": "", "atividade_principal": [{"code": "00.00-0-00", "text": "********"}], "atividades_secundarias": [{"code": "00.00-0-00", "text": "N\u00e3o informada"}], "capital_social": "0.00", "qsa": [], "extra": {}, "billing": {"free": false, "database": false}}