{"atividade_principal": [{"text": "Artes c\u00eanicas, espet\u00e1culos e atividades complementares n\u00e3o especificadas anteriormente", "code": "90.01-9-99"}], "data_situacao": "23/02/2007", "nome": "V.HUGO CECATTO", "uf": "RS", "telefone": "(51) 8133-8325", "atividades_secundarias": [{"text": "Atividades de produ\u00e7\u00e3o cinematogr\u00e1fica, de v\u00eddeos e de programas de televis\u00e3o n\u00e3o especificadas anteriormente", "code": "59.11-1-99"}, {"text": "Servi\u00e7os de mixagem sonora em produ\u00e7\u00e3o audiovisual", "code": "59.12-0-02"}], "qsa": [], "situacao": "ATIVA", "bairro": "BOM FIM", "logradouro": "AV VENANCIO AIRES", "numero": "987", "cep": "90.040-193", "municipio": "PORTO ALEGRE", "porte": "MICRO EMPRESA", "abertura": "23/02/2007", "natureza_juridica": "213-5 - Empres\u00e1rio (Individual)", "cnpj": "08.724.947/0001-57", "ultima_atualizacao": "2020-02-07T23:36:07.904Z", "status": "OK", "tipo": "MATRIZ", "fantasia": "", "complemento": "", "email": "", "efr": "", "motivo_situacao": "", "situacao_especial": "", "data_situacao_especial": "", "capital_social": "20000.00", "extra": {}, "billing": {"free": false, "database": false}}