{"data_situacao": "21/09/2018", "motivo_situacao": "EXTINCAO P/ ENC LIQ VOLUNTARIA", "nome": "A.M.ALVES MEDEIROS", "telefone": "(22) 2142-0440", "email": "braziltubes@gmail.com", "situacao": "BAIXADA", "porte": "MICRO EMPRESA", "abertura": "09/03/2007", "natureza_juridica": "213-5 - Empres\u00e1rio (Individual)", "fantasia": "MANUMED EQUIPAMENTOS MEDICOS-HOSPITALARES", "cnpj": "08.727.428/0001-42", "ultima_atualizacao": "2020-02-07T23:30:46.254Z", "status": "OK", "tipo": "MATRIZ", "logradouro": "", "numero": "", "complemento": "", "cep": "", "bairro": "", "municipio": "", "uf": "", "efr": "", "situacao_especial": "", "data_situacao_especial": "", "atividade_principal": [{"code": "00.00-0-00", "text": "********"}], "atividades_secundarias": [{"code": "00.00-0-00", "text": "N\u00e3o informada"}], "capital_social": "0.00", "qsa": [], "extra": {}, "billing": {"free": false, "database": false}}