{"atividade_principal": [{"text": "Fabrica\u00e7\u00e3o de cabines, carrocerias e reboques para outros ve\u00edculos automotores, exceto caminh\u00f5es e \u00f4nibus", "code": "29.30-1-03"}], "data_situacao": "11/04/2007", "complemento": "LOTE 695", "nome": "GARRA INDUSTRIA E COMERCIO DE REBOQUES LTDA", "uf": "RJ", "telefone": "(21) 2734-2590/ (21) 2734-6682", "email": "ascontabilidade@ribon.com.br", "atividades_secundarias": [{"text": "Com\u00e9rcio varejista de outros produtos n\u00e3o especificados anteriormente", "code": "47.89-0-99"}, {"text": "Servi\u00e7os de instala\u00e7\u00e3o, manuten\u00e7\u00e3o e repara\u00e7\u00e3o de acess\u00f3rios para ve\u00edculos automotores", "code": "45.20-0-07"}], "qsa": [{"qual": "49-S\u00f3cio-Administrador", "nome": "MARCIO LANDRY VALADAO SANTOS"}, {"qual": "49-S\u00f3cio-Administrador", "nome": "WELINGTON LUIS SILVA MAGALHAES"}], "situacao": "ATIVA", "bairro": "BOA VISTA", "logradouro": "R JOAQUIM RODRIGUES", "numero": "S/N", "cep": "24.465-735", "municipio": "SAO GONCALO", "porte": "MICRO EMPRESA", "abertura": "11/04/2007", "natureza_juridica": "206-2 - Sociedade Empres\u00e1ria Limitada", "cnpj": "08.773.158/0001-06", "ultima_atualizacao": "2020-02-08T00:11:09.347Z", "status": "OK", "tipo": "MATRIZ", "fantasia": "", "efr": "", "motivo_situacao": "", "situacao_especial": "", "data_situacao_especial": "", "capital_social": "15000.00", "extra": {}, "billing": {"free": false, "database": false}}