{"atividade_principal": [{"text": "Hot\u00e9is", "code": "55.10-8-01"}], "data_situacao": "04/04/2007", "nome": "HOTEL BRISA TROPICAL DE MACAE LTDA", "uf": "RJ", "telefone": "(22) 2123-8600", "email": "operacional@brisatropicaldemacae.com.br", "atividades_secundarias": [{"text": "Comercio varejista de artigos de cama, mesa e banho", "code": "47.55-5-03"}, {"text": "Com\u00e9rcio varejista de cosm\u00e9ticos, produtos de perfumaria e de higiene pessoal", "code": "47.72-5-00"}, {"text": "Com\u00e9rcio varejista de suvenires, bijuterias e artesanatos", "code": "47.89-0-01"}, {"text": "Restaurantes e similares", "code": "56.11-2-01"}, {"text": "Lanchonetes, casas de ch\u00e1, de sucos e similares", "code": "56.11-2-03"}, {"text": "Bares e outros estabelecimentos especializados em servir bebidas, sem entretenimento", "code": "56.11-2-04"}, {"text": "Casas de festas e eventos", "code": "82.30-0-02"}, {"text": "Lavanderias", "code": "96.01-7-01"}], "qsa": [{"qual": "22-S\u00f3cio", "nome": "AMANDIO MONTEIRO PINTO"}, {"qual": "49-S\u00f3cio-Administrador", "nome": "CARLOS JORGE CARDOSO DE DEUS"}, {"qual": "49-S\u00f3cio-Administrador", "nome": "JOSE ANTONIO MORTAGUA MEIRELES"}, {"qual": "22-S\u00f3cio", "nome": "ANTONIO CARLOS CARVALHO DE ALMEIDA"}, {"qual": "22-S\u00f3cio", "nome": "HERMINIO AUGUSTO CARDOSO DE DEUS"}, {"qual": "22-S\u00f3cio", "nome": "CARLOS JOSE MORTAGUA MEIRELES"}, {"qual": "22-S\u00f3cio", "qual_rep_legal": "05-Administrador", "nome_rep_legal": "ANIBAL ALVES DA SILVA", "nome": "ATACC EMPREENDIMENTOS LTDA."}, {"qual": "49-S\u00f3cio-Administrador", "nome": "SANDRA LEILA XAVIER DE ALMEIDA"}], "situacao": "ATIVA", "bairro": "CAVALEIROS", "logradouro": "AV ATLANTICA", "numero": "2600", "cep": "27.920-390", "municipio": "MACAE", "porte": "DEMAIS", "abertura": "04/04/2007", "natureza_juridica": "206-2 - Sociedade Empres\u00e1ria Limitada", "cnpj": "08.788.203/0001-04", "ultima_atualizacao": "2020-02-08T01:01:49.442Z", "status": "OK", "tipo": "MATRIZ", "fantasia": "", "complemento": "", "efr": "", "motivo_situacao": "", "situacao_especial": "", "data_situacao_especial": "", "capital_social": "28500000.00", "extra": {}, "billing": {"free": false, "database": false}}