{"atividade_principal": [{"text": "Administra\u00e7\u00e3o de caixas escolares", "code": "85.50-3-01"}], "data_situacao": "16/02/2007", "complemento": "ESCOLA", "nome": "CONSELHO ESCOLAR DA ESCOLA MUNICIPAL PROFESSORA LETICIA PECANHA DE AGUIAR", "uf": "RJ", "telefone": "(22) 2772-4955/ (22) 2772-2381", "atividades_secundarias": [{"text": "Outras atividades de ensino n\u00e3o especificadas anteriormente", "code": "85.99-6-99"}], "qsa": [{"qual": "16-Presidente", "nome": "ANDREA PEREIRA CARVALHO JOSE"}], "situacao": "ATIVA", "bairro": "CENTRO", "logradouro": "PC VERISSIMO DE MELLO", "numero": "180", "cep": "27.913-070", "municipio": "MACAE", "porte": "DEMAIS", "abertura": "16/02/2007", "natureza_juridica": "399-9 - Associa\u00e7\u00e3o Privada", "fantasia": "AAE-MPLPA", "cnpj": "08.817.555/0001-32", "ultima_atualizacao": "2020-02-07T23:54:17.291Z", "status": "OK", "tipo": "MATRIZ", "email": "", "efr": "", "motivo_situacao": "", "situacao_especial": "", "data_situacao_especial": "", "capital_social": "0.00", "extra": {}, "billing": {"free": false, "database": false}}