{"atividade_principal": [{"text": "Sociedade seguradora de seguros n\u00e3o vida", "code": "65.12-0-00"}], "data_situacao": "10/04/2007", "complemento": "634 TORRE B ANDAR 2", "nome": "ITAU SEGUROS DE AUTO E RESIDENCIA S.A.", "uf": "SP", "telefone": "(11) 3366-6085", "email": "solicitacoes.societario@portoseguro.com.br", "atividades_secundarias": [{"text": "Sociedade seguradora de seguros vida", "code": "65.11-1-01"}], "qsa": [{"qual": "10-Diretor", "nome": "LAURIBERTO TADEU TAVARES"}, {"qual": "10-Diretor", "nome": "FABIO OHARA MORITA"}, {"qual": "10-Diretor", "nome": "LENE ARAUJO DE LIMA"}, {"qual": "10-Diretor", "nome": "CELSO DAMADI"}, {"qual": "10-Diretor", "nome": "JOSE RIVALDO LEITE DA SILVA"}, {"qual": "10-Diretor", "nome": "MARCELO BARROSO PICANCO"}, {"qual": "05-Administrador", "nome": "MARCELO SEBASTIAO DA SILVA"}, {"qual": "10-Diretor", "nome": "ROBERTO DE SOUZA SANTOS"}, {"qual": "05-Administrador", "nome": "CLAUDIA DE OLIVEIRA MACHADO MATTEDI"}, {"qual": "10-Diretor", "nome": "MARCOS ROBERTO LOUCAO"}, {"qual": "10-Diretor", "nome": "JAIME SOARES BATISTA"}], "situacao": "ATIVA", "bairro": "CAMPOS ELISEOS", "logradouro": "AL BARAO DE PIRACICABA", "numero": "618", "cep": "01.216-012", "municipio": "SAO PAULO", "porte": "DEMAIS", "abertura": "10/04/2007", "natureza_juridica": "205-4 - Sociedade An\u00f4nima Fechada", "cnpj": "08.816.067/0001-00", "ultima_atualizacao": "2020-02-07T23:46:56.947Z", "status": "OK", "tipo": "MATRIZ", "fantasia": "", "efr": "", "motivo_situacao": "", "situacao_especial": "", "data_situacao_especial": "", "capital_social": "120000000.00", "extra": {}, "billing": {"free": false, "database": false}}