{"atividade_principal": [{"text": "Servi\u00e7os de arquitetura", "code": "71.11-1-00"}], "data_situacao": "30/05/2007", "complemento": "PARTE", "nome": "METROPOLIS PROJETOS URBANOS LTDA.", "uf": "RJ", "telefone": "(21) 2240-4346", "atividades_secundarias": [{"text": "Atividades t\u00e9cnicas relacionadas \u00e0 engenharia e arquitetura n\u00e3o especificadas anteriormente", "code": "71.19-7-99"}], "qsa": [{"qual": "49-S\u00f3cio-Administrador", "nome": "HAMILTON PAES CASE"}, {"qual": "49-S\u00f3cio-Administrador", "nome": "PEDRO LUIZ ALEIXO LUSTOSA DE ANDRADE"}], "situacao": "ATIVA", "bairro": "BOTAFOGO", "logradouro": "R MARTINS FERREIRA", "numero": "26", "cep": "22.271-010", "municipio": "RIO DE JANEIRO", "porte": "DEMAIS", "abertura": "30/05/2007", "natureza_juridica": "224-0 - Sociedade Simples Limitada", "fantasia": "MPU", "cnpj": "08.858.737/0001-51", "ultima_atualizacao": "2020-02-07T23:28:09.472Z", "status": "OK", "tipo": "MATRIZ", "email": "", "efr": "", "motivo_situacao": "", "situacao_especial": "", "data_situacao_especial": "", "capital_social": "1500000.00", "extra": {}, "billing": {"free": false, "database": false}}