{"atividade_principal": [{"text": "Com\u00e9rcio varejista de tecidos", "code": "47.55-5-01"}], "data_situacao": "30/07/2007", "complemento": "LOJA 01", "nome": "MATIZ DO BRASIL CONFECCAO DE MALHAS E BRINDES LTDA", "uf": "RJ", "telefone": "(22) 2759-2051", "atividades_secundarias": [{"text": "Comercio varejista de artigos de armarinho", "code": "47.55-5-02"}, {"text": "Com\u00e9rcio atacadista especializado em outros produtos intermedi\u00e1rios n\u00e3o especificados anteriormente", "code": "46.89-3-99"}], "qsa": [{"qual": "49-S\u00f3cio-Administrador", "nome": "IZABEL CORDEIRO DE LIMA"}, {"qual": "49-S\u00f3cio-Administrador", "nome": "JOSE AUGUSTO CORDEIRO DE LIMA"}], "situacao": "ATIVA", "bairro": "CENTRO", "logradouro": "R DR JOAO CUPERTINO", "numero": "253", "cep": "27.913-060", "municipio": "MACAE", "porte": "MICRO EMPRESA", "abertura": "30/07/2007", "natureza_juridica": "206-2 - Sociedade Empres\u00e1ria Limitada", "fantasia": "MALHAS EAGLE", "cnpj": "08.990.217/0001-06", "ultima_atualizacao": "2020-02-08T00:18:27.075Z", "status": "OK", "tipo": "MATRIZ", "email": "", "efr": "", "motivo_situacao": "", "situacao_especial": "", "data_situacao_especial": "", "capital_social": "10000.00", "extra": {}, "billing": {"free": false, "database": false}}