{"atividade_principal": [{"text": "Servi\u00e7o de transporte de passageiros - loca\u00e7\u00e3o de autom\u00f3veis com motorista", "code": "49.23-0-02"}], "data_situacao": "23/07/2007", "complemento": "CASA 01 - QUADRA 06 LOTE 027", "nome": "LKTM - TRANSPORTES E SERVICOS LTDA", "uf": "RJ", "telefone": "(22) 2764-7605/ (22) 2764-3406", "email": "jjsantos_ro@hotmail.com", "atividades_secundarias": [{"text": "Com\u00e9rcio atacadista de embalagens", "code": "46.86-9-02"}, {"text": "Com\u00e9rcio atacadista de instrumentos e materiais para uso m\u00e9dico, cir\u00fargico, hospitalar e de laborat\u00f3rios", "code": "46.45-1-01"}, {"text": "Com\u00e9rcio varejista de artigos de papelaria", "code": "47.61-0-03"}, {"text": "Com\u00e9rcio varejista de materiais de constru\u00e7\u00e3o em geral", "code": "47.44-0-99"}, {"text": "Com\u00e9rcio varejista de material el\u00e9trico", "code": "47.42-3-00"}, {"text": "Com\u00e9rcio varejista de outros produtos n\u00e3o especificados anteriormente", "code": "47.89-0-99"}, {"text": "Com\u00e9rcio varejista de produtos saneantes domissanit\u00e1rios", "code": "47.89-0-05"}, {"text": "Com\u00e9rcio varejista especializado de eletrodom\u00e9sticos e equipamentos de \u00e1udio e v\u00eddeo", "code": "47.53-9-00"}, {"text": "Com\u00e9rcio varejista especializado de equipamentos e suprimentos de inform\u00e1tica", "code": "47.51-2-01"}, {"text": "Com\u00e9rcio varejista especializado de pe\u00e7as e acess\u00f3rios para aparelhos eletroeletr\u00f4nicos para uso dom\u00e9stico, exceto inform\u00e1tica e comunica\u00e7\u00e3o", "code": "47.57-1-00"}, {"text": "Fornecimento de alimentos preparados preponderantemente para empresas", "code": "56.20-1-01"}, {"text": "Instala\u00e7\u00e3o de portas, janelas, tetos, divis\u00f3rias e arm\u00e1rios embutidos de qualquer material", "code": "43.30-4-02"}, {"text": "Instala\u00e7\u00e3o e manuten\u00e7\u00e3o el\u00e9trica", "code": "43.21-5-00"}, {"text": "Instala\u00e7\u00f5es hidr\u00e1ulicas, sanit\u00e1rias e de g\u00e1s", "code": "43.22-3-01"}, {"text": "Lanchonetes, casas de ch\u00e1, de sucos e similares", "code": "56.11-2-03"}, {"text": "Manuten\u00e7\u00e3o e repara\u00e7\u00e3o de m\u00e1quinas, aparelhos e materiais el\u00e9tricos n\u00e3o especificados anteriormente", "code": "33.13-9-99"}, {"text": "Restaurantes e similares", "code": "56.11-2-01"}, {"text": "Servi\u00e7os de alimenta\u00e7\u00e3o para eventos e recep\u00e7\u00f5es - buf\u00ea", "code": "56.20-1-02"}, {"text": "Transporte rodovi\u00e1rio de carga, exceto produtos perigosos e mudan\u00e7as, intermunicipal, interestadual e internacional", "code": "49.30-2-02"}, {"text": "Transporte rodovi\u00e1rio de carga, exceto produtos perigosos e mudan\u00e7as, municipal", "code": "49.30-2-01"}, {"text": "Servi\u00e7os de pintura de edif\u00edcios em geral", "code": "43.30-4-04"}, {"text": "Atividades paisag\u00edsticas", "code": "81.30-3-00"}, {"text": "Com\u00e9rcio varejista de tintas e materiais para pintura", "code": "47.41-5-00"}], "qsa": [{"qual": "49-S\u00f3cio-Administrador", "nome": "MARCELO ROCHA DA MATA"}, {"qual": "49-S\u00f3cio-Administrador", "nome": "JEILSA CONCEICAO DA MATA"}], "situacao": "ATIVA", "bairro": "OURO VERDE", "logradouro": "AV OURO VERDE", "numero": "164", "cep": "28.895-421", "municipio": "RIO DAS OSTRAS", "porte": "MICRO EMPRESA", "abertura": "23/07/2007", "natureza_juridica": "206-2 - Sociedade Empres\u00e1ria Limitada", "fantasia": "SETE LOCADORA", "cnpj": "09.001.196/0001-03", "ultima_atualizacao": "2020-02-08T00:33:36.032Z", "status": "OK", "tipo": "MATRIZ", "efr": "", "motivo_situacao": "", "situacao_especial": "", "data_situacao_especial": "", "capital_social": "100000.00", "extra": {}, "billing": {"free": false, "database": false}}