{"atividade_principal": [{"text": "Com\u00e9rcio varejista de material el\u00e9trico", "code": "47.42-3-00"}], "data_situacao": "13/08/2007", "complemento": "ANEXO", "nome": "SOUZA E BORGES MATERIAIS ELETRICOS E HIDRAULICOS LTDA", "uf": "RJ", "telefone": "(22) 3831-2546/ (22) 3831-2546", "atividades_secundarias": [{"text": "Com\u00e9rcio varejista de materiais hidr\u00e1ulicos", "code": "47.44-0-03"}, {"text": "Com\u00e9rcio varejista de tintas e materiais para pintura", "code": "47.41-5-00"}, {"text": "Com\u00e9rcio varejista de ferragens e ferramentas", "code": "47.44-0-01"}], "qsa": [{"qual": "22-S\u00f3cio", "nome": "MARIA JOSE LOUREIRO BORGES DE SOUZA"}, {"qual": "49-S\u00f3cio-Administrador", "nome": "JOSE DE SOUZA NETTO"}], "situacao": "ATIVA", "bairro": "CENTRO", "logradouro": "AV GOVERNADOR ROBERTO SILVEIRA", "numero": "81", "cep": "28.360-000", "municipio": "BOM JESUS DO ITABAPOANA", "porte": "EMPRESA DE PEQUENO PORTE", "abertura": "13/08/2007", "natureza_juridica": "206-2 - Sociedade Empres\u00e1ria Limitada", "fantasia": "ELETRON MATERIAIS", "cnpj": "09.011.200/0001-14", "ultima_atualizacao": "2020-02-08T00:00:15.050Z", "status": "OK", "tipo": "MATRIZ", "email": "", "efr": "", "motivo_situacao": "", "situacao_especial": "", "data_situacao_especial": "", "capital_social": "10000.00", "extra": {}, "billing": {"free": false, "database": false}}