{"atividade_principal": [{"text": "Com\u00e9rcio varejista de outros produtos n\u00e3o especificados anteriormente", "code": "47.89-0-99"}], "data_situacao": "17/10/2007", "nome": "W C EXTINTORES LTDA", "uf": "RJ", "telefone": "(22) 2738-9930", "atividades_secundarias": [{"text": "Manuten\u00e7\u00e3o e repara\u00e7\u00e3o de tanques, reservat\u00f3rios met\u00e1licos e caldeiras, exceto para ve\u00edculos", "code": "33.11-2-00"}, {"text": "Manuten\u00e7\u00e3o e repara\u00e7\u00e3o de m\u00e1quinas e equipamentos para uso geral n\u00e3o especificados anteriormente", "code": "33.14-7-10"}, {"text": "Instala\u00e7\u00f5es de sistema de preven\u00e7\u00e3o contra inc\u00eandio", "code": "43.22-3-03"}], "qsa": [{"qual": "22-S\u00f3cio", "nome": "WANDERSON VIANA GONCALVES"}, {"qual": "49-S\u00f3cio-Administrador", "nome": "COSME ADRIANO FERNANDES DE SOUZA"}], "situacao": "ATIVA", "bairro": "PQ. NOVO MUNDO", "logradouro": "R FRANCISCO LOBO COSTA", "numero": "167", "cep": "28.083-430", "municipio": "CAMPOS DOS GOYTACAZES", "porte": "MICRO EMPRESA", "abertura": "17/10/2007", "natureza_juridica": "206-2 - Sociedade Empres\u00e1ria Limitada", "fantasia": "CAMPOS EXTINTORES LTDA", "cnpj": "09.157.638/0001-05", "ultima_atualizacao": "2020-02-07T23:22:30.449Z", "status": "OK", "tipo": "MATRIZ", "complemento": "", "email": "", "efr": "", "motivo_situacao": "", "situacao_especial": "", "data_situacao_especial": "", "capital_social": "60000.00", "extra": {}, "billing": {"free": false, "database": false}}