{"atividade_principal": [{"text": "Portais, provedores de conte\u00fado e outros servi\u00e7os de informa\u00e7\u00e3o na internet", "code": "63.19-4-00"}], "data_situacao": "14/09/2007", "complemento": "ANDAR 1 E 2", "nome": "VIATEC SERVICOS E COMUNICACOES LTDA", "uf": "RJ", "telefone": "(22) 2537-8082/ (22) 2522-9827", "email": "rccontabi@gmail.com", "atividades_secundarias": [{"text": "Instala\u00e7\u00e3o e manuten\u00e7\u00e3o el\u00e9trica", "code": "43.21-5-00"}, {"text": "Desenvolvimento e licenciamento de programas de computador customiz\u00e1veis", "code": "62.02-3-00"}, {"text": "Suporte t\u00e9cnico, manuten\u00e7\u00e3o e outros servi\u00e7os em tecnologia da informa\u00e7\u00e3o", "code": "62.09-1-00"}, {"text": "Aluguel de m\u00f3veis, utens\u00edlios e aparelhos de uso dom\u00e9stico e pessoal; instrumentos musicais", "code": "77.29-2-02"}, {"text": "Aluguel de m\u00e1quinas e equipamentos para escrit\u00f3rios", "code": "77.33-1-00"}, {"text": "Atividades de teleatendimento", "code": "82.20-2-00"}, {"text": "Atividades de cobran\u00e7as e informa\u00e7\u00f5es cadastrais", "code": "82.91-1-00"}], "qsa": [{"qual": "49-S\u00f3cio-Administrador", "nome": "VICENTE SERGIO DA SILVA GOMES"}, {"qual": "22-S\u00f3cio", "qual_rep_legal": "05-Administrador", "nome_rep_legal": "VICENTE SERGIO DA SILVA GOMES", "nome": "VM OPENLINK COMUNICACAO MULTIMIDIA S.A."}, {"qual": "05-Administrador", "nome": "FABIO ABREU CARVALHO"}, {"qual": "05-Administrador", "nome": "ADRIANO ALVES BORGES DA SILVEIRA"}], "situacao": "ATIVA", "bairro": "CENTRO", "logradouro": "PC PRESIDENTE GETULIO VARGAS", "numero": "148", "cep": "28.640-000", "municipio": "CARMO", "porte": "DEMAIS", "abertura": "14/09/2007", "natureza_juridica": "206-2 - Sociedade Empres\u00e1ria Limitada", "cnpj": "09.199.730/0001-38", "ultima_atualizacao": "2020-02-07T23:40:05.259Z", "status": "OK", "tipo": "MATRIZ", "fantasia": "", "efr": "", "motivo_situacao": "", "situacao_especial": "", "data_situacao_especial": "", "capital_social": "7102390.00", "extra": {}, "billing": {"free": false, "database": false}}