{"atividade_principal": [{"text": "Com\u00e9rcio varejista de armas e muni\u00e7\u00f5es", "code": "47.89-0-09"}], "data_situacao": "05/10/2007", "nome": "DEFENCER COMERCIO DE EQUIPAMENTOS DE SEGURANCA EIRELI", "uf": "PR", "telefone": "(41) 3252-3511", "email": "defencer@defencer.com.br", "atividades_secundarias": [{"text": "Com\u00e9rcio varejista especializado de equipamentos de telefonia e comunica\u00e7\u00e3o", "code": "47.52-1-00"}, {"text": "Com\u00e9rcio varejista de artigos de \u00f3ptica", "code": "47.74-1-00"}, {"text": "Com\u00e9rcio varejista especializado de equipamentos e suprimentos de inform\u00e1tica", "code": "47.51-2-01"}, {"text": "Com\u00e9rcio varejista especializado de instrumentos musicais e acess\u00f3rios", "code": "47.56-3-00"}, {"text": "Com\u00e9rcio varejista de artigos do vestu\u00e1rio e acess\u00f3rios", "code": "47.81-4-00"}, {"text": "Com\u00e9rcio varejista de tintas e materiais para pintura", "code": "47.41-5-00"}, {"text": "Com\u00e9rcio varejista especializado de eletrodom\u00e9sticos e equipamentos de \u00e1udio e v\u00eddeo", "code": "47.53-9-00"}, {"text": "Com\u00e9rcio varejista de ferragens e ferramentas", "code": "47.44-0-01"}, {"text": "Com\u00e9rcio varejista de cal\u00e7ados", "code": "47.82-2-01"}, {"text": "Com\u00e9rcio varejista de tecidos", "code": "47.55-5-01"}, {"text": "Com\u00e9rcio varejista de brinquedos e artigos recreativos", "code": "47.63-6-01"}, {"text": "Com\u00e9rcio varejista de m\u00f3veis", "code": "47.54-7-01"}, {"text": "Com\u00e9rcio varejista de artigos de viagem", "code": "47.82-2-02"}, {"text": "Comercio varejista de artigos de armarinho", "code": "47.55-5-02"}, {"text": "Com\u00e9rcio varejista de artigos esportivos", "code": "47.63-6-02"}, {"text": "Com\u00e9rcio varejista de artigos de papelaria", "code": "47.61-0-03"}, {"text": "Comercio varejista de artigos de cama, mesa e banho", "code": "47.55-5-03"}, {"text": "Com\u00e9rcio varejista de bicicletas e triciclos; pe\u00e7as e acess\u00f3rios", "code": "47.63-6-03"}, {"text": "Com\u00e9rcio varejista de artigos de ca\u00e7a, pesca e camping", "code": "47.63-6-04"}, {"text": "Com\u00e9rcio varejista de embarca\u00e7\u00f5es e outros ve\u00edculos recreativos; pe\u00e7as e acess\u00f3rios", "code": "47.63-6-05"}, {"text": "Com\u00e9rcio varejista de artigos fotogr\u00e1ficos e para filmagem", "code": "47.89-0-08"}, {"text": "Com\u00e9rcio varejista de materiais de constru\u00e7\u00e3o em geral", "code": "47.44-0-99"}, {"text": "Com\u00e9rcio varejista de outros artigos de uso pessoal e dom\u00e9stico n\u00e3o especificados anteriormente", "code": "47.59-8-99"}], "qsa": [{"qual": "65-Titular Pessoa F\u00edsica Residente ou Domiciliado no Brasil", "nome": "LARYSSA ELIZA PINTO GIMENES"}], "situacao": "ATIVA", "bairro": "BACACHERI", "logradouro": "R MEXICO", "numero": "191", "cep": "82.510-060", "municipio": "CURITIBA", "porte": "EMPRESA DE PEQUENO PORTE", "abertura": "05/10/2007", "natureza_juridica": "230-5 - Empresa Individual de Responsabilidade Limitada (de Natureza Empres\u00e1ria)", "fantasia": "DEFENCER EQUIPAMENTOS.", "cnpj": "09.215.908/0001-97", "ultima_atualizacao": "2020-02-08T00:50:24.489Z", "status": "OK", "tipo": "MATRIZ", "complemento": "", "efr": "", "motivo_situacao": "", "situacao_especial": "", "data_situacao_especial": "", "capital_social": "120000.00", "extra": {}, "billing": {"free": false, "database": false}}