{"atividade_principal": [{"text": "Sociedade seguradora de seguros n\u00e3o vida", "code": "65.12-0-00"}], "data_situacao": "10/12/2007", "complemento": "ANDAR 26", "nome": "SEGURADORA LIDER DO CONSORCIO DO SEGURO DPVAT SA", "uf": "RJ", "telefone": "(21) 3861-4600", "email": "presidencia@seguradoralider.com.br", "atividades_secundarias": [{"text": "Sociedade seguradora de seguros vida", "code": "65.11-1-01"}], "qsa": [{"qual": "16-Presidente", "nome": "JOSE ISMAR ALVES TORRES"}, {"qual": "10-Diretor", "nome": "HELIO BITTON RODRIGUES"}, {"qual": "10-Diretor", "nome": "MILTON BELLIZIA FILHO"}, {"qual": "10-Diretor", "nome": "ALFREDO LALIA NETO"}, {"qual": "10-Diretor", "nome": "IRAN MARTINS PORTO JUNIOR"}], "situacao": "ATIVA", "bairro": "CENTRO", "logradouro": "R DA ASSEMBLEIA", "numero": "100", "cep": "20.011-904", "municipio": "RIO DE JANEIRO", "porte": "DEMAIS", "abertura": "10/12/2007", "natureza_juridica": "205-4 - Sociedade An\u00f4nima Fechada", "cnpj": "09.248.608/0001-04", "ultima_atualizacao": "2020-02-08T00:37:49.028Z", "status": "OK", "tipo": "MATRIZ", "fantasia": "", "efr": "", "motivo_situacao": "", "situacao_especial": "", "data_situacao_especial": "", "capital_social": "15000000.00", "extra": {}, "billing": {"free": false, "database": false}}