{"atividade_principal": [{"text": "Transporte rodovi\u00e1rio de carga, exceto produtos perigosos e mudan\u00e7as, municipal.", "code": "49.30-2-01"}], "data_situacao": "29/10/2007", "nome": "TRANSCOMSERV - TRANSPORTE, COMERCIO E SERVICOS LTDA", "uf": "RJ", "telefone": "(21) 3773-7162/ (21) 2668-0893", "email": "duartcont@ig.com.br", "atividades_secundarias": [{"text": "Transporte rodovi\u00e1rio de carga, exceto produtos perigosos e mudan\u00e7as, intermunicipal, interestadual e internacional", "code": "49.30-2-02"}, {"text": "Transporte rodovi\u00e1rio de produtos perigosos", "code": "49.30-2-03"}, {"text": "Coleta de res\u00edduos n\u00e3o-perigosos", "code": "38.11-4-00"}, {"text": "Tratamento e disposi\u00e7\u00e3o de res\u00edduos n\u00e3o-perigosos", "code": "38.21-1-00"}, {"text": "Com\u00e9rcio varejista especializado de equipamentos e suprimentos de inform\u00e1tica", "code": "47.51-2-01"}, {"text": "Impress\u00e3o de material para uso publicit\u00e1rio", "code": "18.13-0-01"}, {"text": "Servi\u00e7os de pr\u00e9-impress\u00e3o", "code": "18.21-1-00"}, {"text": "Atividades de monitoramento de sistemas de seguran\u00e7a eletr\u00f4nico", "code": "80.20-0-01"}, {"text": "Atividades de vigil\u00e2ncia e seguran\u00e7a privada", "code": "80.11-1-01"}, {"text": "Limpeza em pr\u00e9dios e em domic\u00edlios", "code": "81.21-4-00"}, {"text": "Produ\u00e7\u00e3o musical", "code": "90.01-9-02"}, {"text": "Ag\u00eancias de viagens", "code": "79.11-2-00"}, {"text": "Com\u00e9rcio atacadista de m\u00e1quinas e equipamentos para uso comercial; partes e pe\u00e7as", "code": "46.65-6-00"}, {"text": "Outras atividades profissionais, cient\u00edficas e t\u00e9cnicas n\u00e3o especificadas anteriormente", "code": "74.90-1-99"}, {"text": "Com\u00e9rcio varejista de artigos m\u00e9dicos e ortop\u00e9dicos", "code": "47.73-3-00"}, {"text": "Obras de terraplenagem", "code": "43.13-4-00"}, {"text": "Transporte escolar", "code": "49.24-8-00"}, {"text": "Com\u00e9rcio varejista de materiais de constru\u00e7\u00e3o em geral", "code": "47.44-0-99"}, {"text": "Atividades de franqueadas do Correio Nacional", "code": "53.10-5-02"}, {"text": "Lanchonetes, casas de ch\u00e1, de sucos e similares", "code": "56.11-2-03"}, {"text": "Transporte rodovi\u00e1rio de mudan\u00e7as", "code": "49.30-2-04"}, {"text": "Servi\u00e7os de entrega r\u00e1pida", "code": "53.20-2-02"}, {"text": "Com\u00e9rcio varejista de artigos de papelaria", "code": "47.61-0-03"}], "qsa": [{"qual": "49-S\u00f3cio-Administrador", "nome": "CLECIO ALESSANDRO DUARTE PAES LEME"}, {"qual": "22-S\u00f3cio", "nome": "JULIANA VALERIA RIBEIRO PAES LEME"}], "situacao": "ATIVA", "bairro": "CHACRINHA", "logradouro": "R MARIA FRANCISCA MOURA", "numero": "28", "cep": "26.285-170", "municipio": "NOVA IGUACU", "porte": "MICRO EMPRESA", "abertura": "29/10/2007", "natureza_juridica": "206-2 - Sociedade Empres\u00e1ria Limitada", "fantasia": "TRANSCOMSERV", "cnpj": "09.257.428/0001-99", "ultima_atualizacao": "2020-02-07T23:37:29.343Z", "status": "OK", "tipo": "MATRIZ", "complemento": "", "efr": "", "motivo_situacao": "", "situacao_especial": "", "data_situacao_especial": "", "capital_social": "500000.00", "extra": {}, "billing": {"free": false, "database": false}}