{"atividade_principal": [{"text": "Com\u00e9rcio varejista de outros produtos n\u00e3o especificados anteriormente", "code": "47.89-0-99"}], "data_situacao": "10/12/2007", "complemento": "LOJA 02", "nome": "P. CHALOUB - COMERCIO DE EMBALANGENS - EIRELI", "uf": "RJ", "telefone": "(22) 2772-6855", "atividades_secundarias": [{"text": "Com\u00e9rcio varejista de artigos de papelaria", "code": "47.61-0-03"}], "qsa": [{"qual": "65-Titular Pessoa F\u00edsica Residente ou Domiciliado no Brasil", "nome": "PAULO DE TARSO BORGES CHALOUB"}], "situacao": "ATIVA", "bairro": "CENTRO", "logradouro": "R MARECHAL DEODORO", "numero": "306", "cep": "27.910-310", "municipio": "MACAE", "porte": "MICRO EMPRESA", "abertura": "10/12/2007", "natureza_juridica": "230-5 - Empresa Individual de Responsabilidade Limitada (de Natureza Empres\u00e1ria)", "fantasia": "RHIA EMBALAGENS", "cnpj": "09.324.813/0001-01", "ultima_atualizacao": "2020-02-07T22:22:54.127Z", "status": "OK", "tipo": "MATRIZ", "email": "", "efr": "", "motivo_situacao": "", "situacao_especial": "", "data_situacao_especial": "", "capital_social": "67800.00", "extra": {}, "billing": {"free": false, "database": true}}