{"data_situacao": "21/01/2020", "motivo_situacao": "EXTINCAO P/ ENC LIQ VOLUNTARIA", "nome": "BDSCOM SOLUCOES EM INFORMATICA LTDA", "telefone": "(21) 2516-0368", "situacao": "BAIXADA", "porte": "MICRO EMPRESA", "abertura": "30/01/2008", "natureza_juridica": "224-0 - Sociedade Simples Limitada", "fantasia": "JB INFORMATICA", "cnpj": "09.380.424/0001-01", "ultima_atualizacao": "2020-02-07T23:44:55.416Z", "status": "OK", "tipo": "MATRIZ", "logradouro": "", "numero": "", "complemento": "", "cep": "", "bairro": "", "municipio": "", "uf": "", "email": "", "efr": "", "situacao_especial": "", "data_situacao_especial": "", "atividade_principal": [{"code": "00.00-0-00", "text": "********"}], "atividades_secundarias": [{"code": "00.00-0-00", "text": "N\u00e3o informada"}], "capital_social": "0.00", "qsa": [], "extra": {}, "billing": {"free": false, "database": false}}