{"atividade_principal": [{"text": "Com\u00e9rcio atacadista de artigos de escrit\u00f3rio e de papelaria", "code": "46.47-8-01"}], "data_situacao": "11/02/2008", "nome": "MANU FROM PAPELARIA E INFORMATICA LTDA ME", "uf": "RJ", "telefone": "(21) 3101-6700/ (21) 3101-6700", "atividades_secundarias": [{"text": "Com\u00e9rcio atacadista de artigos de armarinho", "code": "46.41-9-03"}], "qsa": [{"qual": "49-S\u00f3cio-Administrador", "nome": "MARIO ZACARIAS CONSTANCIO"}, {"qual": "49-S\u00f3cio-Administrador", "nome": "NOEME GOMES MELO"}], "situacao": "ATIVA", "bairro": "CENTRO", "logradouro": "R DOS ANDRADAS", "numero": "159", "cep": "20.080-020", "municipio": "RIO DE JANEIRO", "porte": "EMPRESA DE PEQUENO PORTE", "abertura": "11/02/2008", "natureza_juridica": "206-2 - Sociedade Empres\u00e1ria Limitada", "cnpj": "09.393.973/0001-02", "ultima_atualizacao": "2020-02-08T00:15:20.390Z", "status": "OK", "tipo": "MATRIZ", "fantasia": "", "complemento": "", "email": "", "efr": "", "motivo_situacao": "", "situacao_especial": "", "data_situacao_especial": "", "capital_social": "2000000.00", "extra": {}, "billing": {"free": false, "database": false}}