{"data_situacao": "01/03/2018", "motivo_situacao": "EXTINCAO P/ ENC LIQ VOLUNTARIA", "nome": "JPV ASSESSORIA EM DEPENDENCIA QUIMICA LTDA", "telefone": "(11) 9790-7834", "email": "muccicon@uol.com.br", "situacao": "BAIXADA", "porte": "MICRO EMPRESA", "abertura": "28/02/2008", "natureza_juridica": "206-2 - Sociedade Empres\u00e1ria Limitada", "cnpj": "09.404.837/0001-70", "ultima_atualizacao": "2020-02-08T00:28:08.110Z", "status": "OK", "tipo": "MATRIZ", "fantasia": "", "logradouro": "", "numero": "", "complemento": "", "cep": "", "bairro": "", "municipio": "", "uf": "", "efr": "", "situacao_especial": "", "data_situacao_especial": "", "atividade_principal": [{"code": "00.00-0-00", "text": "********"}], "atividades_secundarias": [{"code": "00.00-0-00", "text": "N\u00e3o informada"}], "capital_social": "0.00", "qsa": [], "extra": {}, "billing": {"free": false, "database": false}}