{"atividade_principal": [{"text": "Servi\u00e7os de pr\u00f3tese dent\u00e1ria", "code": "32.50-7-06"}], "data_situacao": "16/10/2004", "nome": "M O RAMALHO EIRELI", "uf": "RN", "telefone": "(84) 3205-1630/ (84) 9961-4143", "email": "diegosb@ativoconsultoria.com.br", "atividades_secundarias": [{"text": "Treinamento em desenvolvimento profissional e gerencial", "code": "85.99-6-04"}, {"text": "Laborat\u00f3rios cl\u00ednicos", "code": "86.40-2-02"}], "qsa": [{"qual": "65-Titular Pessoa F\u00edsica Residente ou Domiciliado no Brasil", "nome": "MARINA OLIVEIRA RAMALHO"}], "situacao": "ATIVA", "bairro": "LAGOA NOVA", "logradouro": "AV LIMA E SILVA", "numero": "1592", "cep": "59.075-710", "municipio": "NATAL", "porte": "MICRO EMPRESA", "abertura": "17/12/1985", "natureza_juridica": "230-5 - Empresa Individual de Responsabilidade Limitada (de Natureza Empres\u00e1ria)", "fantasia": "PRATIKA - TREINAMENTO E DESENVOLVIMENTO EMPRESARIAL", "cnpj": "09.401.241/0001-17", "ultima_atualizacao": "2020-02-08T00:30:46.300Z", "status": "OK", "tipo": "MATRIZ", "complemento": "", "efr": "", "motivo_situacao": "", "situacao_especial": "", "data_situacao_especial": "", "capital_social": "100000.00", "extra": {}, "billing": {"free": false, "database": false}}