{"atividade_principal": [{"text": "Imuniza\u00e7\u00e3o e controle de pragas urbanas", "code": "81.22-2-00"}], "data_situacao": "14/04/2008", "complemento": "LOTE 16 QUADRA03 RODOVIA 2 DISTRITO", "nome": "INSET OMEGA DEDETIZACAO LTDA", "uf": "RJ", "telefone": "(22) 2630-8043/ (22) 2630-8043", "email": "wascontabilidade.leidimara@gmail.com", "atividades_secundarias": [{"text": "Atividades de limpeza n\u00e3o especificadas anteriormente", "code": "81.29-0-00"}, {"text": "Limpeza em pr\u00e9dios e em domic\u00edlios", "code": "81.21-4-00"}, {"text": "Treinamento em desenvolvimento profissional e gerencial", "code": "85.99-6-04"}, {"text": "Servi\u00e7os combinados para apoio a edif\u00edcios, exceto condom\u00ednios prediais", "code": "81.11-7-00"}], "qsa": [{"qual": "49-S\u00f3cio-Administrador", "nome": "PERLA CARLA DA SILVEIRA RIBEIRO"}, {"qual": "49-S\u00f3cio-Administrador", "nome": "SAULO THIAGO DA SILVEIRA MANSO RIBEIRO"}], "situacao": "ATIVA", "bairro": "LOT SANTA MARGARIDA", "logradouro": "LOT SANTA MARGARIDA", "numero": "S/N", "cep": "28.927-000", "municipio": "CABO FRIO", "porte": "MICRO EMPRESA", "abertura": "14/04/2008", "natureza_juridica": "206-2 - Sociedade Empres\u00e1ria Limitada", "fantasia": "PRAGAS JAMAIS", "cnpj": "09.482.455/0001-65", "ultima_atualizacao": "2020-02-08T00:30:10.527Z", "status": "OK", "tipo": "MATRIZ", "efr": "", "motivo_situacao": "", "situacao_especial": "", "data_situacao_especial": "", "capital_social": "30000.00", "extra": {}, "billing": {"free": false, "database": false}}