{"data_situacao": "28/03/2019", "motivo_situacao": "OMISSAO DE DECLARACOES", "nome": "E. ZACARIAS DO NASCIMENTO EMPREENDIMENTOS E SERVICOS", "telefone": "(22) 2724-9168", "qsa": [], "situacao": "INAPTA", "porte": "MICRO EMPRESA", "abertura": "18/03/2008", "natureza_juridica": "213-5 - Empres\u00e1rio (Individual)", "fantasia": "MIRA CAMPOS ATACADISTA", "cnpj": "09.498.733/0001-72", "ultima_atualizacao": "2020-02-07T23:03:21.426Z", "status": "OK", "tipo": "MATRIZ", "logradouro": "", "numero": "", "complemento": "", "cep": "", "bairro": "", "municipio": "", "uf": "", "email": "", "efr": "", "situacao_especial": "", "data_situacao_especial": "", "atividade_principal": [{"code": "00.00-0-00", "text": "********"}], "atividades_secundarias": [{"code": "00.00-0-00", "text": "N\u00e3o informada"}], "capital_social": "1998000.00", "extra": {}, "billing": {"free": false, "database": false}}