{"atividade_principal": [{"text": "Instala\u00e7\u00f5es de sistema de preven\u00e7\u00e3o contra inc\u00eandio", "code": "43.22-3-03"}], "data_situacao": "09/04/2008", "nome": "SUCBRASIL COM DE EXTINTORES DE INCENDIO E SERV MARITIMO LTDA", "uf": "RJ", "telefone": "(22) 2772-3058", "email": "carlosdeof@hotmail.com", "atividades_secundarias": [{"text": "Atividades de consultoria em gest\u00e3o empresarial, exceto consultoria t\u00e9cnica espec\u00edfica", "code": "70.20-4-00"}, {"text": "Atividades de limpeza n\u00e3o especificadas anteriormente", "code": "81.29-0-00"}, {"text": "Com\u00e9rcio a varejo de pe\u00e7as e acess\u00f3rios novos para ve\u00edculos automotores", "code": "45.30-7-03"}, {"text": "Com\u00e9rcio a varejo de pe\u00e7as e acess\u00f3rios usados para ve\u00edculos automotores", "code": "45.30-7-04"}, {"text": "Com\u00e9rcio atacadista de mercadorias em geral, com predomin\u00e2ncia de produtos aliment\u00edcios", "code": "46.91-5-00"}, {"text": "Com\u00e9rcio atacadista especializado em outros produtos intermedi\u00e1rios n\u00e3o especificados anteriormente", "code": "46.89-3-99"}, {"text": "Com\u00e9rcio varejista de outros produtos n\u00e3o especificados anteriormente", "code": "47.89-0-99"}, {"text": "Constru\u00e7\u00e3o de edif\u00edcios", "code": "41.20-4-00"}, {"text": "Fabrica\u00e7\u00e3o de aditivos de uso industrial", "code": "20.93-2-00"}, {"text": "Fabrica\u00e7\u00e3o de m\u00e1quinas e equipamentos para uso industrial espec\u00edfico n\u00e3o especificados anteriormente, pe\u00e7as e acess\u00f3rios", "code": "28.69-1-00"}, {"text": "Fabrica\u00e7\u00e3o de outras m\u00e1quinas e equipamentos de uso geral n\u00e3o especificados anteriormente, pe\u00e7as e acess\u00f3rios", "code": "28.29-1-99"}, {"text": "Fabrica\u00e7\u00e3o de outros produtos qu\u00edmicos n\u00e3o especificados anteriormente", "code": "20.99-1-99"}, {"text": "Fabrica\u00e7\u00e3o de tanques, reservat\u00f3rios met\u00e1licos e caldeiras para aquecimento central", "code": "25.21-7-00"}, {"text": "Fabrica\u00e7\u00e3o de tecidos especiais, inclusive artefatos", "code": "13.54-5-00"}, {"text": "Imuniza\u00e7\u00e3o e controle de pragas urbanas", "code": "81.22-2-00"}, {"text": "Instala\u00e7\u00e3o de m\u00e1quinas e equipamentos industriais", "code": "33.21-0-00"}, {"text": "Instala\u00e7\u00e3o e manuten\u00e7\u00e3o de sistemas centrais de ar condicionado, de ventila\u00e7\u00e3o e refrigera\u00e7\u00e3o", "code": "43.22-3-02"}, {"text": "Instala\u00e7\u00f5es hidr\u00e1ulicas, sanit\u00e1rias e de g\u00e1s", "code": "43.22-3-01"}, {"text": "Manuten\u00e7\u00e3o e repara\u00e7\u00e3o de aparelhos e instrumentos de medida, teste e controle", "code": "33.12-1-02"}, {"text": "Manuten\u00e7\u00e3o e repara\u00e7\u00e3o de embarca\u00e7\u00f5es e estruturas flutuantes", "code": "33.17-1-01"}, {"text": "Manuten\u00e7\u00e3o e repara\u00e7\u00e3o de equipamentos hidr\u00e1ulicos e pneum\u00e1ticos, exceto v\u00e1lvulas", "code": "33.14-7-02"}, {"text": "Manuten\u00e7\u00e3o e repara\u00e7\u00e3o de m\u00e1quinas e equipamentos para a prospec\u00e7\u00e3o e extra\u00e7\u00e3o de petr\u00f3leo", "code": "33.14-7-14"}, {"text": "Manuten\u00e7\u00e3o e repara\u00e7\u00e3o de m\u00e1quinas e equipamentos para uso geral n\u00e3o especificados anteriormente", "code": "33.14-7-10"}, {"text": "Manuten\u00e7\u00e3o e repara\u00e7\u00e3o de m\u00e1quinas, aparelhos e materiais el\u00e9tricos n\u00e3o especificados anteriormente", "code": "33.13-9-99"}, {"text": "Manuten\u00e7\u00e3o e repara\u00e7\u00e3o de m\u00e1quinas-ferramenta", "code": "33.14-7-13"}, {"text": "Manuten\u00e7\u00e3o e repara\u00e7\u00e3o de tanques, reservat\u00f3rios met\u00e1licos e caldeiras, exceto para ve\u00edculos", "code": "33.11-2-00"}, {"text": "Servi\u00e7os de engenharia", "code": "71.12-0-00"}, {"text": "Servi\u00e7os de manuten\u00e7\u00e3o e repara\u00e7\u00e3o mec\u00e2nica de ve\u00edculos automotores", "code": "45.20-0-01"}, {"text": "Tecelagem de fios de fibras artificiais e sint\u00e9ticas", "code": "13.23-5-00"}, {"text": "Treinamento em desenvolvimento profissional e gerencial", "code": "85.99-6-04"}], "qsa": [{"qual": "49-S\u00f3cio-Administrador", "nome": "CARLOS DE OLIVEIRA FERNANDES"}, {"qual": "22-S\u00f3cio", "nome": "SUELEIDE MARIA DE SOUZA FERNANDES"}], "situacao": "ATIVA", "bairro": "SAO JOSE DO BARRETO", "logradouro": "AV SAO JOSE DO BARRETO", "numero": "39", "cep": "27.965-045", "municipio": "MACAE", "porte": "MICRO EMPRESA", "abertura": "09/04/2008", "natureza_juridica": "206-2 - Sociedade Empres\u00e1ria Limitada", "fantasia": "SUCBRASIL COMERCIO E SERVICO", "cnpj": "09.505.149/0001-05", "ultima_atualizacao": "2020-02-07T23:07:15.036Z", "status": "OK", "tipo": "MATRIZ", "complemento": "", "efr": "", "motivo_situacao": "", "situacao_especial": "", "data_situacao_especial": "", "capital_social": "400000.00", "extra": {}, "billing": {"free": false, "database": false}}