{"atividade_principal": [{"text": "Com\u00e9rcio varejista de artigos m\u00e9dicos e ortop\u00e9dicos", "code": "47.73-3-00"}], "data_situacao": "06/05/2008", "nome": "ABREU BR COMERCIAL EIRELI", "uf": "RJ", "telefone": "(22) 2772-3950", "qsa": [{"qual": "65-Titular Pessoa F\u00edsica Residente ou Domiciliado no Brasil", "nome": "ISRAEL SIQUEIRA DE ABREU"}], "situacao": "ATIVA", "bairro": "CENTRO", "logradouro": "R DOUTOR TELIO BARRETO", "numero": "324", "cep": "27.910-060", "municipio": "MACAE", "porte": "MICRO EMPRESA", "abertura": "06/05/2008", "natureza_juridica": "230-5 - Empresa Individual de Responsabilidade Limitada (de Natureza Empres\u00e1ria)", "fantasia": "KAZA MED", "cnpj": "09.549.138/0001-19", "ultima_atualizacao": "2020-02-08T00:37:29.656Z", "status": "OK", "tipo": "MATRIZ", "complemento": "", "email": "", "efr": "", "motivo_situacao": "", "situacao_especial": "", "data_situacao_especial": "", "atividades_secundarias": [{"code": "00.00-0-00", "text": "N\u00e3o informada"}], "capital_social": "96000.00", "extra": {}, "billing": {"free": false, "database": false}}