{"atividade_principal": [{"text": "Servi\u00e7os de diagn\u00f3stico por m\u00e9todos \u00f3pticos - endoscopia e outros exames an\u00e1logos", "code": "86.40-2-09"}], "data_situacao": "06/05/2008", "nome": "CAD - CLINICA DO APARELHO DIGESTIVO EIRELI", "uf": "RJ", "telefone": "(22) 2722-2472", "email": "administracao@clinicacad.com.br", "qsa": [{"qual": "65-Titular Pessoa F\u00edsica Residente ou Domiciliado no Brasil", "nome": "MANOEL CARLOS VIEIRA JUNIOR"}], "situacao": "ATIVA", "bairro": "CENTRO", "logradouro": "AV ALBERTO TORRES", "numero": "238 A", "cep": "28.035-582", "municipio": "CAMPOS DOS GOYTACAZES", "porte": "EMPRESA DE PEQUENO PORTE", "abertura": "06/05/2008", "natureza_juridica": "230-5 - Empresa Individual de Responsabilidade Limitada (de Natureza Empres\u00e1ria)", "fantasia": "CAD - CLINICA DO APARELHO DIGESTIVO", "cnpj": "09.583.198/0001-58", "ultima_atualizacao": "2020-02-07T23:29:27.164Z", "status": "OK", "tipo": "MATRIZ", "complemento": "", "efr": "", "motivo_situacao": "", "situacao_especial": "", "data_situacao_especial": "", "atividades_secundarias": [{"code": "00.00-0-00", "text": "N\u00e3o informada"}], "capital_social": "100000.00", "extra": {}, "billing": {"free": false, "database": false}}