{"atividade_principal": [{"text": "Fabrica\u00e7\u00e3o de m\u00e1quinas e aparelhos de refrigera\u00e7\u00e3o e ventila\u00e7\u00e3o para uso industrial e comercial, pe\u00e7as e acess\u00f3rios", "code": "28.23-2-00"}], "data_situacao": "12/05/2008", "complemento": "KM 2.8", "nome": "VENT NEW INDUSTRIA E COMERCIO IMPORTACAO E EXPORTACAO DE VENTILADORES LTDA.", "uf": "SP", "telefone": "(17) 3546-3546", "email": "ventnewventiladores@hotmail.com", "atividades_secundarias": [{"text": "Fabrica\u00e7\u00e3o de outros aparelhos eletrodom\u00e9sticos n\u00e3o especificados anteriormente, pe\u00e7as e acess\u00f3rios", "code": "27.59-7-99"}], "qsa": [{"qual": "49-S\u00f3cio-Administrador", "nome": "ADEMIR AGOSTINHO DA SILVA"}, {"qual": "49-S\u00f3cio-Administrador", "nome": "SERGIO APARECIDO DA SILVA"}], "situacao": "ATIVA", "bairro": "JARDIM SILVA", "logradouro": "ANVR ERNESTO SEGUNDO", "numero": "S/N", "cep": "15.840-000", "municipio": "ITAJOBI", "porte": "DEMAIS", "abertura": "12/05/2008", "natureza_juridica": "206-2 - Sociedade Empres\u00e1ria Limitada", "cnpj": "09.592.907/0001-61", "ultima_atualizacao": "2020-02-07T15:39:59.812Z", "status": "OK", "tipo": "MATRIZ", "fantasia": "", "efr": "", "motivo_situacao": "", "situacao_especial": "", "data_situacao_especial": "", "capital_social": "917000.00", "extra": {}, "billing": {"free": false, "database": true}}