{"atividade_principal": [{"text": "Com\u00e9rcio a varejo de pe\u00e7as e acess\u00f3rios novos para ve\u00edculos automotores", "code": "45.30-7-03"}], "data_situacao": "15/05/2008", "complemento": "LOJA 10", "nome": "ZANELLI LAGOS PECAS EIRELI", "uf": "RJ", "telefone": "(22) 3822-4150", "email": "adilsonsoares@point.com.br", "qsa": [{"qual": "05-Administrador", "nome": "CRISTIANO ALVES ZANELLI"}, {"qual": "65-Titular Pessoa F\u00edsica Residente ou Domiciliado no Brasil", "nome": "RENE ZANELLI"}], "situacao": "ATIVA", "bairro": "COSTA E SILVA", "logradouro": "ROD BR 356", "numero": "620", "cep": "28.300-000", "municipio": "ITAPERUNA", "porte": "EMPRESA DE PEQUENO PORTE", "abertura": "15/05/2008", "natureza_juridica": "230-5 - Empresa Individual de Responsabilidade Limitada (de Natureza Empres\u00e1ria)", "cnpj": "09.596.082/0001-53", "ultima_atualizacao": "2020-02-08T00:21:11.889Z", "status": "OK", "tipo": "MATRIZ", "fantasia": "", "efr": "", "motivo_situacao": "", "situacao_especial": "", "data_situacao_especial": "", "atividades_secundarias": [{"code": "00.00-0-00", "text": "N\u00e3o informada"}], "capital_social": "120000.00", "extra": {}, "billing": {"free": false, "database": false}}