{"atividade_principal": [{"text": "Outras atividades associativas profissionais", "code": "94.12-0-99"}], "data_situacao": "09/06/2008", "complemento": "CASA: 59;", "nome": "SOCIEDADE DOS ENGENHEIROS DE PETROLEO SPE - SECAO MACAE", "uf": "RJ", "telefone": "(22) 2772-0699/ (22) 2772-5508", "qsa": [{"qual": "16-Presidente", "nome": "JOAO HUMBERTO GUANDALINI BATISTA"}], "situacao": "ATIVA", "bairro": "RIVIERA FLUMINENSE", "logradouro": "EST DA CANCELA PRETA", "numero": "581", "cep": "27.937-050", "municipio": "MACAE", "porte": "DEMAIS", "abertura": "09/06/2008", "natureza_juridica": "399-9 - Associa\u00e7\u00e3o Privada", "fantasia": "SPE - SECAO MACAE", "cnpj": "09.912.636/0001-84", "ultima_atualizacao": "2020-02-07T23:59:57.994Z", "status": "OK", "tipo": "MATRIZ", "email": "", "efr": "", "motivo_situacao": "", "situacao_especial": "", "data_situacao_especial": "", "atividades_secundarias": [{"code": "00.00-0-00", "text": "N\u00e3o informada"}], "capital_social": "0.00", "extra": {}, "billing": {"free": false, "database": false}}