{"data_situacao": "21/03/2017", "motivo_situacao": "EXTINCAO P/ ENC LIQ VOLUNTARIA", "nome": "DISTRIBUIDORA HOSPITALAR CONSUMED MINAS LTDA", "telefone": "(22) 3852-8180", "email": "acaciotostes@hotmail.com", "situacao": "BAIXADA", "porte": "DEMAIS", "abertura": "20/10/2009", "natureza_juridica": "206-2 - Sociedade Empres\u00e1ria Limitada", "cnpj": "10.235.795/0002-51", "ultima_atualizacao": "2020-02-07T23:23:02.571Z", "status": "OK", "tipo": "FILIAL", "fantasia": "", "logradouro": "", "numero": "", "complemento": "", "cep": "", "bairro": "", "municipio": "", "uf": "", "efr": "", "situacao_especial": "", "data_situacao_especial": "", "atividade_principal": [{"code": "00.00-0-00", "text": "********"}], "atividades_secundarias": [{"code": "00.00-0-00", "text": "N\u00e3o informada"}], "capital_social": "0.00", "qsa": [], "extra": {}, "billing": {"free": false, "database": false}}