{"data_situacao": "09/10/2018", "motivo_situacao": "OMISSAO DE DECLARACOES", "nome": "FRAME ACO LTDA", "telefone": "(22) 8138-6219/ (21) 7972-1735", "email": "gustavo@frameaco.com.br", "qsa": [{"qual": "49-S\u00f3cio-Administrador", "nome": "NELIA FLORES GARCIA"}, {"qual": "22-S\u00f3cio", "nome": "OIRA FLORES GARCIA"}], "situacao": "INAPTA", "porte": "MICRO EMPRESA", "abertura": "07/08/2008", "natureza_juridica": "206-2 - Sociedade Empres\u00e1ria Limitada", "fantasia": "FRAME ACO", "cnpj": "10.303.737/0001-37", "ultima_atualizacao": "2020-02-08T00:58:06.393Z", "status": "OK", "tipo": "MATRIZ", "logradouro": "", "numero": "", "complemento": "", "cep": "", "bairro": "", "municipio": "", "uf": "", "efr": "", "situacao_especial": "", "data_situacao_especial": "", "atividade_principal": [{"code": "00.00-0-00", "text": "********"}], "atividades_secundarias": [{"code": "00.00-0-00", "text": "N\u00e3o informada"}], "capital_social": "54000.00", "extra": {}, "billing": {"free": false, "database": false}}