{"atividade_principal": [{"text": "Com\u00e9rcio atacadista de produtos aliment\u00edcios em geral", "code": "46.39-7-01"}], "data_situacao": "08/09/2008", "complemento": "GALPAO02 ARMZ 5 E 6", "nome": "PHARMANUTRI COMERCIO DE MEDICAMENTOS E PRODUTOS NUTRICIONAIS LTDA EM RECUPERACAO JUDICIAL", "uf": "MG", "telefone": "(31) 2559-2900", "email": "financeiro.mg@pharmanutri.com.br", "atividades_secundarias": [{"text": "Outros representantes comerciais e agentes do com\u00e9rcio especializado em produtos n\u00e3o especificados anteriormente", "code": "46.18-4-99"}, {"text": "Com\u00e9rcio atacadista de alimentos para animais", "code": "46.23-1-09"}, {"text": "Com\u00e9rcio atacadista de bebidas n\u00e3o especificadas anteriormente", "code": "46.35-4-99"}, {"text": "Com\u00e9rcio atacadista de medicamentos e drogas de uso humano", "code": "46.44-3-01"}, {"text": "Com\u00e9rcio atacadista de medicamentos e drogas de uso veterin\u00e1rio", "code": "46.44-3-02"}, {"text": "Com\u00e9rcio atacadista de instrumentos e materiais para uso m\u00e9dico, cir\u00fargico, hospitalar e de laborat\u00f3rios", "code": "46.45-1-01"}, {"text": "Com\u00e9rcio atacadista de cosm\u00e9ticos e produtos de perfumaria", "code": "46.46-0-01"}, {"text": "Com\u00e9rcio atacadista de m\u00e1quinas, aparelhos e equipamentos para uso odonto-m\u00e9dico-hospitalar; partes e pe\u00e7as", "code": "46.64-8-00"}, {"text": "Com\u00e9rcio varejista de produtos aliment\u00edcios em geral ou especializado em produtos aliment\u00edcios n\u00e3o especificados anteriormente", "code": "47.29-6-99"}, {"text": "Com\u00e9rcio varejista de produtos farmac\u00eauticos, sem manipula\u00e7\u00e3o de f\u00f3rmulas", "code": "47.71-7-01"}, {"text": "Com\u00e9rcio varejista de medicamentos veterin\u00e1rios", "code": "47.71-7-04"}, {"text": "Com\u00e9rcio varejista de cosm\u00e9ticos, produtos de perfumaria e de higiene pessoal", "code": "47.72-5-00"}, {"text": "Com\u00e9rcio varejista de artigos m\u00e9dicos e ortop\u00e9dicos", "code": "47.73-3-00"}, {"text": "Com\u00e9rcio varejista de animais vivos e de artigos e alimentos para animais de estima\u00e7\u00e3o", "code": "47.89-0-04"}, {"text": "Transporte rodovi\u00e1rio de carga, exceto produtos perigosos e mudan\u00e7as, municipal.", "code": "49.30-2-01"}, {"text": "Transporte rodovi\u00e1rio de carga, exceto produtos perigosos e mudan\u00e7as, intermunicipal, interestadual e internacional", "code": "49.30-2-02"}, {"text": "Outras atividades profissionais, cient\u00edficas e t\u00e9cnicas n\u00e3o especificadas anteriormente", "code": "74.90-1-99"}, {"text": "Aluguel de material m\u00e9dico", "code": "77.29-2-03"}, {"text": "Aluguel de equipamentos cient\u00edficos, m\u00e9dicos e hospitalares, sem operador", "code": "77.39-0-02"}], "qsa": [{"qual": "49-S\u00f3cio-Administrador", "nome": "TADEU CESAR MORAES"}, {"qual": "22-S\u00f3cio", "nome": "TANIA REGINA GOMES MORAES"}], "situacao": "ATIVA", "bairro": "CIDADE INDUSTRIAL", "logradouro": "R JOSE MARIA DE LACERDA", "numero": "1900", "situacao_especial": "RECUPERACAO JUDICIAL", "cep": "32.210-120", "municipio": "CONTAGEM", "porte": "DEMAIS", "abertura": "08/09/2008", "natureza_juridica": "206-2 - Sociedade Empres\u00e1ria Limitada", "data_situacao_especial": "17/20/2202", "cnpj": "10.323.886/0001-68", "ultima_atualizacao": "2020-02-08T00:31:14.293Z", "status": "OK", "tipo": "MATRIZ", "fantasia": "", "efr": "", "motivo_situacao": "", "capital_social": "1500000.00", "extra": {}, "billing": {"free": false, "database": false}}