{"atividade_principal": [{"text": "Transporte rodovi\u00e1rio de carga, exceto produtos perigosos e mudan\u00e7as, municipal.", "code": "49.30-2-01"}], "data_situacao": "17/09/2008", "complemento": "PARTE", "nome": "SERRA LOCACAO DE VEICULOS LTDA", "uf": "RJ", "telefone": "(22) 2759-2119/ (22) 2762-1378", "atividades_secundarias": [{"text": "Loca\u00e7\u00e3o de autom\u00f3veis sem condutor", "code": "77.11-0-00"}, {"text": "Aluguel de m\u00e1quinas e equipamentos para constru\u00e7\u00e3o sem operador, exceto andaimes", "code": "77.32-2-01"}, {"text": "Transporte escolar", "code": "49.24-8-00"}, {"text": "Com\u00e9rcio varejista de hortifrutigranjeiros", "code": "47.24-5-00"}, {"text": "Com\u00e9rcio varejista de mercadorias em geral, com predomin\u00e2ncia de produtos aliment\u00edcios - minimercados, mercearias e armaz\u00e9ns", "code": "47.12-1-00"}, {"text": "Transporte rodovi\u00e1rio de mudan\u00e7as", "code": "49.30-2-04"}, {"text": "Transporte rodovi\u00e1rio coletivo de passageiros, sob regime de fretamento, municipal", "code": "49.29-9-01"}, {"text": "Organiza\u00e7\u00e3o de excurs\u00f5es em ve\u00edculos rodovi\u00e1rios pr\u00f3prios, intermunicipal, interestadual e internacional", "code": "49.29-9-04"}, {"text": "Transporte rodovi\u00e1rio coletivo de passageiros, com itiner\u00e1rio fixo, municipal", "code": "49.21-3-01"}], "qsa": [{"qual": "49-S\u00f3cio-Administrador", "nome": "ALICE JOSE DA SILVA JUNGER"}, {"qual": "49-S\u00f3cio-Administrador", "nome": "MARCELO DA SILVA JUNGER"}], "situacao": "ATIVA", "bairro": "AROEIRA", "logradouro": "R ALZIRA MARIA DA SILVA GUIMARAES", "numero": "58", "cep": "27.946-120", "municipio": "MACAE", "porte": "MICRO EMPRESA", "abertura": "17/09/2008", "natureza_juridica": "206-2 - Sociedade Empres\u00e1ria Limitada", "cnpj": "10.383.091/0001-45", "ultima_atualizacao": "2020-02-07T23:32:03.223Z", "status": "OK", "tipo": "MATRIZ", "fantasia": "", "email": "", "efr": "", "motivo_situacao": "", "situacao_especial": "", "data_situacao_especial": "", "capital_social": "45000.00", "extra": {}, "billing": {"free": false, "database": false}}