{"atividade_principal": [{"text": "Outras atividades de ensino n\u00e3o especificadas anteriormente", "code": "85.99-6-99"}], "data_situacao": "18/09/2008", "complemento": "LOJA F", "nome": "LICITACENTER EVENTOS E SERVICOS LTDA", "uf": "RJ", "telefone": "(21) 8745-0939", "qsa": [{"qual": "49-S\u00f3cio-Administrador", "nome": "CLEVERSON GORSKI"}, {"qual": "49-S\u00f3cio-Administrador", "nome": "MARIA DE LOURDES MARQUES DA CRUZ LIMA GORSKI"}], "situacao": "ATIVA", "bairro": "BOTAFOGO", "logradouro": "PR DE BOTAFOGO", "numero": "154", "cep": "22.250-040", "municipio": "RIO DE JANEIRO", "porte": "MICRO EMPRESA", "abertura": "18/09/2008", "natureza_juridica": "206-2 - Sociedade Empres\u00e1ria Limitada", "fantasia": "LICITACENTER", "cnpj": "10.402.682/0001-12", "ultima_atualizacao": "2020-02-08T00:02:19.003Z", "status": "OK", "tipo": "MATRIZ", "email": "", "efr": "", "motivo_situacao": "", "situacao_especial": "", "data_situacao_especial": "", "atividades_secundarias": [{"code": "00.00-0-00", "text": "N\u00e3o informada"}], "capital_social": "10000.00", "extra": {}, "billing": {"free": false, "database": false}}