{"atividade_principal": [{"text": "Ensino fundamental", "code": "85.13-9-00"}], "data_situacao": "27/08/2008", "nome": "CONSELHO ESCOLAR DO COLEGIO MUNICIPAL PROFESSORA ELZA IBRAHIM", "uf": "RJ", "telefone": "(22) 2772-4955/ (22) 2762-8900", "email": "pablo_parga@hotmail.com.br", "atividades_secundarias": [{"text": "Outras atividades de ensino n\u00e3o especificadas anteriormente", "code": "85.99-6-99"}], "qsa": [{"qual": "16-Presidente", "nome": "KELY FERREIRA DO AMARAL"}], "situacao": "ATIVA", "bairro": "AJUDA DE BAIXO", "logradouro": "EST DO INCRA", "numero": "S N", "cep": "27.910-000", "municipio": "MACAE", "porte": "DEMAIS", "abertura": "27/08/2008", "natureza_juridica": "399-9 - Associa\u00e7\u00e3o Privada", "fantasia": "CE CMPEI", "cnpj": "10.420.037/0001-22", "ultima_atualizacao": "2020-02-08T00:34:43.908Z", "status": "OK", "tipo": "MATRIZ", "complemento": "", "efr": "", "motivo_situacao": "", "situacao_especial": "", "data_situacao_especial": "", "capital_social": "0.00", "extra": {}, "billing": {"free": false, "database": false}}