{"atividade_principal": [{"text": "Com\u00e9rcio atacadista de medicamentos e drogas de uso humano", "code": "46.44-3-01"}], "data_situacao": "14/10/2008", "complemento": "LOJA", "nome": "KASA MED DISTRIBUIDORA DE MEDICAMENTOS E MATERIAIS HOSPITALARES LTDA", "uf": "RJ", "telefone": "(21) 2240-3050", "atividades_secundarias": [{"text": "Com\u00e9rcio atacadista de produtos aliment\u00edcios em geral", "code": "46.39-7-01"}, {"text": "Com\u00e9rcio atacadista de instrumentos e materiais para uso m\u00e9dico, cir\u00fargico, hospitalar e de laborat\u00f3rios", "code": "46.45-1-01"}, {"text": "Com\u00e9rcio atacadista de produtos odontol\u00f3gicos", "code": "46.45-1-03"}, {"text": "Com\u00e9rcio atacadista de m\u00e1quinas, aparelhos e equipamentos para uso odonto-m\u00e9dico-hospitalar; partes e pe\u00e7as", "code": "46.64-8-00"}, {"text": "Com\u00e9rcio atacadista de outros produtos qu\u00edmicos e petroqu\u00edmicos n\u00e3o especificados anteriormente", "code": "46.84-2-99"}, {"text": "Com\u00e9rcio varejista de produtos aliment\u00edcios em geral ou especializado em produtos aliment\u00edcios n\u00e3o especificados anteriormente", "code": "47.29-6-99"}, {"text": "Com\u00e9rcio varejista de artigos m\u00e9dicos e ortop\u00e9dicos", "code": "47.73-3-00"}, {"text": "Com\u00e9rcio varejista de produtos saneantes domissanit\u00e1rios", "code": "47.89-0-05"}], "qsa": [{"qual": "49-S\u00f3cio-Administrador", "nome": "ANDERSON DE AMORIM FERREIRA"}, {"qual": "22-S\u00f3cio", "nome": "LUIZ CARLOS DE MORAES SOARES"}], "situacao": "ATIVA", "bairro": "SANTOS ELIAS", "logradouro": "R CIRILO", "numero": "486", "cep": "26.550-120", "municipio": "MESQUITA", "porte": "EMPRESA DE PEQUENO PORTE", "abertura": "14/10/2008", "natureza_juridica": "206-2 - Sociedade Empres\u00e1ria Limitada", "cnpj": "10.438.280/0001-78", "ultima_atualizacao": "2020-02-08T00:12:06.047Z", "status": "OK", "tipo": "MATRIZ", "fantasia": "", "email": "", "efr": "", "motivo_situacao": "", "situacao_especial": "", "data_situacao_especial": "", "capital_social": "800000.00", "extra": {}, "billing": {"free": false, "database": false}}