{"data_situacao": "31/12/2018", "motivo_situacao": "INCORPORACAO", "nome": "DEOXI BIOTECNOLOGIA LTDA", "telefone": "(18) 3117-7010", "email": "ulisses@escritorionacional.com.br", "situacao": "BAIXADA", "porte": "DEMAIS", "abertura": "17/10/2008", "natureza_juridica": "206-2 - Sociedade Empres\u00e1ria Limitada", "cnpj": "10.434.950/0001-88", "ultima_atualizacao": "2020-02-08T00:54:22.438Z", "status": "OK", "tipo": "MATRIZ", "fantasia": "", "logradouro": "", "numero": "", "complemento": "", "cep": "", "bairro": "", "municipio": "", "uf": "", "efr": "", "situacao_especial": "", "data_situacao_especial": "", "atividade_principal": [{"code": "00.00-0-00", "text": "********"}], "atividades_secundarias": [{"code": "00.00-0-00", "text": "N\u00e3o informada"}], "capital_social": "0.00", "qsa": [], "extra": {}, "billing": {"free": false, "database": false}}