{"atividade_principal": [{"text": "Com\u00e9rcio varejista de m\u00f3veis", "code": "47.54-7-01"}], "data_situacao": "31/10/2008", "complemento": "824", "nome": "L.M. FERNANDES DE SOUZA COMERCIO E EQUIPAMENTOS", "uf": "RJ", "telefone": "(22) 2724-2156/ (22) 2724-0883", "email": "carlmata60@yahoo.com.br", "atividades_secundarias": [{"text": "Com\u00e9rcio varejista de outros artigos usados", "code": "47.85-7-99"}, {"text": "Loca\u00e7\u00e3o de outros meios de transporte n\u00e3o especificados anteriormente, sem condutor", "code": "77.19-5-99"}, {"text": "Com\u00e9rcio varejista especializado de pe\u00e7as e acess\u00f3rios para aparelhos eletroeletr\u00f4nicos para uso dom\u00e9stico, exceto inform\u00e1tica e comunica\u00e7\u00e3o", "code": "47.57-1-00"}, {"text": "Com\u00e9rcio atacadista de roupas e acess\u00f3rios para uso profissional e de seguran\u00e7a do trabalho", "code": "46.42-7-02"}, {"text": "Instala\u00e7\u00e3o e manuten\u00e7\u00e3o de sistemas centrais de ar condicionado, de ventila\u00e7\u00e3o e refrigera\u00e7\u00e3o", "code": "43.22-3-02"}], "qsa": [], "situacao": "ATIVA", "bairro": "4 DISTRITO", "logradouro": "AV JOVIANO J. DE AZEVEDO", "numero": "818", "cep": "28.145-000", "municipio": "CAMPOS DOS GOYTACAZES", "porte": "MICRO EMPRESA", "abertura": "31/10/2008", "natureza_juridica": "213-5 - Empres\u00e1rio (Individual)", "fantasia": "MOBILE FLEX", "cnpj": "10.459.425/0001-17", "ultima_atualizacao": "2020-02-07T23:22:46.393Z", "status": "OK", "tipo": "MATRIZ", "efr": "", "motivo_situacao": "", "situacao_especial": "", "data_situacao_especial": "", "capital_social": "200000.00", "extra": {}, "billing": {"free": false, "database": false}}