{"atividade_principal": [{"text": "Aluguel de outras m\u00e1quinas e equipamentos comerciais e industriais n\u00e3o especificados anteriormente, sem operador", "code": "77.39-0-99"}], "data_situacao": "21/10/2008", "complemento": "848", "nome": "RELUZ EMPREENDIMENTOS E SERVICOS LTDA", "uf": "RJ", "telefone": "(22) 2722-9583/ (27) 2295-83", "atividades_secundarias": [{"text": "Manuten\u00e7\u00e3o e repara\u00e7\u00e3o de geradores, transformadores e motores el\u00e9tricos", "code": "33.13-9-01"}, {"text": "Manuten\u00e7\u00e3o e repara\u00e7\u00e3o de equipamentos hidr\u00e1ulicos e pneum\u00e1ticos, exceto v\u00e1lvulas", "code": "33.14-7-02"}, {"text": "Atividades relacionadas a esgoto, exceto a gest\u00e3o de redes", "code": "37.02-9-00"}, {"text": "Coleta de res\u00edduos n\u00e3o-perigosos", "code": "38.11-4-00"}, {"text": "Coleta de res\u00edduos perigosos", "code": "38.12-2-00"}, {"text": "Constru\u00e7\u00e3o de edif\u00edcios", "code": "41.20-4-00"}, {"text": "Instala\u00e7\u00e3o e manuten\u00e7\u00e3o el\u00e9trica", "code": "43.21-5-00"}, {"text": "Instala\u00e7\u00e3o e manuten\u00e7\u00e3o de sistemas centrais de ar condicionado, de ventila\u00e7\u00e3o e refrigera\u00e7\u00e3o", "code": "43.22-3-02"}, {"text": "Servi\u00e7os de opera\u00e7\u00e3o e fornecimento de equipamentos para transporte e eleva\u00e7\u00e3o de cargas e pessoas para uso em obras", "code": "43.99-1-04"}, {"text": "Transporte rodovi\u00e1rio de produtos perigosos", "code": "49.30-2-03"}, {"text": "Servi\u00e7os de engenharia", "code": "71.12-0-00"}, {"text": "Loca\u00e7\u00e3o de outros meios de transporte n\u00e3o especificados anteriormente, sem condutor", "code": "77.19-5-99"}], "qsa": [{"qual": "22-S\u00f3cio", "nome": "ROGERIO GOMES PONTES"}, {"qual": "49-S\u00f3cio-Administrador", "nome": "DAVID GOMES PONTES"}], "situacao": "ATIVA", "bairro": "NOVO JOCKEY", "logradouro": "EST DO GOIABAL", "numero": "846", "cep": "28.010-000", "municipio": "CAMPOS DOS GOYTACAZES", "porte": "MICRO EMPRESA", "abertura": "21/10/2008", "natureza_juridica": "206-2 - Sociedade Empres\u00e1ria Limitada", "cnpj": "10.471.095/0001-85", "ultima_atualizacao": "2020-02-07T23:16:47.903Z", "status": "OK", "tipo": "MATRIZ", "fantasia": "", "email": "", "efr": "", "motivo_situacao": "", "situacao_especial": "", "data_situacao_especial": "", "capital_social": "5000000.00", "extra": {}, "billing": {"free": false, "database": false}}