{"atividade_principal": [{"text": "Com\u00e9rcio atacadista de instrumentos e materiais para uso m\u00e9dico, cir\u00fargico, hospitalar e de laborat\u00f3rios", "code": "46.45-1-01"}], "data_situacao": "08/12/2008", "complemento": "SALA 10", "nome": "LVR MATERIAIS HOSPITALARES EIRELI", "uf": "RJ", "telefone": "(21) 2474-1705/ (21) 3835-1426", "email": "jocar.contabilidade@hotmail.com", "atividades_secundarias": [{"text": "Com\u00e9rcio varejista de artigos m\u00e9dicos e ortop\u00e9dicos", "code": "47.73-3-00"}, {"text": "Manuten\u00e7\u00e3o e repara\u00e7\u00e3o de aparelhos e instrumentos de medida, teste e controle", "code": "33.12-1-02"}, {"text": "Com\u00e9rcio atacadista de medicamentos e drogas de uso humano", "code": "46.44-3-01"}, {"text": "Manuten\u00e7\u00e3o e repara\u00e7\u00e3o de aparelhos eletrom\u00e9dicos e eletroterap\u00eauticos e equipamentos de irradia\u00e7\u00e3o", "code": "33.12-1-03"}], "qsa": [{"qual": "65-Titular Pessoa F\u00edsica Residente ou Domiciliado no Brasil", "nome": "HELCIO ANGELO DA ROCHA"}], "situacao": "ATIVA", "bairro": "CENTRO", "logradouro": "R SANTO ANTONIO", "numero": "179", "cep": "25.515-260", "municipio": "SAO JOAO DE MERITI", "porte": "MICRO EMPRESA", "abertura": "08/12/2008", "natureza_juridica": "230-5 - Empresa Individual de Responsabilidade Limitada (de Natureza Empres\u00e1ria)", "cnpj": "10.542.138/0001-76", "ultima_atualizacao": "2020-02-08T01:00:17.642Z", "status": "OK", "tipo": "MATRIZ", "fantasia": "", "efr": "", "motivo_situacao": "", "situacao_especial": "", "data_situacao_especial": "", "capital_social": "1200000.00", "extra": {}, "billing": {"free": false, "database": false}}