{"atividade_principal": [{"text": "Com\u00e9rcio varejista especializado de equipamentos e suprimentos de inform\u00e1tica", "code": "47.51-2-01"}], "data_situacao": "04/12/2008", "complemento": "LOJA 110", "nome": "WEBMEGA 1000 COMERCIO E SERVICOS DE PROPAGANDA E PUBLICIDADE LTDA", "uf": "RJ", "telefone": "(21) 2605-8080/ (21) 3741-0034", "email": "adrgerencia@gmail.com", "atividades_secundarias": [{"text": "Com\u00e9rcio varejista de artigos fotogr\u00e1ficos e para filmagem", "code": "47.89-0-08"}, {"text": "Com\u00e9rcio varejista de equipamentos para escrit\u00f3rio", "code": "47.89-0-07"}, {"text": "Outras atividades de presta\u00e7\u00e3o de servi\u00e7os de informa\u00e7\u00e3o n\u00e3o especificadas anteriormente", "code": "63.99-2-00"}, {"text": "Com\u00e9rcio atacadista de suprimentos para inform\u00e1tica", "code": "46.51-6-02"}, {"text": "Desenvolvimento e licenciamento de programas de computador customiz\u00e1veis", "code": "62.02-3-00"}, {"text": "Consultoria em tecnologia da informa\u00e7\u00e3o", "code": "62.04-0-00"}, {"text": "Suporte t\u00e9cnico, manuten\u00e7\u00e3o e outros servi\u00e7os em tecnologia da informa\u00e7\u00e3o", "code": "62.09-1-00"}, {"text": "Aluguel de outras m\u00e1quinas e equipamentos comerciais e industriais n\u00e3o especificados anteriormente, sem operador", "code": "77.39-0-99"}], "qsa": [{"qual": "49-S\u00f3cio-Administrador", "nome": "DANIEL DO COUTO PITTA"}, {"qual": "22-S\u00f3cio", "nome": "RENATA ABBADE BANDEIRA PITTA"}], "situacao": "ATIVA", "bairro": "CENTRO", "logradouro": "R DA CONCEICAO", "numero": "188", "cep": "24.020-080", "municipio": "NITEROI", "porte": "MICRO EMPRESA", "abertura": "04/12/2008", "natureza_juridica": "206-2 - Sociedade Empres\u00e1ria Limitada", "fantasia": "BR.CERTIFICADOS", "cnpj": "10.570.144/0001-37", "ultima_atualizacao": "2020-02-08T00:38:12.331Z", "status": "OK", "tipo": "MATRIZ", "efr": "", "motivo_situacao": "", "situacao_especial": "", "data_situacao_especial": "", "capital_social": "100000.00", "extra": {}, "billing": {"free": false, "database": false}}