{"atividade_principal": [{"text": "Com\u00e9rcio atacadista de medicamentos e drogas de uso humano", "code": "46.44-3-01"}], "data_situacao": "13/01/2009", "nome": "DISTRIBUIDORA SUED OFFSHORE LTDA", "uf": "RJ", "telefone": "(22) 2142-5040/ (22) 2142-4069", "email": "talita@consultecdigital.com.br", "atividades_secundarias": [{"text": "Com\u00e9rcio atacadista especializado em outros produtos aliment\u00edcios n\u00e3o especificados anteriormente", "code": "46.37-1-99"}, {"text": "Com\u00e9rcio atacadista de roupas e acess\u00f3rios para uso profissional e de seguran\u00e7a do trabalho", "code": "46.42-7-02"}, {"text": "Com\u00e9rcio atacadista de instrumentos e materiais para uso m\u00e9dico, cir\u00fargico, hospitalar e de laborat\u00f3rios", "code": "46.45-1-01"}, {"text": "Com\u00e9rcio atacadista de produtos odontol\u00f3gicos", "code": "46.45-1-03"}, {"text": "Com\u00e9rcio atacadista de cosm\u00e9ticos e produtos de perfumaria", "code": "46.46-0-01"}, {"text": "Com\u00e9rcio atacadista de produtos de higiene pessoal", "code": "46.46-0-02"}, {"text": "Gest\u00e3o de ativos intang\u00edveis n\u00e3o-financeiros", "code": "77.40-3-00"}], "qsa": [{"qual": "22-S\u00f3cio", "nome": "JANES FERRARI GARCIA DEBOSAM"}, {"qual": "49-S\u00f3cio-Administrador", "nome": "JONAILTO FERRARI GARCIA"}], "situacao": "ATIVA", "bairro": "PRAIA CAMPISTA", "logradouro": "R JOSE CIRIACO JUNIOR", "numero": "68", "cep": "27.923-130", "municipio": "MACAE", "porte": "DEMAIS", "abertura": "13/01/2009", "natureza_juridica": "206-2 - Sociedade Empres\u00e1ria Limitada", "cnpj": "10.589.940/0001-11", "ultima_atualizacao": "2020-02-07T23:06:12.077Z", "status": "OK", "tipo": "MATRIZ", "fantasia": "", "complemento": "", "efr": "", "motivo_situacao": "", "situacao_especial": "", "data_situacao_especial": "", "capital_social": "20000.00", "extra": {}, "billing": {"free": false, "database": false}}