{"data_situacao": "05/04/2019", "motivo_situacao": "EXTINCAO P/ ENC LIQ VOLUNTARIA", "nome": "SANOFI MEDLEY FARMACEUTICA LTDA", "telefone": "(11) 3759-6138/ (11) 3759-6325", "email": "raquel.jorge@sanofi.com", "situacao": "BAIXADA", "porte": "DEMAIS", "abertura": "19/01/2009", "natureza_juridica": "206-2 - Sociedade Empres\u00e1ria Limitada", "cnpj": "10.588.595/0001-00", "ultima_atualizacao": "2020-02-08T00:06:29.248Z", "status": "OK", "tipo": "MATRIZ", "fantasia": "", "logradouro": "", "numero": "", "complemento": "", "cep": "", "bairro": "", "municipio": "", "uf": "", "efr": "", "situacao_especial": "", "data_situacao_especial": "", "atividade_principal": [{"code": "00.00-0-00", "text": "********"}], "atividades_secundarias": [{"code": "00.00-0-00", "text": "N\u00e3o informada"}], "capital_social": "0.00", "qsa": [], "extra": {}, "billing": {"free": false, "database": false}}