{"atividade_principal": [{"text": "Administra\u00e7\u00e3o p\u00fablica em geral", "code": "84.11-6-00"}], "data_situacao": "05/10/2007", "nome": "INSTITUTO ESTADUAL DO AMBIENTE - INEA", "uf": "RJ", "telefone": "(21) 3891-3369/ (21) 3891-3370", "email": "dafdifin@feema.rj.gov.br", "atividades_secundarias": [{"text": "Regula\u00e7\u00e3o das atividades de sa\u00fade, educa\u00e7\u00e3o, servi\u00e7os culturais e outros servi\u00e7os sociais", "code": "84.12-4-00"}], "situacao": "ATIVA", "bairro": "SAUDE / CENTRO", "logradouro": "AV VENEZUELA", "numero": "110", "cep": "20.081-312", "municipio": "RIO DE JANEIRO", "porte": "DEMAIS", "abertura": "05/10/2007", "natureza_juridica": "111-2 - Autarquia Estadual ou do Distrito Federal", "fantasia": "INEA", "cnpj": "10.598.957/0001-35", "ultima_atualizacao": "2020-02-08T00:43:07.116Z", "status": "OK", "tipo": "MATRIZ", "complemento": "", "efr": "", "motivo_situacao": "", "situacao_especial": "", "data_situacao_especial": "", "capital_social": "0.00", "qsa": [], "extra": {}, "billing": {"free": false, "database": false}}