{"atividade_principal": [{"text": "Restaurantes e similares", "code": "56.11-2-01"}], "data_situacao": "02/04/2009", "nome": "NIEL RESTAURANTE LTDA", "uf": "RJ", "telefone": "(22) 3051-0077", "email": "lais@nielrestaurante.com.br", "atividades_secundarias": [{"text": "Servi\u00e7os de alimenta\u00e7\u00e3o para eventos e recep\u00e7\u00f5es - buf\u00ea", "code": "56.20-1-02"}, {"text": "Fornecimento de alimentos preparados preponderantemente para empresas", "code": "56.20-1-01"}], "qsa": [{"qual": "49-S\u00f3cio-Administrador", "nome": "LAIS LIMA DUQUE"}, {"qual": "49-S\u00f3cio-Administrador", "nome": "ROBERTO MOACYR DUQUE JUNIOR"}], "situacao": "ATIVA", "bairro": "CAJUEIROS", "logradouro": "R FRANCISCO PEREIRA DE MENDONCA", "numero": "391", "cep": "27.915-290", "municipio": "MACAE", "porte": "EMPRESA DE PEQUENO PORTE", "abertura": "02/04/2009", "natureza_juridica": "206-2 - Sociedade Empres\u00e1ria Limitada", "fantasia": "PLATAFORMIA", "cnpj": "10.740.619/0001-96", "ultima_atualizacao": "2020-02-07T23:00:55.121Z", "status": "OK", "tipo": "MATRIZ", "complemento": "", "efr": "", "motivo_situacao": "", "situacao_especial": "", "data_situacao_especial": "", "capital_social": "20000.00", "extra": {}, "billing": {"free": false, "database": false}}