{"atividade_principal": [{"text": "Clubes sociais, esportivos e similares", "code": "93.12-3-00"}], "data_situacao": "17/03/2009", "nome": "ASSOCIACAO MACAE DE BASQUETE", "uf": "RJ", "telefone": "(22) 2762-5020/ (22) 2772-0627", "atividades_secundarias": [{"text": "Atividades associativas n\u00e3o especificadas anteriormente", "code": "94.99-5-00"}], "qsa": [{"qual": "16-Presidente", "nome": "LEONARDO PAES CINELLI"}], "situacao": "ATIVA", "bairro": "CENTRO", "logradouro": "R PEREIRA DE SOUZA", "numero": "117", "cep": "27.913-110", "municipio": "MACAE", "porte": "DEMAIS", "abertura": "17/03/2009", "natureza_juridica": "399-9 - Associa\u00e7\u00e3o Privada", "cnpj": "10.748.356/0001-61", "ultima_atualizacao": "2020-02-08T00:53:33.464Z", "status": "OK", "tipo": "MATRIZ", "fantasia": "", "complemento": "", "email": "", "efr": "", "motivo_situacao": "", "situacao_especial": "", "data_situacao_especial": "", "capital_social": "0.00", "extra": {}, "billing": {"free": false, "database": false}}