{"atividade_principal": [{"text": "Aluguel de palcos, coberturas e outras estruturas de uso tempor\u00e1rio, exceto andaimes", "code": "77.39-0-03"}], "data_situacao": "24/03/2009", "nome": "TERRANOVA PRODUCOES E EVENTOS LTDA", "uf": "RJ", "telefone": "(22) 2778-1420", "atividades_secundarias": [{"text": "Aluguel de equipamentos recreativos e esportivos", "code": "77.21-7-00"}, {"text": "Produ\u00e7\u00e3o e promo\u00e7\u00e3o de eventos esportivos", "code": "93.19-1-01"}, {"text": "Atividades de sonoriza\u00e7\u00e3o e de ilumina\u00e7\u00e3o", "code": "90.01-9-06"}, {"text": "Servi\u00e7os de organiza\u00e7\u00e3o de feiras, congressos, exposi\u00e7\u00f5es e festas", "code": "82.30-0-01"}, {"text": "Casas de festas e eventos", "code": "82.30-0-02"}, {"text": "Filmagem de festas e eventos", "code": "74.20-0-04"}], "qsa": [{"qual": "49-S\u00f3cio-Administrador", "nome": "DENISE BUENO PEIXOTO"}, {"qual": "49-S\u00f3cio-Administrador", "nome": "ALEXANDRE DOS SANTOS PEIXOTO"}], "situacao": "ATIVA", "bairro": "SANTA ELI", "logradouro": "R PORTIRO CANDIDO", "numero": "77", "cep": "28.860-000", "municipio": "CASIMIRO DE ABREU", "porte": "MICRO EMPRESA", "abertura": "24/03/2009", "natureza_juridica": "206-2 - Sociedade Empres\u00e1ria Limitada", "fantasia": "TERRANOVA SERVICOS", "cnpj": "10.748.899/0001-89", "ultima_atualizacao": "2020-02-08T00:53:48.107Z", "status": "OK", "tipo": "MATRIZ", "complemento": "", "email": "", "efr": "", "motivo_situacao": "", "situacao_especial": "", "data_situacao_especial": "", "capital_social": "100000.00", "extra": {}, "billing": {"free": false, "database": false}}