{"atividade_principal": [{"text": "Servi\u00e7o de t\u00e1xi a\u00e9reo e loca\u00e7\u00e3o de aeronaves com tripula\u00e7\u00e3o", "code": "51.12-9-01"}], "data_situacao": "27/08/2005", "complemento": "CTR 2016.0009 HAN 34 RUA E", "nome": "HELISTAR TAXI AEREO ESCOLA DE PILOTAGEM E ASSESSORIA AERONAUTICA LTDA", "uf": "RJ", "telefone": "(21) 3282-9000", "email": "daniel@helistar.com.br", "atividades_secundarias": [{"text": "Manuten\u00e7\u00e3o e repara\u00e7\u00e3o de m\u00e1quinas e equipamentos para uso geral n\u00e3o especificados anteriormente", "code": "33.14-7-10"}, {"text": "Com\u00e9rcio atacadista de outras m\u00e1quinas e equipamentos n\u00e3o especificados anteriormente; partes e pe\u00e7as", "code": "46.69-9-99"}, {"text": "Outros servi\u00e7os de transporte a\u00e9reo de passageiros n\u00e3o-regular", "code": "51.12-9-99"}, {"text": "Transporte a\u00e9reo de carga", "code": "51.20-0-00"}, {"text": "Estacionamento de ve\u00edculos", "code": "52.23-1-00"}, {"text": "Cursos de pilotagem", "code": "85.99-6-02"}], "qsa": [{"qual": "49-S\u00f3cio-Administrador", "nome": "YURI DE OLIVEIRA ALBRECHT"}, {"qual": "22-S\u00f3cio", "qual_rep_legal": "05-Administrador", "nome_rep_legal": "ADRIANA SILVA DE SOUSA", "nome": "AN PARTICIPACOES LTDA"}], "situacao": "ATIVA", "bairro": "BARRA DA TIJUCA", "logradouro": "AV AYRTON SENNA", "numero": "02541", "cep": "22.775-002", "municipio": "RIO DE JANEIRO", "porte": "DEMAIS", "abertura": "18/10/1994", "natureza_juridica": "206-2 - Sociedade Empres\u00e1ria Limitada", "cnpj": "00.249.803/0001-84", "ultima_atualizacao": "2020-02-07T22:14:43.955Z", "status": "OK", "tipo": "MATRIZ", "fantasia": "", "efr": "", "motivo_situacao": "", "situacao_especial": "", "data_situacao_especial": "", "capital_social": "43219315.00", "extra": {}, "billing": {"free": false, "database": false}}