{"atividade_principal": [{"text": "Restaurantes e similares (Dispensada *)", "code": "56.11-2-01"}], "data_situacao": "21/11/2003", "nome": "BAR E RESTAURANTE CENTRAL DE MACABU LTDA", "uf": "RJ", "telefone": "(22) 8116-1115/ (22) 2779-2510", "email": "spedroberval@yahoo.com.br", "situacao": "ATIVA", "bairro": "LAGOMAR", "logradouro": "R ESPIRITO SANTO", "numero": "18", "cep": "27.970-750", "municipio": "MACAE", "porte": "MICRO EMPRESA", "abertura": "21/11/2003", "natureza_juridica": "206-2 - Sociedade Empres\u00e1ria Limitada", "fantasia": "BAR E RESTAURANTE CENTRAL", "cnpj": "01.395.200/0002-34", "ultima_atualizacao": "2020-02-07T21:56:07.699Z", "status": "OK", "tipo": "FILIAL", "complemento": "", "efr": "", "motivo_situacao": "", "situacao_especial": "", "data_situacao_especial": "", "atividades_secundarias": [{"code": "00.00-0-00", "text": "N\u00e3o informada"}], "capital_social": "0.00", "qsa": [], "extra": {}, "billing": {"free": false, "database": true}}