{"atividade_principal": [{"text": "Com\u00e9rcio atacadista de outros produtos qu\u00edmicos e petroqu\u00edmicos n\u00e3o especificados anteriormente", "code": "46.84-2-99"}], "data_situacao": "03/11/2005", "complemento": "KM 90", "nome": "INTERFOGOS COMERCIO, IMPORTACAO E EXPORTACAO LTDA", "uf": "MS", "atividades_secundarias": [{"text": "Artes c\u00eanicas, espet\u00e1culos e atividades complementares n\u00e3o especificadas anteriormente", "code": "90.01-9-99"}, {"text": "Transporte rodovi\u00e1rio de produtos perigosos", "code": "49.30-2-03"}, {"text": "Com\u00e9rcio atacadista especializado em outros produtos intermedi\u00e1rios n\u00e3o especificados anteriormente", "code": "46.89-3-99"}, {"text": "Aluguel de outros objetos pessoais e dom\u00e9sticos n\u00e3o especificados anteriormente", "code": "77.29-2-99"}, {"text": "Produ\u00e7\u00e3o teatral", "code": "90.01-9-01"}, {"text": "Produ\u00e7\u00e3o musical", "code": "90.01-9-02"}], "qsa": [{"qual": "49-S\u00f3cio-Administrador", "nome": "CLAUDEMIR DOS ANJOS"}, {"qual": "22-S\u00f3cio", "nome": "ODAIR PEREIRA DA SILVA"}], "situacao": "ATIVA", "bairro": "ZONA RURAL", "logradouro": "ROD BR - 158", "numero": "S/N", "cep": "79.500-000", "municipio": "PARANAIBA", "porte": "EMPRESA DE PEQUENO PORTE", "abertura": "16/05/1996", "natureza_juridica": "206-2 - Sociedade Empres\u00e1ria Limitada", "fantasia": "INTERFOGOS", "cnpj": "01.668.991/0001-48", "ultima_atualizacao": "2020-02-07T22:16:17.116Z", "status": "OK", "tipo": "MATRIZ", "email": "", "telefone": "", "efr": "", "motivo_situacao": "", "situacao_especial": "", "data_situacao_especial": "", "capital_social": "460000.00", "extra": {}, "billing": {"free": false, "database": false}}