{"data_situacao": "28/11/2018", "motivo_situacao": "OMISSAO DE DECLARACOES", "nome": "ARMSTRONG P MAIA", "telefone": "(22) 2763-0792", "qsa": [], "situacao": "INAPTA", "porte": "MICRO EMPRESA", "abertura": "24/03/1997", "natureza_juridica": "213-5 - Empres\u00e1rio (Individual)", "fantasia": "IMPRIMA COMUNICACAO VISUAL", "cnpj": "01.783.861/0001-56", "ultima_atualizacao": "2020-02-07T22:16:25.995Z", "status": "OK", "tipo": "MATRIZ", "logradouro": "", "numero": "", "complemento": "", "cep": "", "bairro": "", "municipio": "", "uf": "", "email": "", "efr": "", "situacao_especial": "", "data_situacao_especial": "", "atividade_principal": [{"code": "00.00-0-00", "text": "********"}], "atividades_secundarias": [{"code": "00.00-0-00", "text": "N\u00e3o informada"}], "capital_social": "30000.00", "extra": {}, "billing": {"free": false, "database": false}}