{"atividade_principal": [{"text": "Servi\u00e7os de pr\u00e9-impress\u00e3o", "code": "18.21-1-00"}], "data_situacao": "13/09/2003", "nome": "FLASH PRINT ARTES GRAFICAS LTDA", "uf": "RJ", "telefone": "(024) 7621-432", "qsa": [{"qual": "22-S\u00f3cio", "nome": "JORGE PINHEIRO DA COSTA"}, {"qual": "49-S\u00f3cio-Administrador", "nome": "FABRICIO CASTRO PINHEIRO DA COSTA"}, {"qual": "22-S\u00f3cio", "nome": "ROBSON CASTRO PINHEIRO DA COSTA"}, {"qual": "49-S\u00f3cio-Administrador", "nome": "JORGE PINHEIRO DA COSTA JUNIOR"}], "situacao": "ATIVA", "bairro": "VISCONDE DE ARAUJO", "logradouro": "R BRIGADEIRO EDUARDO GOMES", "numero": "36", "cep": "27.943-670", "municipio": "MACAE", "porte": "EMPRESA DE PEQUENO PORTE", "abertura": "16/02/1998", "natureza_juridica": "206-2 - Sociedade Empres\u00e1ria Limitada", "fantasia": "FLASH PRINT", "cnpj": "02.403.667/0001-60", "ultima_atualizacao": "2020-02-07T22:12:52.290Z", "status": "OK", "tipo": "MATRIZ", "complemento": "", "email": "", "efr": "", "motivo_situacao": "", "situacao_especial": "", "data_situacao_especial": "", "atividades_secundarias": [{"code": "00.00-0-00", "text": "N\u00e3o informada"}], "capital_social": "300000.00", "extra": {}, "billing": {"free": false, "database": false}}