{"atividade_principal": [{"text": "Impress\u00e3o de livros, revistas e outras publica\u00e7\u00f5es peri\u00f3dicas", "code": "18.11-3-02"}], "data_situacao": "03/11/2005", "nome": "IMPRINT 2001 GRAFICA E EDITORA LTDA", "uf": "RJ", "atividades_secundarias": [{"text": "Impress\u00e3o de material para outros usos", "code": "18.13-0-99"}, {"text": "Servi\u00e7os de acabamentos gr\u00e1ficos, exceto encaderna\u00e7\u00e3o e plastifica\u00e7\u00e3o", "code": "18.22-9-99"}, {"text": "Edi\u00e7\u00e3o integrada \u00e0 impress\u00e3o de cadastros, listas e de outros produtos gr\u00e1ficos", "code": "58.29-8-00"}, {"text": "Edi\u00e7\u00e3o de livros", "code": "58.11-5-00"}, {"text": "Fabrica\u00e7\u00e3o de produtos de papel, cartolina, papel cart\u00e3o e papel\u00e3o ondulado para uso comercial e de escrit\u00f3rio, exceto formul\u00e1rio cont\u00ednuo", "code": "17.41-9-02"}, {"text": "Edi\u00e7\u00e3o de cadastros, listas e de outros produtos gr\u00e1ficos", "code": "58.19-1-00"}], "qsa": [{"qual": "49-S\u00f3cio-Administrador", "nome": "SIMONE GONCALVES TEIXEIRA"}, {"qual": "22-S\u00f3cio", "nome": "ANDRE GONCALVES TEIXEIRA"}], "situacao": "ATIVA", "bairro": "PIEDADE", "logradouro": "R GOIAS", "numero": "618", "cep": "20.756-121", "municipio": "RIO DE JANEIRO", "porte": "MICRO EMPRESA", "abertura": "13/04/1998", "natureza_juridica": "206-2 - Sociedade Empres\u00e1ria Limitada", "fantasia": "AEROGRAPHIC", "cnpj": "02.495.060/0001-58", "ultima_atualizacao": "2020-02-07T22:14:56.985Z", "status": "OK", "tipo": "MATRIZ", "complemento": "", "email": "", "telefone": "", "efr": "", "motivo_situacao": "", "situacao_especial": "", "data_situacao_especial": "", "capital_social": "500000.00", "extra": {}, "billing": {"free": false, "database": false}}