{"atividade_principal": [{"text": "Edi\u00e7\u00e3o de livros", "code": "58.11-5-00"}], "data_situacao": "03/11/2005", "nome": "PS EDITORA LTDA", "uf": "MG", "telefone": "(31) 3236-9200", "email": "despachos@contabilidadebessa.com.br", "atividades_secundarias": [{"text": "Edi\u00e7\u00e3o de revistas", "code": "58.13-1-00"}, {"text": "Outras atividades de servi\u00e7os prestados principalmente \u00e0s empresas n\u00e3o especificadas anteriormente", "code": "82.99-7-99"}, {"text": "Outras atividades profissionais, cient\u00edficas e t\u00e9cnicas n\u00e3o especificadas anteriormente", "code": "74.90-1-99"}, {"text": "Fotoc\u00f3pias", "code": "82.19-9-01"}, {"text": "Edi\u00e7\u00e3o de jornais di\u00e1rios", "code": "58.12-3-01"}, {"text": "Comercio varejista de artigos de armarinho", "code": "47.55-5-02"}], "qsa": [{"qual": "49-S\u00f3cio-Administrador", "nome": "SERGIO MARCUS FERREIRA DE OLIVEIRA"}, {"qual": "22-S\u00f3cio", "nome": "ANNA LUISA CUNHA DE ALMEIDA PINHEIRO"}], "situacao": "ATIVA", "bairro": "LAGOINHA", "logradouro": "R ADALBERTO FERRAZ", "numero": "246", "cep": "31.110-300", "municipio": "BELO HORIZONTE", "porte": "EMPRESA DE PEQUENO PORTE", "abertura": "15/12/1998", "natureza_juridica": "206-2 - Sociedade Empres\u00e1ria Limitada", "fantasia": "PRINT GRAFICA TOTAL", "cnpj": "02.897.073/0001-53", "ultima_atualizacao": "2020-02-07T22:18:16.196Z", "status": "OK", "tipo": "MATRIZ", "complemento": "", "efr": "", "motivo_situacao": "", "situacao_especial": "", "data_situacao_especial": "", "capital_social": "460000.00", "extra": {}, "billing": {"free": false, "database": false}}