{"data_situacao": "18/09/2018", "motivo_situacao": "OMISSAO DE DECLARACOES", "nome": "RJNEWS INFORMACAO COMERCIO E SERVICOS DE EDICAO DE JORNAIS LTDA", "telefone": "(22) 2764-6906", "email": "contdp@veloxmail.com.br", "qsa": [{"qual": "22-S\u00f3cio", "nome": "LUIZ CLAUDIO COELHO VIEIRA"}, {"qual": "49-S\u00f3cio-Administrador", "nome": "ARY GOMES DE MARINS FILHO"}], "situacao": "INAPTA", "porte": "MICRO EMPRESA", "abertura": "21/06/2001", "natureza_juridica": "206-2 - Sociedade Empres\u00e1ria Limitada", "fantasia": "RJNEWS", "cnpj": "04.536.054/0001-27", "ultima_atualizacao": "2020-02-07T22:17:35.410Z", "status": "OK", "tipo": "MATRIZ", "logradouro": "", "numero": "", "complemento": "", "cep": "", "bairro": "", "municipio": "", "uf": "", "efr": "", "situacao_especial": "", "data_situacao_especial": "", "atividade_principal": [{"code": "00.00-0-00", "text": "********"}], "atividades_secundarias": [{"code": "00.00-0-00", "text": "N\u00e3o informada"}], "capital_social": "0.00", "extra": {}, "billing": {"free": false, "database": false}}