{"atividade_principal": [{"text": "Edi\u00e7\u00e3o integrada \u00e0 impress\u00e3o de jornais di\u00e1rios", "code": "58.22-1-01"}], "data_situacao": "03/11/2005", "complemento": "CASA: PARTE;", "nome": "ALEXANDRE FERNANDES EDITORA", "uf": "RJ", "telefone": "(22) 2770-0921", "atividades_secundarias": [{"text": "Impress\u00e3o de livros, revistas e outras publica\u00e7\u00f5es peri\u00f3dicas", "code": "18.11-3-02"}, {"text": "Impress\u00e3o de jornais", "code": "18.11-3-01"}, {"text": "Impress\u00e3o de material para uso publicit\u00e1rio", "code": "18.13-0-01"}], "qsa": [], "situacao": "ATIVA", "bairro": "CORREGO DA LUZ", "logradouro": "R LOTEAMENTO CORREGO DA LUZ", "numero": "40", "cep": "28.860-000", "municipio": "CASIMIRO DE ABREU", "porte": "DEMAIS", "abertura": "08/08/2001", "natureza_juridica": "213-5 - Empres\u00e1rio (Individual)", "fantasia": "JORNAL BOA SEMENTE", "cnpj": "04.626.462/0001-70", "ultima_atualizacao": "2020-02-07T22:15:47.150Z", "status": "OK", "tipo": "MATRIZ", "email": "", "efr": "", "motivo_situacao": "", "situacao_especial": "", "data_situacao_especial": "", "capital_social": "120000.00", "extra": {}, "billing": {"free": false, "database": false}}