{"data_situacao": "01/11/2017", "motivo_situacao": "EXTINCAO P/ ENC LIQ VOLUNTARIA", "nome": "LUCAS E MARTINS LTDA", "situacao": "BAIXADA", "porte": "EMPRESA DE PEQUENO PORTE", "abertura": "20/08/2001", "natureza_juridica": "206-2 - Sociedade Empres\u00e1ria Limitada", "fantasia": "LUCCA RISTORANTE", "cnpj": "04.632.463/0001-27", "ultima_atualizacao": "2020-02-07T22:14:29.283Z", "status": "OK", "tipo": "MATRIZ", "logradouro": "", "numero": "", "complemento": "", "cep": "", "bairro": "", "municipio": "", "uf": "", "email": "", "telefone": "", "efr": "", "situacao_especial": "", "data_situacao_especial": "", "atividade_principal": [{"code": "00.00-0-00", "text": "********"}], "atividades_secundarias": [{"code": "00.00-0-00", "text": "N\u00e3o informada"}], "capital_social": "0.00", "qsa": [], "extra": {}, "billing": {"free": false, "database": false}}