{"atividade_principal": [{"text": "Com\u00e9rcio varejista de artigos de papelaria", "code": "47.61-0-03"}], "data_situacao": "03/11/2005", "nome": "QUALIFICADA MACAENSE COMUNICACAO VISUAL LTDA", "uf": "RJ", "telefone": "(22) 2762-0479", "atividades_secundarias": [{"text": "Fabrica\u00e7\u00e3o de letras, letreiros e placas de qualquer material, exceto luminosos", "code": "32.99-0-03"}, {"text": "Fabrica\u00e7\u00e3o de pain\u00e9is e letreiros luminosos", "code": "32.99-0-04"}, {"text": "Impress\u00e3o de material para uso publicit\u00e1rio", "code": "18.13-0-01"}, {"text": "Impress\u00e3o de material para outros usos", "code": "18.13-0-99"}], "qsa": [{"qual": "49-S\u00f3cio-Administrador", "nome": "JEAN FRANCISCO CARVALHO DA SILVA"}, {"qual": "22-S\u00f3cio", "nome": "JOAO PAULO DE CARVALHO DUTRA"}], "situacao": "ATIVA", "bairro": "VISCONDE DE ARAUJO", "logradouro": "AV FABIO FRANCO", "numero": "488", "cep": "27.943-700", "municipio": "MACAE", "porte": "EMPRESA DE PEQUENO PORTE", "abertura": "14/11/2001", "natureza_juridica": "206-2 - Sociedade Empres\u00e1ria Limitada", "fantasia": "QUALIFICADA", "cnpj": "04.837.646/0001-89", "ultima_atualizacao": "2020-02-07T22:18:28.451Z", "status": "OK", "tipo": "MATRIZ", "complemento": "", "email": "", "efr": "", "motivo_situacao": "", "situacao_especial": "", "data_situacao_especial": "", "capital_social": "0.00", "extra": {}, "billing": {"free": false, "database": false}}