{"atividade_principal": [{"text": "Atividades associativas n\u00e3o especificadas anteriormente", "code": "94.99-5-00"}], "data_situacao": "13/08/2005", "complemento": "CONJ 61/62 E 71/72 ANDAR 6 E 7", "nome": "NUCLEO DE INFORMACAO E COORDENACAO DO PONTO BR - NIC .BR", "uf": "SP", "telefone": "(11) 5509-3511", "email": "adm@nic.br", "atividades_secundarias": [{"text": "Atividades de associa\u00e7\u00f5es de defesa de direitos sociais", "code": "94.30-8-00"}, {"text": "Tratamento de dados, provedores de servi\u00e7os de aplica\u00e7\u00e3o e servi\u00e7os de hospedagem na internet", "code": "63.11-9-00"}, {"text": "Atividades de consultoria em gest\u00e3o empresarial, exceto consultoria t\u00e9cnica espec\u00edfica", "code": "70.20-4-00"}, {"text": "Treinamento em desenvolvimento profissional e gerencial", "code": "85.99-6-04"}, {"text": "Suporte t\u00e9cnico, manuten\u00e7\u00e3o e outros servi\u00e7os em tecnologia da informa\u00e7\u00e3o", "code": "62.09-1-00"}, {"text": "Pesquisas de mercado e de opini\u00e3o p\u00fablica", "code": "73.20-3-00"}], "qsa": [{"qual": "16-Presidente", "nome": "DEMI GETSCHKO"}], "situacao": "ATIVA", "bairro": "BROOKLIN NOVO", "logradouro": "AV DAS NACOES UNIDAS", "numero": "11541", "cep": "04.578-000", "municipio": "SAO PAULO", "porte": "DEMAIS", "abertura": "06/01/2003", "natureza_juridica": "399-9 - Associa\u00e7\u00e3o Privada", "fantasia": "NIC. BR", "cnpj": "05.506.560/0001-36", "ultima_atualizacao": "2020-02-07T22:17:57.619Z", "status": "OK", "tipo": "MATRIZ", "efr": "", "motivo_situacao": "", "situacao_especial": "", "data_situacao_especial": "", "capital_social": "0.00", "extra": {}, "billing": {"free": false, "database": false}}