{"atividade_principal": [{"text": "Ag\u00eancias de publicidade", "code": "73.11-4-00"}], "data_situacao": "03/11/2005", "nome": "MENEGUELLE, FLORENCIO E ALMEIDA ASSESSORIA DE COMUNICACAO LTDA", "uf": "RJ", "atividades_secundarias": [{"text": "Ag\u00eancias de not\u00edcias", "code": "63.91-7-00"}, {"text": "Cria\u00e7\u00e3o de estandes para feiras e exposi\u00e7\u00f5es", "code": "73.19-0-01"}, {"text": "Promo\u00e7\u00e3o de vendas", "code": "73.19-0-02"}, {"text": "Marketing direto", "code": "73.19-0-03"}, {"text": "Outras atividades de publicidade n\u00e3o especificadas anteriormente", "code": "73.19-0-99"}], "qsa": [{"qual": "49-S\u00f3cio-Administrador", "nome": "RODRIGO FLORENCIO MACHADO"}, {"qual": "22-S\u00f3cio", "nome": "PATRICIA DALDEGAN DE ALMEIDA MENEGUELLE"}, {"qual": "49-S\u00f3cio-Administrador", "nome": "JULIANA ALMEIDA DA SILVA"}], "situacao": "ATIVA", "bairro": "PARQUE LEOPOLDINA", "logradouro": "R ELOI ORNELAS", "numero": "331", "cep": "28.051-195", "municipio": "CAMPOS DOS GOYTACAZES", "porte": "MICRO EMPRESA", "abertura": "21/05/2004", "natureza_juridica": "206-2 - Sociedade Empres\u00e1ria Limitada", "fantasia": "IMPAR COMUNICACAO", "cnpj": "06.310.352/0001-20", "ultima_atualizacao": "2020-02-07T22:18:36.420Z", "status": "OK", "tipo": "MATRIZ", "complemento": "", "email": "", "telefone": "", "efr": "", "motivo_situacao": "", "situacao_especial": "", "data_situacao_especial": "", "capital_social": "200000.00", "extra": {}, "billing": {"free": false, "database": false}}