{"data_situacao": "22/07/2015", "motivo_situacao": "EXTINCAO P/ ENC LIQ VOLUNTARIA", "nome": "ATITUDE AGENCIA DE PUBLICIDADE LTDA", "situacao": "BAIXADA", "porte": "EMPRESA DE PEQUENO PORTE", "abertura": "28/12/2004", "natureza_juridica": "206-2 - Sociedade Empres\u00e1ria Limitada", "cnpj": "07.171.045/0001-78", "ultima_atualizacao": "2020-02-07T22:15:08.022Z", "status": "OK", "tipo": "MATRIZ", "fantasia": "", "logradouro": "", "numero": "", "complemento": "", "cep": "", "bairro": "", "municipio": "", "uf": "", "email": "", "telefone": "", "efr": "", "situacao_especial": "", "data_situacao_especial": "", "atividade_principal": [{"code": "00.00-0-00", "text": "********"}], "atividades_secundarias": [{"code": "00.00-0-00", "text": "N\u00e3o informada"}], "capital_social": "0.00", "qsa": [], "extra": {}, "billing": {"free": false, "database": false}}