{"atividade_principal": [{"text": "Fornecimento de alimentos preparados preponderantemente para empresas", "code": "56.20-1-01"}], "data_situacao": "16/02/2005", "complemento": "SALA: 302;", "nome": "ALIMINAS REFEICOES COLETIVAS LTDA", "uf": "RJ", "telefone": "(22) 2759-0823", "email": "legalizacao@gomesassessoriacontabil.com.br", "atividades_secundarias": [{"text": "Restaurantes e similares", "code": "56.11-2-01"}, {"text": "Servi\u00e7os de alimenta\u00e7\u00e3o para eventos e recep\u00e7\u00f5es - buf\u00ea", "code": "56.20-1-02"}, {"text": "Cantinas - servi\u00e7os de alimenta\u00e7\u00e3o privativos", "code": "56.20-1-03"}, {"text": "Fornecimento de alimentos preparados preponderantemente para consumo domiciliar", "code": "56.20-1-04"}, {"text": "Limpeza em pr\u00e9dios e em domic\u00edlios", "code": "81.21-4-00"}], "qsa": [{"qual": "49-S\u00f3cio-Administrador", "nome": "ANDRE LIMA RUIZ"}, {"qual": "22-S\u00f3cio", "nome": "REJANE MARCELINO DE OLIVEIRA"}], "situacao": "ATIVA", "bairro": "CENTRO", "logradouro": "R DOUTOR TELIO BARRETO", "numero": "482", "cep": "27.910-060", "municipio": "MACAE", "porte": "EMPRESA DE PEQUENO PORTE", "abertura": "16/02/2005", "natureza_juridica": "206-2 - Sociedade Empres\u00e1ria Limitada", "fantasia": "ALIMINAS", "cnpj": "07.224.303/0001-37", "ultima_atualizacao": "2020-02-07T22:17:09.700Z", "status": "OK", "tipo": "MATRIZ", "efr": "", "motivo_situacao": "", "situacao_especial": "", "data_situacao_especial": "", "capital_social": "0.00", "extra": {}, "billing": {"free": false, "database": false}}