{"atividade_principal": [{"text": "Edi\u00e7\u00e3o integrada \u00e0 impress\u00e3o de cadastros, listas e de outros produtos gr\u00e1ficos", "code": "58.29-8-00"}], "data_situacao": "29/10/2018", "nome": "EXPRESSO REGIONAL EDITORA & REVISTA EIRELI", "uf": "RJ", "telefone": "(22) 2722-9583", "atividades_secundarias": [{"text": "Fabrica\u00e7\u00e3o de produtos de papel, cartolina, papel cart\u00e3o e papel\u00e3o ondulado para uso comercial e de escrit\u00f3rio, exceto formul\u00e1rio cont\u00ednuo", "code": "17.41-9-02"}, {"text": "Edi\u00e7\u00e3o de cadastros, listas e de outros produtos gr\u00e1ficos", "code": "58.19-1-00"}], "qsa": [{"qual": "65-Titular Pessoa F\u00edsica Residente ou Domiciliado no Brasil", "nome": "ANDRE LUIZ DO AMARAL CABRAL"}], "situacao": "ATIVA", "bairro": "PARQUE TURF CLUB", "logradouro": "AV DOUTOR GILBERTO CARDOSO", "numero": "299", "cep": "28.015-140", "municipio": "CAMPOS DOS GOYTACAZES", "porte": "MICRO EMPRESA", "abertura": "05/04/2005", "natureza_juridica": "230-5 - Empresa Individual de Responsabilidade Limitada (de Natureza Empres\u00e1ria)", "fantasia": "EXPRESSO REGIONAL", "cnpj": "07.338.963/0001-49", "ultima_atualizacao": "2020-02-07T22:17:51.008Z", "status": "OK", "tipo": "MATRIZ", "complemento": "", "email": "", "efr": "", "motivo_situacao": "", "situacao_especial": "", "data_situacao_especial": "", "capital_social": "99000.00", "extra": {}, "billing": {"free": false, "database": false}}