{"atividade_principal": [{"text": "Hot\u00e9is", "code": "55.10-8-01"}], "data_situacao": "10/01/2006", "complemento": "PARTE", "nome": "R P A BESADA POUSADA", "uf": "RJ", "telefone": "(22) 2762-0022/ (22) 9851-7503", "email": "contadorallanmiranda@globo.com", "qsa": [], "situacao": "ATIVA", "bairro": "VISCONDE DE ARAUJO", "logradouro": "R DARCILIO POSSATI", "numero": "162", "cep": "27.943-110", "municipio": "MACAE", "porte": "EMPRESA DE PEQUENO PORTE", "abertura": "10/01/2006", "natureza_juridica": "213-5 - Empres\u00e1rio (Individual)", "cnpj": "07.864.542/0001-51", "ultima_atualizacao": "2020-02-07T22:12:44.526Z", "status": "OK", "tipo": "MATRIZ", "fantasia": "", "efr": "", "motivo_situacao": "", "situacao_especial": "", "data_situacao_especial": "", "atividades_secundarias": [{"code": "00.00-0-00", "text": "N\u00e3o informada"}], "capital_social": "10000.00", "extra": {}, "billing": {"free": false, "database": false}}