{"atividade_principal": [{"text": "Com\u00e9rcio varejista de materiais de constru\u00e7\u00e3o em geral", "code": "47.44-0-99"}], "data_situacao": "21/02/2006", "nome": "ATACADAO 1000 MATERIAIS DE CONSTRUCAO E TRANSPORTE DE CARGAS LTDA", "uf": "RJ", "telefone": "(22) 2764-1942", "email": "camacho@ostras.net", "atividades_secundarias": [{"text": "Com\u00e9rcio varejista de material el\u00e9trico", "code": "47.42-3-00"}, {"text": "Com\u00e9rcio varejista de materiais hidr\u00e1ulicos", "code": "47.44-0-03"}, {"text": "Com\u00e9rcio varejista de tintas e materiais para pintura", "code": "47.41-5-00"}, {"text": "Com\u00e9rcio varejista de ferragens e ferramentas", "code": "47.44-0-01"}, {"text": "Com\u00e9rcio varejista de cal, areia, pedra britada, tijolos e telhas", "code": "47.44-0-04"}, {"text": "Transporte rodovi\u00e1rio de carga, exceto produtos perigosos e mudan\u00e7as, municipal", "code": "49.30-2-01"}, {"text": "Transporte rodovi\u00e1rio de carga, exceto produtos perigosos e mudan\u00e7as, intermunicipal, interestadual e internacional", "code": "49.30-2-02"}], "qsa": [{"qual": "49-S\u00f3cio-Administrador", "nome": "LUCIANO RIOS CORTES"}, {"qual": "22-S\u00f3cio", "nome": "VITALINO DA SILVA AZEVEDO"}], "situacao": "ATIVA", "bairro": "JARDIM MARILEA", "logradouro": "AV JANE MARIA MARTINS FIGUEIRA", "numero": "1145", "cep": "28.890-001", "municipio": "RIO DAS OSTRAS", "porte": "EMPRESA DE PEQUENO PORTE", "abertura": "21/02/2006", "natureza_juridica": "206-2 - Sociedade Empres\u00e1ria Limitada", "cnpj": "07.924.683/0001-12", "ultima_atualizacao": "2020-02-07T22:15:24.790Z", "status": "OK", "tipo": "MATRIZ", "fantasia": "", "complemento": "", "efr": "", "motivo_situacao": "", "situacao_especial": "", "data_situacao_especial": "", "capital_social": "15000.00", "extra": {}, "billing": {"free": false, "database": false}}