{"atividade_principal": [{"text": "Fornecimento de alimentos preparados preponderantemente para empresas", "code": "56.20-1-01"}], "data_situacao": "18/09/2019", "complemento": "CASA 30 COND AREA C V MARILEA III", "nome": "BIANCA CURCI EVENTOS & GOURMET LTDA", "uf": "RJ", "telefone": "(22) 2760-6109", "atividades_secundarias": [{"text": "Com\u00e9rcio varejista de brinquedos e artigos recreativos", "code": "47.63-6-01"}, {"text": "Servi\u00e7os de alimenta\u00e7\u00e3o para eventos e recep\u00e7\u00f5es - buf\u00ea", "code": "56.20-1-02"}, {"text": "Fornecimento de alimentos preparados preponderantemente para consumo domiciliar", "code": "56.20-1-04"}, {"text": "Aluguel de equipamentos recreativos e esportivos", "code": "77.21-7-00"}, {"text": "Aluguel de palcos, coberturas e outras estruturas de uso tempor\u00e1rio, exceto andaimes", "code": "77.39-0-03"}], "qsa": [{"qual": "49-S\u00f3cio-Administrador", "nome": "BIANCA BRAZ CURCI ALVES PEREIRA"}, {"qual": "49-S\u00f3cio-Administrador", "nome": "WILSON ALVES PEREIRA"}], "situacao": "ATIVA", "bairro": "JARDIM MARILEA", "logradouro": "R NITEROI", "numero": "2105", "cep": "28.895-886", "municipio": "RIO DAS OSTRAS", "porte": "MICRO EMPRESA", "abertura": "07/04/2006", "natureza_juridica": "206-2 - Sociedade Empres\u00e1ria Limitada", "fantasia": "CICA E BIANCA DIVERSOES E BRINQUEDOS INFLAVEIS", "cnpj": "07.944.170/0001-73", "ultima_atualizacao": "2020-02-07T22:15:33.850Z", "status": "OK", "tipo": "MATRIZ", "email": "", "efr": "", "motivo_situacao": "", "situacao_especial": "", "data_situacao_especial": "", "capital_social": "100000.00", "extra": {}, "billing": {"free": false, "database": false}}