{"atividade_principal": [{"text": "Impress\u00e3o de jornais", "code": "18.11-3-01"}], "data_situacao": "02/01/2008", "nome": "E L MIDIA EDITORA EIRELI -", "uf": "RJ", "telefone": "(22) 2762-9510", "email": "henrique@eccastilhos.com.br", "atividades_secundarias": [{"text": "Impress\u00e3o de livros, revistas e outras publica\u00e7\u00f5es peri\u00f3dicas", "code": "18.11-3-02"}, {"text": "Edi\u00e7\u00e3o de jornais di\u00e1rios", "code": "58.12-3-01"}, {"text": "Edi\u00e7\u00e3o de revistas", "code": "58.13-1-00"}], "qsa": [{"qual": "65-Titular Pessoa F\u00edsica Residente ou Domiciliado no Brasil", "nome": "JOAO ABREU AGUIAR PAULA"}], "situacao": "ATIVA", "bairro": "SAO JOSE DO BARRETO", "logradouro": "AV PROFESSORA ARLETE RIBEIRO JOSE", "numero": "S/N", "cep": "27.965-075", "municipio": "MACAE", "porte": "EMPRESA DE PEQUENO PORTE", "abertura": "02/01/2008", "natureza_juridica": "230-5 - Empresa Individual de Responsabilidade Limitada (de Natureza Empres\u00e1ria)", "fantasia": "DIARIO DA COSTA DO SOL", "cnpj": "09.298.880/0001-07", "ultima_atualizacao": "2020-02-07T22:16:35.365Z", "status": "OK", "tipo": "MATRIZ", "complemento": "", "efr": "", "motivo_situacao": "", "situacao_especial": "", "data_situacao_especial": "", "capital_social": "250000.00", "extra": {}, "billing": {"free": false, "database": false}}