{"atividade_principal": [{"text": "Servi\u00e7os de acabamentos gr\u00e1ficos, exceto encaderna\u00e7\u00e3o e plastifica\u00e7\u00e3o", "code": "18.22-9-99"}], "data_situacao": "25/03/2008", "nome": "P. R. VIANA JUNIOR ARTS GRAFICAS", "uf": "RJ", "telefone": "(22) 2762-7228/ (22) 2759-3171", "email": "jmartesgrafica@gmail.com", "atividades_secundarias": [{"text": "Servi\u00e7os de encaderna\u00e7\u00e3o e plastifica\u00e7\u00e3o", "code": "18.22-9-01"}, {"text": "Fabrica\u00e7\u00e3o de letras, letreiros e placas de qualquer material, exceto luminosos", "code": "32.99-0-03"}, {"text": "Impress\u00e3o de material para uso publicit\u00e1rio", "code": "18.13-0-01"}, {"text": "Impress\u00e3o de material para outros usos", "code": "18.13-0-99"}, {"text": "Com\u00e9rcio varejista de artigos de papelaria", "code": "47.61-0-03"}], "qsa": [], "situacao": "ATIVA", "bairro": "VISCONDE DE ARAUJO", "logradouro": "R PREFEITO MILNE RIBEIRO", "numero": "357", "cep": "27.943-120", "municipio": "MACAE", "porte": "MICRO EMPRESA", "abertura": "25/03/2008", "natureza_juridica": "213-5 - Empres\u00e1rio (Individual)", "fantasia": "J. M. ARTS GRAFICA", "cnpj": "09.517.570/0001-28", "ultima_atualizacao": "2020-02-07T22:14:10.828Z", "status": "OK", "tipo": "MATRIZ", "complemento": "", "efr": "", "motivo_situacao": "", "situacao_especial": "", "data_situacao_especial": "", "capital_social": "40000.00", "extra": {}, "billing": {"free": false, "database": false}}