{"data_situacao": "28/03/2019", "motivo_situacao": "OMISSAO DE DECLARACOES", "nome": "L J S FIGUEIREDO - PRODUCOES ARTISTICAS", "telefone": "(22) 2764-2151/ (22) 2764-2151", "qsa": [], "situacao": "INAPTA", "porte": "MICRO EMPRESA", "abertura": "04/07/2008", "natureza_juridica": "213-5 - Empres\u00e1rio (Individual)", "fantasia": "H. D. PRODUCOES", "cnpj": "09.912.034/0001-27", "ultima_atualizacao": "2020-02-07T22:15:53.945Z", "status": "OK", "tipo": "MATRIZ", "logradouro": "", "numero": "", "complemento": "", "cep": "", "bairro": "", "municipio": "", "uf": "", "email": "", "efr": "", "situacao_especial": "", "data_situacao_especial": "", "atividade_principal": [{"code": "00.00-0-00", "text": "********"}], "atividades_secundarias": [{"code": "00.00-0-00", "text": "N\u00e3o informada"}], "capital_social": "300000.00", "extra": {}, "billing": {"free": false, "database": false}}