{"data_situacao": "06/03/2015", "motivo_situacao": "EXTINCAO P/ ENC LIQ VOLUNTARIA", "nome": "DAMIAN & MIRANDA ADVOGADOS ASSOCIADOS", "telefone": "(21) 3627-8000", "situacao": "BAIXADA", "porte": "DEMAIS", "abertura": "22/08/2008", "natureza_juridica": "223-2 - Sociedade Simples Pura", "cnpj": "10.306.193/0001-67", "ultima_atualizacao": "2020-02-07T22:16:01.201Z", "status": "OK", "tipo": "MATRIZ", "fantasia": "", "logradouro": "", "numero": "", "complemento": "", "cep": "", "bairro": "", "municipio": "", "uf": "", "email": "", "efr": "", "situacao_especial": "", "data_situacao_especial": "", "atividade_principal": [{"code": "00.00-0-00", "text": "********"}], "atividades_secundarias": [{"code": "00.00-0-00", "text": "N\u00e3o informada"}], "capital_social": "0.00", "qsa": [], "extra": {}, "billing": {"free": false, "database": false}}