{"atividade_principal": [{"text": "Impress\u00e3o de material para outros usos", "code": "18.13-0-99"}], "data_situacao": "12/09/2008", "complemento": "PARTE", "nome": "ETHI S GRAPHIC GRAFICA E EDITORA EIRELI", "uf": "RJ", "telefone": "(21) 2594-8167", "atividades_secundarias": [{"text": "Com\u00e9rcio atacadista de artigos de escrit\u00f3rio e de papelaria", "code": "46.47-8-01"}, {"text": "Com\u00e9rcio atacadista de equipamentos de inform\u00e1tica", "code": "46.51-6-01"}, {"text": "Com\u00e9rcio atacadista de equipamentos el\u00e9tricos de uso pessoal e dom\u00e9stico", "code": "46.49-4-01"}, {"text": "Com\u00e9rcio atacadista de materiais de constru\u00e7\u00e3o em geral", "code": "46.79-6-99"}, {"text": "Com\u00e9rcio atacadista de produtos de higiene, limpeza e conserva\u00e7\u00e3o domiciliar", "code": "46.49-4-08"}, {"text": "Com\u00e9rcio atacadista de suprimentos para inform\u00e1tica", "code": "46.51-6-02"}, {"text": "Edi\u00e7\u00e3o de cadastros, listas e de outros produtos gr\u00e1ficos", "code": "58.19-1-00"}, {"text": "Edi\u00e7\u00e3o de livros", "code": "58.11-5-00"}, {"text": "Edi\u00e7\u00e3o integrada \u00e0 impress\u00e3o de cadastros, listas e de outros produtos gr\u00e1ficos", "code": "58.29-8-00"}, {"text": "Edi\u00e7\u00e3o integrada \u00e0 impress\u00e3o de livros", "code": "58.21-2-00"}, {"text": "Fabrica\u00e7\u00e3o de produtos de papel, cartolina, papel cart\u00e3o e papel\u00e3o ondulado para uso comercial e de escrit\u00f3rio, exceto formul\u00e1rio cont\u00ednuo", "code": "17.41-9-02"}, {"text": "Impress\u00e3o de material para uso publicit\u00e1rio", "code": "18.13-0-01"}, {"text": "Instala\u00e7\u00e3o e manuten\u00e7\u00e3o de sistemas centrais de ar condicionado, de ventila\u00e7\u00e3o e refrigera\u00e7\u00e3o", "code": "43.22-3-02"}, {"text": "Obras de acabamento em gesso e estuque", "code": "43.30-4-03"}, {"text": "Servi\u00e7os de manuten\u00e7\u00e3o e repara\u00e7\u00e3o mec\u00e2nica de ve\u00edculos automotores", "code": "45.20-0-01"}], "qsa": [{"qual": "65-Titular Pessoa F\u00edsica Residente ou Domiciliado no Brasil", "nome": "GLORIA GONCALVES TEIXEIRA"}], "situacao": "ATIVA", "bairro": "PIEDADE", "logradouro": "R GOIAS", "numero": "618", "cep": "20.756-121", "municipio": "RIO DE JANEIRO", "porte": "EMPRESA DE PEQUENO PORTE", "abertura": "12/09/2008", "natureza_juridica": "230-5 - Empresa Individual de Responsabilidade Limitada (de Natureza Empres\u00e1ria)", "cnpj": "10.417.882/0001-49", "ultima_atualizacao": "2020-02-07T22:16:43.139Z", "status": "OK", "tipo": "MATRIZ", "fantasia": "", "email": "", "efr": "", "motivo_situacao": "", "situacao_especial": "", "data_situacao_especial": "", "capital_social": "94000.00", "extra": {}, "billing": {"free": false, "database": false}}