{"atividade_principal": [{"text": "Impress\u00e3o de material para uso publicit\u00e1rio", "code": "18.13-0-01"}], "data_situacao": "08/04/2009", "complemento": "CASA", "nome": "NM PECANHA FILHO IMPRESSAO DIGITAL", "uf": "RJ", "telefone": "(22) 2764-6455", "atividades_secundarias": [{"text": "Agenciamento de espa\u00e7os para publicidade, exceto em ve\u00edculos de comunica\u00e7\u00e3o", "code": "73.12-2-00"}, {"text": "Impress\u00e3o de material para outros usos", "code": "18.13-0-99"}, {"text": "Servi\u00e7os de pr\u00e9-impress\u00e3o", "code": "18.21-1-00"}, {"text": "Servi\u00e7os de acabamentos gr\u00e1ficos, exceto encaderna\u00e7\u00e3o e plastifica\u00e7\u00e3o", "code": "18.22-9-99"}, {"text": "Atividades de sonoriza\u00e7\u00e3o e de ilumina\u00e7\u00e3o", "code": "90.01-9-06"}], "qsa": [], "situacao": "ATIVA", "bairro": "JARDIM MARILEIA", "logradouro": "R MIRACEMA", "numero": "28", "cep": "28.890-001", "municipio": "RIO DAS OSTRAS", "porte": "EMPRESA DE PEQUENO PORTE", "abertura": "08/04/2009", "natureza_juridica": "213-5 - Empres\u00e1rio (Individual)", "fantasia": "IMAX - MIDIA EXTERIOR", "cnpj": "10.753.623/0001-99", "ultima_atualizacao": "2020-02-07T22:14:20.877Z", "status": "OK", "tipo": "MATRIZ", "email": "", "efr": "", "motivo_situacao": "", "situacao_especial": "", "data_situacao_especial": "", "capital_social": "150000.00", "extra": {}, "billing": {"free": false, "database": false}}