{"atividade_principal": [{"text": "Pesquisas de mercado e de opini\u00e3o p\u00fablica", "code": "73.20-3-00"}], "data_situacao": "11/05/2009", "complemento": "BLOCO II SALA 201", "nome": "INSTITUTO INFORMA - PESQUISA DE OPINIAO PUBLICA LTDA", "uf": "RJ", "telefone": "(21) 2268-3681/ (21) 2238-9348", "email": "wcasti@globo.com", "atividades_secundarias": [{"text": "Marketing direto", "code": "73.19-0-03"}, {"text": "Consultoria em tecnologia da informa\u00e7\u00e3o", "code": "62.04-0-00"}, {"text": "Atividades de consultoria em gest\u00e3o empresarial, exceto consultoria t\u00e9cnica espec\u00edfica", "code": "70.20-4-00"}, {"text": "Edi\u00e7\u00e3o integrada \u00e0 impress\u00e3o de revistas", "code": "58.23-9-00"}], "qsa": [{"qual": "49-S\u00f3cio-Administrador", "nome": "FABIO DA SILVA GOMES"}, {"qual": "22-S\u00f3cio", "nome": "FERNANDA LUCIA MARTINS SILVA GOMES"}], "situacao": "ATIVA", "bairro": "BOTAFOGO", "logradouro": "PR DE BOTAFOGO", "numero": "501", "cep": "22.250-040", "municipio": "RIO DE JANEIRO", "porte": "DEMAIS", "abertura": "11/05/2009", "natureza_juridica": "206-2 - Sociedade Empres\u00e1ria Limitada", "fantasia": "INSTITUTO INFORMA", "cnpj": "10.848.432/0001-00", "ultima_atualizacao": "2020-02-07T22:13:45.594Z", "status": "OK", "tipo": "MATRIZ", "efr": "", "motivo_situacao": "", "situacao_especial": "", "data_situacao_especial": "", "capital_social": "300000.00", "extra": {}, "billing": {"free": false, "database": false}}