{"atividade_principal": [{"text": "Impress\u00e3o de material para outros usos", "code": "18.13-0-99"}], "data_situacao": "18/09/2009", "complemento": "LOJA 01", "nome": "GRAFICA LITORAL DE MACAE LTDA", "uf": "RJ", "telefone": "(22) 2762-0560/ (22) 8118-7815", "email": "graficalitoralmacae@gmail.com", "qsa": [{"qual": "49-S\u00f3cio-Administrador", "nome": "RAFAEL BASILIO SILVA"}, {"qual": "49-S\u00f3cio-Administrador", "nome": "AMANDA APARECIDA REGO DE BARROS"}], "situacao": "ATIVA", "bairro": "SOL Y MAR", "logradouro": "R MARFIM", "numero": "57", "cep": "27.940-225", "municipio": "MACAE", "porte": "MICRO EMPRESA", "abertura": "18/09/2009", "natureza_juridica": "206-2 - Sociedade Empres\u00e1ria Limitada", "fantasia": "GRAFICA LITORAL", "cnpj": "11.156.696/0001-66", "ultima_atualizacao": "2020-02-07T22:18:45.793Z", "status": "OK", "tipo": "MATRIZ", "efr": "", "motivo_situacao": "", "situacao_especial": "", "data_situacao_especial": "", "atividades_secundarias": [{"code": "00.00-0-00", "text": "N\u00e3o informada"}], "capital_social": "200000.00", "extra": {}, "billing": {"free": false, "database": false}}