{"atividade_principal": [{"text": "Loca\u00e7\u00e3o de autom\u00f3veis sem condutor", "code": "77.11-0-00"}], "data_situacao": "06/07/2010", "complemento": "PARTE", "nome": "AA TERRA LOCACOES", "uf": "RJ", "telefone": "(22) 2762-7799", "atividades_secundarias": [{"text": "Servi\u00e7os de manuten\u00e7\u00e3o e repara\u00e7\u00e3o mec\u00e2nica de ve\u00edculos automotores", "code": "45.20-0-01"}, {"text": "Com\u00e9rcio a varejo de pe\u00e7as e acess\u00f3rios novos para ve\u00edculos automotores", "code": "45.30-7-03"}, {"text": "Com\u00e9rcio a varejo de pe\u00e7as e acess\u00f3rios usados para ve\u00edculos automotores", "code": "45.30-7-04"}, {"text": "Com\u00e9rcio a varejo de pneum\u00e1ticos e c\u00e2maras-de-ar", "code": "45.30-7-05"}, {"text": "Transporte escolar", "code": "49.24-8-00"}, {"text": "Transporte rodovi\u00e1rio coletivo de passageiros, sob regime de fretamento, municipal", "code": "49.29-9-01"}, {"text": "Transporte rodovi\u00e1rio coletivo de passageiros, sob regime de fretamento, intermunicipal, interestadual e internacional", "code": "49.29-9-02"}, {"text": "Organiza\u00e7\u00e3o de excurs\u00f5es em ve\u00edculos rodovi\u00e1rios pr\u00f3prios, intermunicipal, interestadual e internacional", "code": "49.29-9-04"}, {"text": "Outros transportes rodovi\u00e1rios de passageiros n\u00e3o especificados anteriormente", "code": "49.29-9-99"}, {"text": "Transporte rodovi\u00e1rio de carga, exceto produtos perigosos e mudan\u00e7as, municipal", "code": "49.30-2-01"}, {"text": "Transporte rodovi\u00e1rio de carga, exceto produtos perigosos e mudan\u00e7as, intermunicipal, interestadual e internacional", "code": "49.30-2-02"}, {"text": "Transporte mar\u00edtimo de cabotagem - passageiros", "code": "50.11-4-02"}, {"text": "Transporte mar\u00edtimo de longo curso - Passageiros", "code": "50.12-2-02"}, {"text": "Transporte aquavi\u00e1rio para passeios tur\u00edsticos", "code": "50.99-8-01"}, {"text": "Servi\u00e7os de reboque de ve\u00edculos", "code": "52.29-0-02"}, {"text": "Aluguel de m\u00e1quinas e equipamentos agr\u00edcolas sem operador", "code": "77.31-4-00"}, {"text": "Ag\u00eancias de viagens", "code": "79.11-2-00"}, {"text": "Operadores tur\u00edsticos", "code": "79.12-1-00"}, {"text": "Servi\u00e7os de reservas e outros servi\u00e7os de turismo n\u00e3o especificados anteriormente", "code": "79.90-2-00"}], "qsa": [], "situacao": "ATIVA", "bairro": "MIRAMAR", "logradouro": "R JOSE DOMINGUES", "numero": "22", "cep": "27.943-530", "municipio": "MACAE", "porte": "DEMAIS", "abertura": "06/07/2010", "natureza_juridica": "213-5 - Empres\u00e1rio (Individual)", "fantasia": "WINGS", "cnpj": "14.160.619/0001-78", "ultima_atualizacao": "2020-02-07T22:16:58.086Z", "status": "OK", "tipo": "MATRIZ", "email": "", "efr": "", "motivo_situacao": "", "situacao_especial": "", "data_situacao_especial": "", "capital_social": "350000.00", "extra": {}, "billing": {"free": false, "database": false}}