{"atividade_principal": [{"text": "Com\u00e9rcio varejista de combust\u00edveis para ve\u00edculos automotores", "code": "47.31-8-00"}], "data_situacao": "22/05/2004", "nome": "POSTO CANCELA SERVICOS E COMERCIO LTDA", "uf": "RJ", "telefone": "(22) 2773-4472", "atividades_secundarias": [{"text": "Com\u00e9rcio varejista de lubrificantes", "code": "47.32-6-00"}, {"text": "Lanchonetes, casas de ch\u00e1, de sucos e similares", "code": "56.11-2-03"}, {"text": "Compra e venda de im\u00f3veis pr\u00f3prios", "code": "68.10-2-01"}, {"text": "Aluguel de im\u00f3veis pr\u00f3prios", "code": "68.10-2-02"}], "qsa": [{"qual": "49-S\u00f3cio-Administrador", "nome": "EVANDRO COSTA ATHAYDE"}, {"qual": "49-S\u00f3cio-Administrador", "nome": "MARIA TERESA MENDES ATHAYDE"}, {"qual": "49-S\u00f3cio-Administrador", "nome": "MARIANNA MENDES ATHAYDE"}, {"qual": "49-S\u00f3cio-Administrador", "nome": "ARTHUR MENDES ATHAYDE"}, {"qual": "49-S\u00f3cio-Administrador", "nome": "GABRIEL MENDES ATHAYDE"}], "situacao": "ATIVA", "bairro": "RIVIERA FLUMINENSE", "logradouro": "EST DA CANCELA PRETA", "numero": "60", "cep": "27.937-050", "municipio": "MACAE", "porte": "DEMAIS", "abertura": "20/06/1983", "natureza_juridica": "206-2 - Sociedade Empres\u00e1ria Limitada", "fantasia": "POSTO CANCELA", "cnpj": "28.284.941/0001-13", "ultima_atualizacao": "2020-02-07T20:39:48.120Z", "status": "OK", "tipo": "MATRIZ", "complemento": "", "email": "", "efr": "", "motivo_situacao": "", "situacao_especial": "", "data_situacao_especial": "", "capital_social": "300000.00", "extra": {}, "billing": {"free": false, "database": true}}