{"atividade_principal": [{"text": "Impress\u00e3o de livros, revistas e outras publica\u00e7\u00f5es peri\u00f3dicas", "code": "18.11-3-02"}], "data_situacao": "03/11/2005", "nome": "EJORAN - EDITORA DE JORNAIS, REVISTAS E AGENCIAS DE NOTICIAS EIRELI", "uf": "RJ", "telefone": "(024) 2772-6060", "email": "comercial@odebateon.com.br", "atividades_secundarias": [{"text": "Impress\u00e3o de jornais", "code": "18.11-3-01"}], "qsa": [{"qual": "49-S\u00f3cio-Administrador", "nome": "OSCAR PIRES"}], "situacao": "ATIVA", "bairro": "CENTRO", "logradouro": "R BENEDITO PEIXOTO", "numero": "90", "cep": "27.916-040", "municipio": "MACAE", "porte": "EMPRESA DE PEQUENO PORTE", "abertura": "24/11/1977", "natureza_juridica": "230-5 - Empresa Individual de Responsabilidade Limitada (de Natureza Empres\u00e1ria)", "fantasia": "O DEBATE", "cnpj": "29.699.626/0001-10", "ultima_atualizacao": "2020-02-07T22:13:07.525Z", "status": "OK", "tipo": "MATRIZ", "complemento": "", "efr": "", "motivo_situacao": "", "situacao_especial": "", "data_situacao_especial": "", "capital_social": "500000.00", "extra": {}, "billing": {"free": false, "database": false}}