{"atividade_principal": [{"text": "Aluguel de im\u00f3veis pr\u00f3prios", "code": "68.10-2-02"}], "data_situacao": "02/04/2004", "complemento": "PARTE", "nome": "ARLEY A. CARVALHO E FILHO LTDA", "uf": "RJ", "telefone": "(22) 2772-1125", "email": "arleycarvalho@uol.com.br", "atividades_secundarias": [{"text": "Obras de terraplenagem", "code": "43.13-4-00"}, {"text": "Compra e venda de im\u00f3veis pr\u00f3prios", "code": "68.10-2-01"}, {"text": "Loteamento de im\u00f3veis pr\u00f3prios", "code": "68.10-2-03"}, {"text": "Aluguel de m\u00e1quinas e equipamentos para constru\u00e7\u00e3o sem operador, exceto andaimes", "code": "77.32-2-01"}], "qsa": [{"qual": "49-S\u00f3cio-Administrador", "nome": "ARLEY AMARAL DE CARVALHO"}, {"qual": "49-S\u00f3cio-Administrador", "nome": "VANDER JOSE DE CARVALHO"}], "situacao": "ATIVA", "bairro": "CAJUEIROS", "logradouro": "AV RUI BARBOSA", "numero": "1600", "cep": "27.915-012", "municipio": "MACAE", "porte": "DEMAIS", "abertura": "26/05/1967", "natureza_juridica": "206-2 - Sociedade Empres\u00e1ria Limitada", "fantasia": "CONSTAAC- CONSTRUCOES E TERRAPLANAGENS.", "cnpj": "29.690.153/0001-90", "ultima_atualizacao": "2020-02-07T22:12:59.183Z", "status": "OK", "tipo": "MATRIZ", "efr": "", "motivo_situacao": "", "situacao_especial": "", "data_situacao_especial": "", "capital_social": "1335953.00", "extra": {}, "billing": {"free": false, "database": false}}