{"atividade_principal": [{"text": "Com\u00e9rcio atacadista de produtos sider\u00fargicos e metal\u00fargicos, exceto para constru\u00e7\u00e3o", "code": "46.85-1-00"}], "data_situacao": "03/11/2005", "nome": "GON PETRO COMERCIAL LTDA.", "uf": "RJ", "telefone": "(22) 2773-5555/ (22) 2772-3750", "email": "contabil@gonpetro.com.br", "atividades_secundarias": [{"text": "Com\u00e9rcio atacadista de outras m\u00e1quinas e equipamentos n\u00e3o especificados anteriormente; partes e pe\u00e7as", "code": "46.69-9-99"}, {"text": "Com\u00e9rcio atacadista de ferragens e ferramentas", "code": "46.72-9-00"}, {"text": "Com\u00e9rcio atacadista de M\u00e1quinas e equipamentos para uso industrial; partes e pe\u00e7as", "code": "46.63-0-00"}], "qsa": [{"qual": "49-S\u00f3cio-Administrador", "nome": "JOAO ELIAS GON"}, {"qual": "49-S\u00f3cio-Administrador", "nome": "BERNARDO BASTOS GON"}], "situacao": "ATIVA", "bairro": "NOVO CAVALEIRO", "logradouro": "AV PREFEITO ARISTEU FERREIRA DA SILVA", "numero": "1270", "cep": "27.930-070", "municipio": "MACAE", "porte": "DEMAIS", "abertura": "23/08/1988", "natureza_juridica": "206-2 - Sociedade Empres\u00e1ria Limitada", "fantasia": "GONPETRO", "cnpj": "32.150.187/0001-04", "ultima_atualizacao": "2020-02-07T21:55:12.431Z", "status": "OK", "tipo": "MATRIZ", "complemento": "", "efr": "", "motivo_situacao": "", "situacao_especial": "", "data_situacao_especial": "", "capital_social": "12494960.00", "extra": {}, "billing": {"free": false, "database": true}}