{"atividade_principal": [{"text": "Distribui\u00e7\u00e3o de energia el\u00e9trica", "code": "35.14-0-00"}], "data_situacao": "03/11/2005", "nome": "AMPLA ENERGIA E SERVICOS S.A.", "uf": "RJ", "telefone": "(21) 2716-1620", "email": "fiscpro@enel.com", "qsa": [{"qual": "10-Diretor", "nome": "JANAINA SAVINO VILELLA CARRO"}, {"qual": "10-Diretor", "nome": "FERNANDO ANDRADE"}, {"qual": "10-Diretor", "nome": "JOSE NUNES DE ALMEIDA NETO"}, {"qual": "10-Diretor", "nome": "MARGOT FROTA COHN PIRES"}, {"qual": "10-Diretor", "nome": "MARCIA SANDRA ROQUE VIEIRA SILVA"}, {"qual": "10-Diretor", "nome": "RAFFAELE ENRICO GRANDI"}, {"qual": "10-Diretor", "nome": "CRISTINE DE MAGALHAES MARCONDES"}, {"qual": "10-Diretor", "nome": "ARTUR MANUEL TAVARES RESENDE"}, {"qual": "10-Diretor", "nome": "ANNA PAULA HIOTTE PACHECO"}], "situacao": "ATIVA", "bairro": "SAO DOMINGOS", "logradouro": "PC LEONI RAMOS", "numero": "1", "cep": "24.210-200", "municipio": "NITEROI", "porte": "DEMAIS", "abertura": "01/08/1966", "natureza_juridica": "204-6 - Sociedade An\u00f4nima Aberta", "fantasia": "ENEL DISTRIBUICAO RIO", "cnpj": "33.050.071/0001-58", "ultima_atualizacao": "2020-02-07T22:13:37.414Z", "status": "OK", "tipo": "MATRIZ", "complemento": "", "efr": "", "motivo_situacao": "", "situacao_especial": "", "data_situacao_especial": "", "atividades_secundarias": [{"code": "00.00-0-00", "text": "N\u00e3o informada"}], "capital_social": "2498230386.65", "extra": {}, "billing": {"free": false, "database": false}}