{"atividade_principal": [{"text": "Capta\u00e7\u00e3o, tratamento e distribui\u00e7\u00e3o de \u00e1gua", "code": "36.00-6-01"}], "data_situacao": "03/11/2005", "complemento": "EDIF", "nome": "COMPANHIA ESTADUAL DE AGUAS E ESGOTOS CEDAE", "uf": "RJ", "telefone": "(21) 2332-3660", "qsa": [{"qual": "16-Presidente", "nome": "HELIO CABRAL MOREIRA"}, {"qual": "10-Diretor", "nome": "JOSE BANDEIRA DE MELLO JUNIOR"}, {"qual": "10-Diretor", "nome": "CARLOS HENRIQUE COELHO BRAZ"}, {"qual": "10-Diretor", "nome": "JOSE SABA FILHO"}, {"qual": "10-Diretor", "nome": "ALEXANDRE BIANCHINI ANTONIO"}, {"qual": "10-Diretor", "nome": "JOSE PINHEIRO FILHO"}], "situacao": "ATIVA", "bairro": "CIDADE NOVA", "logradouro": "AV PRESIDENTE VARGAS", "numero": "2655", "cep": "20.210-030", "municipio": "RIO DE JANEIRO", "porte": "DEMAIS", "abertura": "11/08/1971", "natureza_juridica": "203-8 - Sociedade de Economia Mista", "cnpj": "33.352.394/0001-04", "ultima_atualizacao": "2020-02-07T22:13:53.327Z", "status": "OK", "tipo": "MATRIZ", "fantasia": "", "email": "", "efr": "", "motivo_situacao": "", "situacao_especial": "", "data_situacao_especial": "", "atividades_secundarias": [{"code": "00.00-0-00", "text": "N\u00e3o informada"}], "capital_social": "844613653.86", "extra": {}, "billing": {"free": false, "database": false}}