{"data_situacao": "25/02/2015", "motivo_situacao": "EXTINCAO P/ ENC LIQ VOLUNTARIA", "nome": "NOVADATA COMERCIO E SERVICOS LTDA", "telefone": "(22) 2762-9565/ (22) 2762-9565", "situacao": "BAIXADA", "porte": "EMPRESA DE PEQUENO PORTE", "abertura": "03/11/1994", "natureza_juridica": "206-2 - Sociedade Empres\u00e1ria Limitada", "fantasia": "NOVADATA DO BRASIL", "cnpj": "39.698.725/0001-30", "ultima_atualizacao": "2020-02-07T22:13:16.211Z", "status": "OK", "tipo": "MATRIZ", "logradouro": "", "numero": "", "complemento": "", "cep": "", "bairro": "", "municipio": "", "uf": "", "email": "", "efr": "", "situacao_especial": "", "data_situacao_especial": "", "atividade_principal": [{"code": "00.00-0-00", "text": "********"}], "atividades_secundarias": [{"code": "00.00-0-00", "text": "N\u00e3o informada"}], "capital_social": "0.00", "qsa": [], "extra": {}, "billing": {"free": false, "database": false}}