{"data_situacao": "28/11/2018", "motivo_situacao": "OMISSAO DE DECLARACOES", "nome": "TRANSTERRA TRANSPORTES E TURISMO EIRELI", "telefone": "(22) 2528-5403", "qsa": [{"qual": "65-Titular Pessoa F\u00edsica Residente ou Domiciliado no Brasil", "nome": "ALEXANDRE DE ARAUJO TERRA"}], "situacao": "INAPTA", "porte": "DEMAIS", "abertura": "09/02/1995", "natureza_juridica": "230-5 - Empresa Individual de Responsabilidade Limitada (de Natureza Empres\u00e1ria)", "cnpj": "39.708.326/0001-03", "ultima_atualizacao": "2020-02-07T22:14:36.295Z", "status": "OK", "tipo": "MATRIZ", "fantasia": "", "logradouro": "", "numero": "", "complemento": "", "cep": "", "bairro": "", "municipio": "", "uf": "", "email": "", "efr": "", "situacao_especial": "", "data_situacao_especial": "", "atividade_principal": [{"code": "00.00-0-00", "text": "********"}], "atividades_secundarias": [{"code": "00.00-0-00", "text": "N\u00e3o informada"}], "capital_social": "90000.00", "extra": {}, "billing": {"free": false, "database": false}}