{"atividade_principal": [{"text": "Pesquisas de mercado e de opini\u00e3o p\u00fablica", "code": "73.20-3-00"}], "data_situacao": "24/09/2005", "complemento": "LETRA: A;", "nome": "LISTEN LOCAL INFORMATION SYSTEM LTDA", "uf": "MG", "telefone": "(31) 3274-6685", "email": "gerencia@jbw.com.br", "atividades_secundarias": [{"text": "Desenvolvimento de programas de computador sob encomenda", "code": "62.01-5-01"}, {"text": "Consultoria em tecnologia da informa\u00e7\u00e3o", "code": "62.04-0-00"}, {"text": "Suporte t\u00e9cnico, manuten\u00e7\u00e3o e outros servi\u00e7os em tecnologia da informa\u00e7\u00e3o", "code": "62.09-1-00"}, {"text": "Tratamento de dados, provedores de servi\u00e7os de aplica\u00e7\u00e3o e servi\u00e7os de hospedagem na internet", "code": "63.11-9-00"}, {"text": "Marketing direto", "code": "73.19-0-03"}], "qsa": [{"qual": "49-S\u00f3cio-Administrador", "nome": "ALEXANDRE BARROS PAOLINELLI"}, {"qual": "22-S\u00f3cio", "nome": "ADRIANA ANDRADE LOPES PAOLINELLI"}], "situacao": "ATIVA", "bairro": "CENTRO", "logradouro": "R ANTONIO JARDIM", "numero": "380", "cep": "34.000-001", "municipio": "NOVA LIMA", "porte": "EMPRESA DE PEQUENO PORTE", "abertura": "16/02/1993", "natureza_juridica": "206-2 - Sociedade Empres\u00e1ria Limitada", "fantasia": "LISTEN", "cnpj": "42.789.800/0001-83", "ultima_atualizacao": "2020-02-07T22:17:44.157Z", "status": "OK", "tipo": "MATRIZ", "efr": "", "motivo_situacao": "", "situacao_especial": "", "data_situacao_especial": "", "capital_social": "1000000.00", "extra": {}, "billing": {"free": false, "database": false}}