{"data_situacao": "02/01/2018", "motivo_situacao": "INCORPORACAO", "nome": "INFOGLOBO COMUNICACAO E PARTICIPACOES S.A.", "telefone": "(21) 2534-5729/ (21) 2534-5454", "email": "tributario@infoglobo.com.br", "situacao": "BAIXADA", "porte": "DEMAIS", "abertura": "05/01/1967", "natureza_juridica": "205-4 - Sociedade An\u00f4nima Fechada", "fantasia": "O GLOBO, INFOGLOBO, EXTRA E EXPRESSO.", "cnpj": "60.452.752/0001-15", "ultima_atualizacao": "2020-02-07T22:18:06.553Z", "status": "OK", "tipo": "MATRIZ", "logradouro": "", "numero": "", "complemento": "", "cep": "", "bairro": "", "municipio": "", "uf": "", "efr": "", "situacao_especial": "", "data_situacao_especial": "", "atividade_principal": [{"code": "00.00-0-00", "text": "********"}], "atividades_secundarias": [{"code": "00.00-0-00", "text": "N\u00e3o informada"}], "capital_social": "0.00", "qsa": [], "extra": {}, "billing": {"free": false, "database": false}}