{"atividade_principal": [{"text": "Fabrica\u00e7\u00e3o de bicicletas e triciclos n\u00e3o-motorizados, pe\u00e7as e acess\u00f3rios", "code": "30.92-0-00"}], "data_situacao": "09/10/2004", "nome": "BICICLETAS SILVIO SALGADO LTDA", "uf": "RJ", "telefone": "(21) 2201-2222", "qsa": [{"qual": "49-S\u00f3cio-Administrador", "nome": "SILVIO GONZALEZ SALGADO ARIAS"}, {"qual": "22-S\u00f3cio", "nome": "TATIANA LETICIA DE ARAUJO GONZALEZ"}], "situacao": "ATIVA", "bairro": "CAMPO GRANDE", "logradouro": "CAM DO CAFUNDA", "numero": "30", "cep": "23.036-460", "municipio": "RIO DE JANEIRO", "porte": "MICRO EMPRESA", "abertura": "14/10/1992", "natureza_juridica": "206-2 - Sociedade Empres\u00e1ria Limitada", "fantasia": "SILVIO'S BIKE", "cnpj": "68.639.301/0001-01", "ultima_atualizacao": "2020-02-07T22:15:16.500Z", "status": "OK", "tipo": "MATRIZ", "complemento": "", "email": "", "efr": "", "motivo_situacao": "", "situacao_especial": "", "data_situacao_especial": "", "atividades_secundarias": [{"code": "00.00-0-00", "text": "N\u00e3o informada"}], "capital_social": "0.00", "extra": {}, "billing": {"free": false, "database": false}}