{"atividade_principal": [{"text": "Com\u00e9rcio atacadista de medicamentos e drogas de uso humano", "code": "46.44-3-01"}], "data_situacao": "03/11/2005", "complemento": "LOJA GALERIA 27", "nome": "LINO BRIOTE PRODUTOS FARMACEUTICOS E HOSPITALARES LTDA", "uf": "RJ", "email": "sergiorazevedo@linobriote.com.br", "atividades_secundarias": [{"text": "Com\u00e9rcio atacadista de cosm\u00e9ticos e produtos de perfumaria", "code": "46.46-0-01"}], "qsa": [{"qual": "22-S\u00f3cio", "nome": "LINO DA SILVA BRIOTE"}, {"qual": "22-S\u00f3cio", "nome": "ANA CARLA FARIA BRIOTE"}, {"qual": "49-S\u00f3cio-Administrador", "nome": "SERGIO RODRIGUES DE AZEVEDO"}, {"qual": "22-S\u00f3cio", "nome": "SILENIO SILVA DE SOUZA"}], "situacao": "ATIVA", "bairro": "MEIER", "logradouro": "R DIAS DA CRUZ", "numero": "203", "cep": "20.720-012", "municipio": "RIO DE JANEIRO", "porte": "DEMAIS", "abertura": "21/10/1994", "natureza_juridica": "206-2 - Sociedade Empres\u00e1ria Limitada", "fantasia": "SELLERPHARMA", "cnpj": "00.274.838/0001-73", "ultima_atualizacao": "2020-02-08T04:16:05.862Z", "status": "OK", "tipo": "MATRIZ", "telefone": "", "efr": "", "motivo_situacao": "", "situacao_especial": "", "data_situacao_especial": "", "capital_social": "1000000.00", "extra": {}, "billing": {"free": false, "database": false}}