{"atividade_principal": [{"text": "Seguran\u00e7a e ordem p\u00fablica", "code": "84.24-8-00"}], "data_situacao": "27/08/2005", "complemento": "QUADRA 03 COMPLEXO SEDE DA PRF", "nome": "MINISTERIO DA JUSTICA E SEGURANCA PUBLICA", "efr": "UNI\u00c3O", "uf": "DF", "telefone": "(61) 2025-6700/ (61) 2025-6714", "email": "cga@prf.gov.br", "situacao": "ATIVA", "bairro": "SETOR POLICIAL", "logradouro": "ST POLICIAL LOTE", "numero": "05", "cep": "70.610-200", "municipio": "BRASILIA", "porte": "DEMAIS", "abertura": "01/02/1991", "natureza_juridica": "101-5 - \u00d3rg\u00e3o P\u00fablico do Poder Executivo Federal", "fantasia": "DEPARTAMENTO DE POLICIA RODOVIARIA FEDERAL", "cnpj": "00.394.494/0104-41", "ultima_atualizacao": "2020-02-07T16:27:36.205Z", "status": "OK", "tipo": "FILIAL", "motivo_situacao": "", "situacao_especial": "", "data_situacao_especial": "", "atividades_secundarias": [{"code": "00.00-0-00", "text": "N\u00e3o informada"}], "capital_social": "0.00", "qsa": [], "extra": {}, "billing": {"free": false, "database": true}}