{"atividade_principal": [{"text": "Ag\u00eancias de publicidade", "code": "73.11-4-00"}], "data_situacao": "03/11/2005", "complemento": "LOJA 36", "nome": "AILTON BRETAS DE ARAUJO", "uf": "ES", "telefone": "(27) 3317-2552", "email": "ailtonbretas@yahoo.com.br", "situacao": "ATIVA", "bairro": "SANTA LUCIA", "logradouro": "AV NOSSA SENHORA DA PENHA", "numero": "565", "cep": "29.056-245", "municipio": "VITORIA", "porte": "MICRO EMPRESA", "abertura": "13/01/1995", "natureza_juridica": "213-5 - Empres\u00e1rio (Individual)", "fantasia": "RAIZ COMUNICA", "cnpj": "00.413.055/0001-23", "ultima_atualizacao": "2020-02-08T04:51:10.697Z", "status": "OK", "tipo": "MATRIZ", "efr": "", "motivo_situacao": "", "situacao_especial": "", "data_situacao_especial": "", "atividades_secundarias": [{"code": "00.00-0-00", "text": "N\u00e3o informada"}], "capital_social": "0.00", "qsa": [], "extra": {}, "billing": {"free": false, "database": false}}