{"data_situacao": "04/12/2008", "motivo_situacao": "EXTINCAO P/ ENC LIQ VOLUNTARIA", "nome": "COMERCIAL CORMETAL DE PADUA LTDA", "telefone": "(22) 3831-3113", "situacao": "BAIXADA", "porte": "MICRO EMPRESA", "abertura": "07/03/1995", "natureza_juridica": "206-2 - Sociedade Empres\u00e1ria Limitada", "cnpj": "00.486.283/0001-23", "ultima_atualizacao": "2020-02-08T03:52:22.103Z", "status": "OK", "tipo": "MATRIZ", "fantasia": "", "logradouro": "", "numero": "", "complemento": "", "cep": "", "bairro": "", "municipio": "", "uf": "", "email": "", "efr": "", "situacao_especial": "", "data_situacao_especial": "", "atividade_principal": [{"code": "00.00-0-00", "text": "********"}], "atividades_secundarias": [{"code": "00.00-0-00", "text": "N\u00e3o informada"}], "capital_social": "0.00", "qsa": [], "extra": {}, "billing": {"free": false, "database": false}}