{"atividade_principal": [{"text": "Fabrica\u00e7\u00e3o de outros brinquedos e jogos recreativos n\u00e3o especificados anteriormente", "code": "32.40-0-99"}], "data_situacao": "10/09/2005", "complemento": "GALPAO1", "nome": "M.M.P.-MATERIAIS PEDAGOGICOS LTDA", "uf": "SP", "telefone": "(11) 4438-6321", "email": "contato@newconti.com.br", "atividades_secundarias": [{"text": "Com\u00e9rcio atacadista de outros equipamentos e artigos de uso pessoal e dom\u00e9stico n\u00e3o especificados anteriormente", "code": "46.49-4-99"}, {"text": "Com\u00e9rcio varejista de artigos de papelaria", "code": "47.61-0-03"}], "qsa": [{"qual": "49-S\u00f3cio-Administrador", "nome": "CESAR DE OLIVEIRA GUIMARAES"}, {"qual": "49-S\u00f3cio-Administrador", "nome": "TALITA MAZZI GUIMARAES"}], "situacao": "ATIVA", "bairro": "CASA BRANCA", "logradouro": "R ONZE DE JUNHO", "numero": "521", "cep": "09.015-520", "municipio": "SANTO ANDRE", "porte": "MICRO EMPRESA", "abertura": "20/06/1995", "natureza_juridica": "206-2 - Sociedade Empres\u00e1ria Limitada", "cnpj": "00.660.960/0001-88", "ultima_atualizacao": "2020-02-08T04:27:57.672Z", "status": "OK", "tipo": "MATRIZ", "fantasia": "", "efr": "", "motivo_situacao": "", "situacao_especial": "", "data_situacao_especial": "", "capital_social": "5000.00", "extra": {}, "billing": {"free": false, "database": false}}