{"atividade_principal": [{"text": "Servi\u00e7os de alimenta\u00e7\u00e3o para eventos e recep\u00e7\u00f5es - buf\u00ea", "code": "56.20-1-02"}], "data_situacao": "03/11/2005", "complemento": "PARTE", "nome": "R A SILVA", "uf": "RJ", "telefone": "(22) 2762-2209/ (22) 9221-4413", "email": "ras.santos@uol.com.br", "atividades_secundarias": [{"text": "Fornecimento de alimentos preparados preponderantemente para empresas", "code": "56.20-1-01"}, {"text": "Cantinas - servi\u00e7os de alimenta\u00e7\u00e3o privativos", "code": "56.20-1-03"}, {"text": "Servi\u00e7os de organiza\u00e7\u00e3o de feiras, congressos, exposi\u00e7\u00f5es e festas", "code": "82.30-0-01"}, {"text": "Casas de festas e eventos", "code": "82.30-0-02"}, {"text": "Com\u00e9rcio varejista de artigos de joalheria", "code": "47.83-1-01"}, {"text": "Aluguel de objetos do vestu\u00e1rio, j\u00f3ias e acess\u00f3rios", "code": "77.23-3-00"}, {"text": "Confec\u00e7\u00e3o, sob medida, de roupas profissionais", "code": "14.13-4-02"}, {"text": "Produ\u00e7\u00e3o teatral", "code": "90.01-9-01"}, {"text": "Produ\u00e7\u00e3o musical", "code": "90.01-9-02"}, {"text": "Atividades de sonoriza\u00e7\u00e3o e de ilumina\u00e7\u00e3o", "code": "90.01-9-06"}], "qsa": [], "situacao": "ATIVA", "bairro": "VISCONDE DE ARAUJO", "logradouro": "R ANTENOR MACIEL DE AZEVEDO", "numero": "93", "cep": "27.940-530", "municipio": "MACAE", "porte": "EMPRESA DE PEQUENO PORTE", "abertura": "24/07/1995", "natureza_juridica": "213-5 - Empres\u00e1rio (Individual)", "fantasia": "ROSILDA EVENTOS", "cnpj": "00.756.597/0001-07", "ultima_atualizacao": "2020-02-08T05:10:02.532Z", "status": "OK", "tipo": "MATRIZ", "efr": "", "motivo_situacao": "", "situacao_especial": "", "data_situacao_especial": "", "capital_social": "60000.00", "extra": {}, "billing": {"free": false, "database": false}}