{"atividade_principal": [{"text": "Com\u00e9rcio varejista especializado de equipamentos e suprimentos de inform\u00e1tica", "code": "47.51-2-01"}], "data_situacao": "10/09/2014", "nome": "OFFICE TOTAL S.A.", "uf": "RJ", "telefone": "(21) 3078-2065/ (21) 9950-1088", "email": "margarete.neto@officetotal.com.br", "atividades_secundarias": [{"text": "Aluguel de m\u00e1quinas e equipamentos para escrit\u00f3rios", "code": "77.33-1-00"}, {"text": "Repara\u00e7\u00e3o e manuten\u00e7\u00e3o de computadores e de equipamentos perif\u00e9ricos", "code": "95.11-8-00"}], "situacao": "ATIVA", "bairro": "ALTO DOS CAJUEIROS", "logradouro": "AV RUI BARBOSA", "numero": "2340", "cep": "27.915-185", "municipio": "MACAE", "porte": "DEMAIS", "abertura": "10/09/2014", "natureza_juridica": "205-4 - Sociedade An\u00f4nima Fechada", "cnpj": "00.845.661/0006-22", "ultima_atualizacao": "2020-02-08T04:09:25.258Z", "status": "OK", "tipo": "FILIAL", "fantasia": "", "complemento": "", "efr": "", "motivo_situacao": "", "situacao_especial": "", "data_situacao_especial": "", "capital_social": "0.00", "qsa": [], "extra": {}, "billing": {"free": false, "database": false}}