{"atividade_principal": [{"text": "Aluguel de m\u00e1quinas e equipamentos para escrit\u00f3rios", "code": "77.33-1-00"}], "data_situacao": "18/10/2003", "nome": "OFFICE TOTAL S.A.", "uf": "RJ", "atividades_secundarias": [{"text": "Representantes comerciais e agentes do com\u00e9rcio de mercadorias em geral n\u00e3o especializado", "code": "46.19-2-00"}, {"text": "Com\u00e9rcio atacadista de instrumentos e materiais para uso m\u00e9dico, cir\u00fargico, hospitalar e de laborat\u00f3rios", "code": "46.45-1-01"}, {"text": "Com\u00e9rcio atacadista de artigos de escrit\u00f3rio e de papelaria", "code": "46.47-8-01"}, {"text": "Com\u00e9rcio atacadista de m\u00e1quinas, aparelhos e equipamentos para uso odonto-m\u00e9dico-hospitalar; partes e pe\u00e7as", "code": "46.64-8-00"}, {"text": "Com\u00e9rcio atacadista de m\u00e1quinas e equipamentos para uso comercial; partes e pe\u00e7as", "code": "46.65-6-00"}, {"text": "Com\u00e9rcio atacadista de outras m\u00e1quinas e equipamentos n\u00e3o especificados anteriormente; partes e pe\u00e7as", "code": "46.69-9-99"}, {"text": "Suporte t\u00e9cnico, manuten\u00e7\u00e3o e outros servi\u00e7os em tecnologia da informa\u00e7\u00e3o", "code": "62.09-1-00"}, {"text": "Loca\u00e7\u00e3o de m\u00e3o-de-obra tempor\u00e1ria", "code": "78.20-5-00"}, {"text": "Treinamento em desenvolvimento profissional e gerencial", "code": "85.99-6-04"}], "qsa": [{"qual": "16-Presidente", "nome": "CRISTIANO HERBERT BARBOZA GAIGHER"}, {"qual": "10-Diretor", "nome": "LEONARDO FORTUNA BERNARDO RIBEIRO"}], "situacao": "ATIVA", "bairro": "SAO CRISTOVAO", "logradouro": "R SAO JANUARIO", "numero": "485", "cep": "20.921-002", "municipio": "RIO DE JANEIRO", "porte": "DEMAIS", "abertura": "22/09/1995", "natureza_juridica": "205-4 - Sociedade An\u00f4nima Fechada", "fantasia": "OFFICE TOTAL", "cnpj": "00.845.661/0001-18", "ultima_atualizacao": "2020-02-08T05:06:17.882Z", "status": "OK", "tipo": "MATRIZ", "complemento": "", "email": "", "telefone": "", "efr": "", "motivo_situacao": "", "situacao_especial": "", "data_situacao_especial": "", "capital_social": "67151248.94", "extra": {}, "billing": {"free": false, "database": false}}