{"atividade_principal": [{"text": "Atividades de associa\u00e7\u00f5es de defesa de direitos sociais", "code": "94.30-8-00"}], "data_situacao": "28/07/1998", "nome": "IPAM INSTITUTO DE PENSAO E APOSENTADORIA MUNICIPAL", "efr": "MUNIC\u00cdPIO DE CANTAGALO", "uf": "RJ", "telefone": "(22) 2555-5581", "email": "ipam@cantagalo.rj.gov.br", "atividades_secundarias": [{"text": "Atividades de organiza\u00e7\u00f5es associativas ligadas \u00e0 cultura e \u00e0 arte", "code": "94.93-6-00"}, {"text": "Atividades associativas n\u00e3o especificadas anteriormente", "code": "94.99-5-00"}], "situacao": "ATIVA", "bairro": "CENTRO", "logradouro": "R RUA VEREADOR FARMACEUTICO FERNANDO PURGER", "numero": "364", "cep": "28.500-000", "municipio": "CANTAGALO", "porte": "DEMAIS", "abertura": "30/10/1995", "natureza_juridica": "112-0 - Autarquia Municipal", "fantasia": "IPAM", "cnpj": "00.902.907/0001-46", "ultima_atualizacao": "2020-02-08T03:43:35.522Z", "status": "OK", "tipo": "MATRIZ", "complemento": "", "motivo_situacao": "", "situacao_especial": "", "data_situacao_especial": "", "capital_social": "0.00", "qsa": [], "extra": {}, "billing": {"free": false, "database": false}}