{"data_situacao": "05/10/2018", "motivo_situacao": "EXTINCAO P/ ENC LIQ VOLUNTARIA", "nome": "VWR PRODUTOS E SOLUCOES PARA LABORATORIOS LTDA.", "telefone": "(11) 3838-2467", "email": "financeiro@vwr.com", "situacao": "BAIXADA", "porte": "DEMAIS", "abertura": "18/01/2008", "natureza_juridica": "206-2 - Sociedade Empres\u00e1ria Limitada", "fantasia": "VWR", "cnpj": "00.935.689/0002-27", "ultima_atualizacao": "2020-02-08T05:15:51.960Z", "status": "OK", "tipo": "FILIAL", "logradouro": "", "numero": "", "complemento": "", "cep": "", "bairro": "", "municipio": "", "uf": "", "efr": "", "situacao_especial": "", "data_situacao_especial": "", "atividade_principal": [{"code": "00.00-0-00", "text": "********"}], "atividades_secundarias": [{"code": "00.00-0-00", "text": "N\u00e3o informada"}], "capital_social": "0.00", "qsa": [], "extra": {}, "billing": {"free": false, "database": false}}