{"atividade_principal": [{"text": "Edi\u00e7\u00e3o de livros", "code": "58.11-5-00"}], "data_situacao": "03/11/2005", "nome": "CATA - SONHO EDITORA EIRELI", "uf": "RJ", "telefone": "(21) 3979-9314", "atividades_secundarias": [{"text": "Edi\u00e7\u00e3o de jornais di\u00e1rios", "code": "58.12-3-01"}, {"text": "Edi\u00e7\u00e3o de revistas", "code": "58.13-1-00"}, {"text": "Servi\u00e7os de acabamentos gr\u00e1ficos, exceto encaderna\u00e7\u00e3o e plastifica\u00e7\u00e3o", "code": "18.22-9-99"}], "qsa": [{"qual": "65-Titular Pessoa F\u00edsica Residente ou Domiciliado no Brasil", "nome": "ANGELINA RIBEIRO GAGLIANONE"}], "situacao": "ATIVA", "bairro": "RAMOS", "logradouro": "R JOAO SANTANA", "numero": "70", "cep": "21.031-060", "municipio": "RIO DE JANEIRO", "porte": "EMPRESA DE PEQUENO PORTE", "abertura": "14/12/1995", "natureza_juridica": "230-5 - Empresa Individual de Responsabilidade Limitada (de Natureza Empres\u00e1ria)", "cnpj": "00.972.542/0001-26", "ultima_atualizacao": "2020-02-08T04:46:09.215Z", "status": "OK", "tipo": "MATRIZ", "fantasia": "", "complemento": "", "email": "", "efr": "", "motivo_situacao": "", "situacao_especial": "", "data_situacao_especial": "", "capital_social": "70000.00", "extra": {}, "billing": {"free": false, "database": false}}