{"atividade_principal": [{"text": "Suporte t\u00e9cnico, manuten\u00e7\u00e3o e outros servi\u00e7os em tecnologia da informa\u00e7\u00e3o", "code": "62.09-1-00"}], "data_situacao": "03/11/2005", "nome": "BASTIA , XAVIER & CIA LTDA", "uf": "SP", "atividades_secundarias": [{"text": "Atividades de teleatendimento", "code": "82.20-2-00"}, {"text": "Servi\u00e7os combinados de escrit\u00f3rio e apoio administrativo", "code": "82.11-3-00"}, {"text": "Treinamento em desenvolvimento profissional e gerencial", "code": "85.99-6-04"}, {"text": "Servi\u00e7os de organiza\u00e7\u00e3o de feiras, congressos, exposi\u00e7\u00f5es e festas", "code": "82.30-0-01"}], "qsa": [{"qual": "49-S\u00f3cio-Administrador", "nome": "JOSE FRANCISCO RAMOS BASTIA"}, {"qual": "49-S\u00f3cio-Administrador", "nome": "BIANCA VALQUIRIA DA MATTA XAVIER"}, {"qual": "49-S\u00f3cio-Administrador", "nome": "APARECIDA DONIZETI NEVES BASTIA"}], "situacao": "ATIVA", "bairro": "CENTRO", "logradouro": "R CESARIO MOTA", "numero": "844", "cep": "15.990-510", "municipio": "MATAO", "porte": "EMPRESA DE PEQUENO PORTE", "abertura": "05/02/1996", "natureza_juridica": "206-2 - Sociedade Empres\u00e1ria Limitada", "cnpj": "01.047.325/0001-92", "ultima_atualizacao": "2020-02-07T22:59:54.247Z", "status": "OK", "tipo": "MATRIZ", "fantasia": "", "complemento": "", "email": "", "telefone": "", "efr": "", "motivo_situacao": "", "situacao_especial": "", "data_situacao_especial": "", "capital_social": "360000.00", "extra": {}, "billing": {"free": false, "database": true}}