{"atividade_principal": [{"text": "Atividades de associa\u00e7\u00f5es de defesa de direitos sociais", "code": "94.30-8-00"}], "data_situacao": "03/11/2005", "nome": "95 GRUPO ESCOTEIRO JOSE PASSOS DE SOUZA JUNIOR", "uf": "RJ", "telefone": "(22) 2762-6777/ (22) 2760-6068", "email": "anacelia.luisagarcia@gmail.com", "atividades_secundarias": [{"text": "Atividades de organiza\u00e7\u00f5es associativas ligadas \u00e0 cultura e \u00e0 arte", "code": "94.93-6-00"}, {"text": "Atividades associativas n\u00e3o especificadas anteriormente", "code": "94.99-5-00"}], "qsa": [{"qual": "16-Presidente", "nome": "ISNARD DRUMOND DE SOUZA"}], "situacao": "ATIVA", "bairro": "CAMPO DO OESTE", "logradouro": "R DINAMARCA", "numero": "99", "cep": "27.936-455", "municipio": "MACAE", "porte": "DEMAIS", "abertura": "08/11/1995", "natureza_juridica": "399-9 - Associa\u00e7\u00e3o Privada", "fantasia": "95 GRUPO ESCOTEIRO DE MACAE RJ", "cnpj": "01.075.039/0001-30", "ultima_atualizacao": "2020-02-07T23:25:48.624Z", "status": "OK", "tipo": "MATRIZ", "complemento": "", "efr": "", "motivo_situacao": "", "situacao_especial": "", "data_situacao_especial": "", "capital_social": "0.00", "extra": {}, "billing": {"free": false, "database": true}}