{"atividade_principal": [{"text": "Portais, provedores de conte\u00fado e outros servi\u00e7os de informa\u00e7\u00e3o na internet", "code": "63.19-4-00"}], "data_situacao": "27/08/2005", "complemento": "ANDAR 8 AO 11", "nome": "UNIVERSO ONLINE S/A", "uf": "SP", "telefone": "(11) 4003-2002", "email": "faleconosco@uol.com.br", "atividades_secundarias": [{"text": "Provedores de acesso \u00e0s redes de comunica\u00e7\u00f5es", "code": "61.90-6-01"}], "situacao": "ATIVA", "bairro": "JARDIM PAULISTANO", "logradouro": "AV BRIGADEIRO FARIA LIMA", "numero": "1384", "cep": "01.451-001", "municipio": "SAO PAULO", "porte": "DEMAIS", "abertura": "21/03/2003", "natureza_juridica": "205-4 - Sociedade An\u00f4nima Fechada", "fantasia": "DIVISAO UOL", "cnpj": "01.109.184/0004-38", "ultima_atualizacao": "2020-02-07T12:30:59.474Z", "status": "OK", "tipo": "FILIAL", "efr": "", "motivo_situacao": "", "situacao_especial": "", "data_situacao_especial": "", "capital_social": "0.00", "qsa": [], "extra": {}, "billing": {"free": false, "database": true}}