{"atividade_principal": [{"text": "Com\u00e9rcio atacadista de produtos de higiene, limpeza e conserva\u00e7\u00e3o domiciliar", "code": "46.49-4-08"}], "data_situacao": "08/04/2005", "nome": "NOROESTE COMERCIAL DE SUPRIMENTOS LTDA", "uf": "SP", "telefone": "(11) 3832-2410/ (11) 3838-3333", "email": "gerencia.adm@atombrasil.com.br", "atividades_secundarias": [{"text": "Com\u00e9rcio atacadista de defensivos agr\u00edcolas, adubos, fertilizantes e corretivos do solo", "code": "46.83-4-00"}, {"text": "Com\u00e9rcio varejista de produtos saneantes domissanit\u00e1rios", "code": "47.89-0-05"}, {"text": "Limpeza em pr\u00e9dios e em domic\u00edlios", "code": "81.21-4-00"}, {"text": "Com\u00e9rcio atacadista de outras m\u00e1quinas e equipamentos n\u00e3o especificados anteriormente; partes e pe\u00e7as", "code": "46.69-9-99"}], "qsa": [{"qual": "49-S\u00f3cio-Administrador", "nome": "FLAVIO MAXIMIANO"}, {"qual": "49-S\u00f3cio-Administrador", "nome": "LEONARDO RANGEL CARRARO"}], "situacao": "ATIVA", "bairro": "ALTO DA LAPA", "logradouro": "R DOUTOR JOSE ELIAS", "numero": "322", "cep": "05.083-030", "municipio": "SAO PAULO", "porte": "EMPRESA DE PEQUENO PORTE", "abertura": "27/02/1996", "natureza_juridica": "206-2 - Sociedade Empres\u00e1ria Limitada", "fantasia": "NOROESTE", "cnpj": "01.148.472/0001-59", "ultima_atualizacao": "2020-02-08T04:35:43.678Z", "status": "OK", "tipo": "MATRIZ", "complemento": "", "efr": "", "motivo_situacao": "", "situacao_especial": "", "data_situacao_especial": "", "capital_social": "50000.00", "extra": {}, "billing": {"free": false, "database": false}}