{"atividade_principal": [{"text": "Instala\u00e7\u00e3o de m\u00e1quinas e equipamentos industriais", "code": "33.21-0-00"}], "data_situacao": "29/04/2015", "complemento": "SALA: 502; ANDAR: 5 BL 5;", "nome": "SIEMENS HEALTHCARE DIAGNOSTICOS LTDA.", "uf": "RJ", "telefone": "(11) 3908-5683", "email": "tax.br@siemens.com", "atividades_secundarias": [{"text": "Manuten\u00e7\u00e3o e repara\u00e7\u00e3o de aparelhos eletrom\u00e9dicos e eletroterap\u00eauticos e equipamentos de irradia\u00e7\u00e3o", "code": "33.12-1-03"}, {"text": "Treinamento em desenvolvimento profissional e gerencial", "code": "85.99-6-04"}], "situacao": "ATIVA", "bairro": "BARRA DA TIJUCA", "logradouro": "AV DAS AMERICAS", "numero": "3500", "cep": "22.640-102", "municipio": "RIO DE JANEIRO", "porte": "DEMAIS", "abertura": "29/04/2015", "natureza_juridica": "206-2 - Sociedade Empres\u00e1ria Limitada", "cnpj": "01.449.930/0009-47", "ultima_atualizacao": "2020-02-08T03:52:44.546Z", "status": "OK", "tipo": "FILIAL", "fantasia": "", "efr": "", "motivo_situacao": "", "situacao_especial": "", "data_situacao_especial": "", "capital_social": "0.00", "qsa": [], "extra": {}, "billing": {"free": false, "database": false}}