{"atividade_principal": [{"text": "Imuniza\u00e7\u00e3o e controle de pragas urbanas", "code": "81.22-2-00"}], "data_situacao": "19/02/2005", "nome": "BYTECH TECNOLOGIA AMBIENTAL LTDA", "uf": "RJ", "telefone": "(22) 2773-4260/ (22) 9989-8308", "email": "bytechdedetizadora@uol.com.br", "atividades_secundarias": [{"text": "Atividades paisag\u00edsticas", "code": "81.30-3-00"}, {"text": "Limpeza em pr\u00e9dios e em domic\u00edlios", "code": "81.21-4-00"}], "qsa": [{"qual": "49-S\u00f3cio-Administrador", "nome": "EDNA BARROS PAES DE SOUZA"}, {"qual": "22-S\u00f3cio", "nome": "FERNANDA CHAGAS DE SOUZA"}], "situacao": "ATIVA", "bairro": "BAIRRO DA GLORIA", "logradouro": "AV DO SOL", "numero": "50", "cep": "27.930-100", "municipio": "MACAE", "porte": "EMPRESA DE PEQUENO PORTE", "abertura": "16/10/1996", "natureza_juridica": "206-2 - Sociedade Empres\u00e1ria Limitada", "cnpj": "01.498.770/0001-79", "ultima_atualizacao": "2020-02-08T04:00:54.249Z", "status": "OK", "tipo": "MATRIZ", "fantasia": "", "complemento": "", "efr": "", "motivo_situacao": "", "situacao_especial": "", "data_situacao_especial": "", "capital_social": "0.00", "extra": {}, "billing": {"free": false, "database": false}}