{"atividade_principal": [{"text": "Desenvolvimento de programas de computador sob encomenda", "code": "62.01-5-01"}], "data_situacao": "24/12/2004", "complemento": "COBERTURA 09", "nome": "SAPITUR - SISTEMAS DE ADMINISTRACAO PUBLICA, INFORMATICA E TURISMO S/S LTDA", "uf": "RJ", "atividades_secundarias": [{"text": "Desenvolvimento e licenciamento de programas de computador customiz\u00e1veis", "code": "62.02-3-00"}, {"text": "Suporte t\u00e9cnico, manuten\u00e7\u00e3o e outros servi\u00e7os em tecnologia da informa\u00e7\u00e3o", "code": "62.09-1-00"}, {"text": "Treinamento em inform\u00e1tica", "code": "85.99-6-03"}, {"text": "Portais, provedores de conte\u00fado e outros servi\u00e7os de informa\u00e7\u00e3o na internet", "code": "63.19-4-00"}, {"text": "Salas de acesso \u00e0 internet", "code": "82.99-7-07"}, {"text": "Tratamento de dados, provedores de servi\u00e7os de aplica\u00e7\u00e3o e servi\u00e7os de hospedagem na internet", "code": "63.11-9-00"}, {"text": "Prepara\u00e7\u00e3o de documentos e servi\u00e7os especializados de apoio administrativo n\u00e3o especificados anteriormente", "code": "82.19-9-99"}, {"text": "Servi\u00e7os combinados de escrit\u00f3rio e apoio administrativo", "code": "82.11-3-00"}, {"text": "Aluguel de m\u00e1quinas e equipamentos para escrit\u00f3rios", "code": "77.33-1-00"}, {"text": "Instala\u00e7\u00e3o de outros equipamentos n\u00e3o especificados anteriormente", "code": "33.29-5-99"}], "qsa": [{"qual": "49-S\u00f3cio-Administrador", "nome": "HERLINA CORLINDO DA SILVA"}, {"qual": "49-S\u00f3cio-Administrador", "nome": "GUSTAVO DE ALMEIDA NEVES"}, {"qual": "49-S\u00f3cio-Administrador", "nome": "LUIZ GONZAGA GOMES DERCY"}], "situacao": "ATIVA", "bairro": "CENTRO", "logradouro": "R MONTE LIBANO", "numero": "55", "cep": "28.610-000", "municipio": "NOVA FRIBURGO", "porte": "EMPRESA DE PEQUENO PORTE", "abertura": "05/11/1996", "natureza_juridica": "224-0 - Sociedade Simples Limitada", "cnpj": "01.563.165/0001-34", "ultima_atualizacao": "2020-02-08T04:02:11.614Z", "status": "OK", "tipo": "MATRIZ", "fantasia": "", "email": "", "telefone": "", "efr": "", "motivo_situacao": "", "situacao_especial": "", "data_situacao_especial": "", "capital_social": "100000.00", "extra": {}, "billing": {"free": false, "database": false}}