{"atividade_principal": [{"text": "Administra\u00e7\u00e3o de caixas escolares", "code": "85.50-3-01"}], "data_situacao": "28/06/1999", "complemento": "CASA ESCOLA", "nome": "CONSELHO ESCOLAR DO COLEGIO MUNICIPAL GENERINO TEOTONIO DE LUNA", "uf": "RJ", "telefone": "(22) 3084-5530/ (22) 9264-5694", "email": "pablo_parga@hotmail.com", "atividades_secundarias": [{"text": "Outras atividades de ensino n\u00e3o especificadas anteriormente", "code": "85.99-6-99"}], "qsa": [{"qual": "16-Presidente", "nome": "EDUARDO DA EIRA BONIOLO"}], "situacao": "ATIVA", "bairro": "VIRGEM SANTA", "logradouro": "EST VIRGEM SANTA", "numero": "250", "cep": "27.946-830", "municipio": "MACAE", "porte": "DEMAIS", "abertura": "26/05/1997", "natureza_juridica": "399-9 - Associa\u00e7\u00e3o Privada", "fantasia": "CE CMGTL", "cnpj": "01.856.326/0001-88", "ultima_atualizacao": "2020-02-08T05:08:58.690Z", "status": "OK", "tipo": "MATRIZ", "efr": "", "motivo_situacao": "", "situacao_especial": "", "data_situacao_especial": "", "capital_social": "0.00", "extra": {}, "billing": {"free": false, "database": false}}