{"atividade_principal": [{"text": "Fabrica\u00e7\u00e3o de estruturas met\u00e1licas", "code": "25.11-0-00"}], "data_situacao": "03/11/2005", "complemento": "LOTE P", "nome": "SPIL ESTRUTURAS METALICAS E CONSTRUCOES LTDA", "uf": "SP", "telefone": "(15) 3278-9040", "email": "flavio@spil.com.br", "atividades_secundarias": [{"text": "Fabrica\u00e7\u00e3o de esquadrias de metal", "code": "25.12-8-00"}, {"text": "Fabrica\u00e7\u00e3o de outros produtos de metal n\u00e3o especificados anteriormente", "code": "25.99-3-99"}, {"text": "Fabrica\u00e7\u00e3o de pain\u00e9is e letreiros luminosos", "code": "32.99-0-04"}, {"text": "Obras de urbaniza\u00e7\u00e3o - ruas, pra\u00e7as e cal\u00e7adas", "code": "42.13-8-00"}, {"text": "Montagem de estruturas met\u00e1licas", "code": "42.92-8-01"}, {"text": "Com\u00e9rcio varejista de materiais de constru\u00e7\u00e3o n\u00e3o especificados anteriormente", "code": "47.44-0-05"}], "qsa": [{"qual": "49-S\u00f3cio-Administrador", "nome": "ANDRE LUIZ DO AMARAL"}, {"qual": "49-S\u00f3cio-Administrador", "nome": "CELIA REGINA DE OLIVEIRA AMARAL"}], "situacao": "ATIVA", "bairro": "ZONA INDUSTRIAL", "logradouro": "AV ANTONIO LACERDA", "numero": "955", "cep": "18.185-000", "municipio": "PILAR DO SUL", "porte": "EMPRESA DE PEQUENO PORTE", "abertura": "25/04/1997", "natureza_juridica": "206-2 - Sociedade Empres\u00e1ria Limitada", "cnpj": "02.120.853/0001-92", "ultima_atualizacao": "2020-02-08T01:01:07.182Z", "status": "OK", "tipo": "MATRIZ", "fantasia": "", "efr": "", "motivo_situacao": "", "situacao_especial": "", "data_situacao_especial": "", "capital_social": "1600000.00", "extra": {}, "billing": {"free": false, "database": true}}