{"atividade_principal": [{"text": "Com\u00e9rcio atacadista de instrumentos e materiais para uso m\u00e9dico, cir\u00fargico, hospitalar e de laborat\u00f3rios", "code": "46.45-1-01"}], "data_situacao": "27/08/2005", "nome": "ENZIPHARMA PRODUTOS MEDICOS E LABORATORIAIS LTDA", "uf": "RJ", "telefone": "(21) 2713-4040", "email": "enzipharma@enzipharma.com.br", "atividades_secundarias": [{"text": "Com\u00e9rcio atacadista de m\u00e1quinas, aparelhos e equipamentos para uso odonto-m\u00e9dico-hospitalar; partes e pe\u00e7as", "code": "46.64-8-00"}, {"text": "Instala\u00e7\u00e3o de m\u00e1quinas e equipamentos industriais", "code": "33.21-0-00"}, {"text": "Manuten\u00e7\u00e3o e repara\u00e7\u00e3o de aparelhos eletrom\u00e9dicos e eletroterap\u00eauticos e equipamentos de irradia\u00e7\u00e3o", "code": "33.12-1-03"}, {"text": "Aluguel de equipamentos cient\u00edficos, m\u00e9dicos e hospitalares, sem operador", "code": "77.39-0-02"}], "qsa": [{"qual": "49-S\u00f3cio-Administrador", "nome": "WELLINGTON GONCALVES CRUZEIRO"}, {"qual": "49-S\u00f3cio-Administrador", "nome": "ALLAN KARDECK LOPES MANHAES"}, {"qual": "49-S\u00f3cio-Administrador", "nome": "WILTON DO CARMO LESSA"}], "situacao": "ATIVA", "bairro": "MUTUA", "logradouro": "R JOAQUIM SALVADOR", "numero": "138", "cep": "24.460-570", "municipio": "SAO GONCALO", "porte": "DEMAIS", "abertura": "31/12/1997", "natureza_juridica": "206-2 - Sociedade Empres\u00e1ria Limitada", "fantasia": "ENZIPHARMA", "cnpj": "02.314.108/0001-84", "ultima_atualizacao": "2020-02-07T23:56:46.247Z", "status": "OK", "tipo": "MATRIZ", "complemento": "", "efr": "", "motivo_situacao": "", "situacao_especial": "", "data_situacao_especial": "", "capital_social": "510000.00", "extra": {}, "billing": {"free": false, "database": true}}