{"data_situacao": "28/11/2018", "motivo_situacao": "OMISSAO DE DECLARACOES", "nome": "MARROKE MANUTENCAO INDUSTRIAL LTDA", "qsa": [{"qual": "49-S\u00f3cio-Administrador", "nome": "JANIANE NUNES SOARES PEIXOTO"}, {"qual": "49-S\u00f3cio-Administrador", "nome": "FABIO PEIXOTO BARBOSA"}], "situacao": "INAPTA", "porte": "EMPRESA DE PEQUENO PORTE", "abertura": "29/01/1998", "natureza_juridica": "206-2 - Sociedade Empres\u00e1ria Limitada", "cnpj": "02.351.580/0001-97", "ultima_atualizacao": "2020-02-08T00:51:11.133Z", "status": "OK", "tipo": "MATRIZ", "fantasia": "", "logradouro": "", "numero": "", "complemento": "", "cep": "", "bairro": "", "municipio": "", "uf": "", "email": "", "telefone": "", "efr": "", "situacao_especial": "", "data_situacao_especial": "", "atividade_principal": [{"code": "00.00-0-00", "text": "********"}], "atividades_secundarias": [{"code": "00.00-0-00", "text": "N\u00e3o informada"}], "capital_social": "0.00", "extra": {}, "billing": {"free": false, "database": true}}