{"atividade_principal": [{"text": "Fabrica\u00e7\u00e3o de mobili\u00e1rio para uso m\u00e9dico, cir\u00fargico, odontol\u00f3gico e de laborat\u00f3rio", "code": "32.50-7-02"}], "data_situacao": "16/07/2005", "nome": "R.C - MOVEIS LTDA", "uf": "SP", "telefone": "(19) 2119-9000", "email": "rcmoveis@rcmoveis.com.br", "atividades_secundarias": [{"text": "Manuten\u00e7\u00e3o e repara\u00e7\u00e3o de m\u00e1quinas e equipamentos para uso geral n\u00e3o especificados anteriormente", "code": "33.14-7-10"}, {"text": "Fabrica\u00e7\u00e3o de m\u00f3veis com predomin\u00e2ncia de madeira", "code": "31.01-2-00"}, {"text": "Servi\u00e7os de montagem de m\u00f3veis de qualquer material", "code": "33.29-5-01"}, {"text": "Fabrica\u00e7\u00e3o de m\u00f3veis com predomin\u00e2ncia de metal", "code": "31.02-1-00"}, {"text": "Fabrica\u00e7\u00e3o de artefatos para pesca e esporte", "code": "32.30-2-00"}, {"text": "Com\u00e9rcio atacadista de m\u00f3veis e artigos de colchoaria", "code": "46.49-4-04"}, {"text": "Transporte rodovi\u00e1rio de carga, exceto produtos perigosos e mudan\u00e7as, intermunicipal, interestadual e internacional", "code": "49.30-2-02"}, {"text": "Transporte rodovi\u00e1rio de mudan\u00e7as", "code": "49.30-2-04"}, {"text": "Com\u00e9rcio atacadista de m\u00e1quinas, aparelhos e equipamentos para uso odonto-m\u00e9dico-hospitalar; partes e pe\u00e7as", "code": "46.64-8-00"}, {"text": "Com\u00e9rcio atacadista de instrumentos e materiais para uso m\u00e9dico, cir\u00fargico, hospitalar e de laborat\u00f3rios", "code": "46.45-1-01"}, {"text": "Com\u00e9rcio atacadista de outras m\u00e1quinas e equipamentos n\u00e3o especificados anteriormente; partes e pe\u00e7as", "code": "46.69-9-99"}, {"text": "Com\u00e9rcio varejista de outros produtos n\u00e3o especificados anteriormente", "code": "47.89-0-99"}, {"text": "Aluguel de equipamentos cient\u00edficos, m\u00e9dicos e hospitalares, sem operador", "code": "77.39-0-02"}, {"text": "Aluguel de material m\u00e9dico", "code": "77.29-2-03"}, {"text": "Fabrica\u00e7\u00e3o de artefatos de material pl\u00e1stico para outros usos n\u00e3o especificados anteriormente", "code": "22.29-3-99"}, {"text": "Servi\u00e7os de usinagem, tornearia e solda", "code": "25.39-0-01"}], "qsa": [{"qual": "49-S\u00f3cio-Administrador", "nome": "JOSE RICARDO CORREA"}, {"qual": "49-S\u00f3cio-Administrador", "nome": "CLELIA MACHADO PINTO CORREA"}], "situacao": "ATIVA", "bairro": "DISTRITO INDUSTRIAL", "logradouro": "AV MOISES FORTI", "numero": "1230", "cep": "13.360-000", "municipio": "CAPIVARI", "porte": "DEMAIS", "abertura": "26/02/1998", "natureza_juridica": "206-2 - Sociedade Empres\u00e1ria Limitada", "fantasia": "R.C. MOVEIS HOSPITALARES.", "cnpj": "02.377.937/0001-06", "ultima_atualizacao": "2020-02-08T04:54:53.683Z", "status": "OK", "tipo": "MATRIZ", "complemento": "", "efr": "", "motivo_situacao": "", "situacao_especial": "", "data_situacao_especial": "", "capital_social": "5000000.00", "extra": {}, "billing": {"free": false, "database": false}}