{"atividade_principal": [{"text": "Treinamento em desenvolvimento profissional e gerencial", "code": "85.99-6-04"}], "data_situacao": "24/12/2004", "complemento": "EDIF BARAO DO RIO BRANCO ANDAR 4", "nome": "FUNDACAO BRASILEIRA DE CONTABILIDADE", "uf": "DF", "telefone": "(61) 3246-7120/ (61) 3246-7126", "email": "fbc@fbc.org.br", "qsa": [{"qual": "16-Presidente", "nome": "ADEILDO OSORIO DE OLIVEIRA"}], "situacao": "ATIVA", "bairro": "SETOR DE INDUSTRIA GRAFICO", "logradouro": "ST QUADRA 01 LOTE 495/505/515 - SALAO", "numero": "001", "cep": "70.610-410", "municipio": "BRASILIA", "porte": "DEMAIS", "abertura": "24/03/1998", "natureza_juridica": "306-9 - Funda\u00e7\u00e3o Privada", "cnpj": "02.428.413/0001-05", "ultima_atualizacao": "2020-02-08T03:53:30.403Z", "status": "OK", "tipo": "MATRIZ", "fantasia": "", "efr": "", "motivo_situacao": "", "situacao_especial": "", "data_situacao_especial": "", "atividades_secundarias": [{"code": "00.00-0-00", "text": "N\u00e3o informada"}], "capital_social": "0.00", "extra": {}, "billing": {"free": false, "database": false}}