{"atividade_principal": [{"text": "Com\u00e9rcio atacadista de medicamentos e drogas de uso humano", "code": "46.44-3-01"}], "data_situacao": "23/12/2000", "nome": "HELP FARMA PRODUTOS FARMACEUTICOS EIRELI", "uf": "MG", "telefone": "(31) 3235-8500/ (31) 3235-8531", "email": "legalizacao@informaticacontabil.com.br", "atividades_secundarias": [{"text": "Com\u00e9rcio atacadista de instrumentos e materiais para uso m\u00e9dico, cir\u00fargico, hospitalar e de laborat\u00f3rios", "code": "46.45-1-01"}, {"text": "Organiza\u00e7\u00e3o log\u00edstica do transporte de carga", "code": "52.50-8-04"}, {"text": "Atividades de consultoria em gest\u00e3o empresarial, exceto consultoria t\u00e9cnica espec\u00edfica", "code": "70.20-4-00"}, {"text": "Outras atividades de publicidade n\u00e3o especificadas anteriormente", "code": "73.19-0-99"}, {"text": "Outras atividades de servi\u00e7os prestados principalmente \u00e0s empresas n\u00e3o especificadas anteriormente", "code": "82.99-7-99"}, {"text": "Atividades de apoio \u00e0 gest\u00e3o de sa\u00fade", "code": "86.60-7-00"}], "qsa": [{"qual": "65-Titular Pessoa F\u00edsica Residente ou Domiciliado no Brasil", "nome": "FERNANDO JOSE DE CASTRO"}], "situacao": "ATIVA", "bairro": "CASTELO", "logradouro": "AV PRESIDENTE TANCREDO NEVES", "numero": "3489", "cep": "31.330-430", "municipio": "BELO HORIZONTE", "porte": "DEMAIS", "abertura": "02/04/1998", "natureza_juridica": "230-5 - Empresa Individual de Responsabilidade Limitada (de Natureza Empres\u00e1ria)", "cnpj": "02.460.736/0001-78", "ultima_atualizacao": "2020-02-07T23:11:50.775Z", "status": "OK", "tipo": "MATRIZ", "fantasia": "", "complemento": "", "efr": "", "motivo_situacao": "", "situacao_especial": "", "data_situacao_especial": "", "capital_social": "2985000.00", "extra": {}, "billing": {"free": false, "database": true}}