{"atividade_principal": [{"text": "Com\u00e9rcio varejista de materiais de constru\u00e7\u00e3o n\u00e3o especificados anteriormente", "code": "47.44-0-05"}], "data_situacao": "03/11/2005", "nome": "SAO JORGE DE MACAE MATERIAL DE CONSTRUCAO E TRANSPORTE RODOVIARIO DE CARGA LTDA", "uf": "RJ", "telefone": "(22) 2762-9929", "atividades_secundarias": [{"text": "Transporte rodovi\u00e1rio de carga, exceto produtos perigosos e mudan\u00e7as, municipal", "code": "49.30-2-01"}], "qsa": [{"qual": "49-S\u00f3cio-Administrador", "nome": "MARCIO RODRIGUES DA COSTA"}, {"qual": "22-S\u00f3cio", "nome": "LUIZMAR DE ASSIS"}], "situacao": "ATIVA", "bairro": "LAGOA FAZENDA SAO JOSE DO MUTUM", "logradouro": "R ISRAEL GONCALVES RIBEIRO", "numero": "125", "cep": "27.910-000", "municipio": "MACAE", "porte": "MICRO EMPRESA", "abertura": "27/05/1998", "natureza_juridica": "206-2 - Sociedade Empres\u00e1ria Limitada", "cnpj": "02.607.758/0001-18", "ultima_atualizacao": "2020-02-07T23:36:44.518Z", "status": "OK", "tipo": "MATRIZ", "fantasia": "", "complemento": "", "email": "", "efr": "", "motivo_situacao": "", "situacao_especial": "", "data_situacao_especial": "", "capital_social": "400000.00", "extra": {}, "billing": {"free": false, "database": true}}