{"atividade_principal": [{"text": "Regula\u00e7\u00e3o das atividades econ\u00f4micas", "code": "84.13-2-00"}], "data_situacao": "02/10/1998", "complemento": "ANDAR: BLOCO H;", "nome": "FUNDO DE FISCALIZACAO DAS TELECOMUNICACOES", "efr": "UNI\u00c3O", "uf": "DF", "telefone": "(61) 2312-2134/ (61) 2312-1953", "email": "catty@anatel.gov.br", "situacao": "ATIVA", "bairro": "ASA SUL", "logradouro": "Q SAUS QUADRA 6 BLOCOS C,E,F E H", "numero": "10", "cep": "70.070-940", "municipio": "BRASILIA", "porte": "DEMAIS", "abertura": "02/10/1998", "natureza_juridica": "131-7 - Fundo P\u00fablico da Administra\u00e7\u00e3o Direta Federal", "fantasia": "FISTEL", "cnpj": "02.772.704/0001-08", "ultima_atualizacao": "2020-02-08T05:14:48.470Z", "status": "OK", "tipo": "MATRIZ", "motivo_situacao": "", "situacao_especial": "", "data_situacao_especial": "", "atividades_secundarias": [{"code": "00.00-0-00", "text": "N\u00e3o informada"}], "capital_social": "0.00", "qsa": [], "extra": {}, "billing": {"free": false, "database": false}}