{"atividade_principal": [{"text": "Comercio varejista de artigos de cama, mesa e banho", "code": "47.55-5-03"}], "data_situacao": "26/12/2003", "complemento": "LOJA 210 BLOCO 4", "nome": "KANARO ARTIGOS DE CAMA, MESA E BANHO LTDA", "uf": "RJ", "qsa": [{"qual": "49-S\u00f3cio-Administrador", "nome": "KATIA SAD ABRAHAO"}, {"qual": "49-S\u00f3cio-Administrador", "nome": "ROSANA SAD ABRAHAO"}], "situacao": "ATIVA", "bairro": "BARRA DA TIJUCA", "logradouro": "AV DAS AMERICAS", "numero": "3.120", "cep": "22.640-102", "municipio": "RIO DE JANEIRO", "porte": "EMPRESA DE PEQUENO PORTE", "abertura": "15/09/1998", "natureza_juridica": "206-2 - Sociedade Empres\u00e1ria Limitada", "cnpj": "02.812.282/0001-57", "ultima_atualizacao": "2020-02-08T05:02:04.879Z", "status": "OK", "tipo": "MATRIZ", "fantasia": "", "email": "", "telefone": "", "efr": "", "motivo_situacao": "", "situacao_especial": "", "data_situacao_especial": "", "atividades_secundarias": [{"code": "00.00-0-00", "text": "N\u00e3o informada"}], "capital_social": "130000.00", "extra": {}, "billing": {"free": false, "database": false}}