{"atividade_principal": [{"text": "Com\u00e9rcio varejista de tintas e materiais para pintura", "code": "47.41-5-00"}], "data_situacao": "22/11/2013", "nome": "M. DA CONCEICAO TINTAS LTDA", "uf": "RJ", "telefone": "(22) 2643-5011", "atividades_secundarias": [{"text": "Com\u00e9rcio varejista de materiais de constru\u00e7\u00e3o em geral", "code": "47.44-0-99"}], "situacao": "ATIVA", "bairro": "ALTO DOS CAJUEIROS", "logradouro": "R TEIXEIRA DE GOUVEA", "numero": "1917", "cep": "27.916-000", "municipio": "MACAE", "porte": "MICRO EMPRESA", "abertura": "22/11/2013", "natureza_juridica": "206-2 - Sociedade Empres\u00e1ria Limitada", "fantasia": "CASA DAS TINTAS MACAE", "cnpj": "02.813.983/0005-34", "ultima_atualizacao": "2020-02-08T05:14:12.203Z", "status": "OK", "tipo": "FILIAL", "complemento": "", "email": "", "efr": "", "motivo_situacao": "", "situacao_especial": "", "data_situacao_especial": "", "capital_social": "0.00", "qsa": [], "extra": {}, "billing": {"free": false, "database": false}}