{"atividade_principal": [{"text": "Atividades de associa\u00e7\u00f5es de defesa de direitos sociais", "code": "94.30-8-00"}], "data_situacao": "03/11/2005", "nome": "ASSOCIACAO NACIONAL DE ENTIDADES DE PREVIDENCIA DE ESTADOS E MUNICIPIOS - ANEPREM", "uf": "ES", "telefone": "(27) 3025-4016/ (27) 8816-6978", "email": "hrrangel@ipamv.org.br", "qsa": [{"qual": "16-Presidente", "nome": "HELIOMAR SANTOS"}], "situacao": "ATIVA", "bairro": "BENTO FERREIRA", "logradouro": "R CHAFIC MURAD", "numero": "712", "cep": "29.050-660", "municipio": "VITORIA", "porte": "DEMAIS", "abertura": "27/11/1998", "natureza_juridica": "399-9 - Associa\u00e7\u00e3o Privada", "cnpj": "02.869.624/0001-75", "ultima_atualizacao": "2020-02-08T04:47:52.428Z", "status": "OK", "tipo": "MATRIZ", "fantasia": "", "complemento": "", "efr": "", "motivo_situacao": "", "situacao_especial": "", "data_situacao_especial": "", "atividades_secundarias": [{"code": "00.00-0-00", "text": "N\u00e3o informada"}], "capital_social": "0.00", "extra": {}, "billing": {"free": false, "database": false}}