{"atividade_principal": [{"text": "Com\u00e9rcio varejista de cosm\u00e9ticos, produtos de perfumaria e de higiene pessoal", "code": "47.72-5-00"}], "data_situacao": "03/11/2005", "nome": "MACAE COSMETICOS ELE E ELA LTDA", "uf": "RJ", "telefone": "(22) 2762-3575", "email": "garciacontabil@hotmail.com", "atividades_secundarias": [{"text": "Atividades de est\u00e9tica e outros servi\u00e7os de cuidados com a beleza", "code": "96.02-5-02"}, {"text": "Cabeleireiros, manicure e pedicure", "code": "96.02-5-01"}, {"text": "Com\u00e9rcio varejista de artigos esportivos", "code": "47.63-6-02"}, {"text": "Com\u00e9rcio varejista de m\u00f3veis", "code": "47.54-7-01"}], "qsa": [{"qual": "49-S\u00f3cio-Administrador", "nome": "JOEL VIEIRA SOARES"}, {"qual": "49-S\u00f3cio-Administrador", "nome": "ROSIMERE FERREIRA LOPES SOARES"}], "situacao": "ATIVA", "bairro": "CENTRO", "logradouro": "R MARECHAL DEODORO", "numero": "133", "cep": "27.910-310", "municipio": "MACAE", "porte": "EMPRESA DE PEQUENO PORTE", "abertura": "09/12/1998", "natureza_juridica": "206-2 - Sociedade Empres\u00e1ria Limitada", "fantasia": "ELE E ELA COSMETICO", "cnpj": "02.923.136/0001-07", "ultima_atualizacao": "2020-02-08T04:12:07.425Z", "status": "OK", "tipo": "MATRIZ", "complemento": "", "efr": "", "motivo_situacao": "", "situacao_especial": "", "data_situacao_especial": "", "capital_social": "30000.00", "extra": {}, "billing": {"free": false, "database": false}}