{"atividade_principal": [{"text": "Com\u00e9rcio varejista de discos, CDs, DVDs e fitas", "code": "47.62-8-00"}], "data_situacao": "20/08/2005", "nome": "IVAN GERALDO GRANDI", "uf": "SP", "atividades_secundarias": [{"text": "Com\u00e9rcio varejista de outros produtos n\u00e3o especificados anteriormente", "code": "47.89-0-99"}, {"text": "Com\u00e9rcio varejista de artigos esportivos", "code": "47.63-6-02"}, {"text": "Outras atividades de servi\u00e7os pessoais n\u00e3o especificadas anteriormente", "code": "96.09-2-99"}, {"text": "Filmagem de festas e eventos", "code": "74.20-0-04"}, {"text": "Atividades de produ\u00e7\u00e3o de fotografias, exceto a\u00e9rea e submarina", "code": "74.20-0-01"}, {"text": "Aluguel de m\u00e1quinas e equipamentos para escrit\u00f3rios", "code": "77.33-1-00"}, {"text": "Aluguel de outras m\u00e1quinas e equipamentos comerciais e industriais n\u00e3o especificados anteriormente, sem operador", "code": "77.39-0-99"}, {"text": "Aplica\u00e7\u00e3o de revestimentos e de resinas em interiores e exteriores", "code": "43.30-4-05"}], "situacao": "ATIVA", "bairro": "SANTANA", "logradouro": "R JOAO BIZARRO GABIZO", "numero": "21", "cep": "02.038-040", "municipio": "SAO PAULO", "porte": "MICRO EMPRESA", "abertura": "24/06/1999", "natureza_juridica": "213-5 - Empres\u00e1rio (Individual)", "cnpj": "03.243.665/0001-14", "ultima_atualizacao": "2020-02-07T12:12:57.820Z", "status": "OK", "tipo": "MATRIZ", "fantasia": "", "complemento": "", "email": "", "telefone": "", "efr": "", "motivo_situacao": "", "situacao_especial": "", "data_situacao_especial": "", "capital_social": "0.00", "qsa": [], "extra": {}, "billing": {"free": false, "database": true}}