{"atividade_principal": [{"text": "Com\u00e9rcio atacadista de mercadorias em geral, com predomin\u00e2ncia de insumos agropecu\u00e1rios", "code": "46.92-3-00"}], "data_situacao": "24/09/2004", "complemento": "BAIXOS", "nome": "SEM LIMITES AGROPECUARIA EIRELI", "uf": "RJ", "atividades_secundarias": [{"text": "Servi\u00e7o de pulveriza\u00e7\u00e3o e controle de pragas agr\u00edcolas", "code": "01.61-0-01"}, {"text": "Atividades de apoio \u00e0 agricultura n\u00e3o especificadas anteriormente", "code": "01.61-0-99"}, {"text": "Obras de irriga\u00e7\u00e3o", "code": "42.22-7-02"}, {"text": "Obras de acabamento em gesso e estuque", "code": "43.30-4-03"}, {"text": "Obras de funda\u00e7\u00f5es", "code": "43.91-6-00"}, {"text": "Servi\u00e7os de opera\u00e7\u00e3o e fornecimento de equipamentos para transporte e eleva\u00e7\u00e3o de cargas e pessoas para uso em obras", "code": "43.99-1-04"}, {"text": "Com\u00e9rcio a varejo de pe\u00e7as e acess\u00f3rios novos para ve\u00edculos automotores", "code": "45.30-7-03"}, {"text": "Com\u00e9rcio a varejo de pneum\u00e1ticos e c\u00e2maras-de-ar", "code": "45.30-7-05"}, {"text": "Com\u00e9rcio a varejo de motocicletas e motonetas novas", "code": "45.41-2-03"}, {"text": "Com\u00e9rcio a varejo de pe\u00e7as e acess\u00f3rios novos para  motocicletas e motonetas", "code": "45.41-2-06"}, {"text": "Com\u00e9rcio atacadista de sementes, flores, plantas e gramas", "code": "46.23-1-06"}, {"text": "Com\u00e9rcio atacadista de roupas e acess\u00f3rios para uso profissional e de seguran\u00e7a do trabalho", "code": "46.42-7-02"}, {"text": "Com\u00e9rcio atacadista de medicamentos e drogas de uso veterin\u00e1rio", "code": "46.44-3-02"}, {"text": "Com\u00e9rcio atacadista de instrumentos e materiais para uso m\u00e9dico, cir\u00fargico, hospitalar e de laborat\u00f3rios", "code": "46.45-1-01"}, {"text": "Com\u00e9rcio atacadista de m\u00e1quinas, aparelhos e equipamentos para uso agropecu\u00e1rio; partes e pe\u00e7as", "code": "46.61-3-00"}, {"text": "Com\u00e9rcio atacadista de M\u00e1quinas e equipamentos para uso industrial; partes e pe\u00e7as", "code": "46.63-0-00"}, {"text": "Com\u00e9rcio atacadista de madeira e produtos derivados", "code": "46.71-1-00"}, {"text": "Com\u00e9rcio atacadista de defensivos agr\u00edcolas, adubos, fertilizantes e corretivos do solo", "code": "46.83-4-00"}, {"text": "Com\u00e9rcio varejista de lubrificantes", "code": "47.32-6-00"}, {"text": "Com\u00e9rcio varejista de material el\u00e9trico", "code": "47.42-3-00"}, {"text": "Com\u00e9rcio varejista de ferragens e ferramentas", "code": "47.44-0-01"}, {"text": "Com\u00e9rcio varejista de madeira e artefatos", "code": "47.44-0-02"}, {"text": "Com\u00e9rcio varejista de materiais hidr\u00e1ulicos", "code": "47.44-0-03"}, {"text": "Com\u00e9rcio varejista de materiais de constru\u00e7\u00e3o em geral", "code": "47.44-0-99"}, {"text": "Com\u00e9rcio varejista especializado de equipamentos e suprimentos de inform\u00e1tica", "code": "47.51-2-01"}, {"text": "Com\u00e9rcio varejista especializado de eletrodom\u00e9sticos e equipamentos de \u00e1udio e v\u00eddeo", "code": "47.53-9-00"}, {"text": "Com\u00e9rcio varejista de m\u00f3veis", "code": "47.54-7-01"}, {"text": "Com\u00e9rcio varejista de artigos de tape\u00e7aria, cortinas e persianas", "code": "47.59-8-01"}, {"text": "Com\u00e9rcio varejista de outros artigos de uso pessoal e dom\u00e9stico n\u00e3o especificados anteriormente", "code": "47.59-8-99"}, {"text": "Com\u00e9rcio varejista de livros", "code": "47.61-0-01"}, {"text": "Com\u00e9rcio varejista de artigos de papelaria", "code": "47.61-0-03"}, {"text": "Com\u00e9rcio varejista de bicicletas e triciclos; pe\u00e7as e acess\u00f3rios", "code": "47.63-6-03"}, {"text": "Com\u00e9rcio varejista de embarca\u00e7\u00f5es e outros ve\u00edculos recreativos; pe\u00e7as e acess\u00f3rios", "code": "47.63-6-05"}, {"text": "Com\u00e9rcio varejista de medicamentos veterin\u00e1rios", "code": "47.71-7-04"}, {"text": "Com\u00e9rcio varejista de artigos do vestu\u00e1rio e acess\u00f3rios", "code": "47.81-4-00"}, {"text": "Com\u00e9rcio varejista de produtos saneantes domissanit\u00e1rios", "code": "47.89-0-05"}, {"text": "Atividades veterin\u00e1rias", "code": "75.00-1-00"}, {"text": "Imuniza\u00e7\u00e3o e controle de pragas urbanas", "code": "81.22-2-00"}], "qsa": [{"qual": "65-Titular Pessoa F\u00edsica Residente ou Domiciliado no Brasil", "nome": "JOSE ALCIDES DE OLIVEIRA"}], "situacao": "ATIVA", "bairro": "PECUARIA", "logradouro": "AV PRESIDENTE VARGAS", "numero": "80", "cep": "28.053-100", "municipio": "CAMPOS DOS GOYTACAZES", "porte": "EMPRESA DE PEQUENO PORTE", "abertura": "25/08/1999", "natureza_juridica": "230-5 - Empresa Individual de Responsabilidade Limitada (de Natureza Empres\u00e1ria)", "fantasia": "SEM LIMITES AGROPECUARIA", "cnpj": "03.374.787/0001-40", "ultima_atualizacao": "2020-02-08T00:54:56.103Z", "status": "OK", "tipo": "MATRIZ", "email": "", "telefone": "", "efr": "", "motivo_situacao": "", "situacao_especial": "", "data_situacao_especial": "", "capital_social": "250000.00", "extra": {}, "billing": {"free": false, "database": true}}