{"atividade_principal": [{"text": "Administra\u00e7\u00e3o p\u00fablica em geral", "code": "84.11-6-00"}], "data_situacao": "25/06/1999", "nome": "INSTITUTO DE PREV. DOS SERVIDORES DO MUNICIPIO DE CAMPOS DOS GOITACAZES", "efr": "MUNIC\u00cdPIO DE CAMPOS DOS GOYTACAZES", "uf": "RJ", "situacao": "ATIVA", "bairro": "CENTRO", "logradouro": "AV ALBERTO TORRES", "numero": "173", "cep": "28.035-582", "municipio": "CAMPOS DOS GOYTACAZES", "porte": "DEMAIS", "abertura": "25/06/1999", "natureza_juridica": "112-0 - Autarquia Municipal", "fantasia": "PREVICAMPOS", "cnpj": "03.388.502/0001-20", "ultima_atualizacao": "2020-02-07T22:57:16.000Z", "status": "OK", "tipo": "MATRIZ", "complemento": "", "email": "", "telefone": "", "motivo_situacao": "", "situacao_especial": "", "data_situacao_especial": "", "atividades_secundarias": [{"code": "00.00-0-00", "text": "N\u00e3o informada"}], "capital_social": "0.00", "qsa": [], "extra": {}, "billing": {"free": false, "database": true}}