{"atividade_principal": [{"text": "Com\u00e9rcio varejista de materiais de constru\u00e7\u00e3o em geral", "code": "47.44-0-99"}], "data_situacao": "08/04/2001", "complemento": "LOJA 02 04 PRED DA MAUT", "nome": "S T IRAJA AGRICOLA LTDA", "uf": "RJ", "telefone": "(21) 2488-1204/ (21) 2488-1089", "email": "comercial@futurofertil.com.br", "atividades_secundarias": [{"text": "Com\u00e9rcio atacadista de medicamentos e drogas de uso veterin\u00e1rio", "code": "46.44-3-02"}, {"text": "Com\u00e9rcio atacadista de produtos de higiene, limpeza e conserva\u00e7\u00e3o domiciliar", "code": "46.49-4-08"}, {"text": "Com\u00e9rcio atacadista de outros equipamentos e artigos de uso pessoal e dom\u00e9stico n\u00e3o especificados anteriormente", "code": "46.49-4-99"}, {"text": "Com\u00e9rcio atacadista de ferragens e ferramentas", "code": "46.72-9-00"}, {"text": "Com\u00e9rcio atacadista especializado de materiais de constru\u00e7\u00e3o n\u00e3o especificados anteriormente", "code": "46.79-6-04"}, {"text": "Com\u00e9rcio atacadista de defensivos agr\u00edcolas, adubos, fertilizantes e corretivos do solo", "code": "46.83-4-00"}, {"text": "Com\u00e9rcio varejista de ferragens e ferramentas", "code": "47.44-0-01"}, {"text": "Com\u00e9rcio varejista de medicamentos veterin\u00e1rios", "code": "47.71-7-04"}, {"text": "Com\u00e9rcio varejista de animais vivos e de artigos e alimentos para animais de estima\u00e7\u00e3o", "code": "47.89-0-04"}, {"text": "Com\u00e9rcio varejista de outros produtos n\u00e3o especificados anteriormente", "code": "47.89-0-99"}], "qsa": [{"qual": "49-S\u00f3cio-Administrador", "nome": "CLEBER TAVARES DOS SANTOS"}, {"qual": "49-S\u00f3cio-Administrador", "nome": "NILZA FELIX DE ALMEIDA"}], "situacao": "ATIVA", "bairro": "COELHO NETO", "logradouro": "AV BRASIL", "numero": "19001", "cep": "21.530-001", "municipio": "RIO DE JANEIRO", "porte": "DEMAIS", "abertura": "10/02/2000", "natureza_juridica": "206-2 - Sociedade Empres\u00e1ria Limitada", "fantasia": "FUTURO FERTIL", "cnpj": "03.656.245/0001-60", "ultima_atualizacao": "2020-02-08T04:53:36.036Z", "status": "OK", "tipo": "MATRIZ", "efr": "", "motivo_situacao": "", "situacao_especial": "", "data_situacao_especial": "", "capital_social": "1000000.00", "extra": {}, "billing": {"free": false, "database": false}}