{"atividade_principal": [{"text": "Fabrica\u00e7\u00e3o de outras m\u00e1quinas e equipamentos de uso geral n\u00e3o especificados anteriormente, pe\u00e7as e acess\u00f3rios", "code": "28.29-1-99"}], "data_situacao": "03/06/2003", "complemento": "QUADRA W", "nome": "INTERTANK - INDUSTRIA, COMERCIO E SERVICOS LTDA.", "uf": "RJ", "atividades_secundarias": [{"text": "Manuten\u00e7\u00e3o e repara\u00e7\u00e3o de aparelhos e instrumentos de medida, teste e controle", "code": "33.12-1-02"}, {"text": "Manuten\u00e7\u00e3o e repara\u00e7\u00e3o de m\u00e1quinas e equipamentos para uso geral n\u00e3o especificados anteriormente", "code": "33.14-7-10"}, {"text": "Aluguel de outras m\u00e1quinas e equipamentos comerciais e industriais n\u00e3o especificados anteriormente, sem operador", "code": "77.39-0-99"}, {"text": "Dep\u00f3sitos de mercadorias para terceiros, exceto armaz\u00e9ns gerais e guarda-m\u00f3veis", "code": "52.11-7-99"}, {"text": "Outras atividades auxiliares dos transportes terrestres n\u00e3o especificadas anteriormente", "code": "52.29-0-99"}], "situacao": "ATIVA", "bairro": "NOVO CAVALEIROS", "logradouro": "LOTE 14, 15 E 16", "numero": "S/N", "cep": "27.937-590", "municipio": "MACAE", "porte": "DEMAIS", "abertura": "03/06/2003", "natureza_juridica": "206-2 - Sociedade Empres\u00e1ria Limitada", "fantasia": "INTERTANK", "cnpj": "03.716.531/0003-35", "ultima_atualizacao": "2020-02-08T04:04:58.661Z", "status": "OK", "tipo": "FILIAL", "email": "", "telefone": "", "efr": "", "motivo_situacao": "", "situacao_especial": "", "data_situacao_especial": "", "capital_social": "0.00", "qsa": [], "extra": {}, "billing": {"free": false, "database": false}}