{"atividade_principal": [{"text": "Com\u00e9rcio varejista de artigos m\u00e9dicos e ortop\u00e9dicos", "code": "47.73-3-00"}], "data_situacao": "12/03/2005", "complemento": "SALA: 102 A 104 /106 E 109; : 112 A 115 E 117;", "nome": "ENDO SUTURE COMERCIO E REPRESENTACOES LTDA", "uf": "RJ", "telefone": "(22) 3811-9250", "atividades_secundarias": [{"text": "Representantes comerciais e agentes do com\u00e9rcio de mercadorias em geral n\u00e3o especializado", "code": "46.19-2-00"}, {"text": "Aluguel de equipamentos cient\u00edficos, m\u00e9dicos e hospitalares, sem operador", "code": "77.39-0-02"}], "qsa": [{"qual": "49-S\u00f3cio-Administrador", "nome": "AMILTON MARQUES FERREIRA"}, {"qual": "49-S\u00f3cio-Administrador", "nome": "CRISTIANE DE AZEVEDO FERREIRA"}], "situacao": "ATIVA", "bairro": "CENTRO", "logradouro": "R RUI BARBOSA", "numero": "383", "cep": "28.300-000", "municipio": "ITAPERUNA", "porte": "DEMAIS", "abertura": "23/03/2000", "natureza_juridica": "206-2 - Sociedade Empres\u00e1ria Limitada", "fantasia": "ENDO SUTURE", "cnpj": "03.720.978/0001-16", "ultima_atualizacao": "2020-02-08T00:20:54.948Z", "status": "OK", "tipo": "MATRIZ", "email": "", "efr": "", "motivo_situacao": "", "situacao_especial": "", "data_situacao_especial": "", "capital_social": "200000.00", "extra": {}, "billing": {"free": false, "database": true}}