{"atividade_principal": [{"text": "Lavanderias", "code": "96.01-7-01"}], "data_situacao": "03/11/2005", "complemento": "LOJA", "nome": "CYNTHIA MATULIONES DE FARIA", "uf": "RJ", "telefone": "(24) 7725-436", "email": "castilhos@castelo.com.br", "atividades_secundarias": [{"text": "Tecelagem de fios de fibras artificiais e sint\u00e9ticas", "code": "13.23-5-00"}, {"text": "Fabrica\u00e7\u00e3o de artefatos t\u00eaxteis para uso dom\u00e9stico", "code": "13.51-1-00"}, {"text": "Confec\u00e7\u00e3o, sob medida, de pe\u00e7as do vestu\u00e1rio, exceto roupas \u00edntimas", "code": "14.12-6-02"}, {"text": "Confec\u00e7\u00e3o de roupas profissionais, exceto sob medida", "code": "14.13-4-01"}, {"text": "Fabrica\u00e7\u00e3o de roupas de prote\u00e7\u00e3o e seguran\u00e7a e resistentes a fogo", "code": "32.92-2-01"}, {"text": "Com\u00e9rcio atacadista de roupas e acess\u00f3rios para uso profissional e de seguran\u00e7a do trabalho", "code": "46.42-7-02"}], "qsa": [], "situacao": "ATIVA", "bairro": "CENTRO", "logradouro": "R ALBINO SOARES", "numero": "57", "cep": "27.913-050", "municipio": "MACAE", "porte": "MICRO EMPRESA", "abertura": "10/04/2000", "natureza_juridica": "213-5 - Empres\u00e1rio (Individual)", "fantasia": "LAVORO", "cnpj": "03.760.191/0001-88", "ultima_atualizacao": "2020-02-07T23:05:58.006Z", "status": "OK", "tipo": "MATRIZ", "efr": "", "motivo_situacao": "", "situacao_especial": "", "data_situacao_especial": "", "capital_social": "115000.00", "extra": {}, "billing": {"free": false, "database": true}}