{"atividade_principal": [{"text": "Atividade m\u00e9dica ambulatorial com recursos para realiza\u00e7\u00e3o de exames complementares", "code": "86.30-5-02"}], "data_situacao": "03/11/2005", "complemento": "SALA 402", "nome": "CLINICA MENTIS LTDA", "uf": "RJ", "telefone": "(21) 2510-3450", "email": "clinicamentis@gmail.com", "atividades_secundarias": [{"text": "Treinamento em desenvolvimento profissional e gerencial", "code": "85.99-6-04"}], "qsa": [{"qual": "49-S\u00f3cio-Administrador", "nome": "MARIA JOSE DE SOUSA CARVALHO"}, {"qual": "22-S\u00f3cio", "nome": "LOURIVAL ANDRADE GOMES"}], "situacao": "ATIVA", "bairro": "CENTRO", "logradouro": "R DO CARMO", "numero": "11", "cep": "20.011-020", "municipio": "RIO DE JANEIRO", "porte": "EMPRESA DE PEQUENO PORTE", "abertura": "08/05/2000", "natureza_juridica": "224-0 - Sociedade Simples Limitada", "cnpj": "03.801.947/0001-90", "ultima_atualizacao": "2020-02-08T04:58:42.798Z", "status": "OK", "tipo": "MATRIZ", "fantasia": "", "efr": "", "motivo_situacao": "", "situacao_especial": "", "data_situacao_especial": "", "capital_social": "3000.00", "extra": {}, "billing": {"free": false, "database": false}}