{"atividade_principal": [{"text": "Fabrica\u00e7\u00e3o de instrumentos n\u00e3o-eletr\u00f4nicos e utens\u00edlios para uso m\u00e9dico, cir\u00fargico, odontol\u00f3gico e de laborat\u00f3rio", "code": "32.50-7-01"}], "data_situacao": "03/11/2005", "nome": "RS MED LTDA", "uf": "MG", "atividades_secundarias": [{"text": "Com\u00e9rcio atacadista de instrumentos e materiais para uso m\u00e9dico, cir\u00fargico, hospitalar e de laborat\u00f3rios", "code": "46.45-1-01"}, {"text": "Com\u00e9rcio atacadista de m\u00e1quinas, aparelhos e equipamentos para uso odonto-m\u00e9dico-hospitalar; partes e pe\u00e7as", "code": "46.64-8-00"}], "qsa": [{"qual": "49-S\u00f3cio-Administrador", "nome": "MAURICIO NABUCO DE SENNA"}, {"qual": "49-S\u00f3cio-Administrador", "nome": "JOSE CARLOS PEREIRA DE OLIVEIRA"}], "situacao": "ATIVA", "bairro": "BONFIM", "logradouro": "R ABAETE", "numero": "526", "cep": "31.210-390", "municipio": "BELO HORIZONTE", "porte": "DEMAIS", "abertura": "26/05/2000", "natureza_juridica": "206-2 - Sociedade Empres\u00e1ria Limitada", "cnpj": "03.840.189/0001-19", "ultima_atualizacao": "2020-02-08T05:09:54.559Z", "status": "OK", "tipo": "MATRIZ", "fantasia": "", "complemento": "", "email": "", "telefone": "", "efr": "", "motivo_situacao": "", "situacao_especial": "", "data_situacao_especial": "", "capital_social": "300000.00", "extra": {}, "billing": {"free": false, "database": false}}