{"atividade_principal": [{"text": "Com\u00e9rcio a varejo de autom\u00f3veis, camionetas e utilit\u00e1rios novos", "code": "45.11-1-01"}], "data_situacao": "03/11/2005", "nome": "DIRIJA NITEROI - DISTRIBUIDORA DE VEICULOS EM RECUPERACAO JUDICIAL", "uf": "RJ", "telefone": "(21) 2263-8842", "atividades_secundarias": [{"text": "Com\u00e9rcio a varejo de autom\u00f3veis, camionetas e utilit\u00e1rios usados", "code": "45.11-1-02"}, {"text": "Servi\u00e7os de manuten\u00e7\u00e3o e repara\u00e7\u00e3o mec\u00e2nica de ve\u00edculos automotores", "code": "45.20-0-01"}, {"text": "Com\u00e9rcio a varejo de pe\u00e7as e acess\u00f3rios novos para ve\u00edculos automotores", "code": "45.30-7-03"}, {"text": "Administra\u00e7\u00e3o de cons\u00f3rcios para aquisi\u00e7\u00e3o de bens e direitos", "code": "64.93-0-00"}, {"text": "Outras atividades de servi\u00e7os financeiros n\u00e3o especificadas anteriormente", "code": "64.99-9-99"}, {"text": "Atividades de intermedia\u00e7\u00e3o e agenciamento de servi\u00e7os e neg\u00f3cios em geral, exceto imobili\u00e1rios", "code": "74.90-1-04"}], "qsa": [{"qual": "22-S\u00f3cio", "qual_rep_legal": "05-Administrador", "nome_rep_legal": "JOAO DO CARMO MONTEIRO MARTINS", "nome": "J.J. MARTINS PARTICIPACOES S.A. EM RECUPERACAO JUDICIAL"}, {"qual": "49-S\u00f3cio-Administrador", "nome": "JOAO DO CARMO MONTEIRO MARTINS"}, {"qual": "05-Administrador", "nome": "JAIME LUIZ MARTINS"}], "situacao": "ATIVA", "bairro": "SANTA BARBARA", "logradouro": "ROD AMARAL PEIXOTO", "numero": "3001", "situacao_especial": "RECUPERACAO JUDICIAL", "cep": "24.140-005", "municipio": "NITEROI", "porte": "DEMAIS", "abertura": "31/05/2000", "natureza_juridica": "206-2 - Sociedade Empres\u00e1ria Limitada", "data_situacao_especial": "15/20/2003", "cnpj": "03.850.067/0001-03", "ultima_atualizacao": "2020-02-08T04:17:57.039Z", "status": "OK", "tipo": "MATRIZ", "fantasia": "", "complemento": "", "email": "", "efr": "", "motivo_situacao": "", "capital_social": "6900000.00", "extra": {}, "billing": {"free": false, "database": false}}