{"atividade_principal": [{"text": "Outras atividades de ensino n\u00e3o especificadas anteriormente", "code": "85.99-6-99"}], "data_situacao": "14/07/2000", "nome": "CEAT-CENTRO DE ESTUDOS AVANCADOS E TREINAMENTO", "uf": "SP", "telefone": "(11) 3237-2033", "email": "sonia@ceatnet.com.br", "atividades_secundarias": [{"text": "Edi\u00e7\u00e3o de livros", "code": "58.11-5-00"}, {"text": "Com\u00e9rcio varejista de livros", "code": "47.61-0-01"}], "qsa": [{"qual": "16-Presidente", "nome": "SONIA MARIA SAMPAIO DE SOUSA"}], "situacao": "ATIVA", "bairro": "LIBERDADE", "logradouro": "R TEIXEIRA MENDES", "numero": "40", "cep": "01.517-010", "municipio": "SAO PAULO", "porte": "DEMAIS", "abertura": "14/07/2000", "natureza_juridica": "399-9 - Associa\u00e7\u00e3o Privada", "cnpj": "03.938.106/0001-29", "ultima_atualizacao": "2020-02-07T16:00:54.888Z", "status": "OK", "tipo": "MATRIZ", "fantasia": "", "complemento": "", "efr": "", "motivo_situacao": "", "situacao_especial": "", "data_situacao_especial": "", "capital_social": "0.00", "extra": {}, "billing": {"free": false, "database": true}}