{"atividade_principal": [{"text": "Impress\u00e3o de material para outros usos", "code": "18.13-0-99"}], "data_situacao": "03/11/2005", "nome": "F A S XAVIER", "uf": "RJ", "telefone": "(22) 2762-8853", "atividades_secundarias": [{"text": "Impress\u00e3o de material para uso publicit\u00e1rio", "code": "18.13-0-01"}, {"text": "Impress\u00e3o de livros, revistas e outras publica\u00e7\u00f5es peri\u00f3dicas", "code": "18.11-3-02"}], "qsa": [], "situacao": "ATIVA", "bairro": "CENTRO", "logradouro": "R VELHO CAMPOS", "numero": "23", "situacao_especial": "ESPOLIO DE EMPRESARIO, EMPRESA INDIVIDUAL OU EIRELI", "cep": "27.910-210", "municipio": "MACAE", "porte": "EMPRESA DE PEQUENO PORTE", "abertura": "24/07/2000", "natureza_juridica": "213-5 - Empres\u00e1rio (Individual)", "data_situacao_especial": "15/20/0308", "fantasia": "X GRAF K", "cnpj": "03.974.769/0001-07", "ultima_atualizacao": "2020-02-08T04:34:45.108Z", "status": "OK", "tipo": "MATRIZ", "complemento": "", "email": "", "efr": "", "motivo_situacao": "", "capital_social": "200000.00", "extra": {}, "billing": {"free": false, "database": false}}