{"atividade_principal": [{"text": "Com\u00e9rcio varejista de artigos do vestu\u00e1rio e acess\u00f3rios", "code": "47.81-4-00"}], "data_situacao": "13/11/2004", "complemento": "LOJA 02", "nome": "KIDS MARKET LTDA", "uf": "RJ", "telefone": "(22) 2762-2688", "email": "kidsmarket@kidsmarket.com.br", "atividades_secundarias": [{"text": "Comercio varejista de artigos de cama, mesa e banho", "code": "47.55-5-03"}, {"text": "Com\u00e9rcio varejista de artigos de joalheria", "code": "47.83-1-01"}, {"text": "Com\u00e9rcio varejista de artigos de tape\u00e7aria, cortinas e persianas", "code": "47.59-8-01"}, {"text": "Com\u00e9rcio varejista de artigos de viagem", "code": "47.82-2-02"}, {"text": "Com\u00e9rcio varejista de brinquedos e artigos recreativos", "code": "47.63-6-01"}, {"text": "Com\u00e9rcio varejista de cal\u00e7ados", "code": "47.82-2-01"}, {"text": "Com\u00e9rcio varejista de cosm\u00e9ticos, produtos de perfumaria e de higiene pessoal", "code": "47.72-5-00"}, {"text": "Com\u00e9rcio varejista de objetos de arte", "code": "47.89-0-03"}], "qsa": [{"qual": "49-S\u00f3cio-Administrador", "nome": "VALERIA DE OLIVEIRA RIBEIRO"}, {"qual": "49-S\u00f3cio-Administrador", "nome": "EDUARDO GUIMARAES FERREIRA"}], "situacao": "ATIVA", "bairro": "CENTRO", "logradouro": "R TENENTE RUI LOPES RIBEIRO", "numero": "72", "cep": "27.910-330", "municipio": "MACAE", "porte": "MICRO EMPRESA", "abertura": "21/08/2000", "natureza_juridica": "206-2 - Sociedade Empres\u00e1ria Limitada", "fantasia": "KID'S MARKET", "cnpj": "04.012.177/0001-69", "ultima_atualizacao": "2020-02-08T00:12:45.587Z", "status": "OK", "tipo": "MATRIZ", "efr": "", "motivo_situacao": "", "situacao_especial": "", "data_situacao_especial": "", "capital_social": "0.00", "extra": {}, "billing": {"free": false, "database": true}}