{"data_situacao": "11/01/2019", "motivo_situacao": "OMISSAO DE DECLARACOES", "nome": "A. AREAS CONSERVACAO E LIMPEZA", "situacao": "INAPTA", "porte": "MICRO EMPRESA", "abertura": "28/09/2000", "natureza_juridica": "213-5 - Empres\u00e1rio (Individual)", "fantasia": "CONSERVACAO E PAVIMENTACAO AREAS", "cnpj": "04.072.074/0001-94", "ultima_atualizacao": "2020-02-08T04:47:26.345Z", "status": "OK", "tipo": "MATRIZ", "logradouro": "", "numero": "", "complemento": "", "cep": "", "bairro": "", "municipio": "", "uf": "", "email": "", "telefone": "", "efr": "", "situacao_especial": "", "data_situacao_especial": "", "atividade_principal": [{"code": "00.00-0-00", "text": "********"}], "atividades_secundarias": [{"code": "00.00-0-00", "text": "N\u00e3o informada"}], "capital_social": "0.00", "qsa": [], "extra": {}, "billing": {"free": false, "database": false}}