{"atividade_principal": [{"text": "Com\u00e9rcio atacadista de outras m\u00e1quinas e equipamentos n\u00e3o especificados anteriormente; partes e pe\u00e7as", "code": "46.69-9-99"}], "data_situacao": "24/09/2005", "nome": "LINECONTROL COMERCIO IMPORTACAO E EXPORTACAO LTDA", "uf": "SP", "atividades_secundarias": [{"text": "Manuten\u00e7\u00e3o e repara\u00e7\u00e3o de aparelhos e instrumentos de medida, teste e controle", "code": "33.12-1-02"}, {"text": "Aluguel de outras m\u00e1quinas e equipamentos comerciais e industriais n\u00e3o especificados anteriormente, sem operador", "code": "77.39-0-99"}, {"text": "Outras atividades de ensino n\u00e3o especificadas anteriormente", "code": "85.99-6-99"}, {"text": "Representantes comerciais e agentes do com\u00e9rcio de mercadorias em geral n\u00e3o especializado", "code": "46.19-2-00"}], "qsa": [{"qual": "49-S\u00f3cio-Administrador", "nome": "RODRIGO DE CASTRO ROCHA DA COSTA"}, {"qual": "49-S\u00f3cio-Administrador", "nome": "RAPHAEL DE CASTRO ROCHA DA COSTA"}], "situacao": "ATIVA", "bairro": "VILA CONCEICAO", "logradouro": "R TUPINAMBAS", "numero": "501", "cep": "09.991-090", "municipio": "DIADEMA", "porte": "DEMAIS", "abertura": "07/12/2000", "natureza_juridica": "206-2 - Sociedade Empres\u00e1ria Limitada", "cnpj": "04.196.357/0001-48", "ultima_atualizacao": "2020-02-08T05:11:22.140Z", "status": "OK", "tipo": "MATRIZ", "fantasia": "", "complemento": "", "email": "", "telefone": "", "efr": "", "motivo_situacao": "", "situacao_especial": "", "data_situacao_especial": "", "capital_social": "177000.00", "extra": {}, "billing": {"free": false, "database": false}}