{"atividade_principal": [{"text": "Com\u00e9rcio varejista de artigos de papelaria", "code": "47.61-0-03"}], "data_situacao": "03/11/2005", "nome": "METAGREEN COMERCIO DE EMBALAGENS LTDA", "uf": "SP", "telefone": "(19) 3407-0665", "email": "atendimento@rochacontabil.com.br", "qsa": [{"qual": "49-S\u00f3cio-Administrador", "nome": "KETTNEY ALMEIDA DOS SANTOS"}, {"qual": "22-S\u00f3cio", "nome": "SIDNEI ALVES DE ALMEIDA"}], "situacao": "ATIVA", "bairro": "CIDADE INDUSTRIAL", "logradouro": "R PROFESSOR JOSE DE ASSIS SAES", "numero": "370", "cep": "13.456-167", "municipio": "SANTA BARBARA D'OESTE", "porte": "MICRO EMPRESA", "abertura": "02/03/2001", "natureza_juridica": "206-2 - Sociedade Empres\u00e1ria Limitada", "fantasia": "METAGRREN", "cnpj": "04.316.544/0001-18", "ultima_atualizacao": "2020-02-08T04:50:04.683Z", "status": "OK", "tipo": "MATRIZ", "complemento": "", "efr": "", "motivo_situacao": "", "situacao_especial": "", "data_situacao_especial": "", "atividades_secundarias": [{"code": "00.00-0-00", "text": "N\u00e3o informada"}], "capital_social": "5000.00", "extra": {}, "billing": {"free": false, "database": false}}