{"atividade_principal": [{"text": "Administra\u00e7\u00e3o p\u00fablica em geral", "code": "84.11-6-00"}], "data_situacao": "21/06/2000", "nome": "ARQUIVO NACIONAL", "efr": "UNI\u00c3O", "uf": "RJ", "telefone": "(21) 2529-821", "email": "cad@arquivonacional.gov.br", "situacao": "ATIVA", "bairro": "CENTRO", "logradouro": "R AZEREDO COUTINHO", "numero": "77", "cep": "20.230-170", "municipio": "RIO DE JANEIRO", "porte": "DEMAIS", "abertura": "21/06/2000", "natureza_juridica": "101-5 - \u00d3rg\u00e3o P\u00fablico do Poder Executivo Federal", "cnpj": "04.374.067/0001-47", "ultima_atualizacao": "2020-02-08T05:15:17.041Z", "status": "OK", "tipo": "MATRIZ", "fantasia": "", "complemento": "", "motivo_situacao": "", "situacao_especial": "", "data_situacao_especial": "", "atividades_secundarias": [{"code": "00.00-0-00", "text": "N\u00e3o informada"}], "capital_social": "0.00", "qsa": [], "extra": {}, "billing": {"free": false, "database": false}}