{"atividade_principal": [{"text": "Com\u00e9rcio atacadista de outras m\u00e1quinas e equipamentos n\u00e3o especificados anteriormente; partes e pe\u00e7as", "code": "46.69-9-99"}], "data_situacao": "03/11/2005", "complemento": "LOTE 12 QUADRAF", "nome": "AUTON SOLUCOES AMBIENTAIS LTDA", "uf": "RJ", "telefone": "(21) 3637-2850", "email": "henriquefolly@gmail.com", "atividades_secundarias": [{"text": "Aluguel de m\u00e1quinas e equipamentos para constru\u00e7\u00e3o sem operador, exceto andaimes", "code": "77.32-2-01"}, {"text": "Atividades relacionadas a esgoto, exceto a gest\u00e3o de redes", "code": "37.02-9-00"}, {"text": "Capta\u00e7\u00e3o, tratamento e distribui\u00e7\u00e3o de \u00e1gua", "code": "36.00-6-01"}, {"text": "Com\u00e9rcio atacadista de instrumentos e materiais para uso m\u00e9dico, cir\u00fargico, hospitalar e de laborat\u00f3rios", "code": "46.45-1-01"}, {"text": "Com\u00e9rcio atacadista de roupas e acess\u00f3rios para uso profissional e de seguran\u00e7a do trabalho", "code": "46.42-7-02"}, {"text": "Constru\u00e7\u00e3o de redes de abastecimento de \u00e1gua, coleta de esgoto e constru\u00e7\u00f5es correlatas, exceto obras de irriga\u00e7\u00e3o", "code": "42.22-7-01"}, {"text": "Fabrica\u00e7\u00e3o de m\u00e1quinas e equipamentos para saneamento b\u00e1sico e ambiental, pe\u00e7as e acess\u00f3rios", "code": "28.25-9-00"}, {"text": "Fabrica\u00e7\u00e3o de outros produtos qu\u00edmicos inorg\u00e2nicos n\u00e3o especificados anteriormente", "code": "20.19-3-99"}, {"text": "Fabrica\u00e7\u00e3o de produtos qu\u00edmicos org\u00e2nicos n\u00e3o especificados anteriormente", "code": "20.29-1-00"}, {"text": "Outras atividades de servi\u00e7os prestados principalmente \u00e0s empresas n\u00e3o especificadas anteriormente", "code": "82.99-7-99"}, {"text": "Outras atividades profissionais, cient\u00edficas e t\u00e9cnicas n\u00e3o especificadas anteriormente", "code": "74.90-1-99"}, {"text": "Outras obras de engenharia civil n\u00e3o especificadas anteriormente", "code": "42.99-5-99"}, {"text": "Transporte rodovi\u00e1rio de produtos perigosos", "code": "49.30-2-03"}], "qsa": [{"qual": "49-S\u00f3cio-Administrador", "nome": "AMANDA DE SOUZA CORREIA AMBROSIO"}, {"qual": "22-S\u00f3cio", "nome": "FABIO DOS SANTOS AMBROSIO"}], "situacao": "ATIVA", "bairro": "ENGENHO VELHO", "logradouro": "AV VINTE E DOIS DE MAIO LADO IMPAR", "numero": "9000", "cep": "24.803-000", "municipio": "ITABORAI", "porte": "EMPRESA DE PEQUENO PORTE", "abertura": "18/04/2001", "natureza_juridica": "206-2 - Sociedade Empres\u00e1ria Limitada", "fantasia": "AUTON TECNOLOGIA E PROJETOS AMBIENTAIS", "cnpj": "04.399.699/0001-65", "ultima_atualizacao": "2020-02-08T04:27:23.042Z", "status": "OK", "tipo": "MATRIZ", "efr": "", "motivo_situacao": "", "situacao_especial": "", "data_situacao_especial": "", "capital_social": "200000.00", "extra": {}, "billing": {"free": false, "database": false}}