{"atividade_principal": [{"text": "Manuten\u00e7\u00e3o e repara\u00e7\u00e3o de aparelhos eletrom\u00e9dicos e eletroterap\u00eauticos e equipamentos de irradia\u00e7\u00e3o", "code": "33.12-1-03"}], "data_situacao": "03/11/2005", "nome": "ANASMED - EQUIPAMENTOS MEDICOS LTDA", "uf": "RJ", "atividades_secundarias": [{"text": "Manuten\u00e7\u00e3o e repara\u00e7\u00e3o de aparelhos e instrumentos de medida, teste e controle", "code": "33.12-1-02"}, {"text": "Com\u00e9rcio varejista de artigos m\u00e9dicos e ortop\u00e9dicos", "code": "47.73-3-00"}, {"text": "Com\u00e9rcio atacadista de m\u00e1quinas, aparelhos e equipamentos para uso odonto-m\u00e9dico-hospitalar; partes e pe\u00e7as", "code": "46.64-8-00"}, {"text": "Com\u00e9rcio atacadista de instrumentos e materiais para uso m\u00e9dico, cir\u00fargico, hospitalar e de laborat\u00f3rios", "code": "46.45-1-01"}, {"text": "Aluguel de equipamentos cient\u00edficos, m\u00e9dicos e hospitalares, sem operador", "code": "77.39-0-02"}, {"text": "Repara\u00e7\u00e3o e manuten\u00e7\u00e3o de equipamentos eletroeletr\u00f4nicos de uso pessoal e dom\u00e9stico", "code": "95.21-5-00"}, {"text": "Instala\u00e7\u00e3o e manuten\u00e7\u00e3o de sistemas centrais de ar condicionado, de ventila\u00e7\u00e3o e refrigera\u00e7\u00e3o", "code": "43.22-3-02"}, {"text": "Com\u00e9rcio atacadista de artigos de escrit\u00f3rio e de papelaria", "code": "46.47-8-01"}, {"text": "Com\u00e9rcio atacadista de m\u00f3veis e artigos de colchoaria", "code": "46.49-4-04"}, {"text": "Com\u00e9rcio atacadista de produtos de higiene, limpeza e conserva\u00e7\u00e3o domiciliar", "code": "46.49-4-08"}, {"text": "Loca\u00e7\u00e3o de autom\u00f3veis sem condutor", "code": "77.11-0-00"}, {"text": "Constru\u00e7\u00e3o de edif\u00edcios", "code": "41.20-4-00"}, {"text": "Com\u00e9rcio atacadista de outras m\u00e1quinas e equipamentos n\u00e3o especificados anteriormente; partes e pe\u00e7as", "code": "46.69-9-99"}, {"text": "Coleta de res\u00edduos perigosos", "code": "38.12-2-00"}, {"text": "Transporte rodovi\u00e1rio de produtos perigosos", "code": "49.30-2-03"}], "qsa": [{"qual": "49-S\u00f3cio-Administrador", "nome": "JOSE AUGUSTO DE CARVALHO JUNIOR"}, {"qual": "22-S\u00f3cio", "nome": "ANDREZA FARIAS DA SILVA DE JESUS"}], "situacao": "ATIVA", "bairro": "COLUBANDE", "logradouro": "R ANFILOFIO SILVEIRA LESSA", "numero": "45", "cep": "24.451-480", "municipio": "SAO GONCALO", "porte": "MICRO EMPRESA", "abertura": "19/04/2001", "natureza_juridica": "206-2 - Sociedade Empres\u00e1ria Limitada", "cnpj": "04.406.233/0001-40", "ultima_atualizacao": "2020-02-08T00:16:54.049Z", "status": "OK", "tipo": "MATRIZ", "fantasia": "", "complemento": "", "email": "", "telefone": "", "efr": "", "motivo_situacao": "", "situacao_especial": "", "data_situacao_especial": "", "capital_social": "50000.00", "extra": {}, "billing": {"free": false, "database": true}}