{"atividade_principal": [{"text": "Com\u00e9rcio a varejo de pneum\u00e1ticos e c\u00e2maras-de-ar", "code": "45.30-7-05"}], "data_situacao": "03/11/2005", "nome": "ELSO BARCELOS COMERCIO DE PNEUS", "uf": "RJ", "telefone": "(22) 2759-4685", "atividades_secundarias": [{"text": "Com\u00e9rcio a varejo de pe\u00e7as e acess\u00f3rios novos para ve\u00edculos automotores", "code": "45.30-7-03"}, {"text": "Servi\u00e7os de borracharia para ve\u00edculos automotores", "code": "45.20-0-06"}, {"text": "Servi\u00e7os de alinhamento e balanceamento de ve\u00edculos automotores", "code": "45.20-0-04"}], "situacao": "ATIVA", "bairro": "PARQUE AEROPORTO", "logradouro": "EST HILDEBRANDO ALVES BARBOSA", "numero": "1720", "cep": "27.973-000", "municipio": "MACAE", "porte": "MICRO EMPRESA", "abertura": "02/04/2001", "natureza_juridica": "213-5 - Empres\u00e1rio (Individual)", "fantasia": "PNEUS BR", "cnpj": "04.446.157/0001-04", "ultima_atualizacao": "2020-02-08T04:37:03.674Z", "status": "OK", "tipo": "MATRIZ", "complemento": "", "email": "", "efr": "", "motivo_situacao": "", "situacao_especial": "", "data_situacao_especial": "", "capital_social": "0.00", "qsa": [], "extra": {}, "billing": {"free": false, "database": false}}