{"atividade_principal": [{"text": "Suporte t\u00e9cnico, manuten\u00e7\u00e3o e outros servi\u00e7os em tecnologia da informa\u00e7\u00e3o", "code": "62.09-1-00"}], "data_situacao": "01/06/2002", "nome": "4LINUX SOFTWARE E COMERCIO DE PROGRAMAS LTDA.", "uf": "SP", "telefone": "(11) 2125-4759/ (11) 2125-4747", "email": "ana.paula@4linux.com.br", "atividades_secundarias": [{"text": "Desenvolvimento e licenciamento de programas de computador customiz\u00e1veis", "code": "62.02-3-00"}, {"text": "Treinamento em inform\u00e1tica", "code": "85.99-6-03"}], "qsa": [{"qual": "49-S\u00f3cio-Administrador", "nome": "MARCELO HENRIQUE ALVES MARQUES"}, {"qual": "49-S\u00f3cio-Administrador", "nome": "RODOLFO JOSE MARTORANO GOBBI"}], "situacao": "ATIVA", "bairro": "VILA MARIANA", "logradouro": "R VERGUEIRO", "numero": "3057", "cep": "04.101-300", "municipio": "SAO PAULO", "porte": "DEMAIS", "abertura": "14/05/2001", "natureza_juridica": "206-2 - Sociedade Empres\u00e1ria Limitada", "cnpj": "04.491.152/0001-95", "ultima_atualizacao": "2020-02-08T04:59:28.517Z", "status": "OK", "tipo": "MATRIZ", "fantasia": "", "complemento": "", "efr": "", "motivo_situacao": "", "situacao_especial": "", "data_situacao_especial": "", "capital_social": "200000.00", "extra": {}, "billing": {"free": false, "database": false}}