{"atividade_principal": [{"text": "Confec\u00e7\u00e3o de pe\u00e7as de vestu\u00e1rio, exceto roupas \u00edntimas e as confeccionadas sob medida", "code": "14.12-6-01"}], "data_situacao": "03/11/2005", "nome": "MANZENI COMERCIO E CONFECCOES LTDA", "uf": "SP", "telefone": "(11) 6567-3292/ (11) 3115-1373", "email": "solpalhano@hotmail.com", "atividades_secundarias": [{"text": "Com\u00e9rcio varejista de artigos do vestu\u00e1rio e acess\u00f3rios", "code": "47.81-4-00"}, {"text": "Com\u00e9rcio varejista de artigos de viagem", "code": "47.82-2-02"}], "qsa": [{"qual": "49-S\u00f3cio-Administrador", "nome": "MANUEL DOS REIS ARAGAO NETO"}], "situacao": "ATIVA", "bairro": "ITAIM PAULISTA", "logradouro": "R SAO JORGE", "numero": "10", "cep": "08.140-000", "municipio": "SAO PAULO", "porte": "MICRO EMPRESA", "abertura": "18/06/2001", "natureza_juridica": "206-2 - Sociedade Empres\u00e1ria Limitada", "cnpj": "04.509.440/0001-20", "ultima_atualizacao": "2020-02-08T04:09:02.924Z", "status": "OK", "tipo": "MATRIZ", "fantasia": "", "complemento": "", "efr": "", "motivo_situacao": "", "situacao_especial": "", "data_situacao_especial": "", "capital_social": "100000.00", "extra": {}, "billing": {"free": false, "database": false}}