{"atividade_principal": [{"text": "Com\u00e9rcio atacadista de equipamentos de inform\u00e1tica", "code": "46.51-6-01"}], "data_situacao": "03/11/2005", "nome": "GOMES & GARCIA INFORMATICA LTDA", "uf": "MG", "telefone": "(31) 3443-7611/ (31) 3031-4960", "email": "gomesgarcia.info@gmail.com", "atividades_secundarias": [{"text": "Com\u00e9rcio atacadista de artigos de escrit\u00f3rio e de papelaria", "code": "46.47-8-01"}, {"text": "Com\u00e9rcio atacadista de equipamentos el\u00e9tricos de uso pessoal e dom\u00e9stico", "code": "46.49-4-01"}, {"text": "Com\u00e9rcio atacadista de aparelhos eletr\u00f4nicos de uso pessoal e dom\u00e9stico", "code": "46.49-4-02"}, {"text": "Com\u00e9rcio atacadista de suprimentos para inform\u00e1tica", "code": "46.51-6-02"}, {"text": "Suporte t\u00e9cnico, manuten\u00e7\u00e3o e outros servi\u00e7os em tecnologia da informa\u00e7\u00e3o", "code": "62.09-1-00"}, {"text": "Repara\u00e7\u00e3o e manuten\u00e7\u00e3o de computadores e de equipamentos perif\u00e9ricos", "code": "95.11-8-00"}], "qsa": [{"qual": "49-S\u00f3cio-Administrador", "nome": "DANIELA GARCIA ROCHA GOMES SALLES"}, {"qual": "49-S\u00f3cio-Administrador", "nome": "ALEXANDRE HENRIQUE GARCIA ROCHA GOMES"}], "situacao": "ATIVA", "bairro": "SAO FRANCISCO", "logradouro": "R AVEIRO", "numero": "345", "cep": "31.255-060", "municipio": "BELO HORIZONTE", "porte": "MICRO EMPRESA", "abertura": "13/06/2001", "natureza_juridica": "206-2 - Sociedade Empres\u00e1ria Limitada", "cnpj": "04.552.128/0001-19", "ultima_atualizacao": "2020-02-07T23:39:41.107Z", "status": "OK", "tipo": "MATRIZ", "fantasia": "", "complemento": "", "efr": "", "motivo_situacao": "", "situacao_especial": "", "data_situacao_especial": "", "capital_social": "120000.00", "extra": {}, "billing": {"free": false, "database": true}}