{"data_situacao": "18/09/2018", "motivo_situacao": "OMISSAO DE DECLARACOES", "nome": "CARVALHO DE MACAE COMERCIO DE PAPELARIA E INFORMATICA LTDA", "qsa": [{"qual": "22-S\u00f3cio", "nome": "PATRICIA DE LIMA SILVA CARVALHO"}, {"qual": "49-S\u00f3cio-Administrador", "nome": "FABRICIO COELHO DE CARVALHO"}], "situacao": "INAPTA", "porte": "MICRO EMPRESA", "abertura": "17/07/2001", "natureza_juridica": "206-2 - Sociedade Empres\u00e1ria Limitada", "cnpj": "04.564.777/0001-30", "ultima_atualizacao": "2020-02-08T05:14:33.176Z", "status": "OK", "tipo": "MATRIZ", "fantasia": "", "logradouro": "", "numero": "", "complemento": "", "cep": "", "bairro": "", "municipio": "", "uf": "", "email": "", "telefone": "", "efr": "", "situacao_especial": "", "data_situacao_especial": "", "atividade_principal": [{"code": "00.00-0-00", "text": "********"}], "atividades_secundarias": [{"code": "00.00-0-00", "text": "N\u00e3o informada"}], "capital_social": "0.00", "extra": {}, "billing": {"free": false, "database": false}}