{"atividade_principal": [{"text": "Outras atividades profissionais, cient\u00edficas e t\u00e9cnicas n\u00e3o especificadas anteriormente", "code": "74.90-1-99"}], "data_situacao": "24/08/2001", "nome": "INSTITUTO NACIONAL DE CONCURSO PUBLICO", "uf": "RJ", "telefone": "(22) 2734-2325", "atividades_secundarias": [{"text": "Sele\u00e7\u00e3o e agenciamento de m\u00e3o-de-obra", "code": "78.10-8-00"}, {"text": "Fornecimento e gest\u00e3o de recursos humanos para terceiros", "code": "78.30-2-00"}, {"text": "Treinamento em desenvolvimento profissional e gerencial", "code": "85.99-6-04"}], "qsa": [{"qual": "16-Presidente", "nome": "ALEX PAES GUIMARAES"}], "situacao": "ATIVA", "bairro": "CENTRO", "logradouro": "AV SETE DE SETEMBRO", "numero": "343", "cep": "28.010-561", "municipio": "CAMPOS DOS GOYTACAZES", "porte": "DEMAIS", "abertura": "24/08/2001", "natureza_juridica": "306-9 - Funda\u00e7\u00e3o Privada", "fantasia": "INCP", "cnpj": "04.647.563/0001-27", "ultima_atualizacao": "2020-02-07T23:53:30.069Z", "status": "OK", "tipo": "MATRIZ", "complemento": "", "email": "", "efr": "", "motivo_situacao": "", "situacao_especial": "", "data_situacao_especial": "", "capital_social": "0.00", "extra": {}, "billing": {"free": false, "database": true}}