{"atividade_principal": [{"text": "Atividades de associa\u00e7\u00f5es de defesa de direitos sociais", "code": "94.30-8-00"}], "data_situacao": "03/11/2005", "complemento": "PREFEITURA", "nome": "ORGANIZACAO DOS MUNICIPIOS PRODUTORES DE PETROLEO E GAS E LIMITROFES DA ZONA DE PRODUCAO PRINC. DA BACIA DE CAMPOS", "uf": "RJ", "telefone": "(24) 2722-5161", "email": "assessor@censanet.com./assessor@rol.com.", "atividades_secundarias": [{"text": "Atividades de organiza\u00e7\u00f5es associativas ligadas \u00e0 cultura e \u00e0 arte", "code": "94.93-6-00"}, {"text": "Atividades associativas n\u00e3o especificadas anteriormente", "code": "94.99-5-00"}], "qsa": [{"qual": "16-Presidente", "nome": "RAFAEL PAES BARBOSA DINIZ NOGUEIRA"}], "situacao": "ATIVA", "bairro": "PARQUE SANTO AMARO", "logradouro": ".M CORONEL PONCIANO DE AZEVEDO FURTADO", "numero": "47", "cep": "28.040-010", "municipio": "CAMPOS DOS GOYTACAZES", "porte": "DEMAIS", "abertura": "22/08/2001", "natureza_juridica": "399-9 - Associa\u00e7\u00e3o Privada", "fantasia": "OMPETRO", "cnpj": "04.737.137/0001-84", "ultima_atualizacao": "2020-02-07T23:05:00.102Z", "status": "OK", "tipo": "MATRIZ", "efr": "", "motivo_situacao": "", "situacao_especial": "", "data_situacao_especial": "", "capital_social": "0.00", "extra": {}, "billing": {"free": false, "database": true}}