{"atividade_principal": [{"text": "Com\u00e9rcio atacadista de instrumentos e materiais para uso m\u00e9dico, cir\u00fargico, hospitalar e de laborat\u00f3rios", "code": "46.45-1-01"}], "data_situacao": "10/09/2005", "complemento": "LJ TERREO SL SOBRADO", "nome": "J. F. GALLO MEDICA LTDA.", "uf": "RJ", "telefone": "(21) 2501-8312", "email": "jfgallo@jfgallo.com.br", "atividades_secundarias": [{"text": "Com\u00e9rcio atacadista de produtos de higiene pessoal", "code": "46.46-0-02"}, {"text": "Com\u00e9rcio atacadista de m\u00e1quinas, aparelhos e equipamentos para uso odonto-m\u00e9dico-hospitalar; partes e pe\u00e7as", "code": "46.64-8-00"}, {"text": "Com\u00e9rcio atacadista de produtos de higiene, limpeza e conserva\u00e7\u00e3o domiciliar", "code": "46.49-4-08"}, {"text": "Representantes comerciais e agentes do com\u00e9rcio de mercadorias em geral n\u00e3o especializado", "code": "46.19-2-00"}], "qsa": [{"qual": "49-S\u00f3cio-Administrador", "nome": "JORGE LUIZ LOPES GALLO"}, {"qual": "22-S\u00f3cio", "nome": "DEBORA DE CARVALHO GALLO"}], "situacao": "ATIVA", "bairro": "MEIER", "logradouro": "R CASTRO ALVES", "numero": "170", "cep": "20.775-040", "municipio": "RIO DE JANEIRO", "porte": "EMPRESA DE PEQUENO PORTE", "abertura": "19/11/2001", "natureza_juridica": "206-2 - Sociedade Empres\u00e1ria Limitada", "fantasia": "J. F. GALLO", "cnpj": "04.814.575/0001-07", "ultima_atualizacao": "2020-02-08T01:05:51.815Z", "status": "OK", "tipo": "MATRIZ", "efr": "", "motivo_situacao": "", "situacao_especial": "", "data_situacao_especial": "", "capital_social": "1850000.00", "extra": {}, "billing": {"free": false, "database": true}}