{"atividade_principal": [{"text": "Atividades de associa\u00e7\u00f5es de defesa de direitos sociais", "code": "94.30-8-00"}], "data_situacao": "03/11/2005", "complemento": "QUADRAF LOTE 16", "nome": "ASSOCIACAO MACAENSE DO DEFICIENTE AUDITIVO", "uf": "RJ", "telefone": "(22) 2762-2871", "email": "amadamacae@yahoo.com.br", "atividades_secundarias": [{"text": "Atividades de organiza\u00e7\u00f5es associativas ligadas \u00e0 cultura e \u00e0 arte", "code": "94.93-6-00"}, {"text": "Atividades associativas n\u00e3o especificadas anteriormente", "code": "94.99-5-00"}], "qsa": [{"qual": "16-Presidente", "nome": "MARILENE DE MIRANDA FERNANDES"}], "situacao": "ATIVA", "bairro": "PARQUE AEROPORTO", "logradouro": "R MILAGRES", "numero": "S/N", "cep": "27.963-042", "municipio": "MACAE", "porte": "DEMAIS", "abertura": "17/12/2001", "natureza_juridica": "399-9 - Associa\u00e7\u00e3o Privada", "fantasia": "AMADA", "cnpj": "04.821.144/0001-60", "ultima_atualizacao": "2020-02-08T00:29:29.576Z", "status": "OK", "tipo": "MATRIZ", "efr": "", "motivo_situacao": "", "situacao_especial": "", "data_situacao_especial": "", "capital_social": "0.00", "extra": {}, "billing": {"free": false, "database": true}}