{"atividade_principal": [{"text": "Administra\u00e7\u00e3o p\u00fablica em geral", "code": "84.11-6-00"}], "data_situacao": "07/07/2001", "nome": "FUNDO ESPECIAL DO CORPO DE BOMBEIROS - FUNESBOM", "uf": "PB", "telefone": "(083) 2185-747", "situacao": "ATIVA", "bairro": "MARES", "logradouro": "BR 230", "numero": "KM 29", "cep": "58.088-202", "municipio": "JOAO PESSOA", "porte": "DEMAIS", "abertura": "07/07/2001", "natureza_juridica": "132-5 - Fundo P\u00fablico da Administra\u00e7\u00e3o Direta Estadual ou do Distrito Federal", "fantasia": "FUNDO ESPECIAL DO CORPO DE BOMBEIROS - FUNESBOM", "cnpj": "04.865.760/0001-12", "ultima_atualizacao": "2020-02-08T04:12:23.145Z", "status": "OK", "tipo": "MATRIZ", "complemento": "", "email": "", "efr": "", "motivo_situacao": "", "situacao_especial": "", "data_situacao_especial": "", "atividades_secundarias": [{"code": "00.00-0-00", "text": "N\u00e3o informada"}], "capital_social": "0.00", "qsa": [], "extra": {}, "billing": {"free": false, "database": false}}