{"atividade_principal": [{"text": "Com\u00e9rcio atacadista de produtos de higiene pessoal", "code": "46.46-0-02"}], "data_situacao": "03/11/2005", "complemento": "LOJA", "nome": "DELTA M. V. N. COMERCIO E SERVICOS LTDA.", "uf": "RJ", "atividades_secundarias": [{"text": "Obras de terraplenagem", "code": "43.13-4-00"}, {"text": "Com\u00e9rcio varejista de lubrificantes", "code": "47.32-6-00"}, {"text": "Com\u00e9rcio varejista de outros produtos n\u00e3o especificados anteriormente", "code": "47.89-0-99"}], "qsa": [{"qual": "49-S\u00f3cio-Administrador", "nome": "CARLOS MANUEL FIGUEIREDO MACARIO"}, {"qual": "49-S\u00f3cio-Administrador", "nome": "MARIA CRISTINA BARBOSA NORONHA"}, {"qual": "49-S\u00f3cio-Administrador", "nome": "ROBERTO CARLOS SOUZA VALLADAO"}], "situacao": "ATIVA", "bairro": "CENTRO", "logradouro": "R VELHO CAMPOS", "numero": "53", "cep": "27.910-210", "municipio": "MACAE", "porte": "EMPRESA DE PEQUENO PORTE", "abertura": "10/01/2002", "natureza_juridica": "206-2 - Sociedade Empres\u00e1ria Limitada", "cnpj": "04.863.356/0001-00", "ultima_atualizacao": "2020-02-08T04:56:46.321Z", "status": "OK", "tipo": "MATRIZ", "fantasia": "", "email": "", "telefone": "", "efr": "", "motivo_situacao": "", "situacao_especial": "", "data_situacao_especial": "", "capital_social": "0.00", "extra": {}, "billing": {"free": false, "database": false}}