{"atividade_principal": [{"text": "Fabrica\u00e7\u00e3o de m\u00f3veis com predomin\u00e2ncia de metal", "code": "31.02-1-00"}], "data_situacao": "03/11/2005", "complemento": "QD.110 LT.01,02,03,04,24,25 E 26", "nome": "MOVEIS ANDRADE - INDUSTRIA E COMERCIO DE MOVEIS HOSPITALARES LTDA", "uf": "GO", "telefone": "(62) 3093-5100", "email": "moveisandrade@terra.com.br", "atividades_secundarias": [{"text": "Fabrica\u00e7\u00e3o de mobili\u00e1rio para uso m\u00e9dico, cir\u00fargico, odontol\u00f3gico e de laborat\u00f3rio", "code": "32.50-7-02"}, {"text": "Com\u00e9rcio atacadista de m\u00f3veis e artigos de colchoaria", "code": "46.49-4-04"}, {"text": "Com\u00e9rcio varejista de m\u00f3veis", "code": "47.54-7-01"}], "qsa": [{"qual": "49-S\u00f3cio-Administrador", "nome": "ALINE SIMOES ANDRADE DA SILVA"}, {"qual": "49-S\u00f3cio-Administrador", "nome": "DAYARA GUIMARAES ANDRADE"}], "situacao": "ATIVA", "bairro": "GARAVELO RESIDENCIAL PARK", "logradouro": "AV UNIAO", "numero": "S/N", "cep": "74.930-600", "municipio": "APARECIDA DE GOIANIA", "porte": "DEMAIS", "abertura": "22/02/2002", "natureza_juridica": "206-2 - Sociedade Empres\u00e1ria Limitada", "fantasia": "MOVEIS ANDRADE", "cnpj": "04.910.323/0001-73", "ultima_atualizacao": "2020-02-08T04:03:17.203Z", "status": "OK", "tipo": "MATRIZ", "efr": "", "motivo_situacao": "", "situacao_especial": "", "data_situacao_especial": "", "capital_social": "5385408.18", "extra": {}, "billing": {"free": false, "database": false}}