{"atividade_principal": [{"text": "Lojas de variedades, exceto lojas de departamentos ou magazines", "code": "47.13-0-02"}], "data_situacao": "03/11/2005", "nome": "MUNDIAL MACAE LTDA", "uf": "RJ", "telefone": "(22) 2762-7788", "atividades_secundarias": [{"text": "Com\u00e9rcio varejista especializado de equipamentos e suprimentos de inform\u00e1tica", "code": "47.51-2-01"}, {"text": "Com\u00e9rcio varejista especializado de equipamentos de telefonia e comunica\u00e7\u00e3o", "code": "47.52-1-00"}, {"text": "Com\u00e9rcio varejista de artigos esportivos", "code": "47.63-6-02"}, {"text": "Com\u00e9rcio varejista de materiais de constru\u00e7\u00e3o em geral", "code": "47.44-0-99"}, {"text": "Com\u00e9rcio varejista de produtos saneantes domissanit\u00e1rios", "code": "47.89-0-05"}, {"text": "Com\u00e9rcio varejista de produtos aliment\u00edcios em geral ou especializado em produtos aliment\u00edcios n\u00e3o especificados anteriormente", "code": "47.29-6-99"}, {"text": "Com\u00e9rcio varejista de artigos de papelaria", "code": "47.61-0-03"}, {"text": "Comercio varejista de artigos de cama, mesa e banho", "code": "47.55-5-03"}, {"text": "Com\u00e9rcio varejista de cal\u00e7ados", "code": "47.82-2-01"}, {"text": "Com\u00e9rcio varejista de artigos de viagem", "code": "47.82-2-02"}], "qsa": [{"qual": "49-S\u00f3cio-Administrador", "nome": "ADALBERTO LOPES"}, {"qual": "22-S\u00f3cio", "nome": "MARIA DE LOURDES LOPES"}], "situacao": "ATIVA", "bairro": "CENTRO", "logradouro": "R TEIXEIRA DE GOUVEIA", "numero": "1510", "cep": "27.910-110", "municipio": "MACAE", "porte": "EMPRESA DE PEQUENO PORTE", "abertura": "08/05/2002", "natureza_juridica": "206-2 - Sociedade Empres\u00e1ria Limitada", "fantasia": "MUNDIAL MACAE", "cnpj": "05.075.001/0001-19", "ultima_atualizacao": "2020-02-08T00:16:46.630Z", "status": "OK", "tipo": "MATRIZ", "complemento": "", "email": "", "efr": "", "motivo_situacao": "", "situacao_especial": "", "data_situacao_especial": "", "capital_social": "100000.00", "extra": {}, "billing": {"free": false, "database": true}}