{"atividade_principal": [{"text": "Com\u00e9rcio varejista de artigos de papelaria", "code": "47.61-0-03"}], "data_situacao": "03/11/2005", "complemento": "LOJA 02", "nome": "DISTRIPAPER DISTRIBUIDORA DE MATERIAL PARA ESCRITORIO LTDA", "uf": "RJ", "telefone": "(22) 2759-8067", "atividades_secundarias": [{"text": "Com\u00e9rcio varejista especializado de equipamentos e suprimentos de inform\u00e1tica", "code": "47.51-2-01"}, {"text": "Com\u00e9rcio varejista de artigos esportivos", "code": "47.63-6-02"}, {"text": "Com\u00e9rcio varejista de produtos saneantes domissanit\u00e1rios", "code": "47.89-0-05"}], "qsa": [{"qual": "49-S\u00f3cio-Administrador", "nome": "LUIZ HENRIQUE SOARES DA SILVA"}, {"qual": "49-S\u00f3cio-Administrador", "nome": "ALVARO FRANCISCO PRATA MOURA"}], "situacao": "ATIVA", "bairro": "CENTRO", "logradouro": "R EUZEBIO DE QUEIROZ", "numero": "527", "cep": "27.910-230", "municipio": "MACAE", "porte": "MICRO EMPRESA", "abertura": "27/05/2002", "natureza_juridica": "206-2 - Sociedade Empres\u00e1ria Limitada", "cnpj": "05.076.889/0001-04", "ultima_atualizacao": "2020-02-07T23:11:27.030Z", "status": "OK", "tipo": "MATRIZ", "fantasia": "", "email": "", "efr": "", "motivo_situacao": "", "situacao_especial": "", "data_situacao_especial": "", "capital_social": "20000.00", "extra": {}, "billing": {"free": false, "database": true}}