{"atividade_principal": [{"text": "Com\u00e9rcio a varejo de pe\u00e7as e acess\u00f3rios novos para ve\u00edculos automotores", "code": "45.30-7-03"}], "data_situacao": "14/02/2004", "nome": "ARGEMIRO DE MACAE AUTO ELETRICA LTDA", "uf": "RJ", "telefone": "(22) 2759-1688/ (22) 2772-0895", "qsa": [{"qual": "49-S\u00f3cio-Administrador", "nome": "TATIANA PEIXOTO DE SOUZA"}, {"qual": "49-S\u00f3cio-Administrador", "nome": "JONAS DOS SANTOS VIANA"}], "situacao": "ATIVA", "bairro": "AROEIRA", "logradouro": "R ALCIDES MOURAO", "numero": "874", "cep": "27.946-382", "municipio": "MACAE", "porte": "MICRO EMPRESA", "abertura": "07/06/2002", "natureza_juridica": "206-2 - Sociedade Empres\u00e1ria Limitada", "fantasia": "MIRO AUTOELETRICA", "cnpj": "05.118.177/0001-00", "ultima_atualizacao": "2020-02-08T04:45:48.783Z", "status": "OK", "tipo": "MATRIZ", "complemento": "", "email": "", "efr": "", "motivo_situacao": "", "situacao_especial": "", "data_situacao_especial": "", "atividades_secundarias": [{"code": "00.00-0-00", "text": "N\u00e3o informada"}], "capital_social": "0.00", "extra": {}, "billing": {"free": false, "database": false}}