{"atividade_principal": [{"text": "Desenvolvimento e licenciamento de programas de computador customiz\u00e1veis", "code": "62.02-3-00"}], "data_situacao": "06/09/2003", "nome": "FOUR INFO DESENVOLVIMENTO DE SOFTWARE LTDA", "uf": "SP", "telefone": "(16) 3821-2700", "email": "sr@srcontabilidade.cnt.br", "atividades_secundarias": [{"text": "Desenvolvimento de programas de computador sob encomenda", "code": "62.01-5-01"}], "qsa": [{"qual": "49-S\u00f3cio-Administrador", "nome": "FRANCISCO ORLANDO RIBEIRO TERRA"}, {"qual": "49-S\u00f3cio-Administrador", "nome": "MARLON DE GRANDE"}, {"qual": "49-S\u00f3cio-Administrador", "nome": "RONALDO RIBEIRO DE SOUZA"}], "situacao": "ATIVA", "bairro": "CENTRO", "logradouro": "R INACIO FRANCO", "numero": "1888", "cep": "14.640-000", "municipio": "MORRO AGUDO", "porte": "EMPRESA DE PEQUENO PORTE", "abertura": "07/06/2002", "natureza_juridica": "206-2 - Sociedade Empres\u00e1ria Limitada", "fantasia": "FOUR INFO", "cnpj": "05.340.254/0001-72", "ultima_atualizacao": "2020-02-08T04:55:26.425Z", "status": "OK", "tipo": "MATRIZ", "complemento": "", "efr": "", "motivo_situacao": "", "situacao_especial": "", "data_situacao_especial": "", "capital_social": "250000.00", "extra": {}, "billing": {"free": false, "database": false}}