{"atividade_principal": [{"text": "Instala\u00e7\u00e3o e manuten\u00e7\u00e3o de sistemas centrais de ar condicionado, de ventila\u00e7\u00e3o e refrigera\u00e7\u00e3o", "code": "43.22-3-02"}], "data_situacao": "18/10/2003", "complemento": "LOJA 02", "nome": "CENTERNOX SERVICOS PROFISSIONAIS LTDA-EPP", "uf": "RJ", "telefone": "(24) 3360-2463", "email": "jrrp@terra.com.br", "atividades_secundarias": [{"text": "Fabrica\u00e7\u00e3o de estruturas met\u00e1licas", "code": "25.11-0-00"}, {"text": "Fabrica\u00e7\u00e3o de artigos de serralheria, exceto esquadrias", "code": "25.42-0-00"}, {"text": "Manuten\u00e7\u00e3o e repara\u00e7\u00e3o de tanques, reservat\u00f3rios met\u00e1licos e caldeiras, exceto para ve\u00edculos", "code": "33.11-2-00"}, {"text": "Manuten\u00e7\u00e3o e repara\u00e7\u00e3o de geradores, transformadores e motores el\u00e9tricos", "code": "33.13-9-01"}, {"text": "Manuten\u00e7\u00e3o e repara\u00e7\u00e3o de m\u00e1quinas e aparelhos de refrigera\u00e7\u00e3o e ventila\u00e7\u00e3o para uso industrial e comercial", "code": "33.14-7-07"}, {"text": "Manuten\u00e7\u00e3o e repara\u00e7\u00e3o de outras m\u00e1quinas e equipamentos para usos industriais n\u00e3o especificados anteriormente", "code": "33.14-7-99"}, {"text": "Constru\u00e7\u00e3o de obras de arte especiais", "code": "42.12-0-00"}, {"text": "Montagem de estruturas met\u00e1licas", "code": "42.92-8-01"}, {"text": "Instala\u00e7\u00e3o e manuten\u00e7\u00e3o el\u00e9trica", "code": "43.21-5-00"}, {"text": "Instala\u00e7\u00f5es hidr\u00e1ulicas, sanit\u00e1rias e de g\u00e1s", "code": "43.22-3-01"}, {"text": "Instala\u00e7\u00f5es de sistema de preven\u00e7\u00e3o contra inc\u00eandio", "code": "43.22-3-03"}, {"text": "Instala\u00e7\u00e3o, manuten\u00e7\u00e3o e repara\u00e7\u00e3o de elevadores, escadas e esteiras rolantes", "code": "43.29-1-03"}, {"text": "Tratamentos t\u00e9rmicos, ac\u00fasticos ou de vibra\u00e7\u00e3o", "code": "43.29-1-05"}, {"text": "Obras de acabamento em gesso e estuque", "code": "43.30-4-03"}, {"text": "Outras obras de acabamento da constru\u00e7\u00e3o", "code": "43.30-4-99"}, {"text": "Obras de funda\u00e7\u00f5es", "code": "43.91-6-00"}, {"text": "Obras de alvenaria", "code": "43.99-1-03"}, {"text": "Com\u00e9rcio varejista de tintas e materiais para pintura", "code": "47.41-5-00"}, {"text": "Com\u00e9rcio varejista de material el\u00e9trico", "code": "47.42-3-00"}, {"text": "Com\u00e9rcio varejista de ferragens e ferramentas", "code": "47.44-0-01"}, {"text": "Com\u00e9rcio varejista de materiais hidr\u00e1ulicos", "code": "47.44-0-03"}, {"text": "Com\u00e9rcio varejista de materiais de constru\u00e7\u00e3o em geral", "code": "47.44-0-99"}, {"text": "Com\u00e9rcio varejista de artigos de ilumina\u00e7\u00e3o", "code": "47.54-7-03"}, {"text": "Aluguel de m\u00e1quinas e equipamentos para constru\u00e7\u00e3o sem operador, exceto andaimes", "code": "77.32-2-01"}, {"text": "Aluguel de andaimes", "code": "77.32-2-02"}, {"text": "Limpeza em pr\u00e9dios e em domic\u00edlios", "code": "81.21-4-00"}, {"text": "Atividades de limpeza n\u00e3o especificadas anteriormente", "code": "81.29-0-00"}, {"text": "Atividades paisag\u00edsticas", "code": "81.30-3-00"}], "qsa": [{"qual": "49-S\u00f3cio-Administrador", "nome": "ANTONIO CARLOS COQUEIRO ANDRADE"}, {"qual": "22-S\u00f3cio", "nome": "RICARDO CHACAR HAUAJI"}], "situacao": "ATIVA", "bairro": "LIBERDADE", "logradouro": "AV RIACHUELO", "numero": "558", "cep": "27.521-171", "municipio": "RESENDE", "porte": "EMPRESA DE PEQUENO PORTE", "abertura": "21/11/2002", "natureza_juridica": "206-2 - Sociedade Empres\u00e1ria Limitada", "fantasia": "CENTERNOX", "cnpj": "05.421.357/0001-67", "ultima_atualizacao": "2020-02-07T23:22:07.804Z", "status": "OK", "tipo": "MATRIZ", "efr": "", "motivo_situacao": "", "situacao_especial": "", "data_situacao_especial": "", "capital_social": "300000.00", "extra": {}, "billing": {"free": false, "database": true}}