{"atividade_principal": [{"text": "Telefonia m\u00f3vel celular", "code": "61.20-5-01"}], "data_situacao": "24/11/2009", "complemento": "5 ANDAR", "nome": "OI MOVEL S.A. - EM RECUPERACAO JUDICIAL", "uf": "RJ", "telefone": "(81) 3448-7504/ (81) 3448-7575", "email": "brivaldofdf@oi.net.br", "situacao": "ATIVA", "bairro": "COPACABANA", "logradouro": "AV PRINCESA ISABEL", "numero": "00320", "cep": "22.011-010", "municipio": "RIO DE JANEIRO", "porte": "DEMAIS", "abertura": "24/11/2009", "natureza_juridica": "205-4 - Sociedade An\u00f4nima Fechada", "fantasia": "OI", "cnpj": "05.423.963/0133-61", "ultima_atualizacao": "2020-02-08T04:05:32.962Z", "status": "OK", "tipo": "FILIAL", "efr": "", "motivo_situacao": "", "situacao_especial": "", "data_situacao_especial": "", "atividades_secundarias": [{"code": "00.00-0-00", "text": "N\u00e3o informada"}], "capital_social": "0.00", "qsa": [], "extra": {}, "billing": {"free": false, "database": false}}