{"atividade_principal": [{"text": "Com\u00e9rcio atacadista de instrumentos e materiais para uso m\u00e9dico, cir\u00fargico, hospitalar e de laborat\u00f3rios", "code": "46.45-1-01"}], "data_situacao": "06/12/2003", "complemento": "LOJA 25", "nome": "SURGICOR MTA - COMERCIO E IMPORTACAO DE MATERIAIS HOSPITALARES LTDA", "uf": "RJ", "telefone": "(22) 3822-6900", "atividades_secundarias": [{"text": "Com\u00e9rcio varejista de artigos m\u00e9dicos e ortop\u00e9dicos", "code": "47.73-3-00"}], "qsa": [{"qual": "49-S\u00f3cio-Administrador", "nome": "MARCOS AURELIO LACERDA DA FONSECA"}, {"qual": "49-S\u00f3cio-Administrador", "nome": "TAKESHI ARMANDO FARIA SHOJIMA"}], "situacao": "ATIVA", "bairro": "CIDADE NOVA", "logradouro": "R TOMAS TEIXEIRA DOS SANTOS", "numero": "98", "cep": "28.300-000", "municipio": "ITAPERUNA", "porte": "DEMAIS", "abertura": "17/01/2003", "natureza_juridica": "206-2 - Sociedade Empres\u00e1ria Limitada", "cnpj": "05.489.716/0001-18", "ultima_atualizacao": "2020-02-08T04:15:17.807Z", "status": "OK", "tipo": "MATRIZ", "fantasia": "", "email": "", "efr": "", "motivo_situacao": "", "situacao_especial": "", "data_situacao_especial": "", "capital_social": "300000.00", "extra": {}, "billing": {"free": false, "database": false}}