{"atividade_principal": [{"text": "Restaurantes e similares", "code": "56.11-2-01"}], "data_situacao": "03/11/2005", "complemento": ": PARTE;", "nome": "BRISA DA COSTA ALIMENTACAO INDUSTRIAL LTDA", "uf": "RJ", "telefone": "(22) 2765-7769", "atividades_secundarias": [{"text": "Com\u00e9rcio varejista de mercadorias em geral, com predomin\u00e2ncia de produtos aliment\u00edcios - minimercados, mercearias e armaz\u00e9ns", "code": "47.12-1-00"}, {"text": "Fornecimento de alimentos preparados preponderantemente para consumo domiciliar", "code": "56.20-1-04"}, {"text": "Servi\u00e7os de alimenta\u00e7\u00e3o para eventos e recep\u00e7\u00f5es - buf\u00ea", "code": "56.20-1-02"}], "qsa": [{"qual": "49-S\u00f3cio-Administrador", "nome": "PATRICIA CHRISTINA MONTEIRO"}, {"qual": "22-S\u00f3cio", "nome": "MARCIA PEDROSA RODRIGUES"}], "situacao": "ATIVA", "bairro": "GRANJA DOS CAVALEIROS", "logradouro": "AV ALUIZIO DA SILVA GOMES", "numero": "56", "cep": "27.930-560", "municipio": "MACAE", "porte": "MICRO EMPRESA", "abertura": "07/02/2003", "natureza_juridica": "206-2 - Sociedade Empres\u00e1ria Limitada", "cnpj": "05.511.861/0001-58", "ultima_atualizacao": "2020-02-08T04:24:32.618Z", "status": "OK", "tipo": "MATRIZ", "fantasia": "", "email": "", "efr": "", "motivo_situacao": "", "situacao_especial": "", "data_situacao_especial": "", "capital_social": "0.00", "extra": {}, "billing": {"free": false, "database": false}}