{"atividade_principal": [{"text": "Administra\u00e7\u00e3o p\u00fablica em geral", "code": "84.11-6-00"}], "data_situacao": "27/02/2003", "complemento": "5 ANDAR", "nome": "MINISTERIO DA CIDADANIA", "efr": "UNI\u00c3O", "uf": "DF", "telefone": "(61) 2030-2266/ (61) 2030-2268", "situacao": "ATIVA", "bairro": "PLANO PILOTO", "logradouro": "ESP ESPLANADA DOS MINISTERIOS - BLOCO C", "numero": "507", "cep": "70.046-900", "municipio": "BRASILIA", "porte": "DEMAIS", "abertura": "27/02/2003", "natureza_juridica": "101-5 - \u00d3rg\u00e3o P\u00fablico do Poder Executivo Federal", "fantasia": "MINISTERIO DA CIDADANIA", "cnpj": "05.526.783/0001-65", "ultima_atualizacao": "2020-02-08T05:06:27.366Z", "status": "OK", "tipo": "MATRIZ", "email": "", "motivo_situacao": "", "situacao_especial": "", "data_situacao_especial": "", "atividades_secundarias": [{"code": "00.00-0-00", "text": "N\u00e3o informada"}], "capital_social": "0.00", "qsa": [], "extra": {}, "billing": {"free": false, "database": false}}