{"atividade_principal": [{"text": "Manuten\u00e7\u00e3o e repara\u00e7\u00e3o de aparelhos eletrom\u00e9dicos e eletroterap\u00eauticos e equipamentos de irradia\u00e7\u00e3o", "code": "33.12-1-03"}], "data_situacao": "03/11/2005", "nome": "BIRDMED COMERCIO DE EQUIPAMENTOS MEDICOS LTDA", "uf": "RJ", "telefone": "(021) 3884-1423", "atividades_secundarias": [{"text": "Com\u00e9rcio varejista de outros produtos n\u00e3o especificados anteriormente", "code": "47.89-0-99"}, {"text": "Aluguel de equipamentos cient\u00edficos, m\u00e9dicos e hospitalares, sem operador", "code": "77.39-0-02"}, {"text": "Aluguel de material m\u00e9dico", "code": "77.29-2-03"}], "qsa": [{"qual": "49-S\u00f3cio-Administrador", "nome": "ALEXANDRE DA ROCHA GUEDES MELO"}, {"qual": "49-S\u00f3cio-Administrador", "nome": "JOSE MARIO DE ALMEIDA MOTTA"}], "situacao": "ATIVA", "bairro": "PENHA-RJ CIRCULAR", "logradouro": "R CUBA", "numero": "415", "cep": "21.020-160", "municipio": "RIO DE JANEIRO", "porte": "MICRO EMPRESA", "abertura": "06/03/2003", "natureza_juridica": "206-2 - Sociedade Empres\u00e1ria Limitada", "fantasia": "BIRDMED", "cnpj": "05.599.628/0001-79", "ultima_atualizacao": "2020-02-08T05:12:05.348Z", "status": "OK", "tipo": "MATRIZ", "complemento": "", "email": "", "efr": "", "motivo_situacao": "", "situacao_especial": "", "data_situacao_especial": "", "capital_social": "100000.00", "extra": {}, "billing": {"free": false, "database": false}}