{"atividade_principal": [{"text": "Com\u00e9rcio atacadista de medicamentos e drogas de uso humano", "code": "46.44-3-01"}], "data_situacao": "22/04/2003", "complemento": ": CHACARA 376; GALPAO: 01 - A;", "nome": "EXFARMA LTDA", "uf": "ES", "telefone": "(27) 2124-4100/ (27) 2124-4113", "email": "valtiery@comprofar.com.br", "atividades_secundarias": [{"text": "Com\u00e9rcio atacadista de cosm\u00e9ticos e produtos de perfumaria", "code": "46.46-0-01"}, {"text": "Com\u00e9rcio atacadista de produtos de higiene pessoal", "code": "46.46-0-02"}, {"text": "Com\u00e9rcio atacadista de instrumentos e materiais para uso m\u00e9dico, cir\u00fargico, hospitalar e de laborat\u00f3rios", "code": "46.45-1-01"}, {"text": "Com\u00e9rcio atacadista de m\u00e1quinas, aparelhos e equipamentos para uso odonto-m\u00e9dico-hospitalar; partes e pe\u00e7as", "code": "46.64-8-00"}, {"text": "Com\u00e9rcio atacadista de medicamentos e drogas de uso veterin\u00e1rio", "code": "46.44-3-02"}, {"text": "Com\u00e9rcio atacadista de outros produtos qu\u00edmicos e petroqu\u00edmicos n\u00e3o especificados anteriormente", "code": "46.84-2-99"}, {"text": "Com\u00e9rcio atacadista de produtos de higiene, limpeza e conserva\u00e7\u00e3o domiciliar", "code": "46.49-4-08"}, {"text": "Com\u00e9rcio atacadista de produtos odontol\u00f3gicos", "code": "46.45-1-03"}, {"text": "Com\u00e9rcio atacadista de artigos de escrit\u00f3rio e de papelaria", "code": "46.47-8-01"}, {"text": "Com\u00e9rcio atacadista de produtos aliment\u00edcios em geral", "code": "46.39-7-01"}, {"text": "Com\u00e9rcio atacadista especializado em outros produtos aliment\u00edcios n\u00e3o especificados anteriormente", "code": "46.37-1-99"}], "qsa": [{"qual": "49-S\u00f3cio-Administrador", "nome": "JOAO GUALBERTO PEIXOTO"}, {"qual": "49-S\u00f3cio-Administrador", "nome": "EDSON BISPO DOS SANTOS"}, {"qual": "22-S\u00f3cio", "nome": "FERNANDO VICTOR MOREIRA"}, {"qual": "22-S\u00f3cio", "nome": "IONE ITABORAI PEREIRA"}, {"qual": "22-S\u00f3cio", "nome": "ROSANE ITABORAI PEREIRA MOREIRA"}], "situacao": "ATIVA", "bairro": "JARDIM LIMOEIRO", "logradouro": "R FRANCISCO SOUSA DOS SANTOS", "numero": "320", "cep": "29.164-153", "municipio": "SERRA", "porte": "DEMAIS", "abertura": "22/04/2003", "natureza_juridica": "206-2 - Sociedade Empres\u00e1ria Limitada", "fantasia": "EXFARMA LTDA", "cnpj": "05.618.222/0001-96", "ultima_atualizacao": "2020-02-08T05:11:14.480Z", "status": "OK", "tipo": "MATRIZ", "efr": "", "motivo_situacao": "", "situacao_especial": "", "data_situacao_especial": "", "capital_social": "3000000.00", "extra": {}, "billing": {"free": false, "database": false}}