{"atividade_principal": [{"text": "Repara\u00e7\u00e3o e manuten\u00e7\u00e3o de equipamentos eletroeletr\u00f4nicos de uso pessoal e dom\u00e9stico", "code": "95.21-5-00"}], "data_situacao": "06/03/2004", "nome": "ARBELLI AR CONDICIONADO LTDA", "uf": "RJ", "telefone": "(22) 2759-0106", "atividades_secundarias": [{"text": "Com\u00e9rcio atacadista de equipamentos el\u00e9tricos de uso pessoal e dom\u00e9stico", "code": "46.49-4-01"}, {"text": "Com\u00e9rcio atacadista de outras m\u00e1quinas e equipamentos n\u00e3o especificados anteriormente; partes e pe\u00e7as", "code": "46.69-9-99"}, {"text": "Com\u00e9rcio varejista especializado de eletrodom\u00e9sticos e equipamentos de \u00e1udio e v\u00eddeo", "code": "47.53-9-00"}, {"text": "Com\u00e9rcio varejista especializado de pe\u00e7as e acess\u00f3rios para aparelhos eletroeletr\u00f4nicos para uso dom\u00e9stico, exceto inform\u00e1tica e comunica\u00e7\u00e3o", "code": "47.57-1-00"}, {"text": "Instala\u00e7\u00e3o e manuten\u00e7\u00e3o de sistemas centrais de ar condicionado, de ventila\u00e7\u00e3o e refrigera\u00e7\u00e3o", "code": "43.22-3-02"}, {"text": "Servi\u00e7os de engenharia", "code": "71.12-0-00"}], "qsa": [{"qual": "49-S\u00f3cio-Administrador", "nome": "WAGNER ZUBELLI DE ASSUMPCAO"}, {"qual": "22-S\u00f3cio", "nome": "LUIZ CARLOS ARGENTO"}], "situacao": "ATIVA", "bairro": "ALTO CAJUEIROS", "logradouro": "R MONSENHOR JOSE SEVERINO", "numero": "61", "cep": "27.915-160", "municipio": "MACAE", "porte": "EMPRESA DE PEQUENO PORTE", "abertura": "19/05/2003", "natureza_juridica": "206-2 - Sociedade Empres\u00e1ria Limitada", "cnpj": "05.695.157/0001-00", "ultima_atualizacao": "2020-02-08T00:30:32.443Z", "status": "OK", "tipo": "MATRIZ", "fantasia": "", "complemento": "", "email": "", "efr": "", "motivo_situacao": "", "situacao_especial": "", "data_situacao_especial": "", "capital_social": "300000.00", "extra": {}, "billing": {"free": false, "database": true}}