{"atividade_principal": [{"text": "Com\u00e9rcio varejista de mercadorias em geral, com predomin\u00e2ncia de produtos aliment\u00edcios - supermercados", "code": "47.11-3-02"}], "data_situacao": "05/06/2004", "complemento": "LOJA A", "nome": "MERCEARIA NOVA AROEIRA EIRELI", "uf": "RJ", "telefone": "(22) 2772-1648", "atividades_secundarias": [{"text": "Com\u00e9rcio varejista de carnes - a\u00e7ougues", "code": "47.22-9-01"}, {"text": "Padaria e confeitaria com predomin\u00e2ncia de revenda", "code": "47.21-1-02"}], "qsa": [{"qual": "65-Titular Pessoa F\u00edsica Residente ou Domiciliado no Brasil", "nome": "JOAO HELENO CURVELLO DE SOUSA"}], "situacao": "ATIVA", "bairro": "NOVA AROEIRAS", "logradouro": "R DOS FLAMBOYANTES", "numero": "86", "cep": "27.946-050", "municipio": "MACAE", "porte": "EMPRESA DE PEQUENO PORTE", "abertura": "02/07/2003", "natureza_juridica": "230-5 - Empresa Individual de Responsabilidade Limitada (de Natureza Empres\u00e1ria)", "cnpj": "05.787.892/0001-36", "ultima_atualizacao": "2020-02-08T04:13:52.956Z", "status": "OK", "tipo": "MATRIZ", "fantasia": "", "email": "", "efr": "", "motivo_situacao": "", "situacao_especial": "", "data_situacao_especial": "", "capital_social": "100000.00", "extra": {}, "billing": {"free": false, "database": false}}