{"atividade_principal": [{"text": "Com\u00e9rcio atacadista de instrumentos e materiais para uso m\u00e9dico, cir\u00fargico, hospitalar e de laborat\u00f3rios", "code": "46.45-1-01"}], "data_situacao": "22/08/2003", "complemento": "SALA 601,602,603 E 604", "nome": "NOS NEURO ORTHOPAEDICS SURGERIES COMERCIO IMPORTACAO E EXPORTACAO DE MATERIAL CIRURGICO LTDA", "uf": "RJ", "telefone": "(21) 2717-4000/ (21) 2717-3080", "email": "thais.almeida@nos-brasil.com.br", "atividades_secundarias": [{"text": "Com\u00e9rcio atacadista de pr\u00f3teses e artigos de ortopedia", "code": "46.45-1-02"}, {"text": "Manuten\u00e7\u00e3o e repara\u00e7\u00e3o de equipamentos e produtos n\u00e3o especificados anteriormente", "code": "33.19-8-00"}, {"text": "Aluguel de equipamentos cient\u00edficos, m\u00e9dicos e hospitalares, sem operador", "code": "77.39-0-02"}], "qsa": [{"qual": "49-S\u00f3cio-Administrador", "nome": "MAURICIO DE MENDONCA LOUZADA"}, {"qual": "49-S\u00f3cio-Administrador", "nome": "MILTON CEZAR AUGUSTO AZEVEDO DE OLIVEIRA"}, {"qual": "49-S\u00f3cio-Administrador", "nome": "MARCELO WILLAN DE SOUZA"}], "situacao": "ATIVA", "bairro": "CENTRO", "logradouro": "R DOUTOR BORMAN", "numero": "43", "cep": "24.020-320", "municipio": "NITEROI", "porte": "DEMAIS", "abertura": "22/08/2003", "natureza_juridica": "206-2 - Sociedade Empres\u00e1ria Limitada", "cnpj": "05.827.947/0001-94", "ultima_atualizacao": "2020-02-07T19:25:02.444Z", "status": "OK", "tipo": "MATRIZ", "fantasia": "", "efr": "", "motivo_situacao": "", "situacao_especial": "", "data_situacao_especial": "", "capital_social": "300000.00", "extra": {}, "billing": {"free": false, "database": true}}