{"atividade_principal": [{"text": "Com\u00e9rcio varejista de material el\u00e9trico (Dispensada *)", "code": "47.42-3-00"}], "data_situacao": "03/11/2005", "nome": "DISMETER COMERCIAL ELETRICA LTDA", "uf": "RJ", "telefone": "(22) 2765-2000", "email": "dismeter@dismeter.com.br", "atividades_secundarias": [{"text": "Com\u00e9rcio atacadista de material el\u00e9trico", "code": "46.73-7-00"}, {"text": "Com\u00e9rcio varejista de materiais hidr\u00e1ulicos (Dispensada *)", "code": "47.44-0-03"}, {"text": "Com\u00e9rcio varejista especializado de equipamentos e suprimentos de inform\u00e1tica (Dispensada *)", "code": "47.51-2-01"}, {"text": "Holdings de institui\u00e7\u00f5es n\u00e3o-financeiras", "code": "64.62-0-00"}, {"text": "Atividades de consultoria em gest\u00e3o empresarial, exceto consultoria t\u00e9cnica espec\u00edfica (Dispensada *)", "code": "70.20-4-00"}, {"text": "Servi\u00e7os de engenharia (Dispensada *)", "code": "71.12-0-00"}, {"text": "Outras atividades profissionais, cient\u00edficas e t\u00e9cnicas n\u00e3o especificadas anteriormente (Dispensada *)", "code": "74.90-1-99"}, {"text": "Aluguel de outras m\u00e1quinas e equipamentos comerciais e industriais n\u00e3o especificados anteriormente, sem operador", "code": "77.39-0-99"}], "qsa": [{"qual": "49-S\u00f3cio-Administrador", "nome": "ELISETE DE SOUSA NUNES SANTOS"}], "situacao": "ATIVA", "bairro": "PRAIA CAMPISTA", "logradouro": "AV GUADALAJARA", "numero": "1900", "cep": "27.923-220", "municipio": "MACAE", "porte": "DEMAIS", "abertura": "04/09/2003", "natureza_juridica": "206-2 - Sociedade Empres\u00e1ria Limitada", "cnpj": "05.867.938/0001-27", "ultima_atualizacao": "2020-02-07T22:54:18.807Z", "status": "OK", "tipo": "MATRIZ", "fantasia": "", "complemento": "", "efr": "", "motivo_situacao": "", "situacao_especial": "", "data_situacao_especial": "", "capital_social": "500000.00", "extra": {}, "billing": {"free": false, "database": true}}