{"atividade_principal": [{"text": "Com\u00e9rcio atacadista especializado de materiais de constru\u00e7\u00e3o n\u00e3o especificados anteriormente", "code": "46.79-6-04"}], "data_situacao": "14/10/2003", "nome": "MACAE ACOS COMERCIO DE MAT. FERROSOS E NAO FERROSOS LTDA", "uf": "RJ", "telefone": "(22) 2762-2717", "email": "jg@centraldeacos.com.br", "atividades_secundarias": [{"text": "Com\u00e9rcio atacadista de M\u00e1quinas e equipamentos para uso industrial; partes e pe\u00e7as", "code": "46.63-0-00"}, {"text": "Com\u00e9rcio atacadista de outras m\u00e1quinas e equipamentos n\u00e3o especificados anteriormente; partes e pe\u00e7as", "code": "46.69-9-99"}, {"text": "Com\u00e9rcio atacadista de ferragens e ferramentas", "code": "46.72-9-00"}, {"text": "Com\u00e9rcio atacadista de produtos sider\u00fargicos e metal\u00fargicos, exceto para constru\u00e7\u00e3o", "code": "46.85-1-00"}, {"text": "Com\u00e9rcio varejista de ferragens e ferramentas", "code": "47.44-0-01"}, {"text": "Com\u00e9rcio varejista de materiais de constru\u00e7\u00e3o n\u00e3o especificados anteriormente", "code": "47.44-0-05"}], "qsa": [{"qual": "49-S\u00f3cio-Administrador", "nome": "JOAO GUILHERME GONCALVES DE FARIA"}, {"qual": "49-S\u00f3cio-Administrador", "nome": "MARIANNA GONCALVES DE FARIA SIQUEIRA"}], "situacao": "ATIVA", "bairro": "RIVIERA FLUMINENSE", "logradouro": "R BENEDITA DE SOUZA NUNES", "numero": "115", "cep": "27.940-280", "municipio": "MACAE", "porte": "MICRO EMPRESA", "abertura": "14/10/2003", "natureza_juridica": "206-2 - Sociedade Empres\u00e1ria Limitada", "fantasia": "MACAE ACOS", "cnpj": "05.947.188/0001-01", "ultima_atualizacao": "2020-02-08T03:49:14.388Z", "status": "OK", "tipo": "MATRIZ", "complemento": "", "efr": "", "motivo_situacao": "", "situacao_especial": "", "data_situacao_especial": "", "capital_social": "100000.00", "extra": {}, "billing": {"free": false, "database": false}}