{"atividade_principal": [{"text": "Lavanderias", "code": "96.01-7-01"}], "data_situacao": "10/08/2007", "nome": "LEAO MOTA COMERCIO E SERVICOS EM GERAL - EIRELI", "uf": "RJ", "telefone": "(21) 2628-9476", "email": "valeria.alcantara@superig.com.br", "situacao": "ATIVA", "bairro": "PRAIA ANCORA", "logradouro": "R DAS CASUARINAS", "numero": "130", "cep": "28.890-975", "municipio": "RIO DAS OSTRAS", "porte": "MICRO EMPRESA", "abertura": "10/08/2007", "natureza_juridica": "230-5 - Empresa Individual de Responsabilidade Limitada (de Natureza Empres\u00e1ria)", "cnpj": "05.988.263/0002-55", "ultima_atualizacao": "2020-02-07T23:51:15.618Z", "status": "OK", "tipo": "FILIAL", "fantasia": "", "complemento": "", "efr": "", "motivo_situacao": "", "situacao_especial": "", "data_situacao_especial": "", "atividades_secundarias": [{"code": "00.00-0-00", "text": "N\u00e3o informada"}], "capital_social": "0.00", "qsa": [], "extra": {}, "billing": {"free": false, "database": true}}