{"data_situacao": "12/08/2019", "motivo_situacao": "EXTINCAO P/ ENC LIQ VOLUNTARIA", "nome": "RIOTRON COMERCIO DE MAQUINAS EIRELI", "situacao": "BAIXADA", "porte": "EMPRESA DE PEQUENO PORTE", "abertura": "12/12/2003", "natureza_juridica": "230-5 - Empresa Individual de Responsabilidade Limitada (de Natureza Empres\u00e1ria)", "cnpj": "06.038.098/0001-52", "ultima_atualizacao": "2020-02-08T03:55:36.980Z", "status": "OK", "tipo": "MATRIZ", "fantasia": "", "logradouro": "", "numero": "", "complemento": "", "cep": "", "bairro": "", "municipio": "", "uf": "", "email": "", "telefone": "", "efr": "", "situacao_especial": "", "data_situacao_especial": "", "atividade_principal": [{"code": "00.00-0-00", "text": "********"}], "atividades_secundarias": [{"code": "00.00-0-00", "text": "N\u00e3o informada"}], "capital_social": "0.00", "qsa": [], "extra": {}, "billing": {"free": false, "database": false}}