{"atividade_principal": [{"text": "Outras atividades de aten\u00e7\u00e3o \u00e0 sa\u00fade humana n\u00e3o especificadas anteriormente", "code": "86.90-9-99"}], "data_situacao": "16/12/2003", "complemento": "SALA 402", "nome": "PRO-SIGMA SERVICOS DE PROTECAO RADIOLOGICA E FISICA MEDICA LTDA", "uf": "RJ", "telefone": "(21) 2544-2284", "qsa": [{"qual": "22-S\u00f3cio", "nome": "FERNANDO MECCA AUGUSTO"}, {"qual": "22-S\u00f3cio", "nome": "BENETH COSTA GOMES"}, {"qual": "22-S\u00f3cio", "nome": "AFRANIO AKREMAN MACEDO"}, {"qual": "22-S\u00f3cio", "nome": "PAULO CEZAR DE OLIVEIRA ABRAHAO"}, {"qual": "22-S\u00f3cio", "nome": "JOAO LUCIO MACAO JUNIOR"}, {"qual": "49-S\u00f3cio-Administrador", "nome": "FABIANA RODOLPHO MECCA AUGUSTO"}, {"qual": "22-S\u00f3cio", "nome": "RAFAEL AUGUSTO MEDEIROS"}, {"qual": "22-S\u00f3cio", "nome": "CONRADO ARAUJO LIMEIRA DE NIEMEYER"}, {"qual": "22-S\u00f3cio", "nome": "PETRUS PAULO COMBAS EUFRAZIO DA SILVA"}], "situacao": "ATIVA", "bairro": "CENTRO", "logradouro": "R WASHINGTON LUIS", "numero": "9", "cep": "20.230-900", "municipio": "RIO DE JANEIRO", "porte": "EMPRESA DE PEQUENO PORTE", "abertura": "16/12/2003", "natureza_juridica": "224-0 - Sociedade Simples Limitada", "cnpj": "06.075.854/0001-13", "ultima_atualizacao": "2020-02-07T12:03:27.973Z", "status": "OK", "tipo": "MATRIZ", "fantasia": "", "email": "", "efr": "", "motivo_situacao": "", "situacao_especial": "", "data_situacao_especial": "", "atividades_secundarias": [{"code": "00.00-0-00", "text": "N\u00e3o informada"}], "capital_social": "2000.00", "extra": {}, "billing": {"free": false, "database": true}}