{"data_situacao": "28/11/2018", "motivo_situacao": "EXTINCAO P/ ENC LIQ VOLUNTARIA", "nome": "POUSADA E TURISMO FRANCA LTDA", "situacao": "BAIXADA", "porte": "MICRO EMPRESA", "abertura": "06/10/2003", "natureza_juridica": "206-2 - Sociedade Empres\u00e1ria Limitada", "fantasia": "FAZENDINHA COQUEIRAL", "cnpj": "06.081.067/0001-84", "ultima_atualizacao": "2020-02-07T23:49:26.303Z", "status": "OK", "tipo": "MATRIZ", "logradouro": "", "numero": "", "complemento": "", "cep": "", "bairro": "", "municipio": "", "uf": "", "email": "", "telefone": "", "efr": "", "situacao_especial": "", "data_situacao_especial": "", "atividade_principal": [{"code": "00.00-0-00", "text": "********"}], "atividades_secundarias": [{"code": "00.00-0-00", "text": "N\u00e3o informada"}], "capital_social": "0.00", "qsa": [], "extra": {}, "billing": {"free": false, "database": true}}