{"atividade_principal": [{"text": "Com\u00e9rcio varejista de outros produtos n\u00e3o especificados anteriormente", "code": "47.89-0-99"}], "data_situacao": "03/11/2005", "complemento": "LOJA", "nome": "E. N - CLEN SERRALHERIA E VIDRACARIA LTDA", "uf": "RJ", "qsa": [{"qual": "49-S\u00f3cio-Administrador", "nome": "NILTON CLEN FERREIRA"}, {"qual": "49-S\u00f3cio-Administrador", "nome": "ELIAS CLEN FERREIRA"}], "situacao": "ATIVA", "bairro": "SOL E MAR", "logradouro": "AV CARLOS TINOCO GARCIA", "numero": "1534", "cep": "27.937-590", "municipio": "MACAE", "porte": "MICRO EMPRESA", "abertura": "15/12/2003", "natureza_juridica": "206-2 - Sociedade Empres\u00e1ria Limitada", "fantasia": "SERRALHERIA E VIDRACARIA ITALVENSE", "cnpj": "06.080.582/0001-40", "ultima_atualizacao": "2020-02-08T04:35:18.050Z", "status": "OK", "tipo": "MATRIZ", "email": "", "telefone": "", "efr": "", "motivo_situacao": "", "situacao_especial": "", "data_situacao_especial": "", "atividades_secundarias": [{"code": "00.00-0-00", "text": "N\u00e3o informada"}], "capital_social": "0.00", "extra": {}, "billing": {"free": false, "database": false}}