{"data_situacao": "15/02/2019", "motivo_situacao": "EXTINCAO P/ ENC LIQ VOLUNTARIA", "nome": "SIGNS MACAE EMPREENDIMENTOS E SERVICOS LTDA", "telefone": "(22) 2759-8581", "situacao": "BAIXADA", "porte": "EMPRESA DE PEQUENO PORTE", "abertura": "03/03/2004", "natureza_juridica": "206-2 - Sociedade Empres\u00e1ria Limitada", "fantasia": "SINALIZA", "cnpj": "06.154.376/0001-37", "ultima_atualizacao": "2020-02-08T05:10:38.324Z", "status": "OK", "tipo": "MATRIZ", "logradouro": "", "numero": "", "complemento": "", "cep": "", "bairro": "", "municipio": "", "uf": "", "email": "", "efr": "", "situacao_especial": "", "data_situacao_especial": "", "atividade_principal": [{"code": "00.00-0-00", "text": "********"}], "atividades_secundarias": [{"code": "00.00-0-00", "text": "N\u00e3o informada"}], "capital_social": "0.00", "qsa": [], "extra": {}, "billing": {"free": false, "database": false}}