{"atividade_principal": [{"text": "Atividades de atendimento hospitalar, exceto pronto-socorro e unidades para atendimento a urg\u00eancias", "code": "86.10-1-01"}], "data_situacao": "08/05/2019", "nome": "FUNDACAO MUNICIPAL HOSPITALAR DE MACAE - FMHM", "efr": "MUNIC\u00cdPIO DE MACAE", "uf": "RJ", "telefone": "(22) 2791-4077", "situacao": "ATIVA", "bairro": "VIRGEM SANTA", "logradouro": "ROD RJ 168 , KM 4", "numero": "S/N", "situacao_especial": "LIQUIDACAO EXTRA-JUDICIAL", "cep": "27.910-000", "municipio": "MACAE", "porte": "DEMAIS", "abertura": "10/12/2003", "natureza_juridica": "115-5 - Funda\u00e7\u00e3o P\u00fablica de Direito P\u00fablico Municipal", "data_situacao_especial": "17/20/0802", "fantasia": "FUNDACAO MUNICIPAL HOSPITALAR DE MACAE - FMHM", "cnpj": "06.180.014/0001-10", "ultima_atualizacao": "2020-02-08T04:41:11.721Z", "status": "OK", "tipo": "MATRIZ", "complemento": "", "email": "", "motivo_situacao": "", "atividades_secundarias": [{"code": "00.00-0-00", "text": "N\u00e3o informada"}], "capital_social": "0.00", "qsa": [], "extra": {}, "billing": {"free": false, "database": false}}