{"atividade_principal": [{"text": "Hot\u00e9is", "code": "55.10-8-01"}], "data_situacao": "03/11/2005", "nome": "POUSADA CASA VERDE LTDA", "uf": "RJ", "qsa": [{"qual": "49-S\u00f3cio-Administrador", "nome": "ANTONIO CARLOS PEREIRA REID"}, {"qual": "49-S\u00f3cio-Administrador", "nome": "MIRIAM SANTOS MANCEBO REID"}], "situacao": "ATIVA", "bairro": "CENTRO", "logradouro": "R BENEDITO PEIXOTO", "numero": "10", "cep": "27.916-040", "municipio": "MACAE", "porte": "MICRO EMPRESA", "abertura": "14/04/2004", "natureza_juridica": "206-2 - Sociedade Empres\u00e1ria Limitada", "fantasia": "POUSADA CASA VERDE", "cnpj": "06.234.519/0001-10", "ultima_atualizacao": "2020-02-07T23:12:20.569Z", "status": "OK", "tipo": "MATRIZ", "complemento": "", "email": "", "telefone": "", "efr": "", "motivo_situacao": "", "situacao_especial": "", "data_situacao_especial": "", "atividades_secundarias": [{"code": "00.00-0-00", "text": "N\u00e3o informada"}], "capital_social": "0.00", "extra": {}, "billing": {"free": false, "database": true}}