{"atividade_principal": [{"text": "Com\u00e9rcio atacadista de medicamentos e drogas de uso humano", "code": "46.44-3-01"}], "data_situacao": "23/12/2011", "complemento": "QUADRA 34, LOTE 1/14", "nome": "EXPRESSA DISTRIBUIDORA DE MEDICAMENTOS LTDA", "uf": "GO", "telefone": "(11) 2184-0744/ (11) 2184-0734", "email": "fiscal@expressa.vom", "atividades_secundarias": [{"text": "Com\u00e9rcio atacadista de m\u00e1quinas, aparelhos e equipamentos para uso odonto-m\u00e9dico-hospitalar; partes e pe\u00e7as", "code": "46.64-8-00"}, {"text": "Representantes comerciais e agentes do com\u00e9rcio de instrumentos e materiais odonto-m\u00e9dico-hospitalares", "code": "46.18-4-02"}, {"text": "Representantes comerciais e agentes do com\u00e9rcio de medicamentos, cosm\u00e9ticos e produtos de perfumaria", "code": "46.18-4-01"}, {"text": "Com\u00e9rcio atacadista especializado em outros produtos aliment\u00edcios n\u00e3o especificados anteriormente", "code": "46.37-1-99"}, {"text": "Transporte rodovi\u00e1rio de carga, exceto produtos perigosos e mudan\u00e7as, municipal.", "code": "49.30-2-01"}, {"text": "Com\u00e9rcio atacadista de cosm\u00e9ticos e produtos de perfumaria", "code": "46.46-0-01"}, {"text": "Com\u00e9rcio atacadista de produtos de higiene pessoal", "code": "46.46-0-02"}, {"text": "Com\u00e9rcio atacadista de instrumentos e materiais para uso m\u00e9dico, cir\u00fargico, hospitalar e de laborat\u00f3rios", "code": "46.45-1-01"}, {"text": "Com\u00e9rcio atacadista de produtos aliment\u00edcios em geral", "code": "46.39-7-01"}, {"text": "Servi\u00e7os de entrega r\u00e1pida", "code": "53.20-2-02"}], "situacao": "ATIVA", "bairro": "JARDIM SANTO ANTONIO", "logradouro": "R 11", "numero": "24", "cep": "74.853-240", "municipio": "GOIANIA", "porte": "DEMAIS", "abertura": "23/12/2011", "natureza_juridica": "206-2 - Sociedade Empres\u00e1ria Limitada", "fantasia": "EXPRESSA", "cnpj": "06.234.797/0012-20", "ultima_atualizacao": "2020-02-08T01:01:30.293Z", "status": "OK", "tipo": "FILIAL", "efr": "", "motivo_situacao": "", "situacao_especial": "", "data_situacao_especial": "", "capital_social": "0.00", "qsa": [], "extra": {}, "billing": {"free": false, "database": true}}