{"atividade_principal": [{"text": "Administra\u00e7\u00e3o de caixas escolares", "code": "85.50-3-01"}], "data_situacao": "08/07/2004", "nome": "CONSELHO ESCOLAR DO COLEGIO MUNICIPAL PROFESSORA MARIA ISABEL DAMASCENO SIMAO", "uf": "RJ", "atividades_secundarias": [{"text": "Outras atividades de ensino n\u00e3o especificadas anteriormente", "code": "85.99-6-99"}], "qsa": [{"qual": "16-Presidente", "nome": "ROBERTO JOSE VALCACIO FILHO"}], "situacao": "ATIVA", "bairro": "CENTRO", "logradouro": "R DOUTOR FRANCISCO PORTELA", "numero": "410", "cep": "27.910-200", "municipio": "MACAE", "porte": "DEMAIS", "abertura": "08/07/2004", "natureza_juridica": "399-9 - Associa\u00e7\u00e3o Privada", "fantasia": "CE CMPMIDS", "cnpj": "06.374.120/0001-35", "ultima_atualizacao": "2020-02-07T23:35:34.280Z", "status": "OK", "tipo": "MATRIZ", "complemento": "", "email": "", "telefone": "", "efr": "", "motivo_situacao": "", "situacao_especial": "", "data_situacao_especial": "", "capital_social": "0.00", "extra": {}, "billing": {"free": false, "database": true}}