{"atividade_principal": [{"text": "Transporte rodovi\u00e1rio de carga, exceto produtos perigosos e mudan\u00e7as, municipal.", "code": "49.30-2-01"}], "data_situacao": "15/07/2004", "complemento": "ANDAR 12", "nome": "MISSISSIPI EMPREENDIMENTOS LTDA", "uf": "RJ", "telefone": "(21) 2220-7500", "atividades_secundarias": [{"text": "Servi\u00e7o de manejo de animais", "code": "01.62-8-03"}, {"text": "Coleta de res\u00edduos n\u00e3o-perigosos", "code": "38.11-4-00"}, {"text": "Constru\u00e7\u00e3o de edif\u00edcios", "code": "41.20-4-00"}, {"text": "Constru\u00e7\u00e3o de rodovias e ferrovias", "code": "42.11-1-01"}, {"text": "Obras de urbaniza\u00e7\u00e3o - ruas, pra\u00e7as e cal\u00e7adas", "code": "42.13-8-00"}, {"text": "Constru\u00e7\u00e3o de redes de abastecimento de \u00e1gua, coleta de esgoto e constru\u00e7\u00f5es correlatas, exceto obras de irriga\u00e7\u00e3o", "code": "42.22-7-01"}, {"text": "Montagem de estruturas met\u00e1licas", "code": "42.92-8-01"}, {"text": "Outras obras de engenharia civil n\u00e3o especificadas anteriormente", "code": "42.99-5-99"}, {"text": "Obras de terraplenagem", "code": "43.13-4-00"}, {"text": "Instala\u00e7\u00e3o e manuten\u00e7\u00e3o el\u00e9trica", "code": "43.21-5-00"}, {"text": "Instala\u00e7\u00e3o e manuten\u00e7\u00e3o de sistemas centrais de ar condicionado, de ventila\u00e7\u00e3o e refrigera\u00e7\u00e3o", "code": "43.22-3-02"}, {"text": "Montagem e instala\u00e7\u00e3o de sistemas e equipamentos de ilumina\u00e7\u00e3o e sinaliza\u00e7\u00e3o em vias p\u00fablicas, portos e aeroportos", "code": "43.29-1-04"}, {"text": "Servi\u00e7os de arquitetura", "code": "71.11-1-00"}, {"text": "Servi\u00e7os de engenharia", "code": "71.12-0-00"}, {"text": "Loca\u00e7\u00e3o de m\u00e3o-de-obra tempor\u00e1ria", "code": "78.20-5-00"}, {"text": "Imuniza\u00e7\u00e3o e controle de pragas urbanas", "code": "81.22-2-00"}, {"text": "Atividades de limpeza n\u00e3o especificadas anteriormente", "code": "81.29-0-00"}, {"text": "Atividades paisag\u00edsticas", "code": "81.30-3-00"}], "qsa": [{"qual": "49-S\u00f3cio-Administrador", "nome": "RAUL BAGATTINI"}, {"qual": "49-S\u00f3cio-Administrador", "nome": "IRAGUARA DA SILVA PEREIRA FILHO"}], "situacao": "ATIVA", "bairro": "CENTRO", "logradouro": "R DA ASSEMBLEIA", "numero": "69", "cep": "20.011-001", "municipio": "RIO DE JANEIRO", "porte": "DEMAIS", "abertura": "15/07/2004", "natureza_juridica": "206-2 - Sociedade Empres\u00e1ria Limitada", "cnpj": "06.876.768/0001-00", "ultima_atualizacao": "2020-02-08T00:24:49.617Z", "status": "OK", "tipo": "MATRIZ", "fantasia": "", "email": "", "efr": "", "motivo_situacao": "", "situacao_especial": "", "data_situacao_especial": "", "capital_social": "16000000.00", "extra": {}, "billing": {"free": false, "database": true}}