{"atividade_principal": [{"text": "Com\u00e9rcio varejista de material el\u00e9trico", "code": "47.42-3-00"}], "data_situacao": "15/07/2004", "complemento": "SALA 201", "nome": "DIMENSIONAL CENTELHA SOLUCOES LTDA", "uf": "RJ", "telefone": "(21) 2195-9200/ (22) 2105-9000", "email": "maria.moreira@centelhabrasil.com.br", "atividades_secundarias": [{"text": "Com\u00e9rcio atacadista de material el\u00e9trico", "code": "46.73-7-00"}], "situacao": "ATIVA", "bairro": "PRAIA CAMPISTA", "logradouro": "AV NOSSA SENHORA DA GLORIA", "numero": "999", "cep": "27.920-360", "municipio": "MACAE", "porte": "DEMAIS", "abertura": "15/07/2004", "natureza_juridica": "206-2 - Sociedade Empres\u00e1ria Limitada", "cnpj": "06.913.480/0002-49", "ultima_atualizacao": "2020-02-07T23:43:07.066Z", "status": "OK", "tipo": "FILIAL", "fantasia": "", "efr": "", "motivo_situacao": "", "situacao_especial": "", "data_situacao_especial": "", "capital_social": "0.00", "qsa": [], "extra": {}, "billing": {"free": false, "database": true}}