{"atividade_principal": [{"text": "Ag\u00eancias de viagens", "code": "79.11-2-00"}], "data_situacao": "16/08/2004", "complemento": "SALA 1007 EDIF LAZIO EXECUTIVO", "nome": "P&P TURISMO EIRELI", "uf": "SC", "telefone": "(49) 2049-0200", "email": "edson@wsa.com.br", "atividades_secundarias": [{"text": "Loca\u00e7\u00e3o de autom\u00f3veis sem condutor", "code": "77.11-0-00"}, {"text": "Operadores tur\u00edsticos", "code": "79.12-1-00"}, {"text": "Servi\u00e7os de reservas e outros servi\u00e7os de turismo n\u00e3o especificados anteriormente", "code": "79.90-2-00"}, {"text": "Servi\u00e7os de organiza\u00e7\u00e3o de feiras, congressos, exposi\u00e7\u00f5es e festas", "code": "82.30-0-01"}], "qsa": [{"qual": "65-Titular Pessoa F\u00edsica Residente ou Domiciliado no Brasil", "nome": "GEAN RICARDO MORAES"}], "situacao": "ATIVA", "bairro": "CENTRO", "logradouro": "AV PORTO ALEGRE - D", "numero": "427-D", "cep": "89.802-130", "municipio": "CHAPECO", "porte": "EMPRESA DE PEQUENO PORTE", "abertura": "16/08/2004", "natureza_juridica": "230-5 - Empresa Individual de Responsabilidade Limitada (de Natureza Empres\u00e1ria)", "fantasia": "P&P TURISMO", "cnpj": "06.955.770/0001-74", "ultima_atualizacao": "2020-02-07T23:29:46.469Z", "status": "OK", "tipo": "MATRIZ", "efr": "", "motivo_situacao": "", "situacao_especial": "", "data_situacao_especial": "", "capital_social": "1000000.00", "extra": {}, "billing": {"free": false, "database": true}}