{"atividade_principal": [{"text": "Com\u00e9rcio varejista especializado de equipamentos e suprimentos de inform\u00e1tica", "code": "47.51-2-01"}], "data_situacao": "19/10/2004", "complemento": "CASA 01", "nome": "INOVAMAX TELEINFORMATICA LTDA", "uf": "PR", "telefone": "(41) 3018-9563", "atividades_secundarias": [{"text": "Com\u00e9rcio varejista de equipamentos para escrit\u00f3rio", "code": "47.89-0-07"}, {"text": "Com\u00e9rcio varejista especializado de eletrodom\u00e9sticos e equipamentos de \u00e1udio e v\u00eddeo", "code": "47.53-9-00"}, {"text": "Com\u00e9rcio varejista especializado de equipamentos de telefonia e comunica\u00e7\u00e3o", "code": "47.52-1-00"}, {"text": "Com\u00e9rcio varejista de artigos fotogr\u00e1ficos e para filmagem", "code": "47.89-0-08"}, {"text": "Repara\u00e7\u00e3o e manuten\u00e7\u00e3o de computadores e de equipamentos perif\u00e9ricos", "code": "95.11-8-00"}, {"text": "Aluguel de m\u00e1quinas e equipamentos para escrit\u00f3rios", "code": "77.33-1-00"}], "qsa": [{"qual": "49-S\u00f3cio-Administrador", "nome": "BRUNA CARVALHO"}, {"qual": "22-S\u00f3cio", "nome": "ONDINA DE SOUZA CARVALHO"}], "situacao": "ATIVA", "bairro": "VILA HAUER", "logradouro": "R ALCINO GUANABARA", "numero": "1570", "cep": "81.630-190", "municipio": "CURITIBA", "porte": "EMPRESA DE PEQUENO PORTE", "abertura": "19/10/2004", "natureza_juridica": "206-2 - Sociedade Empres\u00e1ria Limitada", "cnpj": "07.055.987/0001-90", "ultima_atualizacao": "2020-02-07T13:07:02.822Z", "status": "OK", "tipo": "MATRIZ", "fantasia": "", "email": "", "efr": "", "motivo_situacao": "", "situacao_especial": "", "data_situacao_especial": "", "capital_social": "0.00", "extra": {}, "billing": {"free": false, "database": true}}