{"atividade_principal": [{"text": "Com\u00e9rcio atacadista de medicamentos e drogas de uso humano", "code": "46.44-3-01"}], "data_situacao": "20/10/2004", "complemento": "GALPAO: 102;", "nome": "MICFARMA COMERCIO DE MEDICAMENTOS E PRODUTOS HOSPITALARES LTDA", "uf": "MG", "telefone": "(32) 3211-7932", "email": "piresdemendonca@oi.com.br", "atividades_secundarias": [{"text": "Com\u00e9rcio atacadista de medicamentos e drogas de uso veterin\u00e1rio", "code": "46.44-3-02"}, {"text": "Com\u00e9rcio atacadista de produtos odontol\u00f3gicos", "code": "46.45-1-03"}, {"text": "Representantes comerciais e agentes do com\u00e9rcio de mercadorias em geral n\u00e3o especializado", "code": "46.19-2-00"}, {"text": "Com\u00e9rcio atacadista de produtos de higiene pessoal", "code": "46.46-0-02"}, {"text": "Com\u00e9rcio atacadista de outros equipamentos e artigos de uso pessoal e dom\u00e9stico n\u00e3o especificados anteriormente", "code": "46.49-4-99"}], "qsa": [{"qual": "49-S\u00f3cio-Administrador", "nome": "BERNARDO MICHEL TRANJAN"}, {"qual": "22-S\u00f3cio", "nome": "MICHEL JEAN TRANJAN"}, {"qual": "22-S\u00f3cio", "nome": "CARLOS EDUARDO MICHEL TRANJAN"}], "situacao": "ATIVA", "bairro": "VILA OZANAN", "logradouro": "R SINVAL CORREA", "numero": "104", "cep": "36.020-310", "municipio": "JUIZ DE FORA", "porte": "DEMAIS", "abertura": "20/10/2004", "natureza_juridica": "206-2 - Sociedade Empres\u00e1ria Limitada", "cnpj": "07.070.062/0001-19", "ultima_atualizacao": "2020-02-07T23:31:21.983Z", "status": "OK", "tipo": "MATRIZ", "fantasia": "", "efr": "", "motivo_situacao": "", "situacao_especial": "", "data_situacao_especial": "", "capital_social": "800000.00", "extra": {}, "billing": {"free": false, "database": true}}