{"data_situacao": "29/03/2019", "motivo_situacao": "OMISSAO DE DECLARACOES", "nome": "VIC MED DA TIJUCA DISTRIBUIDORA DE PRODUTOS HOSPITALARES E MEDICAMENTOS EIRELI", "telefone": "(21) 3878-8533/ (21) 3878-8533", "qsa": [{"qual": "65-Titular Pessoa F\u00edsica Residente ou Domiciliado no Brasil", "nome": "PAULO ROBERTO DE ABREU TORRENTES"}], "situacao": "INAPTA", "porte": "MICRO EMPRESA", "abertura": "09/03/2005", "natureza_juridica": "230-5 - Empresa Individual de Responsabilidade Limitada (de Natureza Empres\u00e1ria)", "cnpj": "07.255.415/0001-55", "ultima_atualizacao": "2020-02-08T01:09:06.381Z", "status": "OK", "tipo": "MATRIZ", "fantasia": "", "logradouro": "", "numero": "", "complemento": "", "cep": "", "bairro": "", "municipio": "", "uf": "", "email": "", "efr": "", "situacao_especial": "", "data_situacao_especial": "", "atividade_principal": [{"code": "00.00-0-00", "text": "********"}], "atividades_secundarias": [{"code": "00.00-0-00", "text": "N\u00e3o informada"}], "capital_social": "1000000.00", "extra": {}, "billing": {"free": false, "database": true}}