{"atividade_principal": [{"text": "Compra e venda de im\u00f3veis pr\u00f3prios", "code": "68.10-2-01"}], "data_situacao": "30/03/2005", "complemento": "LOJA 01", "nome": "PETROPAPEL EMPREENDIMENTOS, PARTICIPACOES E ADMINISTRACAO DE BENS LTDA ME", "uf": "RJ", "telefone": "(21) 2561-0091/ (21) 2561-0057", "atividades_secundarias": [{"text": "Aluguel de im\u00f3veis pr\u00f3prios", "code": "68.10-2-02"}, {"text": "Com\u00e9rcio atacadista de artigos de escrit\u00f3rio e de papelaria", "code": "46.47-8-01"}, {"text": "Gest\u00e3o e administra\u00e7\u00e3o da propriedade imobili\u00e1ria", "code": "68.22-6-00"}], "qsa": [{"qual": "49-S\u00f3cio-Administrador", "nome": "FELIPE BOU DIB"}], "situacao": "ATIVA", "bairro": "IMBETIBA", "logradouro": "R DO SACRAMENTO", "numero": "586", "cep": "27.913-150", "municipio": "MACAE", "porte": "EMPRESA DE PEQUENO PORTE", "abertura": "30/03/2005", "natureza_juridica": "206-2 - Sociedade Empres\u00e1ria Limitada", "cnpj": "07.301.191/0001-70", "ultima_atualizacao": "2020-02-08T04:40:46.103Z", "status": "OK", "tipo": "MATRIZ", "fantasia": "", "email": "", "efr": "", "motivo_situacao": "", "situacao_especial": "", "data_situacao_especial": "", "capital_social": "540000.00", "extra": {}, "billing": {"free": false, "database": false}}