{"atividade_principal": [{"text": "Transporte escolar", "code": "49.24-8-00"}], "data_situacao": "07/04/2005", "nome": "MACAESCOLAR - COOPERATIVA DE TRANSPORTE ESCOLAR DO NORTE E NOROESTE FLUMINENSE LTDA", "uf": "RJ", "telefone": "(11) 4292-1008/ (11) 2773-1303", "email": "arlete.mwacontadores@gmailc.om", "atividades_secundarias": [{"text": "Transporte rodovi\u00e1rio coletivo de passageiros, com itiner\u00e1rio fixo, municipal", "code": "49.21-3-01"}, {"text": "Transporte rodovi\u00e1rio coletivo de passageiros, com itiner\u00e1rio fixo, internacional", "code": "49.22-1-03"}, {"text": "Transporte rodovi\u00e1rio coletivo de passageiros, sob regime de fretamento, municipal", "code": "49.29-9-01"}, {"text": "Transporte rodovi\u00e1rio coletivo de passageiros, sob regime de fretamento, intermunicipal, interestadual e internacional", "code": "49.29-9-02"}, {"text": "Outros transportes rodovi\u00e1rios de passageiros n\u00e3o especificados anteriormente", "code": "49.29-9-99"}], "qsa": [{"qual": "16-Presidente", "nome": "ROBERTO RUBIM THOMAZ"}], "situacao": "ATIVA", "bairro": "MIRAMAR", "logradouro": "R SENADOR TARCISO DE ALMEIDA MIRANDA", "numero": "103", "cep": "27.943-440", "municipio": "MACAE", "porte": "DEMAIS", "abertura": "07/04/2005", "natureza_juridica": "214-3 - Cooperativa", "fantasia": "MACAESCOLAR", "cnpj": "07.314.002/0001-02", "ultima_atualizacao": "2020-02-08T00:18:35.020Z", "status": "OK", "tipo": "MATRIZ", "complemento": "", "efr": "", "motivo_situacao": "", "situacao_especial": "", "data_situacao_especial": "", "capital_social": "50000.00", "extra": {}, "billing": {"free": false, "database": true}}