{"atividade_principal": [{"text": "Com\u00e9rcio varejista de tecidos", "code": "47.55-5-01"}], "data_situacao": "03/05/2005", "nome": "F F DOS SANTOS COMERCIO DE TECIDOS", "uf": "RJ", "telefone": "(22) 2762-7792/ (22) 2774-5011", "email": "fabianofernandes73@yahoo.com.br", "situacao": "ATIVA", "bairro": "CENTRO", "logradouro": "R MARECHAL DEODORO", "numero": "160", "cep": "27.910-310", "municipio": "MACAE", "porte": "MICRO EMPRESA", "abertura": "03/05/2005", "natureza_juridica": "213-5 - Empres\u00e1rio (Individual)", "fantasia": "GAZE MALHAS E TECIDOS", "cnpj": "07.376.531/0001-22", "ultima_atualizacao": "2020-02-08T03:41:49.189Z", "status": "OK", "tipo": "MATRIZ", "complemento": "", "efr": "", "motivo_situacao": "", "situacao_especial": "", "data_situacao_especial": "", "atividades_secundarias": [{"code": "00.00-0-00", "text": "N\u00e3o informada"}], "capital_social": "0.00", "qsa": [], "extra": {}, "billing": {"free": false, "database": false}}