{"atividade_principal": [{"text": "Transporte rodovi\u00e1rio de carga, exceto produtos perigosos e mudan\u00e7as, intermunicipal, interestadual e internacional", "code": "49.30-2-02"}], "data_situacao": "13/05/2005", "complemento": "LOTE 39 ANTINA RUA 02", "nome": "GUIMARAES E CARDOSO LOCACAO DE VEICULOS LTDA", "uf": "RJ", "atividades_secundarias": [{"text": "Transporte rodovi\u00e1rio de carga, exceto produtos perigosos e mudan\u00e7as, municipal", "code": "49.30-2-01"}, {"text": "Loca\u00e7\u00e3o de autom\u00f3veis sem condutor", "code": "77.11-0-00"}, {"text": "Servi\u00e7o de transporte de passageiros - loca\u00e7\u00e3o de autom\u00f3veis com motorista", "code": "49.23-0-02"}, {"text": "Transporte rodovi\u00e1rio coletivo de passageiros, sob regime de fretamento, intermunicipal, interestadual e internacional", "code": "49.29-9-02"}, {"text": "Transporte rodovi\u00e1rio coletivo de passageiros, sob regime de fretamento, municipal", "code": "49.29-9-01"}], "qsa": [{"qual": "49-S\u00f3cio-Administrador", "nome": "CELSO MONTEIRO CARDOSO"}, {"qual": "22-S\u00f3cio", "nome": "JAIRO GUIMARAES DA SILVA"}], "situacao": "ATIVA", "bairro": "RIVIERA FLUMINENSE", "logradouro": "R JOAO DO PATROCINIO", "numero": "S/N", "cep": "27.937-200", "municipio": "MACAE", "porte": "EMPRESA DE PEQUENO PORTE", "abertura": "13/05/2005", "natureza_juridica": "206-2 - Sociedade Empres\u00e1ria Limitada", "cnpj": "07.385.262/0001-60", "ultima_atualizacao": "2020-02-08T04:26:55.064Z", "status": "OK", "tipo": "MATRIZ", "fantasia": "", "email": "", "telefone": "", "efr": "", "motivo_situacao": "", "situacao_especial": "", "data_situacao_especial": "", "capital_social": "200000.00", "extra": {}, "billing": {"free": false, "database": false}}