{"atividade_principal": [{"text": "Ag\u00eancias de viagens", "code": "79.11-2-00"}], "data_situacao": "16/05/2005", "complemento": "LOJA 09", "nome": "MAP VIAGENS E TURISMO LTDA", "uf": "RJ", "telefone": "(22) 2757-2292", "atividades_secundarias": [{"text": "Operadores tur\u00edsticos", "code": "79.12-1-00"}, {"text": "Servi\u00e7os de reservas e outros servi\u00e7os de turismo n\u00e3o especificados anteriormente", "code": "79.90-2-00"}], "qsa": [{"qual": "49-S\u00f3cio-Administrador", "nome": "SIMONE OLIVEIRA DE MACEDO"}, {"qual": "22-S\u00f3cio", "nome": "IGNACIO RODRIGUEZ CENGOTITABENGOA"}], "situacao": "ATIVA", "bairro": "CENTRO", "logradouro": "R TEIXEIRA DE GOUVEIA", "numero": "846", "cep": "27.910-110", "municipio": "MACAE", "porte": "MICRO EMPRESA", "abertura": "16/05/2005", "natureza_juridica": "206-2 - Sociedade Empres\u00e1ria Limitada", "fantasia": "MAP VIAGENS E TURISMO", "cnpj": "07.405.416/0001-39", "ultima_atualizacao": "2020-02-07T23:18:27.213Z", "status": "OK", "tipo": "MATRIZ", "email": "", "efr": "", "motivo_situacao": "", "situacao_especial": "", "data_situacao_especial": "", "capital_social": "0.00", "extra": {}, "billing": {"free": false, "database": true}}