{"atividade_principal": [{"text": "Com\u00e9rcio varejista de material el\u00e9trico", "code": "47.42-3-00"}], "data_situacao": "06/09/2005", "complemento": "DEPOSITO - PARTE", "nome": "POWER LUZ COMERCIO DE MATERIAIS ELETRICOS EIRELI", "uf": "RJ", "telefone": "(22) 2762-9176", "qsa": [{"qual": "65-Titular Pessoa F\u00edsica Residente ou Domiciliado no Brasil", "nome": "ALEX MATTOSO CARNEIRO"}], "situacao": "ATIVA", "bairro": "CENTRO", "logradouro": "R JOSE RIBEIRO DE CASTRO", "numero": "172", "cep": "27.910-040", "municipio": "MACAE", "porte": "EMPRESA DE PEQUENO PORTE", "abertura": "06/09/2005", "natureza_juridica": "230-5 - Empresa Individual de Responsabilidade Limitada (de Natureza Empres\u00e1ria)", "cnpj": "07.661.688/0001-08", "ultima_atualizacao": "2020-02-08T03:49:22.584Z", "status": "OK", "tipo": "MATRIZ", "fantasia": "", "email": "", "efr": "", "motivo_situacao": "", "situacao_especial": "", "data_situacao_especial": "", "atividades_secundarias": [{"code": "00.00-0-00", "text": "N\u00e3o informada"}], "capital_social": "200000.00", "extra": {}, "billing": {"free": false, "database": false}}