{"atividade_principal": [{"text": "Fabrica\u00e7\u00e3o de artigos para viagem, bolsas e semelhantes de qualquer material", "code": "15.21-1-00"}], "data_situacao": "05/09/2005", "complemento": "F", "nome": "MASTER GRANDE CONFECCOES DE MALOTES EIRELI", "uf": "SP", "telefone": "(11) 2227-1710", "email": "contato@reidomalote.com.br", "atividades_secundarias": [{"text": "Com\u00e9rcio varejista de artigos de viagem", "code": "47.82-2-02"}, {"text": "Repara\u00e7\u00e3o de cal\u00e7ados, bolsas e artigos de viagem", "code": "95.29-1-01"}, {"text": "Com\u00e9rcio atacadista de bolsas, malas e artigos de viagem", "code": "46.43-5-02"}], "qsa": [{"qual": "65-Titular Pessoa F\u00edsica Residente ou Domiciliado no Brasil", "nome": "ANA CAROLINA MASCIGRANDE BOCK"}], "situacao": "ATIVA", "bairro": "SAUDE", "logradouro": "R DO BOQUEIRAO", "numero": "613", "cep": "04.293-000", "municipio": "SAO PAULO", "porte": "EMPRESA DE PEQUENO PORTE", "abertura": "05/09/2005", "natureza_juridica": "230-5 - Empresa Individual de Responsabilidade Limitada (de Natureza Empres\u00e1ria)", "cnpj": "07.671.437/0001-04", "ultima_atualizacao": "2020-02-07T11:28:26.831Z", "status": "OK", "tipo": "MATRIZ", "fantasia": "", "efr": "", "motivo_situacao": "", "situacao_especial": "", "data_situacao_especial": "", "capital_social": "96000.00", "extra": {}, "billing": {"free": false, "database": true}}