{"atividade_principal": [{"text": "Com\u00e9rcio varejista de artigos m\u00e9dicos e ortop\u00e9dicos", "code": "47.73-3-00"}], "data_situacao": "28/09/2005", "complemento": "LOJA 5", "nome": "MESQUITA E FREITAS COMERCIO E REPRESENTACAO DE MATERIAIS HOSPITALARES LTDA", "uf": "RJ", "telefone": "(22) 2722-9583", "qsa": [{"qual": "49-S\u00f3cio-Administrador", "nome": "NEILDA XAVIER DE FREITAS"}, {"qual": "22-S\u00f3cio", "nome": "LEANDRO CARLOS DO AMARAL BRAGA MESQUITA"}], "situacao": "ATIVA", "bairro": "CENTRO", "logradouro": "AV ALBERTO TORRES", "numero": "679", "cep": "28.035-582", "municipio": "CAMPOS DOS GOYTACAZES", "porte": "MICRO EMPRESA", "abertura": "28/09/2005", "natureza_juridica": "206-2 - Sociedade Empres\u00e1ria Limitada", "fantasia": "CUIDAR CARE", "cnpj": "07.702.342/0001-00", "ultima_atualizacao": "2020-02-08T04:39:28.366Z", "status": "OK", "tipo": "MATRIZ", "email": "", "efr": "", "motivo_situacao": "", "situacao_especial": "", "data_situacao_especial": "", "atividades_secundarias": [{"code": "00.00-0-00", "text": "N\u00e3o informada"}], "capital_social": "1700000.00", "extra": {}, "billing": {"free": false, "database": false}}