{"atividade_principal": [{"text": "Com\u00e9rcio atacadista de alimentos para animais", "code": "46.23-1-09"}], "data_situacao": "21/12/2005", "nome": "AUTARQUIA COMERCIO E SAUDE ANIMAL LTDA", "uf": "SP", "telefone": "(15) 3233-1091", "email": "legalizacao@dinizcontabilidade.com.br", "atividades_secundarias": [{"text": "Com\u00e9rcio atacadista de medicamentos e drogas de uso veterin\u00e1rio", "code": "46.44-3-02"}, {"text": "Com\u00e9rcio varejista de animais vivos e de artigos e alimentos para animais de estima\u00e7\u00e3o", "code": "47.89-0-04"}], "qsa": [{"qual": "49-S\u00f3cio-Administrador", "nome": "CINTIA SANCHEZ PECORARO"}, {"qual": "49-S\u00f3cio-Administrador", "nome": "FERNANDO AMARAL PECORARO"}], "situacao": "ATIVA", "bairro": "JARDIM BRASILANDIA", "logradouro": "R JOAO LEITE DO CANTO", "numero": "79", "cep": "18.075-713", "municipio": "SOROCABA", "porte": "EMPRESA DE PEQUENO PORTE", "abertura": "21/12/2005", "natureza_juridica": "206-2 - Sociedade Empres\u00e1ria Limitada", "cnpj": "07.764.000/0001-07", "ultima_atualizacao": "2020-02-08T04:04:48.902Z", "status": "OK", "tipo": "MATRIZ", "fantasia": "", "complemento": "", "efr": "", "motivo_situacao": "", "situacao_especial": "", "data_situacao_especial": "", "capital_social": "10000.00", "extra": {}, "billing": {"free": false, "database": false}}