{"atividade_principal": [{"text": "Servi\u00e7os de organiza\u00e7\u00e3o de feiras, congressos, exposi\u00e7\u00f5es e festas", "code": "82.30-0-01"}], "data_situacao": "22/12/2005", "complemento": "SLJ", "nome": "MENDES & LOPES PESQUISA, TREINAMENTO E EVENTOS LTDA", "uf": "PR", "telefone": "(41) 3595-9999/ (41) 9989-0780", "email": "lucas@hribeiroconsultores.com.br", "atividades_secundarias": [{"text": "Impress\u00e3o de livros, revistas e outras publica\u00e7\u00f5es peri\u00f3dicas", "code": "18.11-3-02"}, {"text": "Reprodu\u00e7\u00e3o de software em qualquer suporte", "code": "18.30-0-03"}, {"text": "Com\u00e9rcio atacadista de equipamentos de inform\u00e1tica", "code": "46.51-6-01"}, {"text": "Com\u00e9rcio varejista de livros", "code": "47.61-0-01"}, {"text": "Com\u00e9rcio varejista de jornais e revistas", "code": "47.61-0-02"}, {"text": "Edi\u00e7\u00e3o de livros", "code": "58.11-5-00"}, {"text": "Desenvolvimento de programas de computador sob encomenda", "code": "62.01-5-01"}, {"text": "Desenvolvimento e licenciamento de programas de computador n\u00e3o-customiz\u00e1veis", "code": "62.03-1-00"}, {"text": "Consultoria em tecnologia da informa\u00e7\u00e3o", "code": "62.04-0-00"}, {"text": "Atividades de consultoria em gest\u00e3o empresarial, exceto consultoria t\u00e9cnica espec\u00edfica", "code": "70.20-4-00"}, {"text": "Treinamento em desenvolvimento profissional e gerencial", "code": "85.99-6-04"}], "qsa": [{"qual": "49-S\u00f3cio-Administrador", "nome": "JULIANO JOSE LOPES"}, {"qual": "49-S\u00f3cio-Administrador", "nome": "JULIETA MENDES LOPES VARESCHINI"}], "situacao": "ATIVA", "bairro": "EMILIANO PERNETA", "logradouro": "R MANDAGUACU", "numero": "534", "cep": "83.324-430", "municipio": "PINHAIS", "porte": "DEMAIS", "abertura": "22/12/2005", "natureza_juridica": "206-2 - Sociedade Empres\u00e1ria Limitada", "fantasia": "JML", "cnpj": "07.777.721/0001-51", "ultima_atualizacao": "2020-02-07T23:00:23.690Z", "status": "OK", "tipo": "MATRIZ", "efr": "", "motivo_situacao": "", "situacao_especial": "", "data_situacao_especial": "", "capital_social": "150000.00", "extra": {}, "billing": {"free": false, "database": true}}