{"atividade_principal": [{"text": "Atividades de consultoria em gest\u00e3o empresarial, exceto consultoria t\u00e9cnica espec\u00edfica", "code": "70.20-4-00"}], "data_situacao": "04/01/2006", "complemento": "SALA 1004 ANDAR 10 COND EUROBUSINESS CD CMRL", "nome": "NP CAPACITACAO E SOLUCOES TECNOLOGICAS LTDA", "uf": "PR", "telefone": "(41) 3778-1700", "email": "lucas@hribeiroconsultores.com.br", "atividades_secundarias": [{"text": "Consultoria em tecnologia da informa\u00e7\u00e3o", "code": "62.04-0-00"}, {"text": "Edi\u00e7\u00e3o integrada \u00e0 impress\u00e3o de jornais", "code": "58.22-1-00"}, {"text": "Edi\u00e7\u00e3o de revistas", "code": "58.13-1-00"}, {"text": "Edi\u00e7\u00e3o de jornais", "code": "58.12-3-00"}, {"text": "Desenvolvimento de programas de computador sob encomenda", "code": "62.01-5-01"}, {"text": "Edi\u00e7\u00e3o de livros", "code": "58.11-5-00"}, {"text": "Edi\u00e7\u00e3o integrada \u00e0 impress\u00e3o de cadastros, listas e de outros produtos gr\u00e1ficos", "code": "58.29-8-00"}, {"text": "Edi\u00e7\u00e3o integrada \u00e0 impress\u00e3o de revistas", "code": "58.23-9-00"}, {"text": "Servi\u00e7os de organiza\u00e7\u00e3o de feiras, congressos, exposi\u00e7\u00f5es e festas", "code": "82.30-0-01"}, {"text": "Edi\u00e7\u00e3o integrada \u00e0 impress\u00e3o de livros", "code": "58.21-2-00"}, {"text": "Outras atividades de ensino n\u00e3o especificadas anteriormente", "code": "85.99-6-99"}], "qsa": [{"qual": "49-S\u00f3cio-Administrador", "nome": "RUDIMAR BARBOSA DOS REIS"}, {"qual": "22-S\u00f3cio", "nome": "RUIMAR BARBOZA DOS REIS"}, {"qual": "22-S\u00f3cio", "nome": "RODRIGO GERMANO DOS SANTOS STREITHORST"}], "situacao": "ATIVA", "bairro": "CAMPO COMPRIDO", "logradouro": "R DOUTOR BRASILIO VICENTE DE CASTRO", "numero": "111", "cep": "81.200-526", "municipio": "CURITIBA", "porte": "DEMAIS", "abertura": "04/01/2006", "natureza_juridica": "206-2 - Sociedade Empres\u00e1ria Limitada", "fantasia": "N P EVENTOS E SERVICOS", "cnpj": "07.797.967/0001-95", "ultima_atualizacao": "2020-02-08T04:56:15.441Z", "status": "OK", "tipo": "MATRIZ", "efr": "", "motivo_situacao": "", "situacao_especial": "", "data_situacao_especial": "", "capital_social": "5000.00", "extra": {}, "billing": {"free": false, "database": false}}