{"atividade_principal": [{"text": "Confec\u00e7\u00e3o de pe\u00e7as de vestu\u00e1rio, exceto roupas \u00edntimas e as confeccionadas sob medida", "code": "14.12-6-01"}], "data_situacao": "19/01/2006", "complemento": "CASA", "nome": "AILA MENEZES", "uf": "RS", "telefone": "(51) 3743-1180/ (51) 3743-1180", "email": "escritorioavenida@gmail.com", "atividades_secundarias": [{"text": "Com\u00e9rcio atacadista de artigos do vestu\u00e1rio e acess\u00f3rios, exceto profissionais e de seguran\u00e7a", "code": "46.42-7-01"}, {"text": "Com\u00e9rcio atacadista de roupas e acess\u00f3rios para uso profissional e de seguran\u00e7a do trabalho", "code": "46.42-7-02"}, {"text": "Fabrica\u00e7\u00e3o de roupas de prote\u00e7\u00e3o e seguran\u00e7a e resistentes a fogo", "code": "32.92-2-01"}], "qsa": [], "situacao": "ATIVA", "bairro": "ARCO IRIS", "logradouro": "R CARLOS WILD", "numero": "600", "cep": "96.880-000", "municipio": "VERA CRUZ", "porte": "EMPRESA DE PEQUENO PORTE", "abertura": "19/01/2006", "natureza_juridica": "213-5 - Empres\u00e1rio (Individual)", "cnpj": "07.806.077/0001-00", "ultima_atualizacao": "2020-02-08T03:44:24.999Z", "status": "OK", "tipo": "MATRIZ", "fantasia": "", "efr": "", "motivo_situacao": "", "situacao_especial": "", "data_situacao_especial": "", "capital_social": "10000.00", "extra": {}, "billing": {"free": false, "database": false}}