{"atividade_principal": [{"text": "Com\u00e9rcio atacadista especializado de materiais de constru\u00e7\u00e3o n\u00e3o especificados anteriormente", "code": "46.79-6-04"}], "data_situacao": "30/01/2006", "complemento": "CHACARA N S APARECIDA", "nome": "ERGA COMERCIO DE AREIA LTDA", "uf": "SP", "telefone": "(19) 3583-3692/ (19) 3583-3366", "email": "otacil@linkway.com.br", "qsa": [{"qual": "49-S\u00f3cio-Administrador", "nome": "JOAO GILBERTO TRALDI"}, {"qual": "49-S\u00f3cio-Administrador", "nome": "JOSE LUIS RODRIGUES"}], "situacao": "ATIVA", "bairro": "SANTA CRUZ", "logradouro": "AV CRUZEIRO DO SUL", "numero": "S/N", "cep": "13.690-000", "municipio": "DESCALVADO", "porte": "MICRO EMPRESA", "abertura": "30/01/2006", "natureza_juridica": "206-2 - Sociedade Empres\u00e1ria Limitada", "fantasia": "ERG COMERCIO DE AREIA", "cnpj": "07.819.602/0001-14", "ultima_atualizacao": "2020-02-08T05:13:06.806Z", "status": "OK", "tipo": "MATRIZ", "efr": "", "motivo_situacao": "", "situacao_especial": "", "data_situacao_especial": "", "atividades_secundarias": [{"code": "00.00-0-00", "text": "N\u00e3o informada"}], "capital_social": "5000.00", "extra": {}, "billing": {"free": false, "database": false}}