{"atividade_principal": [{"text": "Atividade m\u00e9dica ambulatorial restrita a consultas", "code": "86.30-5-03"}], "data_situacao": "21/03/2006", "nome": "CLINICA DO APARELHO RESPIRATORIO LTDA", "uf": "RJ", "telefone": "(22) 2772-0699/ (22) 2772-5508", "atividades_secundarias": [{"text": "Laborat\u00f3rios cl\u00ednicos", "code": "86.40-2-02"}, {"text": "Atividades de fisioterapia", "code": "86.50-0-04"}, {"text": "Atividade m\u00e9dica ambulatorial com recursos para realiza\u00e7\u00e3o de procedimentos cir\u00fargicos", "code": "86.30-5-01"}, {"text": "Atividade m\u00e9dica ambulatorial com recursos para realiza\u00e7\u00e3o de exames complementares", "code": "86.30-5-02"}, {"text": "Cl\u00ednicas e resid\u00eancias geri\u00e1tricas", "code": "87.11-5-01"}, {"text": "Atividades de assist\u00eancia a deficientes f\u00edsicos, imunodeprimidos e convalescentes", "code": "87.11-5-03"}, {"text": "Centros de apoio a pacientes com c\u00e2ncer e com AIDS", "code": "87.11-5-04"}, {"text": "Atividades de fornecimento de infra-estrutura de apoio e assist\u00eancia a paciente no domic\u00edlio", "code": "87.12-3-00"}, {"text": "Atividades de centros de assist\u00eancia psicossocial", "code": "87.20-4-01"}, {"text": "Atividades de assist\u00eancia psicossocial e \u00e0 sa\u00fade a portadores de dist\u00farbios ps\u00edquicos, defici\u00eancia mental e depend\u00eancia qu\u00edmica n\u00e3o especificadas anteriormente", "code": "87.20-4-99"}, {"text": "Atividades de assist\u00eancia social prestadas em resid\u00eancias coletivas e particulares n\u00e3o especificadas anteriormente", "code": "87.30-1-99"}, {"text": "Servi\u00e7os de vacina\u00e7\u00e3o e imuniza\u00e7\u00e3o humana", "code": "86.30-5-06"}], "qsa": [{"qual": "22-S\u00f3cio", "nome": "MICHELE MONTEIRO GUIMARAES"}, {"qual": "49-S\u00f3cio-Administrador", "nome": "GLEISON MARINHO GUIMARAES"}], "situacao": "ATIVA", "bairro": "CENTRO", "logradouro": "R VELHO CAMPOS", "numero": "227", "cep": "27.910-200", "municipio": "MACAE", "porte": "MICRO EMPRESA", "abertura": "21/03/2006", "natureza_juridica": "206-2 - Sociedade Empres\u00e1ria Limitada", "fantasia": "CLINICAR CLINICAS E VACINAS", "cnpj": "07.925.189/0001-72", "ultima_atualizacao": "2020-02-07T21:55:03.947Z", "status": "OK", "tipo": "MATRIZ", "complemento": "", "email": "", "efr": "", "motivo_situacao": "", "situacao_especial": "", "data_situacao_especial": "", "capital_social": "20000.00", "extra": {}, "billing": {"free": false, "database": true}}