{"atividade_principal": [{"text": "Repara\u00e7\u00e3o e manuten\u00e7\u00e3o de equipamentos eletroeletr\u00f4nicos de uso pessoal e dom\u00e9stico", "code": "95.21-5-00"}], "data_situacao": "03/05/2006", "complemento": "LOJA: 04;", "nome": "C.M.MELO - SERVICOS EM EQUIPAMENTOS DE REFRIGERACAO", "uf": "RJ", "telefone": "(22) 2762-5696", "atividades_secundarias": [{"text": "Com\u00e9rcio varejista especializado de pe\u00e7as e acess\u00f3rios para aparelhos eletroeletr\u00f4nicos para uso dom\u00e9stico, exceto inform\u00e1tica e comunica\u00e7\u00e3o", "code": "47.57-1-00"}], "qsa": [], "situacao": "ATIVA", "bairro": "CENTRO", "logradouro": "R TIRADENTES", "numero": "92", "cep": "27.915-060", "municipio": "MACAE", "porte": "MICRO EMPRESA", "abertura": "03/05/2006", "natureza_juridica": "213-5 - Empres\u00e1rio (Individual)", "fantasia": "CIA DO FRIO", "cnpj": "07.996.764/0001-28", "ultima_atualizacao": "2020-02-07T23:59:34.938Z", "status": "OK", "tipo": "MATRIZ", "email": "", "efr": "", "motivo_situacao": "", "situacao_especial": "", "data_situacao_especial": "", "capital_social": "12000.00", "extra": {}, "billing": {"free": false, "database": true}}