{"atividade_principal": [{"text": "Servi\u00e7os de telefonia fixa comutada - STFC", "code": "61.10-8-01"}], "data_situacao": "19/04/2006", "nome": "OSTARA TELECOMUNICACOES LTDA", "uf": "RJ", "telefone": "(22) 2537-8000/ (22) 2522-9827", "email": "contato@falevoz.com.br", "atividades_secundarias": [{"text": "Aluguel de m\u00e1quinas e equipamentos para escrit\u00f3rios", "code": "77.33-1-00"}, {"text": "Aluguel de outras m\u00e1quinas e equipamentos comerciais e industriais n\u00e3o especificados anteriormente, sem operador", "code": "77.39-0-99"}, {"text": "Constru\u00e7\u00e3o de esta\u00e7\u00f5es e redes de telecomunica\u00e7\u00f5es", "code": "42.21-9-04"}, {"text": "Manuten\u00e7\u00e3o de esta\u00e7\u00f5es e redes de telecomunica\u00e7\u00f5es", "code": "42.21-9-05"}, {"text": "Operadoras de televis\u00e3o por assinatura por cabo", "code": "61.41-8-00"}, {"text": "Outras atividades de telecomunica\u00e7\u00f5es n\u00e3o especificadas anteriormente", "code": "61.90-6-99"}, {"text": "Provedores de voz sobre protocolo internet - VOIP", "code": "61.90-6-02"}, {"text": "Servi\u00e7os de comunica\u00e7\u00e3o multim\u00eddia - SCM", "code": "61.10-8-03"}, {"text": "Servi\u00e7os de telecomunica\u00e7\u00f5es por fio n\u00e3o especificados anteriormente", "code": "61.10-8-99"}], "qsa": [{"qual": "49-S\u00f3cio-Administrador", "nome": "VICENTE SERGIO DA SILVA GOMES"}, {"qual": "22-S\u00f3cio", "qual_rep_legal": "05-Administrador", "nome_rep_legal": "VICENTE SERGIO DA SILVA GOMES", "nome": "VM OPENLINK COMUNICACAO MULTIMIDIA S.A."}, {"qual": "05-Administrador", "nome": "FABIO ABREU CARVALHO"}, {"qual": "05-Administrador", "nome": "ADRIANO ALVES BORGES DA SILVEIRA"}, {"qual": "05-Administrador", "nome": "NORAIR FERREIRA DO CARMO"}], "situacao": "ATIVA", "bairro": "CENTRO", "logradouro": "R NILO PASSOS", "numero": "170", "cep": "28.640-000", "municipio": "CARMO", "porte": "DEMAIS", "abertura": "19/04/2006", "natureza_juridica": "206-2 - Sociedade Empres\u00e1ria Limitada", "cnpj": "08.022.054/0001-60", "ultima_atualizacao": "2020-02-08T04:20:49.260Z", "status": "OK", "tipo": "MATRIZ", "fantasia": "", "complemento": "", "efr": "", "motivo_situacao": "", "situacao_especial": "", "data_situacao_especial": "", "capital_social": "5142793.00", "extra": {}, "billing": {"free": false, "database": false}}