{"atividade_principal": [{"text": "Com\u00e9rcio varejista de outros artigos de uso pessoal e dom\u00e9stico n\u00e3o especificados anteriormente", "code": "47.59-8-99"}], "data_situacao": "23/05/2006", "complemento": "LOJA: 02 E 03;", "nome": "DUTRA CORTEZ FILTROS E MANUTENCAO LTDA", "uf": "RJ", "telefone": "(24) 2102-0303", "atividades_secundarias": [{"text": "Com\u00e9rcio varejista especializado de eletrodom\u00e9sticos e equipamentos de \u00e1udio e v\u00eddeo", "code": "47.53-9-00"}, {"text": "Com\u00e9rcio varejista de materiais hidr\u00e1ulicos", "code": "47.44-0-03"}, {"text": "Com\u00e9rcio varejista de material el\u00e9trico", "code": "47.42-3-00"}, {"text": "Com\u00e9rcio varejista de ferragens e ferramentas", "code": "47.44-0-01"}, {"text": "Repara\u00e7\u00e3o e manuten\u00e7\u00e3o de equipamentos eletroeletr\u00f4nicos de uso pessoal e dom\u00e9stico", "code": "95.21-5-00"}], "qsa": [{"qual": "49-S\u00f3cio-Administrador", "nome": "ELIANA DUTRA SOUZA ARANTES DOS SANTOS"}, {"qual": "49-S\u00f3cio-Administrador", "nome": "ELISON DUTRA DE SOUZA ARANTES DOS SANTOS"}], "situacao": "ATIVA", "bairro": "ATERRADO", "logradouro": "AV LUCAS EVANGELISTA DE OLIVEIRA FRANCO", "numero": "51", "cep": "27.215-630", "municipio": "VOLTA REDONDA", "porte": "EMPRESA DE PEQUENO PORTE", "abertura": "23/05/2006", "natureza_juridica": "206-2 - Sociedade Empres\u00e1ria Limitada", "fantasia": "SOFT SUL FLUMINENSE", "cnpj": "08.041.745/0001-00", "ultima_atualizacao": "2020-02-08T04:02:50.256Z", "status": "OK", "tipo": "MATRIZ", "email": "", "efr": "", "motivo_situacao": "", "situacao_especial": "", "data_situacao_especial": "", "capital_social": "8000.00", "extra": {}, "billing": {"free": false, "database": false}}