{"atividade_principal": [{"text": "Com\u00e9rcio atacadista de instrumentos e materiais para uso m\u00e9dico, cir\u00fargico, hospitalar e de laborat\u00f3rios", "code": "46.45-1-01"}], "data_situacao": "14/06/2006", "nome": "VGMED COMERCIO DE MATERIAL HOSPITALAR LTDA", "uf": "RJ", "telefone": "(24) 9814-3231", "email": "vgmedltda@gmail.com", "atividades_secundarias": [{"text": "Com\u00e9rcio varejista especializado de equipamentos e suprimentos de inform\u00e1tica", "code": "47.51-2-01"}, {"text": "Com\u00e9rcio varejista de materiais hidr\u00e1ulicos", "code": "47.44-0-03"}, {"text": "Com\u00e9rcio varejista de material el\u00e9trico", "code": "47.42-3-00"}, {"text": "Com\u00e9rcio atacadista de artigos de cama, mesa e banho", "code": "46.41-9-02"}, {"text": "Com\u00e9rcio atacadista de artigos de escrit\u00f3rio e de papelaria", "code": "46.47-8-01"}, {"text": "Com\u00e9rcio atacadista de equipamentos el\u00e9tricos de uso pessoal e dom\u00e9stico", "code": "46.49-4-01"}, {"text": "Com\u00e9rcio atacadista de equipamentos de inform\u00e1tica", "code": "46.51-6-01"}, {"text": "Com\u00e9rcio atacadista de medicamentos e drogas de uso humano", "code": "46.44-3-01"}], "qsa": [{"qual": "49-S\u00f3cio-Administrador", "nome": "MAYKON BRUM GOULART"}, {"qual": "49-S\u00f3cio-Administrador", "nome": "VITOR MATHEUS GASPAR MARRA"}], "situacao": "ATIVA", "bairro": "CAMINHO DA GRUTA", "logradouro": "AV EMBAIXADOR PASCHOAL CARLOS MAGNO", "numero": "894", "cep": "26.950-000", "municipio": "PATY DO ALFERES", "porte": "MICRO EMPRESA", "abertura": "14/06/2006", "natureza_juridica": "206-2 - Sociedade Empres\u00e1ria Limitada", "fantasia": "VGMED COM. DE MATERIAL HOSPITALAR", "cnpj": "08.087.373/0001-53", "ultima_atualizacao": "2020-02-08T03:51:17.691Z", "status": "OK", "tipo": "MATRIZ", "complemento": "", "efr": "", "motivo_situacao": "", "situacao_especial": "", "data_situacao_especial": "", "capital_social": "600000.00", "extra": {}, "billing": {"free": false, "database": false}}