{"atividade_principal": [{"text": "Com\u00e9rcio a varejo de pe\u00e7as e acess\u00f3rios novos para ve\u00edculos automotores", "code": "45.30-7-03"}], "data_situacao": "04/07/2006", "nome": "C A RODRIGUES COMERCIO DE EXTINTORES E INSTALACOES LTDA", "uf": "RJ", "telefone": "(22) 2733-7019", "atividades_secundarias": [{"text": "Com\u00e9rcio por atacado de pe\u00e7as e acess\u00f3rios novos para ve\u00edculos automotores", "code": "45.30-7-01"}, {"text": "Manuten\u00e7\u00e3o e repara\u00e7\u00e3o de m\u00e1quinas e equipamentos para uso geral n\u00e3o especificados anteriormente", "code": "33.14-7-10"}, {"text": "Servi\u00e7os de manuten\u00e7\u00e3o e repara\u00e7\u00e3o mec\u00e2nica de ve\u00edculos automotores", "code": "45.20-0-01"}, {"text": "Obras de urbaniza\u00e7\u00e3o - ruas, pra\u00e7as e cal\u00e7adas", "code": "42.13-8-00"}, {"text": "Constru\u00e7\u00e3o de edif\u00edcios", "code": "41.20-4-00"}, {"text": "Instala\u00e7\u00f5es de sistema de preven\u00e7\u00e3o contra inc\u00eandio", "code": "43.22-3-03"}, {"text": "Constru\u00e7\u00e3o de obras de arte especiais", "code": "42.12-0-00"}, {"text": "Servi\u00e7os de arquitetura", "code": "71.11-1-00"}, {"text": "Fabrica\u00e7\u00e3o de tanques, reservat\u00f3rios met\u00e1licos e caldeiras para aquecimento central", "code": "25.21-7-00"}, {"text": "Instala\u00e7\u00e3o e manuten\u00e7\u00e3o el\u00e9trica", "code": "43.21-5-00"}, {"text": "Instala\u00e7\u00f5es hidr\u00e1ulicas, sanit\u00e1rias e de g\u00e1s", "code": "43.22-3-01"}, {"text": "Servi\u00e7os de engenharia", "code": "71.12-0-00"}], "qsa": [{"qual": "49-S\u00f3cio-Administrador", "nome": "CARLY MIRANDA GOMES RODRIGUES"}, {"qual": "49-S\u00f3cio-Administrador", "nome": "CARLOS MAGNO DA SILVA BENEDITO"}], "situacao": "ATIVA", "bairro": "JOCKEY CLUB", "logradouro": "AV PRESIDENTE KENNEDY", "numero": "392", "cep": "28.010-000", "municipio": "CAMPOS DOS GOYTACAZES", "porte": "MICRO EMPRESA", "abertura": "04/07/2006", "natureza_juridica": "206-2 - Sociedade Empres\u00e1ria Limitada", "fantasia": "R.M.R", "cnpj": "08.178.966/0001-25", "ultima_atualizacao": "2020-02-07T23:22:39.834Z", "status": "OK", "tipo": "MATRIZ", "complemento": "", "email": "", "efr": "", "motivo_situacao": "", "situacao_especial": "", "data_situacao_especial": "", "capital_social": "100000.00", "extra": {}, "billing": {"free": false, "database": true}}