{"atividade_principal": [{"text": "Treinamento em desenvolvimento profissional e gerencial", "code": "85.99-6-04"}], "data_situacao": "28/08/2006", "nome": "CONVIDA TREINAMENTO EM DESENVOLVIMENTO PROFISSIONAL E GERENCIAL EIRELI", "uf": "CE", "telefone": "(88) 3523-5796/ (88) 9796-1771", "email": "dantas-janio@bol.com.br", "atividades_secundarias": [{"text": "Confec\u00e7\u00e3o de roupas profissionais, exceto sob medida", "code": "14.13-4-01"}, {"text": "Confec\u00e7\u00e3o, sob medida, de roupas profissionais", "code": "14.13-4-02"}, {"text": "Impress\u00e3o de livros, revistas e outras publica\u00e7\u00f5es peri\u00f3dicas", "code": "18.11-3-02"}, {"text": "Impress\u00e3o de material para uso publicit\u00e1rio", "code": "18.13-0-01"}, {"text": "Impress\u00e3o de material para outros usos", "code": "18.13-0-99"}, {"text": "Servi\u00e7o de transporte de passageiros - loca\u00e7\u00e3o de autom\u00f3veis com motorista", "code": "49.23-0-02"}, {"text": "Transporte escolar", "code": "49.24-8-00"}, {"text": "Transporte rodovi\u00e1rio coletivo de passageiros, sob regime de fretamento, intermunicipal, interestadual e internacional", "code": "49.29-9-02"}, {"text": "Fornecimento de alimentos preparados preponderantemente para empresas", "code": "56.20-1-01"}, {"text": "Servi\u00e7os de alimenta\u00e7\u00e3o para eventos e recep\u00e7\u00f5es - buf\u00ea", "code": "56.20-1-02"}, {"text": "Edi\u00e7\u00e3o de livros", "code": "58.11-5-00"}, {"text": "Edi\u00e7\u00e3o de cadastros, listas e de outros produtos gr\u00e1ficos", "code": "58.19-1-00"}, {"text": "Edi\u00e7\u00e3o integrada \u00e0 impress\u00e3o de livros", "code": "58.21-2-00"}, {"text": "Edi\u00e7\u00e3o integrada \u00e0 impress\u00e3o de cadastros, listas e de outros produtos gr\u00e1ficos", "code": "58.29-8-00"}, {"text": "Atividades de exibi\u00e7\u00e3o cinematogr\u00e1fica", "code": "59.14-6-00"}, {"text": "Atividades de grava\u00e7\u00e3o de som e de edi\u00e7\u00e3o de m\u00fasica", "code": "59.20-1-00"}, {"text": "Consultoria em tecnologia da informa\u00e7\u00e3o", "code": "62.04-0-00"}, {"text": "Suporte t\u00e9cnico, manuten\u00e7\u00e3o e outros servi\u00e7os em tecnologia da informa\u00e7\u00e3o", "code": "62.09-1-00"}, {"text": "Tratamento de dados, provedores de servi\u00e7os de aplica\u00e7\u00e3o e servi\u00e7os de hospedagem na internet", "code": "63.11-9-00"}, {"text": "Atividades de consultoria em gest\u00e3o empresarial, exceto consultoria t\u00e9cnica espec\u00edfica", "code": "70.20-4-00"}, {"text": "Ag\u00eancias de publicidade", "code": "73.11-4-00"}, {"text": "Agenciamento de espa\u00e7os para publicidade, exceto em ve\u00edculos de comunica\u00e7\u00e3o", "code": "73.12-2-00"}, {"text": "Cria\u00e7\u00e3o de estandes para feiras e exposi\u00e7\u00f5es", "code": "73.19-0-01"}, {"text": "Promo\u00e7\u00e3o de vendas", "code": "73.19-0-02"}, {"text": "Consultoria em publicidade", "code": "73.19-0-04"}, {"text": "Outras atividades de publicidade n\u00e3o especificadas anteriormente", "code": "73.19-0-99"}, {"text": "Pesquisas de mercado e de opini\u00e3o p\u00fablica", "code": "73.20-3-00"}, {"text": "Filmagem de festas e eventos", "code": "74.20-0-04"}, {"text": "Servi\u00e7os de tradu\u00e7\u00e3o, interpreta\u00e7\u00e3o e similares", "code": "74.90-1-01"}, {"text": "Atividades de intermedia\u00e7\u00e3o e agenciamento de servi\u00e7os e neg\u00f3cios em geral, exceto imobili\u00e1rios", "code": "74.90-1-04"}, {"text": "Agenciamento de profissionais para atividades esportivas, culturais e art\u00edsticas", "code": "74.90-1-05"}, {"text": "Outras atividades profissionais, cient\u00edficas e t\u00e9cnicas n\u00e3o especificadas anteriormente", "code": "74.90-1-99"}, {"text": "Loca\u00e7\u00e3o de autom\u00f3veis sem condutor", "code": "77.11-0-00"}, {"text": "Aluguel de m\u00f3veis, utens\u00edlios e aparelhos de uso dom\u00e9stico e pessoal; instrumentos musicais", "code": "77.29-2-02"}, {"text": "Sele\u00e7\u00e3o e agenciamento de m\u00e3o-de-obra", "code": "78.10-8-00"}, {"text": "Loca\u00e7\u00e3o de m\u00e3o-de-obra tempor\u00e1ria", "code": "78.20-5-00"}, {"text": "Fornecimento e gest\u00e3o de recursos humanos para terceiros", "code": "78.30-2-00"}, {"text": "Servi\u00e7os combinados de escrit\u00f3rio e apoio administrativo", "code": "82.11-3-00"}, {"text": "Prepara\u00e7\u00e3o de documentos e servi\u00e7os especializados de apoio administrativo n\u00e3o especificados anteriormente", "code": "82.19-9-99"}, {"text": "Servi\u00e7os de organiza\u00e7\u00e3o de feiras, congressos, exposi\u00e7\u00f5es e festas", "code": "82.30-0-01"}, {"text": "Casas de festas e eventos", "code": "82.30-0-02"}, {"text": "Outras atividades de servi\u00e7os prestados principalmente \u00e0s empresas n\u00e3o especificadas anteriormente", "code": "82.99-7-99"}, {"text": "Regula\u00e7\u00e3o das atividades de sa\u00fade, educa\u00e7\u00e3o, servi\u00e7os culturais e outros servi\u00e7os sociais", "code": "84.12-4-00"}, {"text": "Educa\u00e7\u00e3o infantil - creche", "code": "85.11-2-00"}, {"text": "Educa\u00e7\u00e3o infantil - pr\u00e9-escola", "code": "85.12-1-00"}, {"text": "Ensino fundamental", "code": "85.13-9-00"}, {"text": "Ensino m\u00e9dio", "code": "85.20-1-00"}, {"text": "Educa\u00e7\u00e3o profissional de n\u00edvel t\u00e9cnico", "code": "85.41-4-00"}, {"text": "Educa\u00e7\u00e3o profissional de n\u00edvel tecnol\u00f3gico", "code": "85.42-2-00"}, {"text": "Atividades de apoio \u00e0 educa\u00e7\u00e3o, exceto caixas escolares", "code": "85.50-3-02"}, {"text": "Ensino de esportes", "code": "85.91-1-00"}, {"text": "Ensino de dan\u00e7a", "code": "85.92-9-01"}, {"text": "Ensino de artes c\u00eanicas, exceto dan\u00e7a", "code": "85.92-9-02"}, {"text": "Ensino de arte e cultura n\u00e3o especificado anteriormente", "code": "85.92-9-99"}, {"text": "Ensino de idiomas", "code": "85.93-7-00"}, {"text": "Treinamento em inform\u00e1tica", "code": "85.99-6-03"}, {"text": "Cursos preparat\u00f3rios para concursos", "code": "85.99-6-05"}, {"text": "Outras atividades de ensino n\u00e3o especificadas anteriormente", "code": "85.99-6-99"}, {"text": "Atividades de assist\u00eancia social prestadas em resid\u00eancias coletivas e particulares n\u00e3o especificadas anteriormente", "code": "87.30-1-99"}, {"text": "Servi\u00e7os de assist\u00eancia social sem alojamento", "code": "88.00-6-00"}, {"text": "Gest\u00e3o de espa\u00e7os para artes c\u00eanicas, espet\u00e1culos e outras atividades art\u00edsticas", "code": "90.03-5-00"}, {"text": "Produ\u00e7\u00e3o e promo\u00e7\u00e3o de eventos esportivos", "code": "93.19-1-01"}, {"text": "Atividades de organiza\u00e7\u00f5es associativas ligadas \u00e0 cultura e \u00e0 arte", "code": "94.93-6-00"}], "qsa": [{"qual": "65-Titular Pessoa F\u00edsica Residente ou Domiciliado no Brasil", "nome": "CICERO ERIVANIO DE MACEDO SANTOS"}], "situacao": "ATIVA", "bairro": "SAO JOSE", "logradouro": "R MOACIR GONDIM LOSSIO", "numero": "179", "cep": "63.133-450", "municipio": "CRATO", "porte": "EMPRESA DE PEQUENO PORTE", "abertura": "28/08/2006", "natureza_juridica": "230-5 - Empresa Individual de Responsabilidade Limitada (de Natureza Empres\u00e1ria)", "fantasia": "CONVIDA CONSULTORIA E ASSESSORIA", "cnpj": "08.272.030/0001-69", "ultima_atualizacao": "2020-02-08T00:49:19.368Z", "status": "OK", "tipo": "MATRIZ", "complemento": "", "efr": "", "motivo_situacao": "", "situacao_especial": "", "data_situacao_especial": "", "capital_social": "300000.00", "extra": {}, "billing": {"free": false, "database": true}}