{"atividade_principal": [{"text": "Com\u00e9rcio varejista especializado de eletrodom\u00e9sticos e equipamentos de \u00e1udio e v\u00eddeo", "code": "47.53-9-00"}], "data_situacao": "14/09/2006", "nome": "E. C. GUADANHIN - MAQUINAS E EQUIPAMENTOS - EIRELI", "uf": "PR", "telefone": "(43) 3344-5705/ (43) 3305-5656", "email": "novalondrescontabil@terra.com.br", "atividades_secundarias": [{"text": "Com\u00e9rcio varejista de material el\u00e9trico", "code": "47.42-3-00"}, {"text": "Lojas de departamentos ou magazines, exceto lojas francas (Duty free)", "code": "47.13-0-04"}], "qsa": [{"qual": "65-Titular Pessoa F\u00edsica Residente ou Domiciliado no Brasil", "nome": "EDGARD CARLOS GUADANHIN"}], "situacao": "ATIVA", "bairro": "RODOCENTRO", "logradouro": "AV AGULHAS NEGRAS", "numero": "40/50", "cep": "86.065-010", "municipio": "LONDRINA", "porte": "DEMAIS", "abertura": "14/09/2006", "natureza_juridica": "230-5 - Empresa Individual de Responsabilidade Limitada (de Natureza Empres\u00e1ria)", "fantasia": "GUADAIM MIX", "cnpj": "08.315.890/0001-32", "ultima_atualizacao": "2020-02-08T04:17:31.046Z", "status": "OK", "tipo": "MATRIZ", "complemento": "", "efr": "", "motivo_situacao": "", "situacao_especial": "", "data_situacao_especial": "", "capital_social": "300000.00", "extra": {}, "billing": {"free": false, "database": false}}