{"atividade_principal": [{"text": "Atividades de apoio \u00e0 educa\u00e7\u00e3o, exceto caixas escolares", "code": "85.50-3-02"}], "data_situacao": "23/10/2006", "nome": "SARMENTO CONCURSOS LTDA", "uf": "MS", "telefone": "(67) 9997-6688", "email": "zizo@gruposarmento.com", "atividades_secundarias": [{"text": "Outras atividades profissionais, cient\u00edficas e t\u00e9cnicas n\u00e3o especificadas anteriormente", "code": "74.90-1-99"}], "qsa": [{"qual": "49-S\u00f3cio-Administrador", "nome": "ADALGIZO LUIZ VARGAS SARMENTO"}, {"qual": "49-S\u00f3cio-Administrador", "nome": "MARIA MARGARETE VARGAS SARMENTO"}], "situacao": "ATIVA", "bairro": "MONTE CASTELO", "logradouro": "AV MONTE CASTELO", "numero": "269", "cep": "79.010-400", "municipio": "CAMPO GRANDE", "porte": "EMPRESA DE PEQUENO PORTE", "abertura": "23/10/2006", "natureza_juridica": "206-2 - Sociedade Empres\u00e1ria Limitada", "fantasia": "MSCONCURSOS", "cnpj": "08.377.069/0001-40", "ultima_atualizacao": "2020-02-08T04:22:52.616Z", "status": "OK", "tipo": "MATRIZ", "complemento": "", "efr": "", "motivo_situacao": "", "situacao_especial": "", "data_situacao_especial": "", "capital_social": "250000.00", "extra": {}, "billing": {"free": false, "database": false}}