{"atividade_principal": [{"text": "Com\u00e9rcio varejista de mercadorias em geral, com predomin\u00e2ncia de produtos aliment\u00edcios - supermercados", "code": "47.11-3-02"}], "data_situacao": "13/11/2006", "complemento": "GALPAO", "nome": "COSTA COMPACTO COMERCIO DE PRODUTOS ALIMENTICIOS LTDA", "uf": "RJ", "telefone": "(22) 2764-6160", "atividades_secundarias": [{"text": "Com\u00e9rcio varejista de artigos fotogr\u00e1ficos e para filmagem", "code": "47.89-0-08"}, {"text": "Com\u00e9rcio varejista de cosm\u00e9ticos, produtos de perfumaria e de higiene pessoal", "code": "47.72-5-00"}, {"text": "Com\u00e9rcio varejista de cal\u00e7ados", "code": "47.82-2-01"}, {"text": "Comercio varejista de artigos de cama, mesa e banho", "code": "47.55-5-03"}, {"text": "Com\u00e9rcio varejista de hortifrutigranjeiros", "code": "47.24-5-00"}, {"text": "Com\u00e9rcio varejista de bebidas", "code": "47.23-7-00"}, {"text": "Com\u00e9rcio varejista de doces, balas, bombons e semelhantes", "code": "47.21-1-04"}, {"text": "Com\u00e9rcio varejista de carnes - a\u00e7ougues", "code": "47.22-9-01"}, {"text": "Com\u00e9rcio varejista de latic\u00ednios e frios", "code": "47.21-1-03"}, {"text": "Padaria e confeitaria com predomin\u00e2ncia de revenda", "code": "47.21-1-02"}], "qsa": [{"qual": "49-S\u00f3cio-Administrador", "nome": "ALEXANDRE VIGIANI EVANGELISTA"}, {"qual": "22-S\u00f3cio", "nome": "EMILIA DE SOUZA LAU"}], "situacao": "ATIVA", "bairro": "CENTRO", "logradouro": "R TEN. CEL. AMADO", "numero": "330", "cep": "27.910-070", "municipio": "MACAE", "porte": "EMPRESA DE PEQUENO PORTE", "abertura": "13/11/2006", "natureza_juridica": "206-2 - Sociedade Empres\u00e1ria Limitada", "fantasia": "MERCADO POR DO SOL", "cnpj": "08.455.029/0001-70", "ultima_atualizacao": "2020-02-08T04:21:01.280Z", "status": "OK", "tipo": "MATRIZ", "email": "", "efr": "", "motivo_situacao": "", "situacao_especial": "", "data_situacao_especial": "", "capital_social": "30000.00", "extra": {}, "billing": {"free": false, "database": false}}