{"atividade_principal": [{"text": "Aluguel de m\u00e1quinas e equipamentos para escrit\u00f3rios", "code": "77.33-1-00"}], "data_situacao": "20/12/2006", "nome": "DADY ILHA SOLUCOES INTEGRADAS LTDA", "uf": "RJ", "telefone": "(21) 2589-0512", "atividades_secundarias": [{"text": "Com\u00e9rcio atacadista de produtos de higiene, limpeza e conserva\u00e7\u00e3o domiciliar", "code": "46.49-4-08"}, {"text": "Transporte rodovi\u00e1rio de carga, exceto produtos perigosos e mudan\u00e7as, intermunicipal, interestadual e internacional", "code": "49.30-2-02"}, {"text": "Desenvolvimento e licenciamento de programas de computador n\u00e3o-customiz\u00e1veis", "code": "62.03-1-00"}, {"text": "Consultoria em tecnologia da informa\u00e7\u00e3o", "code": "62.04-0-00"}, {"text": "Aluguel de outras m\u00e1quinas e equipamentos comerciais e industriais n\u00e3o especificados anteriormente, sem operador", "code": "77.39-0-99"}, {"text": "Fotoc\u00f3pias", "code": "82.19-9-01"}], "qsa": [{"qual": "22-S\u00f3cio", "nome": "NELSON DE OLIVEIRA TOSTES"}, {"qual": "49-S\u00f3cio-Administrador", "nome": "DANIELLE PORTUGAL TOSTES"}], "situacao": "ATIVA", "bairro": "CENTRO", "logradouro": "R JOSE FIGUEIREDO", "numero": "38", "cep": "24.030-055", "municipio": "NITEROI", "porte": "DEMAIS", "abertura": "20/12/2006", "natureza_juridica": "206-2 - Sociedade Empres\u00e1ria Limitada", "cnpj": "08.540.992/0001-51", "ultima_atualizacao": "2020-02-07T23:01:10.673Z", "status": "OK", "tipo": "MATRIZ", "fantasia": "", "complemento": "", "email": "", "efr": "", "motivo_situacao": "", "situacao_especial": "", "data_situacao_especial": "", "capital_social": "6018640.00", "extra": {}, "billing": {"free": false, "database": true}}