{"atividade_principal": [{"text": "Obras de funda\u00e7\u00f5es", "code": "43.91-6-00"}], "data_situacao": "15/02/2007", "complemento": "LOJA A", "nome": "ANGEMAR MULTI COMERCIAL E EMPREENDIMENTOS EIRELI", "uf": "RJ", "telefone": "(22) 2726-7474", "atividades_secundarias": [{"text": "Aluguel de m\u00e1quinas e equipamentos para constru\u00e7\u00e3o sem operador, exceto andaimes", "code": "77.32-2-01"}, {"text": "Aluguel de outras m\u00e1quinas e equipamentos comerciais e industriais n\u00e3o especificados anteriormente, sem operador", "code": "77.39-0-99"}, {"text": "Aluguel de palcos, coberturas e outras estruturas de uso tempor\u00e1rio, exceto andaimes", "code": "77.39-0-03"}, {"text": "Atividades de limpeza n\u00e3o especificadas anteriormente", "code": "81.29-0-00"}, {"text": "Atividades de sonoriza\u00e7\u00e3o e de ilumina\u00e7\u00e3o", "code": "90.01-9-06"}, {"text": "Atividades paisag\u00edsticas", "code": "81.30-3-00"}, {"text": "Coleta de res\u00edduos n\u00e3o-perigosos", "code": "38.11-4-00"}, {"text": "Constru\u00e7\u00e3o de edif\u00edcios", "code": "41.20-4-00"}, {"text": "Constru\u00e7\u00e3o de esta\u00e7\u00f5es e redes de distribui\u00e7\u00e3o de energia el\u00e9trica", "code": "42.21-9-02"}, {"text": "Constru\u00e7\u00e3o de instala\u00e7\u00f5es esportivas e recreativas", "code": "42.99-5-01"}, {"text": "Transporte escolar", "code": "49.24-8-00"}, {"text": "Descontamina\u00e7\u00e3o e outros servi\u00e7os de gest\u00e3o de res\u00edduos", "code": "39.00-5-00"}, {"text": "Distribui\u00e7\u00e3o de \u00e1gua por caminh\u00f5es", "code": "36.00-6-02"}, {"text": "Instala\u00e7\u00e3o e manuten\u00e7\u00e3o el\u00e9trica", "code": "43.21-5-00"}, {"text": "Limpeza em pr\u00e9dios e em domic\u00edlios", "code": "81.21-4-00"}, {"text": "Manuten\u00e7\u00e3o de redes de distribui\u00e7\u00e3o de energia el\u00e9trica", "code": "42.21-9-03"}, {"text": "Montagem de estruturas met\u00e1licas", "code": "42.92-8-01"}, {"text": "Instala\u00e7\u00e3o de portas, janelas, tetos, divis\u00f3rias e arm\u00e1rios embutidos de qualquer material", "code": "43.30-4-02"}, {"text": "Obras de urbaniza\u00e7\u00e3o - ruas, pra\u00e7as e cal\u00e7adas", "code": "42.13-8-00"}, {"text": "Repara\u00e7\u00e3o e manuten\u00e7\u00e3o de equipamentos eletroeletr\u00f4nicos de uso pessoal e dom\u00e9stico", "code": "95.21-5-00"}, {"text": "Servi\u00e7o de transporte de passageiros - loca\u00e7\u00e3o de autom\u00f3veis com motorista", "code": "49.23-0-02"}, {"text": "Servi\u00e7os combinados para apoio a edif\u00edcios, exceto condom\u00ednios prediais", "code": "81.11-7-00"}, {"text": "Servi\u00e7os de arquitetura", "code": "71.11-1-00"}, {"text": "Servi\u00e7os de engenharia", "code": "71.12-0-00"}, {"text": "Transporte rodovi\u00e1rio coletivo de passageiros, sob regime de fretamento, municipal", "code": "49.29-9-01"}, {"text": "Servi\u00e7os de montagem de m\u00f3veis de qualquer material", "code": "33.29-5-01"}, {"text": "Atividades relacionadas a esgoto, exceto a gest\u00e3o de redes", "code": "37.02-9-00"}, {"text": "Coleta de res\u00edduos perigosos", "code": "38.12-2-00"}, {"text": "Tratamento e disposi\u00e7\u00e3o de res\u00edduos n\u00e3o-perigosos", "code": "38.21-1-00"}, {"text": "Pintura para sinaliza\u00e7\u00e3o em pistas rodovi\u00e1rias e aeroportos", "code": "42.11-1-02"}, {"text": "Outras obras de engenharia civil n\u00e3o especificadas anteriormente", "code": "42.99-5-99"}, {"text": "Obras de terraplenagem", "code": "43.13-4-00"}, {"text": "Instala\u00e7\u00f5es hidr\u00e1ulicas, sanit\u00e1rias e de g\u00e1s", "code": "43.22-3-01"}, {"text": "Instala\u00e7\u00e3o de pain\u00e9is publicit\u00e1rios", "code": "43.29-1-01"}, {"text": "Montagem e instala\u00e7\u00e3o de sistemas e equipamentos de ilumina\u00e7\u00e3o e sinaliza\u00e7\u00e3o em vias p\u00fablicas, portos e aeroportos", "code": "43.29-1-04"}, {"text": "Outras obras de instala\u00e7\u00f5es em constru\u00e7\u00f5es n\u00e3o especificadas anteriormente", "code": "43.29-1-99"}, {"text": "Servi\u00e7os de pintura de edif\u00edcios em geral", "code": "43.30-4-04"}, {"text": "Montagem e desmontagem de andaimes e outras estruturas tempor\u00e1rias", "code": "43.99-1-02"}, {"text": "Obras de alvenaria", "code": "43.99-1-03"}, {"text": "Loca\u00e7\u00e3o de autom\u00f3veis sem condutor", "code": "77.11-0-00"}, {"text": "Loca\u00e7\u00e3o de outros meios de transporte n\u00e3o especificados anteriormente, sem condutor", "code": "77.19-5-99"}, {"text": "Aluguel de equipamentos recreativos e esportivos", "code": "77.21-7-00"}, {"text": "Aluguel de m\u00e1quinas e equipamentos agr\u00edcolas sem operador", "code": "77.31-4-00"}, {"text": "Aluguel de andaimes", "code": "77.32-2-02"}, {"text": "Atividades de apoio \u00e0 agricultura n\u00e3o especificadas anteriormente", "code": "01.61-0-99"}], "qsa": [{"qual": "65-Titular Pessoa F\u00edsica Residente ou Domiciliado no Brasil", "nome": "LEANDRO PEREIRA"}], "situacao": "ATIVA", "bairro": "CENTRO", "logradouro": "R 13 DE MAIO", "numero": "227", "cep": "28.010-260", "municipio": "CAMPOS DOS GOYTACAZES", "porte": "EMPRESA DE PEQUENO PORTE", "abertura": "15/02/2007", "natureza_juridica": "230-5 - Empresa Individual de Responsabilidade Limitada (de Natureza Empres\u00e1ria)", "cnpj": "08.680.836/0001-96", "ultima_atualizacao": "2020-02-08T04:25:58.200Z", "status": "OK", "tipo": "MATRIZ", "fantasia": "", "email": "", "efr": "", "motivo_situacao": "", "situacao_especial": "", "data_situacao_especial": "", "capital_social": "1500000.00", "extra": {}, "billing": {"free": false, "database": false}}