{"atividade_principal": [{"text": "Com\u00e9rcio varejista de artigos de papelaria", "code": "47.61-0-03"}], "data_situacao": "03/04/2007", "nome": "TUCSON EMPREENDIMENTOS LTDA", "uf": "RJ", "telefone": "(22) 2733-0830", "email": "pscfreitas@veloxmail.com.br", "atividades_secundarias": [{"text": "Com\u00e9rcio varejista especializado de equipamentos e suprimentos de inform\u00e1tica", "code": "47.51-2-01"}], "qsa": [{"qual": "22-S\u00f3cio", "nome": "JORGE LUIS DE SOUZA PAES"}, {"qual": "49-S\u00f3cio-Administrador", "nome": "MARISA FARIA PARREIRAS PAES"}], "situacao": "ATIVA", "bairro": "CENTRO", "logradouro": "R TREZE DE MAIO", "numero": "265", "cep": "28.010-260", "municipio": "CAMPOS DOS GOYTACAZES", "porte": "MICRO EMPRESA", "abertura": "03/04/2007", "natureza_juridica": "206-2 - Sociedade Empres\u00e1ria Limitada", "cnpj": "08.750.996/0001-64", "ultima_atualizacao": "2020-02-08T04:14:27.714Z", "status": "OK", "tipo": "MATRIZ", "fantasia": "", "complemento": "", "efr": "", "motivo_situacao": "", "situacao_especial": "", "data_situacao_especial": "", "capital_social": "120000.00", "extra": {}, "billing": {"free": false, "database": false}}