{"atividade_principal": [{"text": "Com\u00e9rcio atacadista de medicamentos e drogas de uso humano", "code": "46.44-3-01"}], "data_situacao": "29/01/2005", "complemento": "ANEXO 424/450", "nome": "DROGAFONTE LTDA", "uf": "PE", "telefone": "(81) 2102-1819", "email": "contabilidade@drogafonte.com.br", "atividades_secundarias": [{"text": "Com\u00e9rcio atacadista de instrumentos e materiais para uso m\u00e9dico, cir\u00fargico, hospitalar e de laborat\u00f3rios", "code": "46.45-1-01"}, {"text": "Com\u00e9rcio atacadista de cosm\u00e9ticos e produtos de perfumaria", "code": "46.46-0-01"}, {"text": "Com\u00e9rcio atacadista de produtos de higiene pessoal", "code": "46.46-0-02"}, {"text": "Com\u00e9rcio atacadista de produtos de higiene, limpeza e conserva\u00e7\u00e3o domiciliar", "code": "46.49-4-08"}, {"text": "Com\u00e9rcio atacadista de produtos de higiene, limpeza e conserva\u00e7\u00e3o domiciliar, com atividade de fracionamento e acondicionamento associada", "code": "46.49-4-09"}, {"text": "Transporte rodovi\u00e1rio de carga, exceto produtos perigosos e mudan\u00e7as, intermunicipal, interestadual e internacional", "code": "49.30-2-02"}, {"text": "Armaz\u00e9ns gerais - emiss\u00e3o de warrant", "code": "52.11-7-01"}], "qsa": [{"qual": "49-S\u00f3cio-Administrador", "nome": "EUGENIO JOSE GUSMAO DA FONTE NETO"}, {"qual": "49-S\u00f3cio-Administrador", "nome": "EUGENIO JOSE GUSMAO DA FONTE FILHO"}], "situacao": "ATIVA", "bairro": "VARZEA", "logradouro": "R BARAO DE BONITO", "numero": "408", "cep": "50.740-080", "municipio": "RECIFE", "porte": "DEMAIS", "abertura": "10/11/1983", "natureza_juridica": "206-2 - Sociedade Empres\u00e1ria Limitada", "fantasia": "DROGAFONTE", "cnpj": "08.778.201/0001-26", "ultima_atualizacao": "2020-02-08T01:02:04.278Z", "status": "OK", "tipo": "MATRIZ", "efr": "", "motivo_situacao": "", "situacao_especial": "", "data_situacao_especial": "", "capital_social": "6000000.00", "extra": {}, "billing": {"free": false, "database": true}}