{"atividade_principal": [{"text": "Servi\u00e7os de usinagem, tornearia e solda", "code": "25.39-0-01"}], "data_situacao": "02/04/2007", "nome": "VICENTE CORREA DA SILVA", "uf": "RJ", "telefone": "(22) 2762-8585", "qsa": [], "situacao": "ATIVA", "bairro": "NOVO BOTAFOGO", "logradouro": "R W 7", "numero": "160", "cep": "27.946-000", "municipio": "MACAE", "porte": "MICRO EMPRESA", "abertura": "02/04/2007", "natureza_juridica": "213-5 - Empres\u00e1rio (Individual)", "fantasia": "V C SERVICOS DE SOLDA E USINAGEM", "cnpj": "08.817.894/0001-19", "ultima_atualizacao": "2020-02-08T00:28:18.400Z", "status": "OK", "tipo": "MATRIZ", "complemento": "", "email": "", "efr": "", "motivo_situacao": "", "situacao_especial": "", "data_situacao_especial": "", "atividades_secundarias": [{"code": "00.00-0-00", "text": "N\u00e3o informada"}], "capital_social": "10000.00", "extra": {}, "billing": {"free": false, "database": true}}