{"atividade_principal": [{"text": "Fabrica\u00e7\u00e3o de m\u00f3veis com predomin\u00e2ncia de madeira", "code": "31.01-2-00"}], "data_situacao": "06/06/2007", "nome": "ANDRE PANINI ALBISSU", "uf": "SP", "telefone": "(11) 2702-3268", "email": "atenas.comercial@hotmail.com", "atividades_secundarias": [{"text": "Fabrica\u00e7\u00e3o de m\u00f3veis com predomin\u00e2ncia de metal", "code": "31.02-1-00"}, {"text": "Comercio varejista de artigos de cama, mesa e banho", "code": "47.55-5-03"}, {"text": "Com\u00e9rcio varejista de artigos do vestu\u00e1rio e acess\u00f3rios", "code": "47.81-4-00"}, {"text": "Com\u00e9rcio varejista de artigos de viagem", "code": "47.82-2-02"}, {"text": "Com\u00e9rcio varejista de artigos de colchoaria", "code": "47.54-7-02"}, {"text": "Com\u00e9rcio varejista de artigos de ilumina\u00e7\u00e3o", "code": "47.54-7-03"}, {"text": "Com\u00e9rcio varejista de material el\u00e9trico", "code": "47.42-3-00"}, {"text": "Com\u00e9rcio varejista de materiais hidr\u00e1ulicos", "code": "47.44-0-03"}, {"text": "Com\u00e9rcio varejista especializado de equipamentos e suprimentos de inform\u00e1tica", "code": "47.51-2-01"}, {"text": "Com\u00e9rcio varejista especializado de equipamentos de telefonia e comunica\u00e7\u00e3o", "code": "47.52-1-00"}, {"text": "Com\u00e9rcio varejista de artigos de papelaria", "code": "47.61-0-03"}, {"text": "Com\u00e9rcio varejista de outros artigos de uso pessoal e dom\u00e9stico n\u00e3o especificados anteriormente", "code": "47.59-8-99"}], "qsa": [], "situacao": "ATIVA", "bairro": "JARDIM DONA SINHA", "logradouro": "R MANUEL VILALOBOS", "numero": "128", "cep": "03.924-050", "municipio": "SAO PAULO", "porte": "EMPRESA DE PEQUENO PORTE", "abertura": "06/06/2007", "natureza_juridica": "213-5 - Empres\u00e1rio (Individual)", "fantasia": "ANDRE PANINI ALBISSU", "cnpj": "08.885.380/0001-09", "ultima_atualizacao": "2020-02-07T09:05:38.587Z", "status": "OK", "tipo": "MATRIZ", "complemento": "", "efr": "", "motivo_situacao": "", "situacao_especial": "", "data_situacao_especial": "", "capital_social": "100000.00", "extra": {}, "billing": {"free": false, "database": true}}