{"atividade_principal": [{"text": "Atividades de associa\u00e7\u00f5es de defesa de direitos sociais", "code": "94.30-8-00"}], "data_situacao": "22/05/2007", "complemento": "ANDAR 16 SALA 1602", "nome": "ASSOCIACAO ESPACO PRODUZIR - EP", "uf": "RJ", "telefone": "(21) 2532-1147/ (21) 6442-8340", "email": "leonardo@espacoproduzir.org.br", "atividades_secundarias": [{"text": "Atividades de organiza\u00e7\u00f5es associativas ligadas \u00e0 cultura e \u00e0 arte", "code": "94.93-6-00"}, {"text": "Treinamento em desenvolvimento profissional e gerencial", "code": "85.99-6-04"}, {"text": "Atividades de apoio \u00e0 gest\u00e3o de sa\u00fade", "code": "86.60-7-00"}, {"text": "Justi\u00e7a", "code": "84.23-0-00"}], "qsa": [{"qual": "16-Presidente", "nome": "LEONARDO DA SILVA GARCIA"}, {"qual": "10-Diretor", "nome": "RAFAEL DE LIMA PEDRO"}, {"qual": "10-Diretor", "nome": "ORMEU ALMEIDA VARGAS"}], "situacao": "ATIVA", "bairro": "CENTRO", "logradouro": "R MEXICO", "numero": "21", "cep": "20.031-144", "municipio": "RIO DE JANEIRO", "porte": "DEMAIS", "abertura": "22/05/2007", "natureza_juridica": "399-9 - Associa\u00e7\u00e3o Privada", "cnpj": "08.882.456/0001-34", "ultima_atualizacao": "2020-02-08T00:23:30.552Z", "status": "OK", "tipo": "MATRIZ", "fantasia": "", "efr": "", "motivo_situacao": "", "situacao_especial": "", "data_situacao_especial": "", "capital_social": "0.00", "extra": {}, "billing": {"free": false, "database": true}}