{"atividade_principal": [{"text": "Fabrica\u00e7\u00e3o de aparelhos e utens\u00edlios para corre\u00e7\u00e3o de defeitos f\u00edsicos e aparelhos ortop\u00e9dicos em geral sob encomenda", "code": "32.50-7-03"}], "data_situacao": "17/08/2007", "complemento": "QUADRA57 LOTE 12/13", "nome": "ALPHAMIX INDUSTRIA E COMERCIO LTDA", "uf": "GO", "telefone": "(62) 3218-1817", "email": "nathalia@alphamix.com.br", "atividades_secundarias": [{"text": "Repara\u00e7\u00e3o de bicicletas, triciclos e outros ve\u00edculos n\u00e3o-motorizados", "code": "95.29-1-04"}, {"text": "Com\u00e9rcio atacadista de pr\u00f3teses e artigos de ortopedia", "code": "46.45-1-02"}, {"text": "Com\u00e9rcio varejista de artigos m\u00e9dicos e ortop\u00e9dicos", "code": "47.73-3-00"}, {"text": "Aluguel de material m\u00e9dico", "code": "77.29-2-03"}, {"text": "Fabrica\u00e7\u00e3o de bicicletas e triciclos n\u00e3o-motorizados, pe\u00e7as e acess\u00f3rios", "code": "30.92-0-00"}, {"text": "Fabrica\u00e7\u00e3o de m\u00e1quinas, equipamentos e aparelhos para transporte e eleva\u00e7\u00e3o de pessoas, pe\u00e7as e acess\u00f3rios", "code": "28.22-4-01"}, {"text": "Manuten\u00e7\u00e3o e repara\u00e7\u00e3o de equipamentos e produtos n\u00e3o especificados anteriormente", "code": "33.19-8-00"}], "qsa": [{"qual": "49-S\u00f3cio-Administrador", "nome": "NATHALIA RORIZ NADLER"}, {"qual": "49-S\u00f3cio-Administrador", "nome": "SERGIO NADLER BATISTA"}], "situacao": "ATIVA", "bairro": "JARDIM ELDORADO - CONTINUACAO - 2A ETAPA", "logradouro": "R JURUEMA", "numero": "SN", "cep": "74.993-266", "municipio": "APARECIDA DE GOIANIA", "porte": "EMPRESA DE PEQUENO PORTE", "abertura": "17/08/2007", "natureza_juridica": "206-2 - Sociedade Empres\u00e1ria Limitada", "fantasia": "ALPHAMIX", "cnpj": "09.022.827/0001-70", "ultima_atualizacao": "2020-02-08T04:54:29.829Z", "status": "OK", "tipo": "MATRIZ", "efr": "", "motivo_situacao": "", "situacao_especial": "", "data_situacao_especial": "", "capital_social": "50000.00", "extra": {}, "billing": {"free": false, "database": false}}