{"atividade_principal": [{"text": "Com\u00e9rcio varejista de outros artigos de uso pessoal e dom\u00e9stico n\u00e3o especificados anteriormente", "code": "47.59-8-99"}], "data_situacao": "05/10/2007", "nome": "EVEREST LAGOS LTDA", "uf": "RJ", "telefone": "(22) 2644-4022", "atividades_secundarias": [{"text": "Manuten\u00e7\u00e3o e repara\u00e7\u00e3o de m\u00e1quinas e aparelhos de refrigera\u00e7\u00e3o e ventila\u00e7\u00e3o para uso industrial e comercial", "code": "33.14-7-07"}], "qsa": [{"qual": "22-S\u00f3cio", "nome": "CARLOS EDUARDO D AVILA DOVAL MARTINS"}, {"qual": "49-S\u00f3cio-Administrador", "nome": "ARMANDO MOREIRA COELHO FILHO"}], "situacao": "ATIVA", "bairro": "CENTRO", "logradouro": "AV TEIXEIRA E SOUZA", "numero": "530", "cep": "28.907-410", "municipio": "CABO FRIO", "porte": "MICRO EMPRESA", "abertura": "05/10/2007", "natureza_juridica": "206-2 - Sociedade Empres\u00e1ria Limitada", "cnpj": "09.149.459/0001-26", "ultima_atualizacao": "2020-02-08T01:36:24.082Z", "status": "OK", "tipo": "MATRIZ", "fantasia": "", "complemento": "", "email": "", "efr": "", "motivo_situacao": "", "situacao_especial": "", "data_situacao_especial": "", "capital_social": "50000.00", "extra": {}, "billing": {"free": false, "database": true}}