{"atividade_principal": [{"text": "Repara\u00e7\u00e3o e manuten\u00e7\u00e3o de computadores e de equipamentos perif\u00e9ricos", "code": "95.11-8-00"}], "data_situacao": "16/10/2007", "nome": "RECOSER SERVICOS, COMERCIO E REPRESENTACOES EIRELI", "uf": "RJ", "telefone": "(22) 2105-0250", "email": "junior@adailcosta.com", "atividades_secundarias": [{"text": "Administra\u00e7\u00e3o de obras", "code": "43.99-1-01"}, {"text": "Com\u00e9rcio varejista de materiais de constru\u00e7\u00e3o em geral", "code": "47.44-0-99"}, {"text": "Com\u00e9rcio varejista de outros produtos n\u00e3o especificados anteriormente", "code": "47.89-0-99"}, {"text": "Constru\u00e7\u00e3o de edif\u00edcios", "code": "41.20-4-00"}], "qsa": [{"qual": "65-Titular Pessoa F\u00edsica Residente ou Domiciliado no Brasil", "nome": "SILVIO VICENTE SILVA"}], "situacao": "ATIVA", "bairro": "GRANJA DOS CAVALEIROS", "logradouro": "R VINICIUS DE MORAES", "numero": "67", "cep": "27.930-250", "municipio": "MACAE", "porte": "MICRO EMPRESA", "abertura": "16/10/2007", "natureza_juridica": "230-5 - Empresa Individual de Responsabilidade Limitada (de Natureza Empres\u00e1ria)", "fantasia": "INFO NETWORK", "cnpj": "09.184.483/0001-04", "ultima_atualizacao": "2020-02-08T00:20:33.243Z", "status": "OK", "tipo": "MATRIZ", "complemento": "", "efr": "", "motivo_situacao": "", "situacao_especial": "", "data_situacao_especial": "", "capital_social": "1000000.00", "extra": {}, "billing": {"free": false, "database": true}}