{"data_situacao": "31/12/2016", "motivo_situacao": "EXTINCAO P/ ENC LIQ VOLUNTARIA", "nome": "AGENCIA DE TRABALHO, EDUCACAO PROFISSIONAL E RENDA DE MACAE", "efr": "MUNIC\u00cdPIO DE MACAE", "telefone": "(22) 2796-1712/ (22) 9946-2496", "email": "flcjr@live.com", "situacao": "BAIXADA", "porte": "DEMAIS", "abertura": "08/01/2008", "natureza_juridica": "112-0 - Autarquia Municipal", "fantasia": "AGETRAB MACAE", "cnpj": "09.359.604/0001-01", "ultima_atualizacao": "2020-02-08T03:49:06.543Z", "status": "OK", "tipo": "MATRIZ", "logradouro": "", "numero": "", "complemento": "", "cep": "", "bairro": "", "municipio": "", "uf": "", "situacao_especial": "", "data_situacao_especial": "", "atividade_principal": [{"code": "00.00-0-00", "text": "********"}], "atividades_secundarias": [{"code": "00.00-0-00", "text": "N\u00e3o informada"}], "capital_social": "0.00", "qsa": [], "extra": {}, "billing": {"free": false, "database": false}}