{"atividade_principal": [{"text": "Com\u00e9rcio atacadista de instrumentos e materiais para uso m\u00e9dico, cir\u00fargico, hospitalar e de laborat\u00f3rios", "code": "46.45-1-01"}], "data_situacao": "03/03/2008", "nome": "AXISTE COMERCIO DE PRODUTOS MEDICOS HOSPITALARES LTDA", "uf": "RJ", "telefone": "(21) 3094-9750/ (21) 3094-9755", "email": "ricardomalafaia@axiste.com.br", "atividades_secundarias": [{"text": "Manuten\u00e7\u00e3o e repara\u00e7\u00e3o de aparelhos eletrom\u00e9dicos e eletroterap\u00eauticos e equipamentos de irradia\u00e7\u00e3o", "code": "33.12-1-03"}, {"text": "Representantes comerciais e agentes do com\u00e9rcio de mercadorias em geral n\u00e3o especializado", "code": "46.19-2-00"}, {"text": "Com\u00e9rcio atacadista de pr\u00f3teses e artigos de ortopedia", "code": "46.45-1-02"}, {"text": "Transporte rodovi\u00e1rio de carga, exceto produtos perigosos e mudan\u00e7as, municipal", "code": "49.30-2-01"}, {"text": "Aluguel de material m\u00e9dico", "code": "77.29-2-03"}, {"text": "Atividades de terapia de nutri\u00e7\u00e3o enteral e parenteral", "code": "86.50-0-07"}], "qsa": [{"qual": "49-S\u00f3cio-Administrador", "nome": "ROGERIO MOTTA MALAFAIA"}, {"qual": "49-S\u00f3cio-Administrador", "nome": "RICARDO MOTTA MALAFAIA"}], "situacao": "ATIVA", "bairro": "ANIL", "logradouro": "R GENERAL ANDRE CHAVES", "numero": "134", "cep": "22.755-100", "municipio": "RIO DE JANEIRO", "porte": "DEMAIS", "abertura": "03/03/2008", "natureza_juridica": "206-2 - Sociedade Empres\u00e1ria Limitada", "cnpj": "09.409.545/0001-20", "ultima_atualizacao": "2020-02-08T05:08:01.610Z", "status": "OK", "tipo": "MATRIZ", "fantasia": "", "complemento": "", "efr": "", "motivo_situacao": "", "situacao_especial": "", "data_situacao_especial": "", "capital_social": "3136000.00", "extra": {}, "billing": {"free": false, "database": false}}