{"atividade_principal": [{"text": "Confec\u00e7\u00e3o de pe\u00e7as de vestu\u00e1rio, exceto roupas \u00edntimas e as confeccionadas sob medida", "code": "14.12-6-01"}], "data_situacao": "18/02/2008", "complemento": "BLOCO B SALA 1003 B", "nome": "DUCONTEX INDUSTRIA E COMERCIO DE MANUFATURADOS LTDA", "uf": "SC", "telefone": "(47) 3350-3311", "email": "fabriciomeloaraujo@gmail.com", "atividades_secundarias": [{"text": "Com\u00e9rcio atacadista de artigos do vestu\u00e1rio e acess\u00f3rios, exceto profissionais e de seguran\u00e7a", "code": "46.42-7-01"}, {"text": "Com\u00e9rcio atacadista de artigos de cama, mesa e banho", "code": "46.41-9-02"}, {"text": "Com\u00e9rcio atacadista de artigos de escrit\u00f3rio e de papelaria", "code": "46.47-8-01"}, {"text": "Com\u00e9rcio atacadista de cal\u00e7ados", "code": "46.43-5-01"}, {"text": "Com\u00e9rcio atacadista de couros, l\u00e3s, peles e outros subprodutos n\u00e3o-comest\u00edveis de origem animal", "code": "46.23-1-02"}, {"text": "Com\u00e9rcio atacadista de embalagens", "code": "46.86-9-02"}, {"text": "Com\u00e9rcio atacadista de equipamentos de inform\u00e1tica", "code": "46.51-6-01"}, {"text": "Com\u00e9rcio atacadista de suprimentos para inform\u00e1tica", "code": "46.51-6-02"}, {"text": "Com\u00e9rcio varejista especializado de equipamentos e suprimentos de inform\u00e1tica", "code": "47.51-2-01"}, {"text": "Organiza\u00e7\u00e3o log\u00edstica do transporte de carga", "code": "52.50-8-04"}, {"text": "Transporte rodovi\u00e1rio de carga, exceto produtos perigosos e mudan\u00e7as, intermunicipal, interestadual e internacional", "code": "49.30-2-02"}], "qsa": [{"qual": "49-S\u00f3cio-Administrador", "nome": "ARI DE OLIVEIRA PAIXAO"}, {"qual": "49-S\u00f3cio-Administrador", "nome": "EVANDRO CEZAR SOUZA STEDILE"}, {"qual": "49-S\u00f3cio-Administrador", "nome": "FABRICIO MELO ARAUJO"}, {"qual": "49-S\u00f3cio-Administrador", "nome": "LEONARDO WARDIL AMARAL"}], "situacao": "ATIVA", "bairro": "CENTRO", "logradouro": "AV PREFEITO OSMAR CUNHA", "numero": "183", "cep": "88.015-100", "municipio": "FLORIANOPOLIS", "porte": "EMPRESA DE PEQUENO PORTE", "abertura": "18/02/2008", "natureza_juridica": "206-2 - Sociedade Empres\u00e1ria Limitada", "fantasia": "DUCONTEX", "cnpj": "09.416.247/0001-68", "ultima_atualizacao": "2020-02-08T00:21:02.922Z", "status": "OK", "tipo": "MATRIZ", "efr": "", "motivo_situacao": "", "situacao_especial": "", "data_situacao_especial": "", "capital_social": "7000000.00", "extra": {}, "billing": {"free": false, "database": true}}