{"atividade_principal": [{"text": "Atividades de contabilidade", "code": "69.20-6-01"}], "data_situacao": "10/04/2008", "complemento": "FUNDOS", "nome": "IDEL SOLUCOES ASSESSORIA CONTABIL LTDA", "uf": "RJ", "telefone": "(22) 9222-7186", "qsa": [{"qual": "49-S\u00f3cio-Administrador", "nome": "ITALO DUBOIS MARTINS"}, {"qual": "49-S\u00f3cio-Administrador", "nome": "ELBERT DE MELLO SILVA"}, {"qual": "49-S\u00f3cio-Administrador", "nome": "PIERRE DE FARIA FELIPPE"}], "situacao": "ATIVA", "bairro": "CENTRO", "logradouro": "EST DO BIZZO", "numero": "40", "cep": "28.770-000", "municipio": "SANTA MARIA MADALENA", "porte": "MICRO EMPRESA", "abertura": "10/04/2008", "natureza_juridica": "206-2 - Sociedade Empres\u00e1ria Limitada", "fantasia": "IDEL SOLUCOES", "cnpj": "09.509.595/0001-80", "ultima_atualizacao": "2020-02-08T05:04:35.541Z", "status": "OK", "tipo": "MATRIZ", "email": "", "efr": "", "motivo_situacao": "", "situacao_especial": "", "data_situacao_especial": "", "atividades_secundarias": [{"code": "00.00-0-00", "text": "N\u00e3o informada"}], "capital_social": "10000.00", "extra": {}, "billing": {"free": false, "database": false}}