{"atividade_principal": [{"text": "Servi\u00e7os de tratamento e revestimento em metais", "code": "25.39-0-02"}], "data_situacao": "30/05/2008", "nome": "NOVA MAX PROMOCOES, COMERCIO E servicos EIRELI", "uf": "RJ", "telefone": "(21) 6417-1006", "atividades_secundarias": [{"text": "Fundi\u00e7\u00e3o de ferro e a\u00e7o", "code": "24.51-2-00"}, {"text": "Fundi\u00e7\u00e3o de metais n\u00e3o-ferrosos e suas ligas", "code": "24.52-1-00"}, {"text": "Cunhagem de moedas e medalhas", "code": "32.11-6-03"}, {"text": "Com\u00e9rcio atacadista de artigos do vestu\u00e1rio e acess\u00f3rios, exceto profissionais e de seguran\u00e7a", "code": "46.42-7-01"}, {"text": "Com\u00e9rcio atacadista de cal\u00e7ados", "code": "46.43-5-01"}, {"text": "Com\u00e9rcio atacadista de artigos de escrit\u00f3rio e de papelaria", "code": "46.47-8-01"}, {"text": "Com\u00e9rcio atacadista de outros equipamentos e artigos de uso pessoal e dom\u00e9stico n\u00e3o especificados anteriormente", "code": "46.49-4-99"}, {"text": "Com\u00e9rcio atacadista de equipamentos de inform\u00e1tica", "code": "46.51-6-01"}, {"text": "Com\u00e9rcio atacadista especializado em outros produtos intermedi\u00e1rios n\u00e3o especificados anteriormente", "code": "46.89-3-99"}, {"text": "Edi\u00e7\u00e3o integrada \u00e0 impress\u00e3o de cadastros, listas e de outros produtos gr\u00e1ficos", "code": "58.29-8-00"}, {"text": "Ag\u00eancias de publicidade", "code": "73.11-4-00"}, {"text": "Atividades de produ\u00e7\u00e3o de fotografias, exceto a\u00e9rea e submarina", "code": "74.20-0-01"}, {"text": "Filmagem de festas e eventos", "code": "74.20-0-04"}, {"text": "Servi\u00e7os de organiza\u00e7\u00e3o de feiras, congressos, exposi\u00e7\u00f5es e festas", "code": "82.30-0-01"}, {"text": "Artes c\u00eanicas, espet\u00e1culos e atividades complementares n\u00e3o especificadas anteriormente", "code": "90.01-9-99"}, {"text": "Restaura\u00e7\u00e3o de obras-de-arte", "code": "90.02-7-02"}, {"text": "Produ\u00e7\u00e3o e promo\u00e7\u00e3o de eventos esportivos", "code": "93.19-1-01"}, {"text": "Outras atividades de recrea\u00e7\u00e3o e lazer n\u00e3o especificadas anteriormente", "code": "93.29-8-99"}], "qsa": [{"qual": "65-Titular Pessoa F\u00edsica Residente ou Domiciliado no Brasil", "nome": "MANOEL DA SILVA ARAUJO"}], "situacao": "ATIVA", "bairro": "TANGUA I", "logradouro": "R JOSE TEIXEIRA DA SILVA", "numero": "3", "cep": "24.890-000", "municipio": "TANGUA", "porte": "MICRO EMPRESA", "abertura": "30/05/2008", "natureza_juridica": "230-5 - Empresa Individual de Responsabilidade Limitada (de Natureza Empres\u00e1ria)", "fantasia": "M S ARAUJO", "cnpj": "09.589.412/0001-83", "ultima_atualizacao": "2020-02-07T23:37:35.386Z", "status": "OK", "tipo": "MATRIZ", "complemento": "", "email": "", "efr": "", "motivo_situacao": "", "situacao_especial": "", "data_situacao_especial": "", "capital_social": "100000.00", "extra": {}, "billing": {"free": false, "database": true}}