{"atividade_principal": [{"text": "Servi\u00e7os de engenharia", "code": "71.12-0-00"}], "data_situacao": "20/05/2008", "nome": "MEDICORDIGITAL TECNOLOGIA LTDA", "uf": "RJ", "telefone": "(21) 2489-8404/ (21) 2451-0364", "email": "fiscal@catecconsultoria.com.br", "atividades_secundarias": [{"text": "Servi\u00e7os de arquitetura", "code": "71.11-1-00"}, {"text": "Tratamentos t\u00e9rmicos, ac\u00fasticos ou de vibra\u00e7\u00e3o", "code": "43.29-1-05"}, {"text": "Manuten\u00e7\u00e3o e repara\u00e7\u00e3o de tanques, reservat\u00f3rios met\u00e1licos e caldeiras, exceto para ve\u00edculos", "code": "33.11-2-00"}, {"text": "Manuten\u00e7\u00e3o e repara\u00e7\u00e3o de aparelhos e instrumentos de medida, teste e controle", "code": "33.12-1-02"}, {"text": "Manuten\u00e7\u00e3o e repara\u00e7\u00e3o de aparelhos eletrom\u00e9dicos e eletroterap\u00eauticos e equipamentos de irradia\u00e7\u00e3o", "code": "33.12-1-03"}, {"text": "Manuten\u00e7\u00e3o e repara\u00e7\u00e3o de equipamentos e instrumentos \u00f3pticos", "code": "33.12-1-04"}, {"text": "Manuten\u00e7\u00e3o e repara\u00e7\u00e3o de outras m\u00e1quinas e equipamentos para usos industriais n\u00e3o especificados anteriormente", "code": "33.14-7-99"}, {"text": "Instala\u00e7\u00e3o de m\u00e1quinas e equipamentos industriais", "code": "33.21-0-00"}, {"text": "Manuten\u00e7\u00e3o de esta\u00e7\u00f5es e redes de telecomunica\u00e7\u00f5es", "code": "42.21-9-05"}, {"text": "Instala\u00e7\u00e3o e manuten\u00e7\u00e3o el\u00e9trica", "code": "43.21-5-00"}, {"text": "Instala\u00e7\u00f5es hidr\u00e1ulicas, sanit\u00e1rias e de g\u00e1s", "code": "43.22-3-01"}, {"text": "Instala\u00e7\u00f5es de sistema de preven\u00e7\u00e3o contra inc\u00eandio", "code": "43.22-3-03"}, {"text": "Instala\u00e7\u00e3o e manuten\u00e7\u00e3o de sistemas centrais de ar condicionado, de ventila\u00e7\u00e3o e refrigera\u00e7\u00e3o", "code": "43.22-3-02"}, {"text": "Consultoria em tecnologia da informa\u00e7\u00e3o", "code": "62.04-0-00"}, {"text": "Servi\u00e7os de per\u00edcia t\u00e9cnica relacionados \u00e0 seguran\u00e7a do trabalho", "code": "71.19-7-04"}, {"text": "Repara\u00e7\u00e3o e manuten\u00e7\u00e3o de equipamentos eletroeletr\u00f4nicos de uso pessoal e dom\u00e9stico", "code": "95.21-5-00"}, {"text": "Com\u00e9rcio varejista especializado de pe\u00e7as e acess\u00f3rios para aparelhos eletroeletr\u00f4nicos para uso dom\u00e9stico, exceto inform\u00e1tica e comunica\u00e7\u00e3o", "code": "47.57-1-00"}, {"text": "Com\u00e9rcio atacadista de M\u00e1quinas e equipamentos para uso industrial; partes e pe\u00e7as", "code": "46.63-0-00"}, {"text": "Com\u00e9rcio atacadista de m\u00e1quinas, aparelhos e equipamentos para uso odonto-m\u00e9dico-hospitalar; partes e pe\u00e7as", "code": "46.64-8-00"}], "qsa": [{"qual": "49-S\u00f3cio-Administrador", "nome": "CLEVERSON GORSKI"}, {"qual": "49-S\u00f3cio-Administrador", "nome": "ALEX CARVALHO DE PAULA"}, {"qual": "22-S\u00f3cio", "nome": "JOAO LUIS GOMES VIEIRA"}], "situacao": "ATIVA", "bairro": "PRACA SECA", "logradouro": "R CAPITAO MENEZES", "numero": "964", "cep": "21.320-040", "municipio": "RIO DE JANEIRO", "porte": "EMPRESA DE PEQUENO PORTE", "abertura": "20/05/2008", "natureza_juridica": "206-2 - Sociedade Empres\u00e1ria Limitada", "cnpj": "09.599.104/0001-39", "ultima_atualizacao": "2020-02-08T04:56:33.492Z", "status": "OK", "tipo": "MATRIZ", "fantasia": "", "complemento": "", "efr": "", "motivo_situacao": "", "situacao_especial": "", "data_situacao_especial": "", "capital_social": "100000.00", "extra": {}, "billing": {"free": false, "database": false}}