{"atividade_principal": [{"text": "Com\u00e9rcio atacadista especializado em outros produtos intermedi\u00e1rios n\u00e3o especificados anteriormente", "code": "46.89-3-99"}], "data_situacao": "20/06/2008", "complemento": ": ANTIGO 63;", "nome": "BSL COMERCIO, IMPORTACAO E EXPORTACAO EIRELI", "uf": "SP", "telefone": "(11) 3611-1330", "email": "ubirajara@boardsolutions.com.br", "atividades_secundarias": [{"text": "Com\u00e9rcio varejista de artigos de papelaria", "code": "47.61-0-03"}, {"text": "Com\u00e9rcio varejista especializado de eletrodom\u00e9sticos e equipamentos de \u00e1udio e v\u00eddeo", "code": "47.53-9-00"}, {"text": "Com\u00e9rcio atacadista de m\u00f3veis e artigos de colchoaria", "code": "46.49-4-04"}, {"text": "Repara\u00e7\u00e3o de artigos do mobili\u00e1rio", "code": "95.29-1-05"}, {"text": "Outras atividades de servi\u00e7os prestados principalmente \u00e0s empresas n\u00e3o especificadas anteriormente", "code": "82.99-7-99"}], "qsa": [{"qual": "65-Titular Pessoa F\u00edsica Residente ou Domiciliado no Brasil", "nome": "UBIRAJARA RAMOS SANINI"}], "situacao": "ATIVA", "bairro": "VILA ESPERANCA", "logradouro": "R OTILIA", "numero": "S/N.", "cep": "03.649-000", "municipio": "SAO PAULO", "porte": "EMPRESA DE PEQUENO PORTE", "abertura": "20/06/2008", "natureza_juridica": "230-5 - Empresa Individual de Responsabilidade Limitada (de Natureza Empres\u00e1ria)", "fantasia": "BOARD SOLUTIONS", "cnpj": "09.664.482/0001-59", "ultima_atualizacao": "2020-02-08T04:33:13.115Z", "status": "OK", "tipo": "MATRIZ", "efr": "", "motivo_situacao": "", "situacao_especial": "", "data_situacao_especial": "", "capital_social": "200000.00", "extra": {}, "billing": {"free": false, "database": false}}