{"atividade_principal": [{"text": "Com\u00e9rcio atacadista de medicamentos e drogas de uso humano", "code": "46.44-3-01"}], "data_situacao": "28/07/2008", "complemento": "ANDAR 202", "nome": "ALVAMED DE MERITI MATERIAL MEDICO HOSPITALAR LTDA", "uf": "RJ", "telefone": "(21) 3756-0056", "email": "hchieza@bol.com.br", "atividades_secundarias": [{"text": "Com\u00e9rcio atacadista de instrumentos e materiais para uso m\u00e9dico, cir\u00fargico, hospitalar e de laborat\u00f3rios", "code": "46.45-1-01"}, {"text": "Com\u00e9rcio atacadista de produtos odontol\u00f3gicos", "code": "46.45-1-03"}, {"text": "Com\u00e9rcio atacadista de produtos de higiene pessoal", "code": "46.46-0-02"}, {"text": "Com\u00e9rcio atacadista de artigos de escrit\u00f3rio e de papelaria", "code": "46.47-8-01"}, {"text": "Com\u00e9rcio atacadista de m\u00f3veis e artigos de colchoaria", "code": "46.49-4-04"}, {"text": "Com\u00e9rcio atacadista de m\u00e1quinas, aparelhos e equipamentos para uso odonto-m\u00e9dico-hospitalar; partes e pe\u00e7as", "code": "46.64-8-00"}], "qsa": [{"qual": "49-S\u00f3cio-Administrador", "nome": "LIA MAURA SILVA"}, {"qual": "22-S\u00f3cio", "nome": "JANETE SILVA"}], "situacao": "ATIVA", "bairro": "CENTRO", "logradouro": "R JUIZ ADERBAL DE OLIVEIRA", "numero": "14", "cep": "25.520-021", "municipio": "SAO JOAO DE MERITI", "porte": "MICRO EMPRESA", "abertura": "28/07/2008", "natureza_juridica": "206-2 - Sociedade Empres\u00e1ria Limitada", "cnpj": "10.230.458/0001-90", "ultima_atualizacao": "2020-02-08T00:53:13.566Z", "status": "OK", "tipo": "MATRIZ", "fantasia": "", "efr": "", "motivo_situacao": "", "situacao_especial": "", "data_situacao_especial": "", "capital_social": "150000.00", "extra": {}, "billing": {"free": false, "database": true}}