{"atividade_principal": [{"text": "Atividades de consultoria em gest\u00e3o empresarial, exceto consultoria t\u00e9cnica espec\u00edfica", "code": "70.20-4-00"}], "data_situacao": "25/06/2008", "complemento": "SALA 904 ANDAR 09 COND EUROBUSINESS CD CMRL", "nome": "INSTITUTO NEGOCIOS PUBLICOS DO BRASIL - ESTUDOS E PESQUISAS NA ADMNIISTRACAO PUBLICA - INP - LTDA", "uf": "PR", "telefone": "(41) 3778-1700", "email": "lucas@hribeiroconsultores.com.br", "atividades_secundarias": [{"text": "Com\u00e9rcio varejista de jornais e revistas", "code": "47.61-0-02"}, {"text": "Edi\u00e7\u00e3o de livros", "code": "58.11-5-00"}, {"text": "Edi\u00e7\u00e3o de revistas", "code": "58.13-1-00"}, {"text": "Edi\u00e7\u00e3o integrada \u00e0 impress\u00e3o de revistas", "code": "58.23-9-00"}, {"text": "Desenvolvimento de programas de computador sob encomenda", "code": "62.01-5-01"}, {"text": "Consultoria em tecnologia da informa\u00e7\u00e3o", "code": "62.04-0-00"}, {"text": "Pesquisas de mercado e de opini\u00e3o p\u00fablica", "code": "73.20-3-00"}, {"text": "Servi\u00e7os de organiza\u00e7\u00e3o de feiras, congressos, exposi\u00e7\u00f5es e festas", "code": "82.30-0-01"}, {"text": "Treinamento em desenvolvimento profissional e gerencial", "code": "85.99-6-04"}], "qsa": [{"qual": "49-S\u00f3cio-Administrador", "nome": "RUDIMAR BARBOSA DOS REIS"}, {"qual": "22-S\u00f3cio", "nome": "RUIMAR BARBOZA DOS REIS"}], "situacao": "ATIVA", "bairro": "CAMPO COMPRIDO", "logradouro": "R DOUTOR BRASILIO VICENTE DE CASTRO", "numero": "111", "cep": "81.200-526", "municipio": "CURITIBA", "porte": "MICRO EMPRESA", "abertura": "25/06/2008", "natureza_juridica": "206-2 - Sociedade Empres\u00e1ria Limitada", "fantasia": "INP", "cnpj": "10.498.974/0001-09", "ultima_atualizacao": "2020-02-08T04:05:50.510Z", "status": "OK", "tipo": "MATRIZ", "efr": "", "motivo_situacao": "", "situacao_especial": "", "data_situacao_especial": "", "capital_social": "205000.00", "extra": {}, "billing": {"free": false, "database": false}}