{"atividade_principal": [{"text": "Fabrica\u00e7\u00e3o de embalagens de material pl\u00e1stico", "code": "22.22-6-00"}], "data_situacao": "12/12/2008", "complemento": "LOTE 09 E10", "nome": "TUBARAO INDUSTRIA E COMERCIO DE SACOS PLASTICOS LTDA", "uf": "RJ", "telefone": "(22) 2778-1420/ (22) 2778-4114", "atividades_secundarias": [{"text": "Aluguel de andaimes", "code": "77.32-2-02"}, {"text": "Aluguel de equipamentos cient\u00edficos, m\u00e9dicos e hospitalares, sem operador", "code": "77.39-0-02"}, {"text": "Aluguel de equipamentos recreativos e esportivos", "code": "77.21-7-00"}, {"text": "Aluguel de m\u00e1quinas e equipamentos agr\u00edcolas sem operador", "code": "77.31-4-00"}, {"text": "Aluguel de m\u00e1quinas e equipamentos para constru\u00e7\u00e3o sem operador, exceto andaimes", "code": "77.32-2-01"}, {"text": "Aluguel de m\u00e1quinas e equipamentos para escrit\u00f3rios", "code": "77.33-1-00"}, {"text": "Aluguel de palcos, coberturas e outras estruturas de uso tempor\u00e1rio, exceto andaimes", "code": "77.39-0-03"}, {"text": "Artes c\u00eanicas, espet\u00e1culos e atividades complementares n\u00e3o especificadas anteriormente", "code": "90.01-9-99"}, {"text": "Atividades de sonoriza\u00e7\u00e3o e de ilumina\u00e7\u00e3o", "code": "90.01-9-06"}, {"text": "Com\u00e9rcio atacadista de alimentos para animais", "code": "46.23-1-09"}, {"text": "Com\u00e9rcio atacadista de artigos de armarinho", "code": "46.41-9-03"}, {"text": "Com\u00e9rcio atacadista de artigos de cama, mesa e banho", "code": "46.41-9-02"}, {"text": "Com\u00e9rcio atacadista de artigos de escrit\u00f3rio e de papelaria", "code": "46.47-8-01"}, {"text": "Com\u00e9rcio atacadista de componentes eletr\u00f4nicos e equipamentos de telefonia e comunica\u00e7\u00e3o", "code": "46.52-4-00"}, {"text": "Com\u00e9rcio atacadista de cosm\u00e9ticos e produtos de perfumaria", "code": "46.46-0-01"}, {"text": "Com\u00e9rcio atacadista de defensivos agr\u00edcolas, adubos, fertilizantes e corretivos do solo", "code": "46.83-4-00"}, {"text": "Com\u00e9rcio atacadista de embalagens", "code": "46.86-9-02"}, {"text": "Com\u00e9rcio atacadista de equipamentos el\u00e9tricos de uso pessoal e dom\u00e9stico", "code": "46.49-4-01"}, {"text": "Com\u00e9rcio atacadista de ferragens e ferramentas", "code": "46.72-9-00"}, {"text": "Com\u00e9rcio atacadista de instrumentos e materiais para uso m\u00e9dico, cir\u00fargico, hospitalar e de laborat\u00f3rios", "code": "46.45-1-01"}, {"text": "Com\u00e9rcio atacadista de lubrificantes", "code": "46.81-8-05"}, {"text": "Com\u00e9rcio atacadista de lustres, lumin\u00e1rias e abajures", "code": "46.49-4-06"}, {"text": "Com\u00e9rcio atacadista de madeira e produtos derivados", "code": "46.71-1-00"}, {"text": "Com\u00e9rcio atacadista de m\u00e1quinas, aparelhos e equipamentos para uso agropecu\u00e1rio; partes e pe\u00e7as", "code": "46.61-3-00"}, {"text": "Com\u00e9rcio atacadista de materiais de constru\u00e7\u00e3o em geral", "code": "46.79-6-99"}, {"text": "Com\u00e9rcio atacadista de material el\u00e9trico", "code": "46.73-7-00"}, {"text": "Com\u00e9rcio atacadista de medicamentos e drogas de uso humano", "code": "46.44-3-01"}, {"text": "Com\u00e9rcio atacadista de mercadorias em geral, com predomin\u00e2ncia de produtos aliment\u00edcios", "code": "46.91-5-00"}, {"text": "Com\u00e9rcio atacadista de m\u00f3veis e artigos de colchoaria", "code": "46.49-4-04"}, {"text": "Com\u00e9rcio atacadista de outros equipamentos e artigos de uso pessoal e dom\u00e9stico n\u00e3o especificados anteriormente", "code": "46.49-4-99"}, {"text": "Com\u00e9rcio atacadista de produtos de higiene, limpeza e conserva\u00e7\u00e3o domiciliar", "code": "46.49-4-08"}, {"text": "Com\u00e9rcio atacadista de pr\u00f3teses e artigos de ortopedia", "code": "46.45-1-02"}, {"text": "Com\u00e9rcio atacadista de roupas e acess\u00f3rios para uso profissional e de seguran\u00e7a do trabalho", "code": "46.42-7-02"}, {"text": "Com\u00e9rcio atacadista de suprimentos para inform\u00e1tica", "code": "46.51-6-02"}, {"text": "Com\u00e9rcio atacadista de vidros, espelhos, vitrais e molduras", "code": "46.79-6-03"}, {"text": "Com\u00e9rcio atacadista especializado em outros produtos intermedi\u00e1rios n\u00e3o especificados anteriormente", "code": "46.89-3-99"}, {"text": "Com\u00e9rcio por atacado de pe\u00e7as e acess\u00f3rios novos para ve\u00edculos automotores", "code": "45.30-7-01"}, {"text": "Com\u00e9rcio sob consigna\u00e7\u00e3o de ve\u00edculos automotores", "code": "45.12-9-02"}, {"text": "Com\u00e9rcio varejista de ferragens e ferramentas", "code": "47.44-0-01"}, {"text": "Com\u00e9rcio varejista de madeira e artefatos", "code": "47.44-0-02"}, {"text": "Com\u00e9rcio varejista de materiais de constru\u00e7\u00e3o em geral", "code": "47.44-0-99"}, {"text": "Com\u00e9rcio varejista de outros produtos n\u00e3o especificados anteriormente", "code": "47.89-0-99"}, {"text": "Com\u00e9rcio varejista de produtos aliment\u00edcios em geral ou especializado em produtos aliment\u00edcios n\u00e3o especificados anteriormente", "code": "47.29-6-99"}, {"text": "Confec\u00e7\u00e3o de pe\u00e7as de vestu\u00e1rio, exceto roupas \u00edntimas e as confeccionadas sob medida", "code": "14.12-6-01"}, {"text": "Confec\u00e7\u00e3o de roupas profissionais, exceto sob medida", "code": "14.13-4-01"}, {"text": "Estamparia e texturiza\u00e7\u00e3o em fios, tecidos, artefatos t\u00eaxteis e pe\u00e7as do vestu\u00e1rio", "code": "13.40-5-01"}, {"text": "Fabrica\u00e7\u00e3o de alimentos e pratos prontos", "code": "10.96-1-00"}, {"text": "Fabrica\u00e7\u00e3o de estruturas met\u00e1licas", "code": "25.11-0-00"}, {"text": "Fabrica\u00e7\u00e3o de letras, letreiros e placas de qualquer material, exceto luminosos", "code": "32.99-0-03"}, {"text": "Fabrica\u00e7\u00e3o de pain\u00e9is e letreiros luminosos", "code": "32.99-0-04"}, {"text": "Fabrica\u00e7\u00e3o de roupas de prote\u00e7\u00e3o e seguran\u00e7a e resistentes a fogo", "code": "32.92-2-01"}, {"text": "Impress\u00e3o de material para uso publicit\u00e1rio", "code": "18.13-0-01"}, {"text": "Loca\u00e7\u00e3o de autom\u00f3veis sem condutor", "code": "77.11-0-00"}, {"text": "Manuten\u00e7\u00e3o e repara\u00e7\u00e3o de m\u00e1quinas e equipamentos de terraplenagem, pavimenta\u00e7\u00e3o e constru\u00e7\u00e3o, exceto tratores", "code": "33.14-7-17"}, {"text": "Outras atividades de publicidade n\u00e3o especificadas anteriormente", "code": "73.19-0-99"}, {"text": "Pintura para sinaliza\u00e7\u00e3o em pistas rodovi\u00e1rias e aeroportos", "code": "42.11-1-02"}, {"text": "Produ\u00e7\u00e3o e promo\u00e7\u00e3o de eventos esportivos", "code": "93.19-1-01"}, {"text": "Produ\u00e7\u00e3o teatral", "code": "90.01-9-01"}, {"text": "Reprodu\u00e7\u00e3o de v\u00eddeo em qualquer suporte", "code": "18.30-0-02"}, {"text": "Servi\u00e7os de alimenta\u00e7\u00e3o para eventos e recep\u00e7\u00f5es - buf\u00ea", "code": "56.20-1-02"}, {"text": "Servi\u00e7os de organiza\u00e7\u00e3o de feiras, congressos, exposi\u00e7\u00f5es e festas", "code": "82.30-0-01"}], "qsa": [{"qual": "49-S\u00f3cio-Administrador", "nome": "FABIANO PINTO MAGALHAES"}, {"qual": "22-S\u00f3cio", "nome": "EDILEIA PINTO MAGALHAES"}], "situacao": "ATIVA", "bairro": "IRMAOS RIBEIRO", "logradouro": "R MARIA DO ROSARIO RIBEIRO", "numero": "59/46", "cep": "28.860-000", "municipio": "CASIMIRO DE ABREU", "porte": "MICRO EMPRESA", "abertura": "12/12/2008", "natureza_juridica": "206-2 - Sociedade Empres\u00e1ria Limitada", "fantasia": "TUBARAO SACOS PLASTICOS", "cnpj": "10.547.948/0001-15", "ultima_atualizacao": "2020-02-07T23:42:55.269Z", "status": "OK", "tipo": "MATRIZ", "email": "", "efr": "", "motivo_situacao": "", "situacao_especial": "", "data_situacao_especial": "", "capital_social": "300000.00", "extra": {}, "billing": {"free": false, "database": true}}