{"atividade_principal": [{"text": "Instala\u00e7\u00e3o e manuten\u00e7\u00e3o el\u00e9trica", "code": "43.21-5-00"}], "data_situacao": "31/12/2008", "complemento": "225", "nome": "CENTERSAT TELECOMUNICACOES LTDA", "uf": "RJ", "telefone": "(22) 2733-1856", "email": "srcontabilidade@yahoo.com.br", "atividades_secundarias": [{"text": "Servi\u00e7os de comunica\u00e7\u00e3o multim\u00eddia - SCM", "code": "61.10-8-03"}, {"text": "Atividades de monitoramento de sistemas de seguran\u00e7a eletr\u00f4nico", "code": "80.20-0-01"}, {"text": "Outras atividades de telecomunica\u00e7\u00f5es n\u00e3o especificadas anteriormente", "code": "61.90-6-99"}, {"text": "Com\u00e9rcio varejista especializado de equipamentos e suprimentos de inform\u00e1tica", "code": "47.51-2-01"}, {"text": "Com\u00e9rcio varejista de outros produtos n\u00e3o especificados anteriormente", "code": "47.89-0-99"}, {"text": "Com\u00e9rcio varejista de outros artigos de uso pessoal e dom\u00e9stico n\u00e3o especificados anteriormente", "code": "47.59-8-99"}], "qsa": [{"qual": "49-S\u00f3cio-Administrador", "nome": "ANDREA PATROCINIO VALLIENGO"}, {"qual": "49-S\u00f3cio-Administrador", "nome": "ANDERSON PEREIRA RODRIGUES"}], "situacao": "ATIVA", "bairro": "PARQUE SANTO ANTONIO", "logradouro": "R FLODOARDO MARTINS SILVA", "numero": "223", "cep": "28.022-337", "municipio": "CAMPOS DOS GOYTACAZES", "porte": "MICRO EMPRESA", "abertura": "31/12/2008", "natureza_juridica": "206-2 - Sociedade Empres\u00e1ria Limitada", "fantasia": "CENTERSAT TELECOMUNICACOES", "cnpj": "10.584.488/0001-03", "ultima_atualizacao": "2020-02-08T00:57:57.363Z", "status": "OK", "tipo": "MATRIZ", "efr": "", "motivo_situacao": "", "situacao_especial": "", "data_situacao_especial": "", "capital_social": "40000.00", "extra": {}, "billing": {"free": false, "database": true}}