{"atividade_principal": [{"text": "Com\u00e9rcio a varejo de pe\u00e7as e acess\u00f3rios novos para ve\u00edculos automotores", "code": "45.30-7-03"}], "data_situacao": "28/01/2009", "nome": "AUTOLAGOS COMERCIO DE PECAS LTDA", "uf": "RJ", "telefone": "(22) 2796-8900", "email": "autolagos@globo.com", "qsa": [{"qual": "49-S\u00f3cio-Administrador", "nome": "WILLIAN GUIMARAES"}, {"qual": "22-S\u00f3cio", "nome": "LUCIANA SOUZA VILELA GUIMARAES"}], "situacao": "ATIVA", "bairro": "VISCONDE DE ARAUJO", "logradouro": "AV EVALDO COSTA", "numero": "305", "cep": "27.940-385", "municipio": "MACAE", "porte": "DEMAIS", "abertura": "28/01/2009", "natureza_juridica": "206-2 - Sociedade Empres\u00e1ria Limitada", "fantasia": "AUTO PECAS SAO LUCAS", "cnpj": "10.612.199/0001-62", "ultima_atualizacao": "2020-02-07T21:54:57.069Z", "status": "OK", "tipo": "MATRIZ", "complemento": "", "efr": "", "motivo_situacao": "", "situacao_especial": "", "data_situacao_especial": "", "atividades_secundarias": [{"code": "00.00-0-00", "text": "N\u00e3o informada"}], "capital_social": "120000.00", "extra": {}, "billing": {"free": false, "database": true}}