{"data_situacao": "04/07/2017", "motivo_situacao": "EXTINCAO P/ ENC LIQ VOLUNTARIA", "nome": "VIGIANI E REZENDE MATERIAIS DE LIMPEZA E DESCARTAVEIS LTDA.", "telefone": "(21) 2624-4139/ (21) 2624-4112", "email": "sowell@twerra.com.br", "situacao": "BAIXADA", "porte": "DEMAIS", "abertura": "20/02/2009", "natureza_juridica": "206-2 - Sociedade Empres\u00e1ria Limitada", "cnpj": "10.685.213/0001-58", "ultima_atualizacao": "2020-02-08T01:03:07.261Z", "status": "OK", "tipo": "MATRIZ", "fantasia": "", "logradouro": "", "numero": "", "complemento": "", "cep": "", "bairro": "", "municipio": "", "uf": "", "efr": "", "situacao_especial": "", "data_situacao_especial": "", "atividade_principal": [{"code": "00.00-0-00", "text": "********"}], "atividades_secundarias": [{"code": "00.00-0-00", "text": "N\u00e3o informada"}], "capital_social": "0.00", "qsa": [], "extra": {}, "billing": {"free": false, "database": true}}