{"atividade_principal": [{"text": "Com\u00e9rcio varejista especializado de equipamentos e suprimentos de inform\u00e1tica", "code": "47.51-2-01"}], "data_situacao": "12/05/2009", "complemento": "LOJA 01", "nome": "HINFOLUZ COMERCIAL E SERVICOS LTDA", "uf": "RJ", "telefone": "(22) 2772-4097/ (22) 2772-1123", "email": "adm@hinfoluz.com.br", "atividades_secundarias": [{"text": "Com\u00e9rcio varejista especializado de equipamentos de telefonia e comunica\u00e7\u00e3o", "code": "47.52-1-00"}, {"text": "Repara\u00e7\u00e3o e manuten\u00e7\u00e3o de computadores e de equipamentos perif\u00e9ricos", "code": "95.11-8-00"}, {"text": "Repara\u00e7\u00e3o e manuten\u00e7\u00e3o de equipamentos de comunica\u00e7\u00e3o", "code": "95.12-6-00"}, {"text": "Suporte t\u00e9cnico, manuten\u00e7\u00e3o e outros servi\u00e7os em tecnologia da informa\u00e7\u00e3o", "code": "62.09-1-00"}, {"text": "Aluguel de m\u00e1quinas e equipamentos para escrit\u00f3rios", "code": "77.33-1-00"}, {"text": "Instala\u00e7\u00e3o e manuten\u00e7\u00e3o el\u00e9trica", "code": "43.21-5-00"}, {"text": "Constru\u00e7\u00e3o de esta\u00e7\u00f5es e redes de telecomunica\u00e7\u00f5es", "code": "42.21-9-04"}, {"text": "Atividades de monitoramento de sistemas de seguran\u00e7a eletr\u00f4nico", "code": "80.20-0-01"}, {"text": "Outras atividades de telecomunica\u00e7\u00f5es n\u00e3o especificadas anteriormente", "code": "61.90-6-99"}, {"text": "Recarga de cartuchos para equipamentos de inform\u00e1tica", "code": "47.51-2-02"}], "qsa": [{"qual": "49-S\u00f3cio-Administrador", "nome": "NATANAEL JUNIOR ALVES RIBEIRO DOS SANTOS"}, {"qual": "22-S\u00f3cio", "nome": "KETHERINE DE ALMEIDA MONTEIRO DOS SANTOS"}], "situacao": "ATIVA", "bairro": "CENTRO", "logradouro": "R ALFREDO BACKER", "numero": "465", "cep": "27.910-190", "municipio": "MACAE", "porte": "MICRO EMPRESA", "abertura": "12/05/2009", "natureza_juridica": "206-2 - Sociedade Empres\u00e1ria Limitada", "fantasia": "HINFOLUZ STORE AND SERVICES", "cnpj": "10.854.931/0001-00", "ultima_atualizacao": "2020-02-08T03:52:07.608Z", "status": "OK", "tipo": "MATRIZ", "efr": "", "motivo_situacao": "", "situacao_especial": "", "data_situacao_especial": "", "capital_social": "15000.00", "extra": {}, "billing": {"free": false, "database": false}}