{"atividade_principal": [{"text": "Atividade m\u00e9dica ambulatorial com recursos para realiza\u00e7\u00e3o de exames complementares", "code": "86.30-5-02"}], "data_situacao": "22/06/2009", "nome": "CLINICA DO APARELHO DIGESTIVO DR ROBERTO GALIZA LTDA", "uf": "RJ", "telefone": "(22) 2757-2699/ (22) 9967-0216", "email": "r.galiza@yahoo.com.br", "atividades_secundarias": [{"text": "Atividade m\u00e9dica ambulatorial com recursos para realiza\u00e7\u00e3o de procedimentos cir\u00fargicos", "code": "86.30-5-01"}], "qsa": [{"qual": "22-S\u00f3cio", "nome": "ROBERTO GALIZA DE ALMEIDA"}, {"qual": "49-S\u00f3cio-Administrador", "nome": "MARIA CLARA GALIZA DE ALMEIDA"}], "situacao": "ATIVA", "bairro": "CENTRO", "logradouro": "R JULITA BARCELOS DE OLIVEIRA", "numero": "45", "cep": "27.910-370", "municipio": "MACAE", "porte": "DEMAIS", "abertura": "22/06/2009", "natureza_juridica": "206-2 - Sociedade Empres\u00e1ria Limitada", "fantasia": "CLIAD", "cnpj": "10.989.288/0001-22", "ultima_atualizacao": "2020-02-08T00:03:47.899Z", "status": "OK", "tipo": "MATRIZ", "complemento": "", "efr": "", "motivo_situacao": "", "situacao_especial": "", "data_situacao_especial": "", "capital_social": "200000.00", "extra": {}, "billing": {"free": false, "database": true}}