{"atividade_principal": [{"text": "Com\u00e9rcio varejista de m\u00f3veis", "code": "47.54-7-01"}], "data_situacao": "24/07/2009", "complemento": "QUADRA13 LOTE 13D SALA 3", "nome": "CENTRO OESTE HOSPITALAR - EIRELI", "uf": "GO", "telefone": "(62) 3093-2359", "email": "lorienecontabilidade@gmail.com", "atividades_secundarias": [{"text": "Com\u00e9rcio varejista especializado de eletrodom\u00e9sticos e equipamentos de \u00e1udio e v\u00eddeo", "code": "47.53-9-00"}, {"text": "Com\u00e9rcio varejista de artigos m\u00e9dicos e ortop\u00e9dicos", "code": "47.73-3-00"}, {"text": "Fabrica\u00e7\u00e3o de m\u00f3veis com predomin\u00e2ncia de metal", "code": "31.02-1-00"}, {"text": "Com\u00e9rcio atacadista de m\u00f3veis e artigos de colchoaria", "code": "46.49-4-04"}, {"text": "Com\u00e9rcio atacadista de m\u00e1quinas, aparelhos e equipamentos para uso odonto-m\u00e9dico-hospitalar; partes e pe\u00e7as", "code": "46.64-8-00"}], "qsa": [{"qual": "65-Titular Pessoa F\u00edsica Residente ou Domiciliado no Brasil", "nome": "SOLANGE RODRIGUES DA SILVA"}], "situacao": "ATIVA", "bairro": "PARQUE SANTA CECILIA", "logradouro": "R 3", "numero": "S/N", "cep": "74.919-348", "municipio": "APARECIDA DE GOIANIA", "porte": "EMPRESA DE PEQUENO PORTE", "abertura": "24/07/2009", "natureza_juridica": "230-5 - Empresa Individual de Responsabilidade Limitada (de Natureza Empres\u00e1ria)", "fantasia": "CENTRO OESTE HOSPITALAR", "cnpj": "10.983.327/0001-84", "ultima_atualizacao": "2020-02-08T05:12:12.978Z", "status": "OK", "tipo": "MATRIZ", "efr": "", "motivo_situacao": "", "situacao_especial": "", "data_situacao_especial": "", "capital_social": "500000.00", "extra": {}, "billing": {"free": false, "database": false}}