{"atividade_principal": [{"text": "Fotoc\u00f3pias", "code": "82.19-9-01"}], "data_situacao": "09/07/2009", "nome": "F. A. M. P. DE BARROS GOMES COPIADORA E SERVICOS", "uf": "RJ", "telefone": "(22) 2772-5895", "email": "fatima@litoralcopias.com.br", "atividades_secundarias": [{"text": "Comercio varejista de artigos de armarinho", "code": "47.55-5-02"}, {"text": "Com\u00e9rcio varejista de artigos de papelaria", "code": "47.61-0-03"}, {"text": "Servi\u00e7os de microfilmagem", "code": "74.20-0-05"}, {"text": "Aluguel de m\u00e1quinas e equipamentos para escrit\u00f3rios", "code": "77.33-1-00"}], "qsa": [], "situacao": "ATIVA", "bairro": "CENTRO", "logradouro": "R TEIXEIRA DE GOUVEA", "numero": "724", "cep": "27.916-000", "municipio": "MACAE", "porte": "MICRO EMPRESA", "abertura": "09/07/2009", "natureza_juridica": "213-5 - Empres\u00e1rio (Individual)", "fantasia": "LITORAL COPIAS II", "cnpj": "11.006.748/0001-18", "ultima_atualizacao": "2020-02-07T22:17:17.084Z", "status": "OK", "tipo": "MATRIZ", "complemento": "", "efr": "", "motivo_situacao": "", "situacao_especial": "", "data_situacao_especial": "", "capital_social": "50000.00", "extra": {}, "billing": {"free": false, "database": true}}