{"atividade_principal": [{"text": "Com\u00e9rcio atacadista de m\u00e1quinas, aparelhos e equipamentos para uso odonto-m\u00e9dico-hospitalar; partes e pe\u00e7as", "code": "46.64-8-00"}], "data_situacao": "30/06/2009", "nome": "TATA COMERCIO DE EQUIPAMENTOS PARA SAUDE, ODONTO-MEDICO LTDA.", "uf": "PR", "telefone": "(41) 3225-5618", "atividades_secundarias": [{"text": "Com\u00e9rcio atacadista de instrumentos e materiais para uso m\u00e9dico, cir\u00fargico, hospitalar e de laborat\u00f3rios", "code": "46.45-1-01"}, {"text": "Com\u00e9rcio atacadista de produtos odontol\u00f3gicos", "code": "46.45-1-03"}, {"text": "Com\u00e9rcio atacadista especializado em outros produtos intermedi\u00e1rios n\u00e3o especificados anteriormente", "code": "46.89-3-99"}], "qsa": [{"qual": "49-S\u00f3cio-Administrador", "nome": "JUANA SARA STANGER GANZ DE JITOMIRSKI"}, {"qual": "49-S\u00f3cio-Administrador", "nome": "JOSE AKER"}], "situacao": "ATIVA", "bairro": "SAO FRANCISCO", "logradouro": "R ALMIRANTE BARROSO", "numero": "78", "cep": "80.510-240", "municipio": "CURITIBA", "porte": "MICRO EMPRESA", "abertura": "30/06/2009", "natureza_juridica": "206-2 - Sociedade Empres\u00e1ria Limitada", "cnpj": "11.088.993/0001-11", "ultima_atualizacao": "2020-02-07T11:37:54.006Z", "status": "OK", "tipo": "MATRIZ", "fantasia": "", "complemento": "", "email": "", "efr": "", "motivo_situacao": "", "situacao_especial": "", "data_situacao_especial": "", "capital_social": "108000.00", "extra": {}, "billing": {"free": false, "database": true}}