{"atividade_principal": [{"text": "Com\u00e9rcio varejista de vidros", "code": "47.43-1-00"}], "data_situacao": "30/06/2009", "nome": "L ALVES VIDRACARIA LTDA", "uf": "RJ", "telefone": "(22) 2772-2223", "atividades_secundarias": [{"text": "Repara\u00e7\u00e3o de artigos do mobili\u00e1rio", "code": "95.29-1-05"}], "qsa": [{"qual": "49-S\u00f3cio-Administrador", "nome": "LUIZ ANTONIO ALVES RAMOS"}, {"qual": "22-S\u00f3cio", "nome": "ADILSON FARIAS DA SILVA RAMOS"}], "situacao": "ATIVA", "bairro": "NOVO BOTAFOGO", "logradouro": "AV GASTAO HENRIQUE SCHUELER", "numero": "329", "cep": "27.940-190", "municipio": "MACAE", "porte": "MICRO EMPRESA", "abertura": "30/06/2009", "natureza_juridica": "206-2 - Sociedade Empres\u00e1ria Limitada", "fantasia": "L ALVES VIDRACARIA", "cnpj": "11.114.848/0001-68", "ultima_atualizacao": "2020-02-07T23:38:24.307Z", "status": "OK", "tipo": "MATRIZ", "complemento": "", "email": "", "efr": "", "motivo_situacao": "", "situacao_especial": "", "data_situacao_especial": "", "capital_social": "10000.00", "extra": {}, "billing": {"free": false, "database": true}}