{"atividade_principal": [{"text": "Edi\u00e7\u00e3o integrada \u00e0 impress\u00e3o de cadastros, listas e de outros produtos gr\u00e1ficos", "code": "58.29-8-00"}], "data_situacao": "17/08/2009", "nome": "NOVA GRAFICA - EIRELI", "uf": "ES", "telefone": "(27) 3062-5922", "email": "jccontab2@hotmail.com", "atividades_secundarias": [{"text": "Servi\u00e7os de pr\u00e9-impress\u00e3o", "code": "18.21-1-00"}, {"text": "Servi\u00e7os de acabamentos gr\u00e1ficos, exceto encaderna\u00e7\u00e3o e plastifica\u00e7\u00e3o", "code": "18.22-9-99"}, {"text": "Impress\u00e3o de material para uso publicit\u00e1rio", "code": "18.13-0-01"}, {"text": "Impress\u00e3o de material para outros usos", "code": "18.13-0-99"}, {"text": "Impress\u00e3o de livros, revistas e outras publica\u00e7\u00f5es peri\u00f3dicas", "code": "18.11-3-02"}, {"text": "Fabrica\u00e7\u00e3o de produtos de papel, cartolina, papel cart\u00e3o e papel\u00e3o ondulado para uso comercial e de escrit\u00f3rio, exceto formul\u00e1rio cont\u00ednuo", "code": "17.41-9-02"}, {"text": "Impress\u00e3o de material de seguran\u00e7a", "code": "18.12-1-00"}, {"text": "Edi\u00e7\u00e3o de cadastros, listas e de outros produtos gr\u00e1ficos", "code": "58.19-1-00"}, {"text": "Impress\u00e3o de jornais", "code": "18.11-3-01"}], "qsa": [{"qual": "65-Titular Pessoa F\u00edsica Residente ou Domiciliado no Brasil", "nome": "HERMINIO BORGES"}], "situacao": "ATIVA", "bairro": "CRISTOVAO COLOMBO", "logradouro": "R ABIZEIRO", "numero": "418", "cep": "29.106-620", "municipio": "VILA VELHA", "porte": "MICRO EMPRESA", "abertura": "17/08/2009", "natureza_juridica": "230-5 - Empresa Individual de Responsabilidade Limitada (de Natureza Empres\u00e1ria)", "cnpj": "11.111.833/0001-46", "ultima_atualizacao": "2020-02-07T23:00:31.285Z", "status": "OK", "tipo": "MATRIZ", "fantasia": "", "complemento": "", "efr": "", "motivo_situacao": "", "situacao_especial": "", "data_situacao_especial": "", "capital_social": "879261.00", "extra": {}, "billing": {"free": false, "database": true}}