{"atividade_principal": [{"text": "Imuniza\u00e7\u00e3o e controle de pragas urbanas", "code": "81.22-2-00"}], "data_situacao": "25/09/2009", "complemento": "LOJA 01", "nome": "SANIT ALL SERVICOS E COMERCIO LTDA", "uf": "RJ", "telefone": "(21) 3693-2989", "atividades_secundarias": [{"text": "Atividades de limpeza n\u00e3o especificadas anteriormente", "code": "81.29-0-00"}, {"text": "Atividades paisag\u00edsticas", "code": "81.30-3-00"}, {"text": "Atividades relacionadas a esgoto, exceto a gest\u00e3o de redes", "code": "37.02-9-00"}, {"text": "Com\u00e9rcio varejista de artigos de papelaria", "code": "47.61-0-03"}, {"text": "Com\u00e9rcio varejista de artigos do vestu\u00e1rio e acess\u00f3rios", "code": "47.81-4-00"}, {"text": "Com\u00e9rcio varejista de outros produtos n\u00e3o especificados anteriormente", "code": "47.89-0-99"}, {"text": "Com\u00e9rcio varejista de plantas e flores naturais", "code": "47.89-0-02"}, {"text": "Com\u00e9rcio varejista de produtos saneantes domissanit\u00e1rios", "code": "47.89-0-05"}, {"text": "Manuten\u00e7\u00e3o e repara\u00e7\u00e3o de m\u00e1quinas e equipamentos para uso geral n\u00e3o especificados anteriormente", "code": "33.14-7-10"}], "qsa": [{"qual": "49-S\u00f3cio-Administrador", "nome": "JOAQUIM DE OLIVEIRA NEVES"}, {"qual": "22-S\u00f3cio", "nome": "VALDIVIA DE OLIVEIRA NEVES"}], "situacao": "ATIVA", "bairro": "SABUGO", "logradouro": "EST MANOEL ALVES", "numero": "249", "cep": "26.600-000", "municipio": "PARACAMBI", "porte": "EMPRESA DE PEQUENO PORTE", "abertura": "25/09/2009", "natureza_juridica": "206-2 - Sociedade Empres\u00e1ria Limitada", "fantasia": "SANIT ALL", "cnpj": "11.174.805/0001-78", "ultima_atualizacao": "2020-02-08T00:40:45.084Z", "status": "OK", "tipo": "MATRIZ", "email": "", "efr": "", "motivo_situacao": "", "situacao_especial": "", "data_situacao_especial": "", "capital_social": "90000.00", "extra": {}, "billing": {"free": false, "database": true}}