{"atividade_principal": [{"text": "Aluguel de palcos, coberturas e outras estruturas de uso tempor\u00e1rio, exceto andaimes", "code": "77.39-0-03"}], "data_situacao": "13/10/2009", "complemento": "LOJA", "nome": "CARMELO COMERCIO E SERVICOS LTDA", "uf": "RJ", "telefone": "(22) 2768-2157", "atividades_secundarias": [{"text": "Agenciamento de espa\u00e7os para publicidade, exceto em ve\u00edculos de comunica\u00e7\u00e3o", "code": "73.12-2-00"}, {"text": "Aluguel de andaimes", "code": "77.32-2-02"}, {"text": "Aluguel de outras m\u00e1quinas e equipamentos comerciais e industriais n\u00e3o especificados anteriormente, sem operador", "code": "77.39-0-99"}, {"text": "Atividades de sonoriza\u00e7\u00e3o e de ilumina\u00e7\u00e3o", "code": "90.01-9-06"}, {"text": "Comercio varejista de artigos de cama, mesa e banho", "code": "47.55-5-03"}, {"text": "Com\u00e9rcio varejista de artigos de papelaria", "code": "47.61-0-03"}, {"text": "Com\u00e9rcio varejista de artigos do vestu\u00e1rio e acess\u00f3rios", "code": "47.81-4-00"}, {"text": "Com\u00e9rcio varejista de artigos esportivos", "code": "47.63-6-02"}, {"text": "Com\u00e9rcio varejista de outros produtos n\u00e3o especificados anteriormente", "code": "47.89-0-99"}, {"text": "Ensino de idiomas", "code": "85.93-7-00"}, {"text": "Filmagem de festas e eventos", "code": "74.20-0-04"}, {"text": "Impress\u00e3o de material para uso publicit\u00e1rio", "code": "18.13-0-01"}, {"text": "Repara\u00e7\u00e3o e manuten\u00e7\u00e3o de equipamentos de comunica\u00e7\u00e3o", "code": "95.12-6-00"}, {"text": "Servi\u00e7os de organiza\u00e7\u00e3o de feiras, congressos, exposi\u00e7\u00f5es e festas", "code": "82.30-0-01"}], "qsa": [{"qual": "49-S\u00f3cio-Administrador", "nome": "ANTONIO MARCOS DE SOUZA"}, {"qual": "22-S\u00f3cio", "nome": "RAFAELA GONCALVES NOGUEIRA DA SILVA DE SOUZA"}], "situacao": "ATIVA", "bairro": "CAXIAS", "logradouro": "R AUGUSTO DE CARVALHO", "numero": "25", "cep": "28.735-000", "municipio": "QUISSAMA", "porte": "MICRO EMPRESA", "abertura": "13/10/2009", "natureza_juridica": "206-2 - Sociedade Empres\u00e1ria Limitada", "fantasia": "CARMELO PRODUCOES", "cnpj": "11.219.742/0001-29", "ultima_atualizacao": "2020-02-08T00:27:34.548Z", "status": "OK", "tipo": "MATRIZ", "email": "", "efr": "", "motivo_situacao": "", "situacao_especial": "", "data_situacao_especial": "", "capital_social": "200000.00", "extra": {}, "billing": {"free": false, "database": true}}