{"atividade_principal": [{"text": "Com\u00e9rcio atacadista de medicamentos e drogas de uso humano", "code": "46.44-3-01"}], "data_situacao": "15/10/2009", "complemento": "LOTE 01 PAL 28440", "nome": "TORRES VALPORTO COMERCIO E DISTRIBUICAO DE PRODUTOS MEDICOS LTDA", "uf": "RJ", "telefone": "(21) 3107-1405", "email": "arthurrollim@bol.com.br", "atividades_secundarias": [{"text": "Com\u00e9rcio atacadista de instrumentos e materiais para uso m\u00e9dico, cir\u00fargico, hospitalar e de laborat\u00f3rios", "code": "46.45-1-01"}, {"text": "Com\u00e9rcio atacadista de pr\u00f3teses e artigos de ortopedia", "code": "46.45-1-02"}, {"text": "Com\u00e9rcio atacadista de produtos odontol\u00f3gicos", "code": "46.45-1-03"}, {"text": "Com\u00e9rcio atacadista de cosm\u00e9ticos e produtos de perfumaria", "code": "46.46-0-01"}, {"text": "Com\u00e9rcio atacadista de produtos de higiene pessoal", "code": "46.46-0-02"}, {"text": "Com\u00e9rcio atacadista de produtos de higiene, limpeza e conserva\u00e7\u00e3o domiciliar, com atividade de fracionamento e acondicionamento associada", "code": "46.49-4-09"}, {"text": "Com\u00e9rcio atacadista de embalagens", "code": "46.86-9-02"}], "qsa": [{"qual": "49-S\u00f3cio-Administrador", "nome": "RENATO LUIS DE TORRES"}, {"qual": "22-S\u00f3cio", "nome": "ANA PAULA DE TORRES"}], "situacao": "ATIVA", "bairro": "MARECHAL HERMES", "logradouro": "R AURELIO VALPORTO", "numero": "231", "cep": "21.555-560", "municipio": "RIO DE JANEIRO", "porte": "DEMAIS", "abertura": "15/10/2009", "natureza_juridica": "206-2 - Sociedade Empres\u00e1ria Limitada", "cnpj": "11.226.885/0001-68", "ultima_atualizacao": "2020-02-07T23:43:39.801Z", "status": "OK", "tipo": "MATRIZ", "fantasia": "", "efr": "", "motivo_situacao": "", "situacao_especial": "", "data_situacao_especial": "", "capital_social": "1500000.00", "extra": {}, "billing": {"free": false, "database": true}}