{"atividade_principal": [{"text": "Atividades de apoio \u00e0 gest\u00e3o de sa\u00fade", "code": "86.60-7-00"}], "data_situacao": "26/12/1991", "nome": "FUNDO MUNICIPAL DE SAUDE", "efr": "MUNIC\u00cdPIO DE MACAE", "uf": "RJ", "telefone": "(22) 2791-2417", "email": "elainesan@ibest.com.br", "situacao": "ATIVA", "bairro": "VISCONDE DE ARAUJO", "logradouro": "R DARCILIO POSSATI", "numero": "134", "cep": "27.943-110", "municipio": "MACAE", "porte": "DEMAIS", "abertura": "26/12/1991", "natureza_juridica": "133-3 - Fundo P\u00fablico da Administra\u00e7\u00e3o Direta Municipal", "fantasia": "FUNDO MUNICIPAL DE SAUDE DE MACAE", "cnpj": "11.308.894/0001-06", "ultima_atualizacao": "2020-02-08T05:03:04.995Z", "status": "OK", "tipo": "MATRIZ", "complemento": "", "motivo_situacao": "", "situacao_especial": "", "data_situacao_especial": "", "atividades_secundarias": [{"code": "00.00-0-00", "text": "N\u00e3o informada"}], "capital_social": "0.00", "qsa": [], "extra": {}, "billing": {"free": false, "database": false}}