{"atividade_principal": [{"text": "Atividades de produ\u00e7\u00e3o cinematogr\u00e1fica, de v\u00eddeos e de programas de televis\u00e3o n\u00e3o especificadas anteriormente", "code": "59.11-1-99"}], "data_situacao": "06/11/2009", "complemento": "APT 102", "nome": "ARTE, VIDEO E REALIZACOES EIRELI", "uf": "RJ", "telefone": "(22) 2733-3600", "atividades_secundarias": [{"text": "Produ\u00e7\u00e3o de filmes para publicidade", "code": "59.11-1-02"}, {"text": "Servi\u00e7os de organiza\u00e7\u00e3o de feiras, congressos, exposi\u00e7\u00f5es e festas", "code": "82.30-0-01"}, {"text": "Edi\u00e7\u00e3o de revistas", "code": "58.13-1-00"}, {"text": "Edi\u00e7\u00e3o integrada \u00e0 impress\u00e3o de jornais di\u00e1rios", "code": "58.22-1-01"}, {"text": "Edi\u00e7\u00e3o integrada \u00e0 impress\u00e3o de revistas", "code": "58.23-9-00"}], "qsa": [{"qual": "65-Titular Pessoa F\u00edsica Residente ou Domiciliado no Brasil", "nome": "ANA CAROLINA VASCONCELLOS MESQUITA"}], "situacao": "ATIVA", "bairro": "CENTRO", "logradouro": "R MARECHAL DEODORO", "numero": "31", "cep": "27.910-310", "municipio": "MACAE", "porte": "EMPRESA DE PEQUENO PORTE", "abertura": "06/11/2009", "natureza_juridica": "230-5 - Empresa Individual de Responsabilidade Limitada (de Natureza Empres\u00e1ria)", "fantasia": "8 CULT", "cnpj": "11.357.255/0001-22", "ultima_atualizacao": "2020-02-07T23:11:35.496Z", "status": "OK", "tipo": "MATRIZ", "email": "", "efr": "", "motivo_situacao": "", "situacao_especial": "", "data_situacao_especial": "", "capital_social": "90000.00", "extra": {}, "billing": {"free": false, "database": true}}