{"atividade_principal": [{"text": "Com\u00e9rcio varejista de g\u00e1s liq\u00fcefeito de petr\u00f3leo (GLP)", "code": "47.84-9-00"}], "data_situacao": "16/11/2009", "complemento": "LOTE 01-B QUADRAL", "nome": "SILVA JARDIM COMERCIO DE GAS EIRELI", "uf": "RJ", "telefone": "(22) 2778-1056", "qsa": [{"qual": "65-Titular Pessoa F\u00edsica Residente ou Domiciliado no Brasil", "nome": "ELIZABETH FARIAS RODRIGUES DOS SANTOS"}], "situacao": "ATIVA", "bairro": "REGINOPOLIS", "logradouro": "AV SILVA JARDIM", "numero": "S/N", "cep": "28.820-000", "municipio": "SILVA JARDIM", "porte": "EMPRESA DE PEQUENO PORTE", "abertura": "16/11/2009", "natureza_juridica": "230-5 - Empresa Individual de Responsabilidade Limitada (de Natureza Empres\u00e1ria)", "cnpj": "11.372.412/0001-79", "ultima_atualizacao": "2020-02-08T04:59:22.366Z", "status": "OK", "tipo": "MATRIZ", "fantasia": "", "email": "", "efr": "", "motivo_situacao": "", "situacao_especial": "", "data_situacao_especial": "", "atividades_secundarias": [{"code": "00.00-0-00", "text": "N\u00e3o informada"}], "capital_social": "150000.00", "extra": {}, "billing": {"free": false, "database": false}}