{"data_situacao": "28/11/2018", "motivo_situacao": "OMISSAO DE DECLARACOES", "nome": "MOTTA MULTISERVICES LTDA", "telefone": "(22) 2796-4801", "email": "contadorfrancisco@bol.com.br", "qsa": [{"qual": "49-S\u00f3cio-Administrador", "nome": "ANDRE LUIZ RAMOS MOTTA"}, {"qual": "49-S\u00f3cio-Administrador", "nome": "SELMA DE MACEDO TARQUETA"}], "situacao": "INAPTA", "porte": "MICRO EMPRESA", "abertura": "03/02/2010", "natureza_juridica": "206-2 - Sociedade Empres\u00e1ria Limitada", "fantasia": "KMR", "cnpj": "11.509.350/0001-02", "ultima_atualizacao": "2020-02-08T04:50:22.501Z", "status": "OK", "tipo": "MATRIZ", "logradouro": "", "numero": "", "complemento": "", "cep": "", "bairro": "", "municipio": "", "uf": "", "efr": "", "situacao_especial": "", "data_situacao_especial": "", "atividade_principal": [{"code": "00.00-0-00", "text": "********"}], "atividades_secundarias": [{"code": "00.00-0-00", "text": "N\u00e3o informada"}], "capital_social": "1000000.00", "extra": {}, "billing": {"free": false, "database": false}}