{"atividade_principal": [{"text": "Outras atividades de presta\u00e7\u00e3o de servi\u00e7os de informa\u00e7\u00e3o n\u00e3o especificadas anteriormente", "code": "63.99-2-00"}], "data_situacao": "09/02/2010", "complemento": "BLOCO 03;APT 303", "nome": "SANADEIQUE PEREIRA DA SILVA 05445810755", "uf": "RJ", "telefone": "(21) 3903-7602", "email": "sanadeique@gmail.com", "atividades_secundarias": [{"text": "Edi\u00e7\u00e3o de cadastros, listas e de outros produtos gr\u00e1ficos", "code": "58.19-1-00"}, {"text": "Com\u00e9rcio varejista especializado de equipamentos e suprimentos de inform\u00e1tica", "code": "47.51-2-01"}], "qsa": [], "situacao": "ATIVA", "bairro": "INHOAIBA", "logradouro": "R MORANGA", "numero": "155", "cep": "23.059-150", "municipio": "RIO DE JANEIRO", "porte": "MICRO EMPRESA", "abertura": "09/02/2010", "natureza_juridica": "213-5 - Empres\u00e1rio (Individual)", "fantasia": "RECORTES RIO - PUBLICACOES DE DIARIOS OFICIAIS", "cnpj": "11.522.903/0001-59", "ultima_atualizacao": "2020-02-08T04:32:32.279Z", "status": "OK", "tipo": "MATRIZ", "efr": "", "motivo_situacao": "", "situacao_especial": "", "data_situacao_especial": "", "capital_social": "20000.00", "extra": {}, "billing": {"free": false, "database": false}}