{"atividade_principal": [{"text": "Repara\u00e7\u00e3o e manuten\u00e7\u00e3o de computadores e de equipamentos perif\u00e9ricos", "code": "95.11-8-00"}], "data_situacao": "08/02/2010", "nome": "BOT RECUPERACAO DE DADOS LTDA", "uf": "MG", "telefone": "(31) 3271-1704", "email": "marcelo@grupocontroller.com.br", "qsa": [{"qual": "49-S\u00f3cio-Administrador", "nome": "PAULO ALBERTO FUX BRAGA"}, {"qual": "49-S\u00f3cio-Administrador", "nome": "FILIPE LUIZ NAZARETH BRAGA"}], "situacao": "ATIVA", "bairro": "OURO PRETO", "logradouro": "R MARIA FRANCISCA GOMES", "numero": "15", "cep": "31.340-025", "municipio": "BELO HORIZONTE", "porte": "MICRO EMPRESA", "abertura": "08/02/2010", "natureza_juridica": "206-2 - Sociedade Empres\u00e1ria Limitada", "fantasia": "BOT TECNOLOGIA", "cnpj": "11.535.082/0001-95", "ultima_atualizacao": "2020-02-08T04:44:42.462Z", "status": "OK", "tipo": "MATRIZ", "complemento": "", "efr": "", "motivo_situacao": "", "situacao_especial": "", "data_situacao_especial": "", "atividades_secundarias": [{"code": "00.00-0-00", "text": "N\u00e3o informada"}], "capital_social": "88000.00", "extra": {}, "billing": {"free": false, "database": false}}