{"atividade_principal": [{"text": "Administra\u00e7\u00e3o p\u00fablica em geral", "code": "84.11-6-00"}], "data_situacao": "29/12/2009", "nome": "FUNDO MUNICIPAL DE TRANSPORTE E TRANSITO", "efr": "MUNIC\u00cdPIO DE MACAE", "uf": "RJ", "telefone": "(22) 2796-1626/ (22) 3717-0881", "situacao": "ATIVA", "bairro": "CENTRO", "logradouro": "R EUZEBIO DE QUEIROZ", "numero": "678", "cep": "27.910-230", "municipio": "MACAE", "porte": "DEMAIS", "abertura": "29/12/2009", "natureza_juridica": "133-3 - Fundo P\u00fablico da Administra\u00e7\u00e3o Direta Municipal", "fantasia": "FMTT", "cnpj": "11.578.882/0001-93", "ultima_atualizacao": "2020-02-08T04:34:32.148Z", "status": "OK", "tipo": "MATRIZ", "complemento": "", "email": "", "motivo_situacao": "", "situacao_especial": "", "data_situacao_especial": "", "atividades_secundarias": [{"code": "00.00-0-00", "text": "N\u00e3o informada"}], "capital_social": "0.00", "qsa": [], "extra": {}, "billing": {"free": false, "database": false}}