{"atividade_principal": [{"text": "Com\u00e9rcio atacadista de instrumentos e materiais para uso m\u00e9dico, cir\u00fargico, hospitalar e de laborat\u00f3rios", "code": "46.45-1-01"}], "data_situacao": "11/02/2010", "complemento": "LOJ 125 LOJ 119", "nome": "MAXCARE INSTRUMENTAL HOSPITALAR EIRELI", "uf": "RJ", "telefone": "(21) 2499-4016", "email": "ebgalvao@uol.com.br", "atividades_secundarias": [{"text": "Manuten\u00e7\u00e3o e repara\u00e7\u00e3o de equipamentos e produtos n\u00e3o especificados anteriormente", "code": "33.19-8-00"}, {"text": "Representantes comerciais e agentes do com\u00e9rcio de mercadorias em geral n\u00e3o especializado", "code": "46.19-2-00"}, {"text": "Transporte rodovi\u00e1rio de produtos perigosos", "code": "49.30-2-03"}, {"text": "Atividades de consultoria em gest\u00e3o empresarial, exceto consultoria t\u00e9cnica espec\u00edfica", "code": "70.20-4-00"}, {"text": "Aluguel de equipamentos cient\u00edficos, m\u00e9dicos e hospitalares, sem operador", "code": "77.39-0-02"}], "qsa": [{"qual": "65-Titular Pessoa F\u00edsica Residente ou Domiciliado no Brasil", "nome": "EDUARDO BEYRUTI GALVAO"}], "situacao": "ATIVA", "bairro": "BARRA DA TIJUCA", "logradouro": "AV JORNALISTA RICARDO MARINHO", "numero": "00360", "cep": "22.631-350", "municipio": "RIO DE JANEIRO", "porte": "DEMAIS", "abertura": "11/02/2010", "natureza_juridica": "230-5 - Empresa Individual de Responsabilidade Limitada (de Natureza Empres\u00e1ria)", "cnpj": "11.609.473/0001-07", "ultima_atualizacao": "2020-02-08T04:18:51.716Z", "status": "OK", "tipo": "MATRIZ", "fantasia": "", "efr": "", "motivo_situacao": "", "situacao_especial": "", "data_situacao_especial": "", "capital_social": "1000000.00", "extra": {}, "billing": {"free": false, "database": false}}