{"atividade_principal": [{"text": "Toalheiros", "code": "96.01-7-03"}], "data_situacao": "03/03/2010", "complemento": "PARTE", "nome": "MAX CLEAN LAVANDERIA INDUSTRIAL E COMERCIAL EIRELI", "uf": "RJ", "telefone": "(21) 9965-8886", "email": "francontab@gmail.com", "atividades_secundarias": [{"text": "Loca\u00e7\u00e3o de m\u00e3o-de-obra tempor\u00e1ria", "code": "78.20-5-00"}, {"text": "Lavanderias", "code": "96.01-7-01"}], "qsa": [{"qual": "65-Titular Pessoa F\u00edsica Residente ou Domiciliado no Brasil", "nome": "ALICE MARIA RAMOS FREITAS"}], "situacao": "ATIVA", "bairro": "PACHECO", "logradouro": "EST DOS PACHECOS", "numero": "821", "cep": "24.732-570", "municipio": "SAO GONCALO", "porte": "DEMAIS", "abertura": "03/03/2010", "natureza_juridica": "230-5 - Empresa Individual de Responsabilidade Limitada (de Natureza Empres\u00e1ria)", "cnpj": "11.668.311/0001-40", "ultima_atualizacao": "2020-02-07T23:36:01.360Z", "status": "OK", "tipo": "MATRIZ", "fantasia": "", "efr": "", "motivo_situacao": "", "situacao_especial": "", "data_situacao_especial": "", "capital_social": "560000.00", "extra": {}, "billing": {"free": false, "database": true}}