{"atividade_principal": [{"text": "Administra\u00e7\u00e3o de caixas escolares", "code": "85.50-3-01"}], "data_situacao": "19/11/2009", "nome": "CONSELHO ESCOLAR DA ESCOLA MUNICIPAL DE EDUCACAO INFANTIL WANDERLEY QUINTINO TEIXEIRA", "uf": "RJ", "telefone": "(22) 2772-4955/ (22) 9264-5694", "email": "pablo_parga@hotmail.com", "atividades_secundarias": [{"text": "Outras atividades de ensino n\u00e3o especificadas anteriormente", "code": "85.99-6-99"}], "qsa": [{"qual": "16-Presidente", "nome": "LIDIA CATARINA PARETO SIMAO TAVARES"}], "situacao": "ATIVA", "bairro": "MALVINAS", "logradouro": "R DA FELICIDADE", "numero": "S/N", "cep": "27.910-000", "municipio": "MACAE", "porte": "DEMAIS", "abertura": "19/11/2009", "natureza_juridica": "399-9 - Associa\u00e7\u00e3o Privada", "fantasia": "CE EMEIWQT", "cnpj": "11.739.287/0001-92", "ultima_atualizacao": "2020-02-08T00:14:53.038Z", "status": "OK", "tipo": "MATRIZ", "complemento": "", "efr": "", "motivo_situacao": "", "situacao_especial": "", "data_situacao_especial": "", "capital_social": "0.00", "extra": {}, "billing": {"free": false, "database": true}}