{"atividade_principal": [{"text": "Administra\u00e7\u00e3o de caixas escolares", "code": "85.50-3-01"}], "data_situacao": "16/03/2010", "nome": "CONSELHO ESCOLAR DA ESCOLA MUNICIPAL DE EDUCACAO INFANTIL MAI CARMEN DE JESUS FRANCA", "uf": "RJ", "telefone": "(22) 9206-1930", "email": "emeimaicarmenjfranca@hotmail.com", "atividades_secundarias": [{"text": "Outras atividades de ensino n\u00e3o especificadas anteriormente", "code": "85.99-6-99"}], "qsa": [{"qual": "16-Presidente", "nome": "LIZ MARIA DE OLIVEIRA RAMALHO"}], "situacao": "ATIVA", "bairro": "PRAIA CAMPISTA", "logradouro": "AV NOSSA SENHORA DA GLORIA", "numero": "745", "cep": "27.923-215", "municipio": "MACAE", "porte": "DEMAIS", "abertura": "16/03/2010", "natureza_juridica": "399-9 - Associa\u00e7\u00e3o Privada", "fantasia": "CE EMEIMCJF", "cnpj": "11.763.245/0001-97", "ultima_atualizacao": "2020-02-08T01:10:54.292Z", "status": "OK", "tipo": "MATRIZ", "complemento": "", "efr": "", "motivo_situacao": "", "situacao_especial": "", "data_situacao_especial": "", "capital_social": "0.00", "extra": {}, "billing": {"free": false, "database": true}}