{"atividade_principal": [{"text": "Com\u00e9rcio varejista de mercadorias em geral, com predomin\u00e2ncia de produtos aliment\u00edcios - minimercados, mercearias e armaz\u00e9ns", "code": "47.12-1-00"}], "data_situacao": "09/11/2009", "complemento": "ALTOS", "nome": "V. L. EMPREENDIMENTOS COMERCIAIS LTDA", "uf": "RJ", "telefone": "(22) 2726-7474", "atividades_secundarias": [{"text": "Com\u00e9rcio varejista de artigos m\u00e9dicos e ortop\u00e9dicos", "code": "47.73-3-00"}, {"text": "Com\u00e9rcio atacadista de instrumentos e materiais para uso m\u00e9dico, cir\u00fargico, hospitalar e de laborat\u00f3rios", "code": "46.45-1-01"}, {"text": "Com\u00e9rcio varejista de artigos de papelaria", "code": "47.61-0-03"}, {"text": "Com\u00e9rcio varejista de m\u00f3veis", "code": "47.54-7-01"}, {"text": "Com\u00e9rcio varejista especializado de eletrodom\u00e9sticos e equipamentos de \u00e1udio e v\u00eddeo", "code": "47.53-9-00"}, {"text": "Com\u00e9rcio varejista especializado de equipamentos e suprimentos de inform\u00e1tica", "code": "47.51-2-01"}], "qsa": [{"qual": "49-S\u00f3cio-Administrador", "nome": "VINICIUS PEREIRA"}, {"qual": "22-S\u00f3cio", "nome": "LEANDRO PEREIRA"}], "situacao": "ATIVA", "bairro": "CENTRO", "logradouro": "R TREZE DE MAIO", "numero": "227", "cep": "28.010-260", "municipio": "CAMPOS DOS GOYTACAZES", "porte": "EMPRESA DE PEQUENO PORTE", "abertura": "09/11/2009", "natureza_juridica": "206-2 - Sociedade Empres\u00e1ria Limitada", "cnpj": "11.788.540/0001-06", "ultima_atualizacao": "2020-02-07T23:46:17.260Z", "status": "OK", "tipo": "MATRIZ", "fantasia": "", "email": "", "efr": "", "motivo_situacao": "", "situacao_especial": "", "data_situacao_especial": "", "capital_social": "1500000.00", "extra": {}, "billing": {"free": false, "database": true}}