{"atividade_principal": [{"text": "Desenvolvimento e licenciamento de programas de computador n\u00e3o-customiz\u00e1veis", "code": "62.03-1-00"}], "data_situacao": "15/04/2010", "complemento": "SAL 2001", "nome": "ATMA SUPORTE TECNICO, MANUTENCAO E OUTROS SERVICOS EM TECNOLOGIA DA INFORMACAO LTDA", "uf": "RJ", "telefone": "(21) 2109-1982", "email": "sandro.gatto@hotmail.com", "atividades_secundarias": [{"text": "Com\u00e9rcio atacadista de suprimentos para inform\u00e1tica", "code": "46.51-6-02"}, {"text": "Consultoria em tecnologia da informa\u00e7\u00e3o", "code": "62.04-0-00"}, {"text": "Tratamento de dados, provedores de servi\u00e7os de aplica\u00e7\u00e3o e servi\u00e7os de hospedagem na internet", "code": "63.11-9-00"}, {"text": "Aluguel de m\u00e1quinas e equipamentos para escrit\u00f3rios", "code": "77.33-1-00"}, {"text": "Atividades de cobran\u00e7as e informa\u00e7\u00f5es cadastrais", "code": "82.91-1-00"}, {"text": "Treinamento em desenvolvimento profissional e gerencial", "code": "85.99-6-04"}], "qsa": [{"qual": "49-S\u00f3cio-Administrador", "nome": "SANDRO GATTO"}, {"qual": "49-S\u00f3cio-Administrador", "nome": "JULIANA MEDEIROS DE NOBREGA"}], "situacao": "ATIVA", "bairro": "CENTRO", "logradouro": "AV RIO BRANCO", "numero": "00001", "cep": "20.090-907", "municipio": "RIO DE JANEIRO", "porte": "DEMAIS", "abertura": "15/04/2010", "natureza_juridica": "206-2 - Sociedade Empres\u00e1ria Limitada", "fantasia": "ATMA", "cnpj": "11.819.838/0001-28", "ultima_atualizacao": "2020-02-08T04:06:20.531Z", "status": "OK", "tipo": "MATRIZ", "efr": "", "motivo_situacao": "", "situacao_especial": "", "data_situacao_especial": "", "capital_social": "500000.00", "extra": {}, "billing": {"free": false, "database": false}}