{"atividade_principal": [{"text": "Com\u00e9rcio atacadista de produtos odontol\u00f3gicos", "code": "46.45-1-03"}], "data_situacao": "15/04/2010", "complemento": "SALA 307", "nome": "ANSER-BR COMERCIO DE PRODUTOS PARA SAUDE LTDA", "uf": "SC", "telefone": "(51) 3029-5367", "atividades_secundarias": [{"text": "Com\u00e9rcio atacadista de instrumentos e materiais para uso m\u00e9dico, cir\u00fargico, hospitalar e de laborat\u00f3rios", "code": "46.45-1-01"}, {"text": "Com\u00e9rcio atacadista de m\u00e1quinas, aparelhos e equipamentos para uso odonto-m\u00e9dico-hospitalar; partes e pe\u00e7as", "code": "46.64-8-00"}, {"text": "Com\u00e9rcio varejista de outros produtos n\u00e3o especificados anteriormente", "code": "47.89-0-99"}, {"text": "Com\u00e9rcio varejista de artigos m\u00e9dicos e ortop\u00e9dicos", "code": "47.73-3-00"}, {"text": "Aluguel de equipamentos cient\u00edficos, m\u00e9dicos e hospitalares, sem operador", "code": "77.39-0-02"}, {"text": "Manuten\u00e7\u00e3o e repara\u00e7\u00e3o de equipamentos e produtos n\u00e3o especificados anteriormente", "code": "33.19-8-00"}, {"text": "Transporte rodovi\u00e1rio de carga, exceto produtos perigosos e mudan\u00e7as, intermunicipal, interestadual e internacional", "code": "49.30-2-02"}, {"text": "Transporte rodovi\u00e1rio de carga, exceto produtos perigosos e mudan\u00e7as, municipal", "code": "49.30-2-01"}], "qsa": [{"qual": "22-S\u00f3cio", "nome": "GEORGIANNA LICHT ORLANDI GUGLIERI"}, {"qual": "49-S\u00f3cio-Administrador", "nome": "ANDERSON GUGLIERI"}], "situacao": "ATIVA", "bairro": "CENTRO", "logradouro": "AV CORONEL MARCOS KONDER", "numero": "805", "cep": "88.301-303", "municipio": "ITAJAI", "porte": "MICRO EMPRESA", "abertura": "15/04/2010", "natureza_juridica": "206-2 - Sociedade Empres\u00e1ria Limitada", "fantasia": "ANSER-BR", "cnpj": "11.825.879/0001-27", "ultima_atualizacao": "2020-02-08T04:23:29.709Z", "status": "OK", "tipo": "MATRIZ", "email": "", "efr": "", "motivo_situacao": "", "situacao_especial": "", "data_situacao_especial": "", "capital_social": "100000.00", "extra": {}, "billing": {"free": false, "database": false}}