{"atividade_principal": [{"text": "Administra\u00e7\u00e3o de caixas escolares", "code": "85.50-3-01"}], "data_situacao": "29/04/2010", "complemento": "CASA ESCOLA", "nome": "CONSELHO ESCOLAR DA ESCOLA MUNICIPAL DE EDUCACAO INFANTIL PROFESSORA NEIVA MARIANO DOS SANTOS", "uf": "RJ", "telefone": "(22) 3084-5532/ (22) 9264-5694", "email": "pablo_parga@hotmail.com", "atividades_secundarias": [{"text": "Outras atividades de ensino n\u00e3o especificadas anteriormente", "code": "85.99-6-99"}], "qsa": [{"qual": "16-Presidente", "nome": "CRISTIANE SILVA DE SOUZA"}], "situacao": "ATIVA", "bairro": "VISCONDE DE ARAUJO", "logradouro": "R LEOPOLDINA ARAUJO", "numero": "693", "cep": "27.943-631", "municipio": "MACAE", "porte": "DEMAIS", "abertura": "29/04/2010", "natureza_juridica": "399-9 - Associa\u00e7\u00e3o Privada", "fantasia": "CE EMEIPNMS", "cnpj": "11.976.378/0001-41", "ultima_atualizacao": "2020-02-07T23:27:44.975Z", "status": "OK", "tipo": "MATRIZ", "efr": "", "motivo_situacao": "", "situacao_especial": "", "data_situacao_especial": "", "capital_social": "0.00", "extra": {}, "billing": {"free": false, "database": true}}