{"atividade_principal": [{"text": "Com\u00e9rcio atacadista de instrumentos e materiais para uso m\u00e9dico, cir\u00fargico, hospitalar e de laborat\u00f3rios", "code": "46.45-1-01"}], "data_situacao": "31/05/2010", "nome": "DIAGNOSTICA BRASIL SOLUCOES EM PRODUTOS MEDICO HOSPITALARES EIRELI", "uf": "RJ", "telefone": "(21) 2604-6909", "atividades_secundarias": [{"text": "Aluguel de equipamentos cient\u00edficos, m\u00e9dicos e hospitalares, sem operador", "code": "77.39-0-02"}, {"text": "Outras atividades de servi\u00e7os prestados principalmente \u00e0s empresas n\u00e3o especificadas anteriormente", "code": "82.99-7-99"}, {"text": "Manuten\u00e7\u00e3o e repara\u00e7\u00e3o de equipamentos e produtos n\u00e3o especificados anteriormente", "code": "33.19-8-00"}], "qsa": [{"qual": "65-Titular Pessoa F\u00edsica Residente ou Domiciliado no Brasil", "nome": "FABIO QUIRINO DA SILVA"}], "situacao": "ATIVA", "bairro": "ZE GAROTO", "logradouro": "R CORONEL SERRADO", "numero": "538", "cep": "24.440-000", "municipio": "SAO GONCALO", "porte": "MICRO EMPRESA", "abertura": "31/05/2010", "natureza_juridica": "230-5 - Empresa Individual de Responsabilidade Limitada (de Natureza Empres\u00e1ria)", "fantasia": "SOLUCAO BRASIL DIAGNOSTICA", "cnpj": "12.019.315/0001-60", "ultima_atualizacao": "2020-02-07T23:21:05.345Z", "status": "OK", "tipo": "MATRIZ", "complemento": "", "email": "", "efr": "", "motivo_situacao": "", "situacao_especial": "", "data_situacao_especial": "", "capital_social": "360000.00", "extra": {}, "billing": {"free": false, "database": true}}