{"atividade_principal": [{"text": "Com\u00e9rcio varejista especializado de equipamentos e suprimentos de inform\u00e1tica", "code": "47.51-2-01"}], "data_situacao": "07/06/2010", "nome": "MARCHIOTI E AQUINO COMERCIO E SERVICOS LTDA", "uf": "RJ", "telefone": "(22) 2778-1283", "atividades_secundarias": [{"text": "Comercio varejista de artigos de armarinho", "code": "47.55-5-02"}, {"text": "Com\u00e9rcio varejista de artigos de papelaria", "code": "47.61-0-03"}, {"text": "Loca\u00e7\u00e3o de autom\u00f3veis sem condutor", "code": "77.11-0-00"}, {"text": "Aluguel de m\u00f3veis, utens\u00edlios e aparelhos de uso dom\u00e9stico e pessoal; instrumentos musicais", "code": "77.29-2-02"}, {"text": "Com\u00e9rcio varejista especializado de eletrodom\u00e9sticos e equipamentos de \u00e1udio e v\u00eddeo", "code": "47.53-9-00"}, {"text": "Com\u00e9rcio varejista de m\u00f3veis", "code": "47.54-7-01"}, {"text": "Comercio varejista de artigos de cama, mesa e banho", "code": "47.55-5-03"}, {"text": "Com\u00e9rcio varejista de artigos esportivos", "code": "47.63-6-02"}, {"text": "Com\u00e9rcio varejista de artigos fotogr\u00e1ficos e para filmagem", "code": "47.89-0-08"}, {"text": "Com\u00e9rcio varejista de medicamentos veterin\u00e1rios", "code": "47.71-7-04"}, {"text": "Com\u00e9rcio varejista de mercadorias em geral, com predomin\u00e2ncia de produtos aliment\u00edcios - supermercados", "code": "47.11-3-02"}, {"text": "Com\u00e9rcio varejista de hortifrutigranjeiros", "code": "47.24-5-00"}, {"text": "Com\u00e9rcio varejista de bebidas", "code": "47.23-7-00"}, {"text": "Com\u00e9rcio varejista de lubrificantes", "code": "47.32-6-00"}, {"text": "Com\u00e9rcio varejista de materiais de constru\u00e7\u00e3o em geral", "code": "47.44-0-99"}, {"text": "Com\u00e9rcio varejista especializado de instrumentos musicais e acess\u00f3rios", "code": "47.56-3-00"}, {"text": "Com\u00e9rcio varejista de artigos do vestu\u00e1rio e acess\u00f3rios", "code": "47.81-4-00"}, {"text": "Repara\u00e7\u00e3o e manuten\u00e7\u00e3o de computadores e de equipamentos perif\u00e9ricos", "code": "95.11-8-00"}, {"text": "Repara\u00e7\u00e3o de artigos do mobili\u00e1rio", "code": "95.29-1-05"}], "qsa": [{"qual": "49-S\u00f3cio-Administrador", "nome": "LUIS AUGUSTO MARCHIOTI DE AQUINO"}, {"qual": "22-S\u00f3cio", "nome": "JACI LAUDELINO DE AQUINO"}], "situacao": "ATIVA", "bairro": "NOVO VISCONDE", "logradouro": "R PREFEITO LOBO JUNIOR", "numero": "911", "cep": "27.936-110", "municipio": "MACAE", "porte": "MICRO EMPRESA", "abertura": "07/06/2010", "natureza_juridica": "206-2 - Sociedade Empres\u00e1ria Limitada", "fantasia": "M A SUPRIMENTOS", "cnpj": "12.045.353/0001-97", "ultima_atualizacao": "2020-02-08T04:32:40.361Z", "status": "OK", "tipo": "MATRIZ", "complemento": "", "email": "", "efr": "", "motivo_situacao": "", "situacao_especial": "", "data_situacao_especial": "", "capital_social": "150000.00", "extra": {}, "billing": {"free": false, "database": false}}