{"atividade_principal": [{"text": "Com\u00e9rcio varejista de equipamentos para escrit\u00f3rio", "code": "47.89-0-07"}], "data_situacao": "11/05/2010", "nome": "ALEXANDRE LUIZ PEREIRA", "uf": "PR", "telefone": "(41) 3527-0793", "email": "riconta@brturbo.com.br", "atividades_secundarias": [{"text": "Com\u00e9rcio varejista de outros artigos de uso pessoal e dom\u00e9stico n\u00e3o especificados anteriormente", "code": "47.59-8-99"}, {"text": "Com\u00e9rcio varejista de artigos de papelaria", "code": "47.61-0-03"}], "qsa": [], "situacao": "ATIVA", "bairro": "VILA GUAIRA", "logradouro": "R BAHIA", "numero": "264", "cep": "80.630-250", "municipio": "CURITIBA", "porte": "MICRO EMPRESA", "abertura": "11/05/2010", "natureza_juridica": "213-5 - Empres\u00e1rio (Individual)", "fantasia": "ENVELOSEG", "cnpj": "12.121.910/0001-01", "ultima_atualizacao": "2020-02-08T03:46:06.850Z", "status": "OK", "tipo": "MATRIZ", "complemento": "", "efr": "", "motivo_situacao": "", "situacao_especial": "", "data_situacao_especial": "", "capital_social": "600000.00", "extra": {}, "billing": {"free": false, "database": false}}