{"atividade_principal": [{"text": "Fotoc\u00f3pias (Dispensada *)", "code": "82.19-9-01"}], "data_situacao": "01/07/2010", "complemento": "LOJA", "nome": "S C AMADO COMERCIO E SERVICOS", "uf": "RJ", "telefone": "(22) 3084-3080", "email": "aerocopiasaoreira@gmail.com", "atividades_secundarias": [{"text": "Servi\u00e7os de encaderna\u00e7\u00e3o e plastifica\u00e7\u00e3o (Dispensada *)", "code": "18.22-9-01"}, {"text": "Servi\u00e7os de acabamentos gr\u00e1ficos, exceto encaderna\u00e7\u00e3o e plastifica\u00e7\u00e3o (Dispensada *)", "code": "18.22-9-99"}, {"text": "Fabrica\u00e7\u00e3o de pain\u00e9is e letreiros luminosos", "code": "32.99-0-04"}, {"text": "Instala\u00e7\u00e3o de pain\u00e9is publicit\u00e1rios", "code": "43.29-1-01"}, {"text": "Com\u00e9rcio atacadista de embalagens (Dispensada *)", "code": "46.86-9-02"}, {"text": "Com\u00e9rcio varejista de doces, balas, bombons e semelhantes", "code": "47.21-1-04"}, {"text": "Com\u00e9rcio varejista de bebidas (Dispensada *)", "code": "47.23-7-00"}, {"text": "Com\u00e9rcio varejista de artigos de papelaria (Dispensada *)", "code": "47.61-0-03"}, {"text": "Com\u00e9rcio varejista de artigos do vestu\u00e1rio e acess\u00f3rios (Dispensada *)", "code": "47.81-4-00"}, {"text": "Promo\u00e7\u00e3o de vendas (Dispensada *)", "code": "73.19-0-02"}, {"text": "Aluguel de m\u00e1quinas e equipamentos para escrit\u00f3rios (Dispensada *)", "code": "77.33-1-00"}, {"text": "Explora\u00e7\u00e3o de jogos eletr\u00f4nicos recreativos (Dispensada *)", "code": "93.29-8-04"}], "qsa": [], "situacao": "ATIVA", "bairro": "PARQUE AEROPORTO", "logradouro": "AV PRESIDENTE TANCREDO DE ALMEIDA NEVES", "numero": "774", "cep": "27.963-620", "municipio": "MACAE", "porte": "MICRO EMPRESA", "abertura": "01/07/2010", "natureza_juridica": "213-5 - Empres\u00e1rio (Individual)", "fantasia": "AEROCOPIAS", "cnpj": "12.150.721/0001-67", "ultima_atualizacao": "2020-02-07T22:24:54.945Z", "status": "OK", "tipo": "MATRIZ", "efr": "", "motivo_situacao": "", "situacao_especial": "", "data_situacao_especial": "", "capital_social": "50000.00", "extra": {}, "billing": {"free": false, "database": true}}