{"atividade_principal": [{"text": "Fabrica\u00e7\u00e3o de prepara\u00e7\u00f5es farmac\u00eauticas", "code": "21.23-8-00"}], "data_situacao": "03/11/2005", "nome": "POINT SUTURE DO BRASIL IND DE FIOS CIRURGICOS LTDA", "uf": "CE", "atividades_secundarias": [{"text": "Fabrica\u00e7\u00e3o de materiais para medicina e odontologia", "code": "32.50-7-05"}, {"text": "Fabrica\u00e7\u00e3o de produtos farmoqu\u00edmicos", "code": "21.10-6-00"}, {"text": "Fabrica\u00e7\u00e3o de medicamentos homeop\u00e1ticos para uso humano", "code": "21.21-1-02"}, {"text": "Fabrica\u00e7\u00e3o de medicamentos fitoter\u00e1picos para uso humano", "code": "21.21-1-03"}, {"text": "Atividades de limpeza n\u00e3o especificadas anteriormente", "code": "81.29-0-00"}, {"text": "Fabrica\u00e7\u00e3o de medicamentos alop\u00e1ticos para uso humano", "code": "21.21-1-01"}], "qsa": [{"qual": "49-S\u00f3cio-Administrador", "nome": "MARK DE ALBUQUERQUE VIANA"}, {"qual": "49-S\u00f3cio-Administrador", "nome": "BEATRIZ IRENE DE ALBUQUERQUE VIANA"}], "situacao": "ATIVA", "bairro": "BARRA DO CEARA", "logradouro": "R MOACIR", "numero": "435", "cep": "60.332-650", "municipio": "FORTALEZA", "porte": "DEMAIS", "abertura": "19/02/1988", "natureza_juridica": "206-2 - Sociedade Empres\u00e1ria Limitada", "fantasia": "POINT SUTURE", "cnpj": "12.340.717/0001-61", "ultima_atualizacao": "2020-02-08T04:55:08.722Z", "status": "OK", "tipo": "MATRIZ", "complemento": "", "email": "", "telefone": "", "efr": "", "motivo_situacao": "", "situacao_especial": "", "data_situacao_especial": "", "capital_social": "5543004.00", "extra": {}, "billing": {"free": false, "database": false}}