{"atividade_principal": [{"text": "Manuten\u00e7\u00e3o e repara\u00e7\u00e3o de m\u00e1quinas e aparelhos de refrigera\u00e7\u00e3o e ventila\u00e7\u00e3o para uso industrial e comercial", "code": "33.14-7-07"}], "data_situacao": "09/08/2010", "nome": "DANIEL CARLOS PEREIRA DA CRUZ 05838151706", "uf": "RJ", "telefone": "(22) 2772-5533", "email": "d.carlosservicos@gmail.com", "atividades_secundarias": [{"text": "Instala\u00e7\u00e3o e manuten\u00e7\u00e3o el\u00e9trica", "code": "43.21-5-00"}], "qsa": [], "situacao": "ATIVA", "bairro": "JARDIM AEROPORTO", "logradouro": "R um", "numero": "95", "cep": "27.950-720", "municipio": "MACAE", "porte": "MICRO EMPRESA", "abertura": "09/08/2010", "natureza_juridica": "213-5 - Empres\u00e1rio (Individual)", "fantasia": "EBSOX TECHNICAL SERVICE", "cnpj": "12.352.809/0001-61", "ultima_atualizacao": "2020-02-07T23:15:45.730Z", "status": "OK", "tipo": "MATRIZ", "complemento": "", "efr": "", "motivo_situacao": "", "situacao_especial": "", "data_situacao_especial": "", "capital_social": "1.00", "extra": {}, "billing": {"free": false, "database": true}}