{"atividade_principal": [{"text": "Com\u00e9rcio atacadista de medicamentos e drogas de uso humano", "code": "46.44-3-01"}], "data_situacao": "09/09/2010", "complemento": "LOT 2 PAL 48778 PARTE", "nome": "HOSPINOVA DISTRIBUIDORA DE PRODUTOS HOSPITALARES LTDA.", "uf": "RJ", "telefone": "(21) 2566-3300", "email": "yara.christino@venancio.com.br", "atividades_secundarias": [{"text": "Com\u00e9rcio atacadista de instrumentos e materiais para uso m\u00e9dico, cir\u00fargico, hospitalar e de laborat\u00f3rios", "code": "46.45-1-01"}, {"text": "Com\u00e9rcio atacadista especializado em outros produtos aliment\u00edcios n\u00e3o especificados anteriormente", "code": "46.37-1-99"}, {"text": "Com\u00e9rcio atacadista de pr\u00f3teses e artigos de ortopedia", "code": "46.45-1-02"}, {"text": "Com\u00e9rcio atacadista de produtos odontol\u00f3gicos", "code": "46.45-1-03"}, {"text": "Com\u00e9rcio atacadista de cosm\u00e9ticos e produtos de perfumaria", "code": "46.46-0-01"}, {"text": "Com\u00e9rcio atacadista de produtos de higiene pessoal", "code": "46.46-0-02"}], "qsa": [{"qual": "49-S\u00f3cio-Administrador", "nome": "ARMANDO AHMED"}, {"qual": "22-S\u00f3cio", "qual_rep_legal": "05-Administrador", "nome_rep_legal": "ARMANDO AHMED", "nome": "AAFAMILY PARTICIPACOES LTDA."}], "situacao": "ATIVA", "bairro": "VILA ISABEL", "logradouro": "AV PROFESSOR MANOEL DE ABREU", "numero": "00761", "cep": "20.550-170", "municipio": "RIO DE JANEIRO", "porte": "DEMAIS", "abertura": "09/09/2010", "natureza_juridica": "206-2 - Sociedade Empres\u00e1ria Limitada", "cnpj": "12.499.494/0001-80", "ultima_atualizacao": "2020-02-08T04:52:36.092Z", "status": "OK", "tipo": "MATRIZ", "fantasia": "", "efr": "", "motivo_situacao": "", "situacao_especial": "", "data_situacao_especial": "", "capital_social": "5000000.00", "extra": {}, "billing": {"free": false, "database": false}}