{"atividade_principal": [{"text": "Com\u00e9rcio varejista de artigos m\u00e9dicos e ortop\u00e9dicos", "code": "47.73-3-00"}], "data_situacao": "13/09/2010", "complemento": "LOJ 309", "nome": "AUDIO POWER COMERCIO E SERVICOS DE EQUIPAMENTOS MEDICOS LTDA", "uf": "RJ", "telefone": "(21) 7009-5530", "email": "financeiro@centroauditivoaudiopower.com.br", "qsa": [{"qual": "49-S\u00f3cio-Administrador", "nome": "ALEXANDRE SANTOS VANDELLI"}, {"qual": "49-S\u00f3cio-Administrador", "nome": "DANIEL DE MELLO VANDELLI"}], "situacao": "ATIVA", "bairro": "IPANEMA", "logradouro": "R VISCONDE DE PIRAJA", "numero": "00580", "cep": "22.410-902", "municipio": "RIO DE JANEIRO", "porte": "MICRO EMPRESA", "abertura": "13/09/2010", "natureza_juridica": "206-2 - Sociedade Empres\u00e1ria Limitada", "fantasia": "CENTRO AUDITIVO AUDIO POWER", "cnpj": "12.516.438/0001-06", "ultima_atualizacao": "2020-02-08T03:56:19.680Z", "status": "OK", "tipo": "MATRIZ", "efr": "", "motivo_situacao": "", "situacao_especial": "", "data_situacao_especial": "", "atividades_secundarias": [{"code": "00.00-0-00", "text": "N\u00e3o informada"}], "capital_social": "50000.00", "extra": {}, "billing": {"free": false, "database": false}}