{"atividade_principal": [{"text": "Com\u00e9rcio a varejo de pe\u00e7as e acess\u00f3rios novos para ve\u00edculos automotores", "code": "45.30-7-03"}], "data_situacao": "10/12/2010", "nome": "AUREO CENTER AUTOMOTIVO EIRELI", "uf": "RJ", "telefone": "(22) 2762-4412", "atividades_secundarias": [{"text": "Servi\u00e7os de alinhamento e balanceamento de ve\u00edculos automotores", "code": "45.20-0-04"}, {"text": "Com\u00e9rcio a varejo de pe\u00e7as e acess\u00f3rios usados para ve\u00edculos automotores", "code": "45.30-7-04"}, {"text": "Com\u00e9rcio a varejo de pneum\u00e1ticos e c\u00e2maras-de-ar", "code": "45.30-7-05"}, {"text": "Com\u00e9rcio varejista de lubrificantes", "code": "47.32-6-00"}], "qsa": [{"qual": "49-S\u00f3cio-Administrador", "nome": "AUREO SANTOS MORAIS"}], "situacao": "ATIVA", "bairro": "CENTRO", "logradouro": "R VELHO CAMPOS", "numero": "1144", "cep": "27.910-210", "municipio": "MACAE", "porte": "EMPRESA DE PEQUENO PORTE", "abertura": "10/12/2010", "natureza_juridica": "230-5 - Empresa Individual de Responsabilidade Limitada (de Natureza Empres\u00e1ria)", "fantasia": "AUREO CENTER", "cnpj": "12.997.221/0001-65", "ultima_atualizacao": "2020-02-08T00:26:58.830Z", "status": "OK", "tipo": "MATRIZ", "complemento": "", "email": "", "efr": "", "motivo_situacao": "", "situacao_especial": "", "data_situacao_especial": "", "capital_social": "100000.00", "extra": {}, "billing": {"free": false, "database": true}}