{"data_situacao": "18/08/2017", "motivo_situacao": "LOCALIZACAO DESCONHECIDA", "nome": "DELTA DIAGNOSTICA COMERCIO LTDA", "telefone": "(21) 2622-2973", "qsa": [{"qual": "22-S\u00f3cio", "nome": "LEONARDO DA SILVA GOMES"}, {"qual": "49-S\u00f3cio-Administrador", "nome": "EMANOEL RICARDO ARAUJO DA SILVA"}], "situacao": "INAPTA", "porte": "MICRO EMPRESA", "abertura": "20/12/2010", "natureza_juridica": "206-2 - Sociedade Empres\u00e1ria Limitada", "fantasia": "DELTA DIAGNOSTICA", "cnpj": "13.062.756/0001-07", "ultima_atualizacao": "2020-02-08T00:21:19.185Z", "status": "OK", "tipo": "MATRIZ", "logradouro": "", "numero": "", "complemento": "", "cep": "", "bairro": "", "municipio": "", "uf": "", "email": "", "efr": "", "situacao_especial": "", "data_situacao_especial": "", "atividade_principal": [{"code": "00.00-0-00", "text": "********"}], "atividades_secundarias": [{"code": "00.00-0-00", "text": "N\u00e3o informada"}], "capital_social": "300000.00", "extra": {}, "billing": {"free": false, "database": true}}