{"atividade_principal": [{"text": "Com\u00e9rcio atacadista de medicamentos e drogas de uso humano", "code": "46.44-3-01"}], "data_situacao": "07/02/2011", "complemento": "LOJA FUNDOS", "nome": "TERRA MAR DISTRIBUIDORA DE MEDICAMENTOS LTDA", "uf": "RJ", "telefone": "(22) 2762-3000", "atividades_secundarias": [{"text": "Com\u00e9rcio atacadista de instrumentos e materiais para uso m\u00e9dico, cir\u00fargico, hospitalar e de laborat\u00f3rios", "code": "46.45-1-01"}], "qsa": [{"qual": "49-S\u00f3cio-Administrador", "nome": "ROGERIO CARVALHO JOSE"}, {"qual": "22-S\u00f3cio", "nome": "ANGELA NEVES RUFINO"}], "situacao": "ATIVA", "bairro": "CENTRO", "logradouro": "R DR. TELIO BARRETO", "numero": "442", "cep": "27.910-060", "municipio": "MACAE", "porte": "EMPRESA DE PEQUENO PORTE", "abertura": "07/02/2011", "natureza_juridica": "206-2 - Sociedade Empres\u00e1ria Limitada", "fantasia": "DISTRIBUIDORA TERRA MAR", "cnpj": "13.225.374/0001-57", "ultima_atualizacao": "2020-02-07T23:58:19.679Z", "status": "OK", "tipo": "MATRIZ", "email": "", "efr": "", "motivo_situacao": "", "situacao_especial": "", "data_situacao_especial": "", "capital_social": "100000.00", "extra": {}, "billing": {"free": false, "database": true}}