{"atividade_principal": [{"text": "Servi\u00e7os de organiza\u00e7\u00e3o de feiras, congressos, exposi\u00e7\u00f5es e festas", "code": "82.30-0-01"}], "data_situacao": "28/02/2011", "complemento": "SALA 905", "nome": "FORUM CULTURAL ORGANIZACAO DE EVENTOS LTDA", "uf": "MG", "telefone": "(31) 3280-3400", "email": "lara@laraassociados.com.br", "atividades_secundarias": [{"text": "Treinamento em desenvolvimento profissional e gerencial", "code": "85.99-6-04"}], "qsa": [{"qual": "49-S\u00f3cio-Administrador", "nome": "MARIA AMELIA CORREA DE MELLO"}, {"qual": "49-S\u00f3cio-Administrador", "nome": "LUIS CLAUDIO RODRIGUES FERREIRA"}], "situacao": "ATIVA", "bairro": "SAVASSI", "logradouro": "AV AFONSO PENA", "numero": "2770", "cep": "30.130-012", "municipio": "BELO HORIZONTE", "porte": "DEMAIS", "abertura": "28/02/2011", "natureza_juridica": "206-2 - Sociedade Empres\u00e1ria Limitada", "fantasia": "FORUM CULTURAL", "cnpj": "13.317.281/0001-52", "ultima_atualizacao": "2020-02-07T23:45:55.148Z", "status": "OK", "tipo": "MATRIZ", "efr": "", "motivo_situacao": "", "situacao_especial": "", "data_situacao_especial": "", "capital_social": "300000.00", "extra": {}, "billing": {"free": false, "database": true}}