{"atividade_principal": [{"text": "Com\u00e9rcio varejista de outros produtos n\u00e3o especificados anteriormente", "code": "47.89-0-99"}], "data_situacao": "14/03/2011", "complemento": "LOJA 08", "nome": "M. A. P. OTZ COMERCIO E SERVICOS", "uf": "RJ", "telefone": "(22) 9836-8778/ (22) 2772-3227", "atividades_secundarias": [{"text": "Com\u00e9rcio varejista de cosm\u00e9ticos, produtos de perfumaria e de higiene pessoal", "code": "47.72-5-00"}, {"text": "Com\u00e9rcio varejista de artigos m\u00e9dicos e ortop\u00e9dicos", "code": "47.73-3-00"}, {"text": "Com\u00e9rcio varejista de mercadorias em geral, com predomin\u00e2ncia de produtos aliment\u00edcios - minimercados, mercearias e armaz\u00e9ns", "code": "47.12-1-00"}, {"text": "Com\u00e9rcio varejista de artigos de papelaria", "code": "47.61-0-03"}, {"text": "Com\u00e9rcio varejista de artigos do vestu\u00e1rio e acess\u00f3rios", "code": "47.81-4-00"}, {"text": "Com\u00e9rcio varejista de materiais de constru\u00e7\u00e3o em geral", "code": "47.44-0-99"}, {"text": "Atividades de vigil\u00e2ncia e seguran\u00e7a privada", "code": "80.11-1-01"}], "qsa": [], "situacao": "ATIVA", "bairro": "BARRA DE MACAE", "logradouro": "ROD AMARAL PEIXOTO", "numero": "908", "cep": "27.973-030", "municipio": "MACAE", "porte": "MICRO EMPRESA", "abertura": "14/03/2011", "natureza_juridica": "213-5 - Empres\u00e1rio (Individual)", "cnpj": "13.364.170/0001-05", "ultima_atualizacao": "2020-02-08T00:06:40.524Z", "status": "OK", "tipo": "MATRIZ", "fantasia": "", "email": "", "efr": "", "motivo_situacao": "", "situacao_especial": "", "data_situacao_especial": "", "capital_social": "50000.00", "extra": {}, "billing": {"free": false, "database": true}}