{"atividade_principal": [{"text": "Com\u00e9rcio varejista especializado de equipamentos e suprimentos de inform\u00e1tica", "code": "47.51-2-01"}], "data_situacao": "31/01/2011", "nome": "JLCR 53 COMERCIAL LTDA", "uf": "RJ", "telefone": "(21) 2614-1308", "atividades_secundarias": [{"text": "Instala\u00e7\u00e3o e manuten\u00e7\u00e3o el\u00e9trica", "code": "43.21-5-00"}], "qsa": [{"qual": "49-S\u00f3cio-Administrador", "nome": "JORGE OLEGARIO DA COSTA RIBEIRO"}, {"qual": "49-S\u00f3cio-Administrador", "nome": "ANDREIA RICA MARCOS"}], "situacao": "ATIVA", "bairro": "ROCHA", "logradouro": "R DR CASTRO FARIAS", "numero": "204", "cep": "24.421-145", "municipio": "SAO GONCALO", "porte": "MICRO EMPRESA", "abertura": "31/01/2011", "natureza_juridica": "206-2 - Sociedade Empres\u00e1ria Limitada", "fantasia": "JLCR 53 COMERCIAL", "cnpj": "13.376.016/0001-45", "ultima_atualizacao": "2020-02-08T04:17:23.626Z", "status": "OK", "tipo": "MATRIZ", "complemento": "", "email": "", "efr": "", "motivo_situacao": "", "situacao_especial": "", "data_situacao_especial": "", "capital_social": "90000.00", "extra": {}, "billing": {"free": false, "database": false}}