{"atividade_principal": [{"text": "Atividades de fonoaudiologia", "code": "86.50-0-06"}], "data_situacao": "25/03/2011", "complemento": "GRP PARTE III SAL 3030", "nome": "ESPACO FONO - FONOAUDIOLOGIA E SAUDE DO TRABALHADOR LTDA.", "uf": "RJ", "telefone": "(21) 2604-4700", "email": "legalizacao@contabille.com.br", "atividades_secundarias": [{"text": "Com\u00e9rcio varejista de artigos m\u00e9dicos e ortop\u00e9dicos", "code": "47.73-3-00"}], "qsa": [{"qual": "49-S\u00f3cio-Administrador", "nome": "DANIELA PIMENTEL DOS SANTOS NIELSEN"}, {"qual": "49-S\u00f3cio-Administrador", "nome": "JACQUELINE NOBREGA PIMENTEL"}], "situacao": "ATIVA", "bairro": "BARRA DA TIJUCA", "logradouro": "AV AYRTON SENNA", "numero": "03000", "cep": "22.775-904", "municipio": "RIO DE JANEIRO", "porte": "MICRO EMPRESA", "abertura": "25/03/2011", "natureza_juridica": "206-2 - Sociedade Empres\u00e1ria Limitada", "cnpj": "13.420.982/0001-12", "ultima_atualizacao": "2020-02-08T00:24:10.475Z", "status": "OK", "tipo": "MATRIZ", "fantasia": "", "efr": "", "motivo_situacao": "", "situacao_especial": "", "data_situacao_especial": "", "capital_social": "10000.00", "extra": {}, "billing": {"free": false, "database": true}}