{"atividade_principal": [{"text": "Impress\u00e3o de material para outros usos", "code": "18.13-0-99"}], "data_situacao": "04/04/2011", "nome": "MARIO SERGIO DA GAMA E ABREU 59633123704", "uf": "RJ", "telefone": "(22) 2772-1729", "email": "designerpv@gmail.com", "atividades_secundarias": [{"text": "Impress\u00e3o de material para uso publicit\u00e1rio", "code": "18.13-0-01"}, {"text": "Fabrica\u00e7\u00e3o de pain\u00e9is e letreiros luminosos", "code": "32.99-0-04"}, {"text": "Fabrica\u00e7\u00e3o de letras, letreiros e placas de qualquer material, exceto luminosos", "code": "32.99-0-03"}, {"text": "Instala\u00e7\u00e3o de pain\u00e9is publicit\u00e1rios", "code": "43.29-1-01"}, {"text": "Outras atividades de servi\u00e7os prestados principalmente \u00e0s empresas n\u00e3o especificadas anteriormente", "code": "82.99-7-99"}], "qsa": [], "situacao": "ATIVA", "bairro": "MIRAMAR", "logradouro": "R ALBERTO FIGUEIREDO PIMENTEL", "numero": "23", "cep": "27.943-290", "municipio": "MACAE", "porte": "MICRO EMPRESA", "abertura": "04/04/2011", "natureza_juridica": "213-5 - Empres\u00e1rio (Individual)", "cnpj": "13.463.298/0001-18", "ultima_atualizacao": "2020-02-07T23:15:14.966Z", "status": "OK", "tipo": "MATRIZ", "fantasia": "", "complemento": "", "efr": "", "motivo_situacao": "", "situacao_especial": "", "data_situacao_especial": "", "capital_social": "1.00", "extra": {}, "billing": {"free": false, "database": true}}