{"atividade_principal": [{"text": "Com\u00e9rcio varejista de artigos de ilumina\u00e7\u00e3o", "code": "47.54-7-03"}], "data_situacao": "24/03/2011", "nome": "BRAVOLUZ COMERCIAL - EIRELI", "uf": "PR", "telefone": "(41) 3076-4588/ (41) 3076-7321", "email": "bravoluz@terra.com.br", "atividades_secundarias": [{"text": "Com\u00e9rcio varejista de material el\u00e9trico", "code": "47.42-3-00"}], "qsa": [{"qual": "65-Titular Pessoa F\u00edsica Residente ou Domiciliado no Brasil", "nome": "LEONARDO ZANATTA BARON"}], "situacao": "ATIVA", "bairro": "BOQUEIRAO", "logradouro": "R BOM JESUS DE IGUAPE", "numero": "5134", "cep": "81.730-020", "municipio": "CURITIBA", "porte": "DEMAIS", "abertura": "24/03/2011", "natureza_juridica": "230-5 - Empresa Individual de Responsabilidade Limitada (de Natureza Empres\u00e1ria)", "cnpj": "13.487.742/0001-35", "ultima_atualizacao": "2020-02-08T05:15:08.389Z", "status": "OK", "tipo": "MATRIZ", "fantasia": "", "complemento": "", "efr": "", "motivo_situacao": "", "situacao_especial": "", "data_situacao_especial": "", "capital_social": "80000.00", "extra": {}, "billing": {"free": false, "database": false}}