{"atividade_principal": [{"text": "Produ\u00e7\u00e3o musical", "code": "90.01-9-02"}], "data_situacao": "06/05/2011", "nome": "UP BARROS COMERCIAL LTDA", "uf": "RJ", "telefone": "(22) 2561-1844", "atividades_secundarias": [{"text": "Atividades de sonoriza\u00e7\u00e3o e de ilumina\u00e7\u00e3o", "code": "90.01-9-06"}, {"text": "Aluguel de palcos, coberturas e outras estruturas de uso tempor\u00e1rio, exceto andaimes", "code": "77.39-0-03"}, {"text": "Desenvolvimento de programas de computador sob encomenda", "code": "62.01-5-01"}, {"text": "Instala\u00e7\u00e3o e manuten\u00e7\u00e3o el\u00e9trica", "code": "43.21-5-00"}, {"text": "Com\u00e9rcio atacadista de lubrificantes", "code": "46.81-8-05"}, {"text": "Com\u00e9rcio atacadista de equipamentos el\u00e9tricos de uso pessoal e dom\u00e9stico", "code": "46.49-4-01"}, {"text": "Com\u00e9rcio atacadista de suprimentos para inform\u00e1tica", "code": "46.51-6-02"}, {"text": "Com\u00e9rcio atacadista de ferragens e ferramentas", "code": "46.72-9-00"}, {"text": "Com\u00e9rcio atacadista de materiais de constru\u00e7\u00e3o em geral", "code": "46.79-6-99"}, {"text": "Portais, provedores de conte\u00fado e outros servi\u00e7os de informa\u00e7\u00e3o na internet", "code": "63.19-4-00"}], "qsa": [{"qual": "22-S\u00f3cio", "nome": "PAULO CEZAR DE MORAES BARROS"}, {"qual": "49-S\u00f3cio-Administrador", "nome": "EDUARDO HESPANHOL BASTOS BARROS"}], "situacao": "ATIVA", "bairro": "CENTRO", "logradouro": "AV NOSSA SENHORA DE FATIMA", "numero": "01 - A", "cep": "28.770-000", "municipio": "SANTA MARIA MADALENA", "porte": "MICRO EMPRESA", "abertura": "06/05/2011", "natureza_juridica": "206-2 - Sociedade Empres\u00e1ria Limitada", "fantasia": "UP", "cnpj": "13.611.269/0001-56", "ultima_atualizacao": "2020-02-07T23:57:43.485Z", "status": "OK", "tipo": "MATRIZ", "complemento": "", "email": "", "efr": "", "motivo_situacao": "", "situacao_especial": "", "data_situacao_especial": "", "capital_social": "260000.00", "extra": {}, "billing": {"free": false, "database": true}}