{"atividade_principal": [{"text": "Com\u00e9rcio varejista especializado de equipamentos e suprimentos de inform\u00e1tica", "code": "47.51-2-01"}], "data_situacao": "20/05/2011", "complemento": "SLJ PARTE", "nome": "BJ DO BRASIL COMERCIO DE PRODUTOS DE TECNOLOGIA LTDA EPP", "uf": "RJ", "telefone": "(22) 2772-5411/ (22) 9979-9631", "email": "juliana.frossard@shopmegamicro.com.br", "atividades_secundarias": [{"text": "Com\u00e9rcio atacadista de aparelhos eletr\u00f4nicos de uso pessoal e dom\u00e9stico", "code": "46.49-4-02"}, {"text": "Com\u00e9rcio atacadista de bicicletas, triciclos e outros ve\u00edculos recreativos", "code": "46.49-4-03"}, {"text": "Com\u00e9rcio atacadista de outros equipamentos e artigos de uso pessoal e dom\u00e9stico n\u00e3o especificados anteriormente", "code": "46.49-4-99"}, {"text": "Com\u00e9rcio atacadista de equipamentos de inform\u00e1tica", "code": "46.51-6-01"}, {"text": "Com\u00e9rcio atacadista de suprimentos para inform\u00e1tica", "code": "46.51-6-02"}, {"text": "Com\u00e9rcio atacadista de outras m\u00e1quinas e equipamentos n\u00e3o especificados anteriormente; partes e pe\u00e7as", "code": "46.69-9-99"}, {"text": "Com\u00e9rcio varejista de cosm\u00e9ticos, produtos de perfumaria e de higiene pessoal", "code": "47.72-5-00"}, {"text": "Provedores de acesso \u00e0s redes de comunica\u00e7\u00f5es", "code": "61.90-6-01"}, {"text": "Tratamento de dados, provedores de servi\u00e7os de aplica\u00e7\u00e3o e servi\u00e7os de hospedagem na internet", "code": "63.11-9-00"}, {"text": "Outras atividades de presta\u00e7\u00e3o de servi\u00e7os de informa\u00e7\u00e3o n\u00e3o especificadas anteriormente", "code": "63.99-2-00"}, {"text": "Promo\u00e7\u00e3o de vendas", "code": "73.19-0-02"}, {"text": "Repara\u00e7\u00e3o e manuten\u00e7\u00e3o de computadores e de equipamentos perif\u00e9ricos", "code": "95.11-8-00"}], "qsa": [{"qual": "49-S\u00f3cio-Administrador", "nome": "JULIANA FROSSARD LADEIRA ARAUJO"}, {"qual": "22-S\u00f3cio", "nome": "ROBERTA VERLY SANTOS"}], "situacao": "ATIVA", "bairro": "CENTRO", "logradouro": "R TEIXEIRA DE GOUVEA", "numero": "1.487", "cep": "27.910-110", "municipio": "MACAE", "porte": "EMPRESA DE PEQUENO PORTE", "abertura": "20/05/2011", "natureza_juridica": "206-2 - Sociedade Empres\u00e1ria Limitada", "fantasia": "MEGA MICRO", "cnpj": "13.691.879/0001-07", "ultima_atualizacao": "2020-02-07T23:50:41.423Z", "status": "OK", "tipo": "MATRIZ", "efr": "", "motivo_situacao": "", "situacao_especial": "", "data_situacao_especial": "", "capital_social": "1000000.00", "extra": {}, "billing": {"free": false, "database": true}}