{"data_situacao": "11/10/2018", "motivo_situacao": "OMISSAO DE DECLARACOES", "nome": "ROTULO EMPREENDIMENTOS COMERCIAIS E SERVICOS LTDA", "telefone": "(21) 2464-6292/ (21) 3463-6058", "email": "rbr-rui@oi.com.br", "qsa": [{"qual": "22-S\u00f3cio", "nome": "FABIO ALVES DA MATA"}, {"qual": "49-S\u00f3cio-Administrador", "nome": "WILSON ALVES DE SOUSA"}], "situacao": "INAPTA", "porte": "DEMAIS", "abertura": "25/05/2011", "natureza_juridica": "206-2 - Sociedade Empres\u00e1ria Limitada", "fantasia": "BRILHANTE", "cnpj": "13.704.177/0001-10", "ultima_atualizacao": "2020-02-08T01:10:12.882Z", "status": "OK", "tipo": "MATRIZ", "logradouro": "", "numero": "", "complemento": "", "cep": "", "bairro": "", "municipio": "", "uf": "", "efr": "", "situacao_especial": "", "data_situacao_especial": "", "atividade_principal": [{"code": "00.00-0-00", "text": "********"}], "atividades_secundarias": [{"code": "00.00-0-00", "text": "N\u00e3o informada"}], "capital_social": "11000000.00", "extra": {}, "billing": {"free": false, "database": true}}