{"atividade_principal": [{"text": "Impress\u00e3o de material para uso publicit\u00e1rio", "code": "18.13-0-01"}], "data_situacao": "26/04/2011", "complemento": "CASA 2", "nome": "RPRINT ETIQUETAS E ROTULOS ADESIVOS E ARTES GRAFICAS LTDA", "uf": "SP", "telefone": "(11) 4636-5655", "email": "ricardo.florenttino@terra.com.br", "atividades_secundarias": [{"text": "Servi\u00e7os de acabamentos gr\u00e1ficos, exceto encaderna\u00e7\u00e3o e plastifica\u00e7\u00e3o", "code": "18.22-9-99"}, {"text": "Com\u00e9rcio varejista de outros artigos de uso pessoal e dom\u00e9stico n\u00e3o especificados anteriormente", "code": "47.59-8-99"}], "qsa": [{"qual": "49-S\u00f3cio-Administrador", "nome": "RICARDO FLORENTINO DA SILVA"}, {"qual": "49-S\u00f3cio-Administrador", "nome": "LOURIVAL DE JESUS DA SILVA"}], "situacao": "ATIVA", "bairro": "VILA SANTA HELENA", "logradouro": "R MEM DE SA", "numero": "540", "cep": "08.553-550", "municipio": "POA", "porte": "MICRO EMPRESA", "abertura": "26/04/2011", "natureza_juridica": "206-2 - Sociedade Empres\u00e1ria Limitada", "fantasia": "RPRINT", "cnpj": "13.783.435/0001-00", "ultima_atualizacao": "2020-02-08T00:39:41.440Z", "status": "OK", "tipo": "MATRIZ", "efr": "", "motivo_situacao": "", "situacao_especial": "", "data_situacao_especial": "", "capital_social": "20000.00", "extra": {}, "billing": {"free": false, "database": true}}