{"atividade_principal": [{"text": "Com\u00e9rcio varejista de materiais de constru\u00e7\u00e3o em geral", "code": "47.44-0-99"}], "data_situacao": "15/06/2011", "nome": "YESHUA COMERCIO E SERVICO DIAS EIRELI", "uf": "RJ", "telefone": "(21) 2605-1932/ (21) 2607-0780", "atividades_secundarias": [{"text": "Com\u00e9rcio varejista de produtos saneantes domissanit\u00e1rios", "code": "47.89-0-05"}, {"text": "Com\u00e9rcio varejista de artigos do vestu\u00e1rio e acess\u00f3rios", "code": "47.81-4-00"}, {"text": "Comercio varejista de artigos de cama, mesa e banho", "code": "47.55-5-03"}, {"text": "Com\u00e9rcio atacadista de m\u00e1quinas, aparelhos e equipamentos para uso odonto-m\u00e9dico-hospitalar; partes e pe\u00e7as", "code": "46.64-8-00"}, {"text": "Com\u00e9rcio atacadista de instrumentos e materiais para uso m\u00e9dico, cir\u00fargico, hospitalar e de laborat\u00f3rios", "code": "46.45-1-01"}, {"text": "Com\u00e9rcio varejista de ferragens e ferramentas", "code": "47.44-0-01"}, {"text": "Com\u00e9rcio varejista de material el\u00e9trico", "code": "47.42-3-00"}, {"text": "Com\u00e9rcio varejista de materiais de constru\u00e7\u00e3o n\u00e3o especificados anteriormente", "code": "47.44-0-05"}, {"text": "Com\u00e9rcio atacadista de cimento", "code": "46.74-5-00"}, {"text": "Com\u00e9rcio varejista de tintas e materiais para pintura", "code": "47.41-5-00"}, {"text": "Com\u00e9rcio varejista de madeira e artefatos", "code": "47.44-0-02"}, {"text": "Com\u00e9rcio varejista de vidros", "code": "47.43-1-00"}, {"text": "Com\u00e9rcio varejista de cal, areia, pedra britada, tijolos e telhas", "code": "47.44-0-04"}, {"text": "Com\u00e9rcio varejista de pedras para revestimento", "code": "47.44-0-06"}, {"text": "Com\u00e9rcio atacadista de m\u00e1rmores e granitos", "code": "46.79-6-02"}, {"text": "Com\u00e9rcio varejista de artigos de ilumina\u00e7\u00e3o", "code": "47.54-7-03"}, {"text": "Com\u00e9rcio varejista especializado de equipamentos e suprimentos de inform\u00e1tica", "code": "47.51-2-01"}, {"text": "Atividades de monitoramento de sistemas de seguran\u00e7a eletr\u00f4nico", "code": "80.20-0-01"}, {"text": "Com\u00e9rcio varejista de artigos m\u00e9dicos e ortop\u00e9dicos", "code": "47.73-3-00"}, {"text": "Com\u00e9rcio varejista especializado de pe\u00e7as e acess\u00f3rios para aparelhos eletroeletr\u00f4nicos para uso dom\u00e9stico, exceto inform\u00e1tica e comunica\u00e7\u00e3o", "code": "47.57-1-00"}, {"text": "Com\u00e9rcio varejista especializado de equipamentos de telefonia e comunica\u00e7\u00e3o", "code": "47.52-1-00"}, {"text": "Fabrica\u00e7\u00e3o de aparelhos fotogr\u00e1ficos e cinematogr\u00e1ficos, pe\u00e7as e acess\u00f3rios", "code": "26.70-1-02"}, {"text": "Com\u00e9rcio varejista especializado de instrumentos musicais e acess\u00f3rios", "code": "47.56-3-00"}, {"text": "Com\u00e9rcio varejista de cosm\u00e9ticos, produtos de perfumaria e de higiene pessoal", "code": "47.72-5-00"}, {"text": "Fabrica\u00e7\u00e3o de m\u00e1quinas e equipamentos para as ind\u00fastrias do vestu\u00e1rio, do couro e de cal\u00e7ados, pe\u00e7as e acess\u00f3rios", "code": "28.64-0-00"}, {"text": "Comercio varejista de artigos de armarinho", "code": "47.55-5-02"}, {"text": "Com\u00e9rcio varejista de m\u00f3veis", "code": "47.54-7-01"}, {"text": "Com\u00e9rcio varejista de artigos esportivos", "code": "47.63-6-02"}, {"text": "Com\u00e9rcio varejista de brinquedos e artigos recreativos", "code": "47.63-6-01"}, {"text": "Com\u00e9rcio varejista de artigos de papelaria", "code": "47.61-0-03"}, {"text": "Com\u00e9rcio varejista de jornais e revistas", "code": "47.61-0-02"}, {"text": "Com\u00e9rcio varejista especializado de eletrodom\u00e9sticos e equipamentos de \u00e1udio e v\u00eddeo", "code": "47.53-9-00"}, {"text": "Com\u00e9rcio a varejo de motocicletas e motonetas usadas", "code": "45.41-2-04"}, {"text": "Com\u00e9rcio a varejo de pe\u00e7as e acess\u00f3rios novos para ve\u00edculos automotores", "code": "45.30-7-03"}, {"text": "Com\u00e9rcio a varejo de pneum\u00e1ticos e c\u00e2maras-de-ar", "code": "45.30-7-05"}, {"text": "Com\u00e9rcio varejista de lubrificantes", "code": "47.32-6-00"}, {"text": "Com\u00e9rcio atacadista de roupas e acess\u00f3rios para uso profissional e de seguran\u00e7a do trabalho", "code": "46.42-7-02"}, {"text": "Com\u00e9rcio atacadista de outras m\u00e1quinas e equipamentos n\u00e3o especificados anteriormente; partes e pe\u00e7as", "code": "46.69-9-99"}, {"text": "Restaurantes e similares", "code": "56.11-2-01"}, {"text": "Com\u00e9rcio varejista de hortifrutigranjeiros", "code": "47.24-5-00"}, {"text": "Com\u00e9rcio varejista de produtos aliment\u00edcios em geral ou especializado em produtos aliment\u00edcios n\u00e3o especificados anteriormente", "code": "47.29-6-99"}, {"text": "Com\u00e9rcio varejista de bebidas", "code": "47.23-7-00"}, {"text": "Com\u00e9rcio varejista de mercadorias em geral, com predomin\u00e2ncia de produtos aliment\u00edcios - minimercados, mercearias e armaz\u00e9ns", "code": "47.12-1-00"}, {"text": "Fabrica\u00e7\u00e3o de equipamentos hidr\u00e1ulicos e pneum\u00e1ticos, pe\u00e7as e acess\u00f3rios, exceto v\u00e1lvulas", "code": "28.12-7-00"}, {"text": "Instala\u00e7\u00e3o e manuten\u00e7\u00e3o el\u00e9trica", "code": "43.21-5-00"}, {"text": "Repara\u00e7\u00e3o e manuten\u00e7\u00e3o de equipamentos eletroeletr\u00f4nicos de uso pessoal e dom\u00e9stico", "code": "95.21-5-00"}, {"text": "Servi\u00e7os de tratamento e revestimento em metais", "code": "25.39-0-02"}, {"text": "Manuten\u00e7\u00e3o e repara\u00e7\u00e3o de m\u00e1quinas-ferramenta", "code": "33.14-7-13"}, {"text": "Servi\u00e7os de pintura de edif\u00edcios em geral", "code": "43.30-4-04"}, {"text": "Atividades de limpeza n\u00e3o especificadas anteriormente", "code": "81.29-0-00"}, {"text": "Obras de montagem industrial", "code": "42.92-8-02"}, {"text": "Manuten\u00e7\u00e3o e repara\u00e7\u00e3o de embarca\u00e7\u00f5es para esporte e lazer", "code": "33.17-1-02"}, {"text": "Produ\u00e7\u00e3o de espet\u00e1culos de dan\u00e7a", "code": "90.01-9-03"}, {"text": "Atividades de sonoriza\u00e7\u00e3o e de ilumina\u00e7\u00e3o", "code": "90.01-9-06"}, {"text": "Servi\u00e7os de organiza\u00e7\u00e3o de feiras, congressos, exposi\u00e7\u00f5es e festas", "code": "82.30-0-01"}, {"text": "Instala\u00e7\u00e3o de portas, janelas, tetos, divis\u00f3rias e arm\u00e1rios embutidos de qualquer material", "code": "43.30-4-02"}, {"text": "Constru\u00e7\u00e3o de edif\u00edcios", "code": "41.20-4-00"}, {"text": "Obras de terraplenagem", "code": "43.13-4-00"}, {"text": "Servi\u00e7os de prepara\u00e7\u00e3o do terreno n\u00e3o especificados anteriormente", "code": "43.19-3-00"}, {"text": "Limpeza em pr\u00e9dios e em domic\u00edlios", "code": "81.21-4-00"}, {"text": "Atividades paisag\u00edsticas", "code": "81.30-3-00"}, {"text": "Imuniza\u00e7\u00e3o e controle de pragas urbanas", "code": "81.22-2-00"}, {"text": "Instala\u00e7\u00f5es hidr\u00e1ulicas, sanit\u00e1rias e de g\u00e1s", "code": "43.22-3-01"}, {"text": "Servi\u00e7os de alimenta\u00e7\u00e3o para eventos e recep\u00e7\u00f5es - buf\u00ea", "code": "56.20-1-02"}, {"text": "Edi\u00e7\u00e3o integrada \u00e0 impress\u00e3o de cadastros, listas e de outros produtos gr\u00e1ficos", "code": "58.29-8-00"}, {"text": "Constru\u00e7\u00e3o de rodovias e ferrovias", "code": "42.11-1-01"}, {"text": "Obras de urbaniza\u00e7\u00e3o - ruas, pra\u00e7as e cal\u00e7adas", "code": "42.13-8-00"}, {"text": "Manuten\u00e7\u00e3o e repara\u00e7\u00e3o de m\u00e1quinas e equipamentos para a ind\u00fastria t\u00eaxtil, do vestu\u00e1rio, do couro e cal\u00e7ados", "code": "33.14-7-20"}, {"text": "Montagem e instala\u00e7\u00e3o de sistemas e equipamentos de ilumina\u00e7\u00e3o e sinaliza\u00e7\u00e3o em vias p\u00fablicas, portos e aeroportos", "code": "43.29-1-04"}, {"text": "Recarga de cartuchos para equipamentos de inform\u00e1tica", "code": "47.51-2-02"}, {"text": "Aluguel de outras m\u00e1quinas e equipamentos comerciais e industriais n\u00e3o especificados anteriormente, sem operador", "code": "77.39-0-99"}, {"text": "Loca\u00e7\u00e3o de outros meios de transporte n\u00e3o especificados anteriormente, sem condutor", "code": "77.19-5-99"}, {"text": "Montagem e desmontagem de andaimes e outras estruturas tempor\u00e1rias", "code": "43.99-1-02"}, {"text": "Aluguel de palcos, coberturas e outras estruturas de uso tempor\u00e1rio, exceto andaimes", "code": "77.39-0-03"}, {"text": "Aluguel de m\u00e1quinas e equipamentos para escrit\u00f3rios", "code": "77.33-1-00"}, {"text": "Impress\u00e3o de material para uso publicit\u00e1rio", "code": "18.13-0-01"}, {"text": "Impress\u00e3o de material para outros usos", "code": "18.13-0-99"}, {"text": "Agenciamento de profissionais para atividades esportivas, culturais e art\u00edsticas", "code": "74.90-1-05"}, {"text": "Filmagem de festas e eventos", "code": "74.20-0-04"}, {"text": "Laborat\u00f3rios fotogr\u00e1ficos", "code": "74.20-0-03"}, {"text": "Atividades de produ\u00e7\u00e3o de fotografias, exceto a\u00e9rea e submarina", "code": "74.20-0-01"}, {"text": "Fabrica\u00e7\u00e3o de artefatos diversos de madeira, exceto m\u00f3veis", "code": "16.29-3-01"}, {"text": "Com\u00e9rcio varejista de outros produtos n\u00e3o especificados anteriormente", "code": "47.89-0-99"}], "qsa": [{"qual": "65-Titular Pessoa F\u00edsica Residente ou Domiciliado no Brasil", "nome": "ALESSANDRO DIAS ANDRADE"}], "situacao": "ATIVA", "bairro": "ROCHA", "logradouro": "R PROFESSOR LATGE", "numero": "194", "cep": "24.420-410", "municipio": "SAO GONCALO", "porte": "EMPRESA DE PEQUENO PORTE", "abertura": "15/06/2011", "natureza_juridica": "230-5 - Empresa Individual de Responsabilidade Limitada (de Natureza Empres\u00e1ria)", "fantasia": "SERVICOM", "cnpj": "13.809.586/0001-81", "ultima_atualizacao": "2020-02-08T04:55:17.192Z", "status": "OK", "tipo": "MATRIZ", "complemento": "", "email": "", "efr": "", "motivo_situacao": "", "situacao_especial": "", "data_situacao_especial": "", "capital_social": "600000.00", "extra": {}, "billing": {"free": false, "database": false}}