{"atividade_principal": [{"text": "Com\u00e9rcio atacadista de outras m\u00e1quinas e equipamentos n\u00e3o especificados anteriormente; partes e pe\u00e7as", "code": "46.69-9-99"}], "data_situacao": "29/06/2011", "nome": "SERAR COMERCIAL LTDA", "uf": "RJ", "telefone": "(22) 2733-3600", "atividades_secundarias": [{"text": "Com\u00e9rcio atacadista de componentes eletr\u00f4nicos e equipamentos de telefonia e comunica\u00e7\u00e3o", "code": "46.52-4-00"}, {"text": "Instala\u00e7\u00e3o e manuten\u00e7\u00e3o el\u00e9trica", "code": "43.21-5-00"}, {"text": "Instala\u00e7\u00f5es hidr\u00e1ulicas, sanit\u00e1rias e de g\u00e1s", "code": "43.22-3-01"}, {"text": "Instala\u00e7\u00e3o e manuten\u00e7\u00e3o de sistemas centrais de ar condicionado, de ventila\u00e7\u00e3o e refrigera\u00e7\u00e3o", "code": "43.22-3-02"}, {"text": "Impermeabiliza\u00e7\u00e3o em obras de engenharia civil", "code": "43.30-4-01"}, {"text": "Instala\u00e7\u00e3o de portas, janelas, tetos, divis\u00f3rias e arm\u00e1rios embutidos de qualquer material", "code": "43.30-4-02"}, {"text": "Obras de acabamento em gesso e estuque", "code": "43.30-4-03"}, {"text": "Servi\u00e7os de pintura de edif\u00edcios em geral", "code": "43.30-4-04"}, {"text": "Aplica\u00e7\u00e3o de revestimentos e de resinas em interiores e exteriores", "code": "43.30-4-05"}, {"text": "Outras obras de acabamento da constru\u00e7\u00e3o", "code": "43.30-4-99"}, {"text": "Transporte rodovi\u00e1rio de carga, exceto produtos perigosos e mudan\u00e7as, intermunicipal, interestadual e internacional", "code": "49.30-2-02"}], "qsa": [{"qual": "22-S\u00f3cio", "nome": "RONALDO GONCALVES"}, {"qual": "49-S\u00f3cio-Administrador", "nome": "SERGIO LUIZ DOS SANTOS MACHADO"}], "situacao": "ATIVA", "bairro": "PARQUE AURORA", "logradouro": "R MARIO MANHAES DE ANDRADE", "numero": "138", "cep": "28.026-110", "municipio": "CAMPOS DOS GOYTACAZES", "porte": "MICRO EMPRESA", "abertura": "29/06/2011", "natureza_juridica": "206-2 - Sociedade Empres\u00e1ria Limitada", "fantasia": "SERAR", "cnpj": "13.931.537/0001-17", "ultima_atualizacao": "2020-02-08T00:29:08.541Z", "status": "OK", "tipo": "MATRIZ", "complemento": "", "email": "", "efr": "", "motivo_situacao": "", "situacao_especial": "", "data_situacao_especial": "", "capital_social": "50000.00", "extra": {}, "billing": {"free": false, "database": true}}