{"data_situacao": "16/03/2018", "motivo_situacao": "EXTINCAO P/ ENC LIQ VOLUNTARIA", "nome": "FLAVIANE FIGUEIREDO FREITAS 11741211735", "telefone": "(22) 2142-0440", "email": "atualcontabilmacae@hotmail.com", "situacao": "BAIXADA", "porte": "MICRO EMPRESA", "abertura": "25/07/2011", "natureza_juridica": "213-5 - Empres\u00e1rio (Individual)", "cnpj": "14.000.428/0001-49", "ultima_atualizacao": "2020-02-07T23:43:49.010Z", "status": "OK", "tipo": "MATRIZ", "fantasia": "", "logradouro": "", "numero": "", "complemento": "", "cep": "", "bairro": "", "municipio": "", "uf": "", "efr": "", "situacao_especial": "", "data_situacao_especial": "", "atividade_principal": [{"code": "00.00-0-00", "text": "********"}], "atividades_secundarias": [{"code": "00.00-0-00", "text": "N\u00e3o informada"}], "capital_social": "0.00", "qsa": [], "extra": {}, "billing": {"free": false, "database": true}}