{"atividade_principal": [{"text": "Com\u00e9rcio varejista de materiais de constru\u00e7\u00e3o em geral", "code": "47.44-0-99"}], "data_situacao": "27/06/2011", "nome": "F G P MADEIRAS EIRELI", "uf": "RJ", "telefone": "(22) 2762-8585", "atividades_secundarias": [{"text": "Com\u00e9rcio varejista de artigos de papelaria", "code": "47.61-0-03"}], "qsa": [{"qual": "65-Titular Pessoa F\u00edsica Residente ou Domiciliado no Brasil", "nome": "JACILENE MUNIZ PEREIRA"}], "situacao": "ATIVA", "bairro": "VISCONDE DE ARAUJO", "logradouro": "R CORONEL SIZENANDO DE SOUZA", "numero": "625", "cep": "27.910-000", "municipio": "MACAE", "porte": "MICRO EMPRESA", "abertura": "27/06/2011", "natureza_juridica": "230-5 - Empresa Individual de Responsabilidade Limitada (de Natureza Empres\u00e1ria)", "fantasia": "FAROL DO MARCENEIRO", "cnpj": "14.065.912/0001-56", "ultima_atualizacao": "2020-02-08T04:18:17.113Z", "status": "OK", "tipo": "MATRIZ", "complemento": "", "email": "", "efr": "", "motivo_situacao": "", "situacao_especial": "", "data_situacao_especial": "", "capital_social": "200000.00", "extra": {}, "billing": {"free": false, "database": false}}