{"atividade_principal": [{"text": "Filmagem de festas e eventos", "code": "74.20-0-04"}], "data_situacao": "08/09/2011", "complemento": "APT 206", "nome": "ROGERIA DE ARAUJO PRODUCOES", "uf": "RJ", "telefone": "(22) 9238-6472", "email": "roggeraraujo@hotmail.com", "atividades_secundarias": [{"text": "Atividades de produ\u00e7\u00e3o de fotografias, exceto a\u00e9rea e submarina", "code": "74.20-0-01"}, {"text": "Atividades de p\u00f3s-produ\u00e7\u00e3o cinematogr\u00e1fica, de v\u00eddeos e de programas de televis\u00e3o n\u00e3o especificadas anteriormente", "code": "59.12-0-99"}], "qsa": [], "situacao": "ATIVA", "bairro": "VISCONDE DE ARAUJO", "logradouro": "R CORONEL JOSE DE LIMA", "numero": "644", "cep": "27.943-682", "municipio": "MACAE", "porte": "MICRO EMPRESA", "abertura": "08/09/2011", "natureza_juridica": "213-5 - Empres\u00e1rio (Individual)", "cnpj": "14.251.297/0001-72", "ultima_atualizacao": "2020-02-08T00:11:17.276Z", "status": "OK", "tipo": "MATRIZ", "fantasia": "", "efr": "", "motivo_situacao": "", "situacao_especial": "", "data_situacao_especial": "", "capital_social": "35000.00", "extra": {}, "billing": {"free": false, "database": true}}