{"atividade_principal": [{"text": "Atividades de limpeza n\u00e3o especificadas anteriormente", "code": "81.29-0-00"}], "data_situacao": "14/09/2011", "nome": "MARVI COMERCIO E SERVICOS LTDA", "uf": "RJ", "telefone": "(22) 2762-3078", "atividades_secundarias": [{"text": "Com\u00e9rcio atacadista de madeira e produtos derivados", "code": "46.71-1-00"}, {"text": "Com\u00e9rcio atacadista especializado em outros produtos intermedi\u00e1rios n\u00e3o especificados anteriormente", "code": "46.89-3-99"}, {"text": "Com\u00e9rcio atacadista de artigos de escrit\u00f3rio e de papelaria", "code": "46.47-8-01"}, {"text": "Com\u00e9rcio varejista de artigos de papelaria", "code": "47.61-0-03"}, {"text": "Com\u00e9rcio varejista de artigos fotogr\u00e1ficos e para filmagem", "code": "47.89-0-08"}, {"text": "Com\u00e9rcio varejista de artigos esportivos", "code": "47.63-6-02"}, {"text": "Com\u00e9rcio atacadista de componentes eletr\u00f4nicos e equipamentos de telefonia e comunica\u00e7\u00e3o", "code": "46.52-4-00"}, {"text": "Com\u00e9rcio atacadista de produtos de higiene, limpeza e conserva\u00e7\u00e3o domiciliar", "code": "46.49-4-08"}], "qsa": [{"qual": "49-S\u00f3cio-Administrador", "nome": "MARCO ANTONIO AZEVEDO VIEIRA JUNIOR"}, {"qual": "22-S\u00f3cio", "nome": "MARIA HONORIA MOREIRA VIEIRA"}], "situacao": "ATIVA", "bairro": "GLORIA", "logradouro": "R BELA", "numero": "137", "cep": "27.933-030", "municipio": "MACAE", "porte": "MICRO EMPRESA", "abertura": "14/09/2011", "natureza_juridica": "206-2 - Sociedade Empres\u00e1ria Limitada", "cnpj": "14.333.549/0001-02", "ultima_atualizacao": "2020-02-08T05:07:10.463Z", "status": "OK", "tipo": "MATRIZ", "fantasia": "", "complemento": "", "email": "", "efr": "", "motivo_situacao": "", "situacao_especial": "", "data_situacao_especial": "", "capital_social": "50000.00", "extra": {}, "billing": {"free": false, "database": false}}