{"data_situacao": "25/09/2018", "motivo_situacao": "OMISSAO DE DECLARACOES", "nome": "NASCIMENTO MATERIAIS DE CONSTRUCAO EIRELI", "telefone": "(21) 2222-2222", "qsa": [{"qual": "65-Titular Pessoa F\u00edsica Residente ou Domiciliado no Brasil", "nome": "ANDERSON CUNHA NASCIMENTO"}], "situacao": "INAPTA", "porte": "MICRO EMPRESA", "abertura": "28/09/2011", "natureza_juridica": "231-3 - Empresa Individual de Responsabilidade Limitada (de Natureza Simples)", "cnpj": "14.393.634/0001-66", "ultima_atualizacao": "2020-02-08T00:27:44.392Z", "status": "OK", "tipo": "MATRIZ", "fantasia": "", "logradouro": "", "numero": "", "complemento": "", "cep": "", "bairro": "", "municipio": "", "uf": "", "email": "", "efr": "", "situacao_especial": "", "data_situacao_especial": "", "atividade_principal": [{"code": "00.00-0-00", "text": "********"}], "atividades_secundarias": [{"code": "00.00-0-00", "text": "N\u00e3o informada"}], "capital_social": "500000.00", "extra": {}, "billing": {"free": false, "database": true}}