{"atividade_principal": [{"text": "Com\u00e9rcio atacadista de medicamentos e drogas de uso humano", "code": "46.44-3-01"}], "data_situacao": "18/10/2011", "nome": "MEDGROUP OFFSHORE DISTRIBUIDORA DE MEDICAMENTOS E PRODUTOS FARMACEUTICOS LTDA", "uf": "RJ", "telefone": "(22) 2772-5533", "atividades_secundarias": [{"text": "Com\u00e9rcio atacadista de cosm\u00e9ticos e produtos de perfumaria", "code": "46.46-0-01"}, {"text": "Com\u00e9rcio atacadista de instrumentos e materiais para uso m\u00e9dico, cir\u00fargico, hospitalar e de laborat\u00f3rios", "code": "46.45-1-01"}, {"text": "Com\u00e9rcio atacadista de produtos odontol\u00f3gicos", "code": "46.45-1-03"}, {"text": "Manuten\u00e7\u00e3o e repara\u00e7\u00e3o de aparelhos e instrumentos de medida, teste e controle", "code": "33.12-1-02"}, {"text": "Com\u00e9rcio atacadista de roupas e acess\u00f3rios para uso profissional e de seguran\u00e7a do trabalho", "code": "46.42-7-02"}, {"text": "Testes e an\u00e1lises t\u00e9cnicas", "code": "71.20-1-00"}], "qsa": [{"qual": "49-S\u00f3cio-Administrador", "nome": "VITOR VARGAS ROBAINA"}, {"qual": "22-S\u00f3cio", "nome": "MARIANA FARIA DE FREITAS"}], "situacao": "ATIVA", "bairro": "PRAIA CAMPISTA", "logradouro": "R LUISA LYRIO DO VALE", "numero": "82", "cep": "27.923-080", "municipio": "MACAE", "porte": "EMPRESA DE PEQUENO PORTE", "abertura": "18/10/2011", "natureza_juridica": "206-2 - Sociedade Empres\u00e1ria Limitada", "fantasia": "MEDGROUP DISTRIBUIDORA DE MEDICAMENTOS", "cnpj": "14.533.591/0001-77", "ultima_atualizacao": "2020-02-08T00:33:53.466Z", "status": "OK", "tipo": "MATRIZ", "complemento": "", "email": "", "efr": "", "motivo_situacao": "", "situacao_especial": "", "data_situacao_especial": "", "capital_social": "100000.00", "extra": {}, "billing": {"free": false, "database": true}}