{"atividade_principal": [{"text": "Coleta de res\u00edduos n\u00e3o-perigosos", "code": "38.11-4-00"}], "data_situacao": "22/05/2001", "complemento": "PREDIO II", "nome": "VIASOLO ENGENHARIA AMBIENTAL S.A", "uf": "MG", "telefone": "(31) 3511-9009", "email": "viasolo@vega.com.br", "atividades_secundarias": [{"text": "Coleta de res\u00edduos perigosos", "code": "38.12-2-00"}, {"text": "Tratamento e disposi\u00e7\u00e3o de res\u00edduos n\u00e3o-perigosos", "code": "38.21-1-00"}, {"text": "Tratamento e disposi\u00e7\u00e3o de res\u00edduos perigosos", "code": "38.22-0-00"}], "qsa": [{"qual": "10-Diretor", "nome": "DOMENICO BARRETO GRANATA"}, {"qual": "10-Diretor", "nome": "ALAN PIERRE DE ESPINDULA VIEIRA"}, {"qual": "10-Diretor", "nome": "WANIA PINHEIRO MAGALHAES"}], "situacao": "ATIVA", "bairro": "RIACHO DAS AREIAS", "logradouro": "AV DA PRAIA", "numero": "100", "cep": "32.671-172", "municipio": "BETIM", "porte": "DEMAIS", "abertura": "14/11/1994", "natureza_juridica": "205-4 - Sociedade An\u00f4nima Fechada", "cnpj": "00.292.081/0001-40", "ultima_atualizacao": "2020-02-07T22:03:58.277Z", "status": "OK", "tipo": "MATRIZ", "fantasia": "", "efr": "", "motivo_situacao": "", "situacao_especial": "", "data_situacao_especial": "", "capital_social": "21367180.31", "extra": {}, "billing": {"free": false, "database": true}}