{"atividade_principal": [{"text": "Com\u00e9rcio atacadista de m\u00e1quinas e equipamentos para uso comercial; partes e pe\u00e7as", "code": "46.65-6-00"}], "data_situacao": "27/10/2003", "nome": "AM MENA EIRELI", "uf": "RJ", "telefone": "(22) 2772-5533/ (22) 2762-6627", "atividades_secundarias": [{"text": "Instala\u00e7\u00e3o e manuten\u00e7\u00e3o de sistemas centrais de ar condicionado, de ventila\u00e7\u00e3o e refrigera\u00e7\u00e3o", "code": "43.22-3-02"}, {"text": "Com\u00e9rcio atacadista de M\u00e1quinas e equipamentos para uso industrial; partes e pe\u00e7as", "code": "46.63-0-00"}], "qsa": [{"qual": "65-Titular Pessoa F\u00edsica Residente ou Domiciliado no Brasil", "nome": "CLAUDIO MUSSI RIBEIRO"}], "situacao": "ATIVA", "bairro": "CAJUEIROS", "logradouro": "R TEIXEIRA DE GOUVEIA", "numero": "1998", "cep": "27.916-000", "municipio": "MACAE", "porte": "MICRO EMPRESA", "abertura": "27/10/2003", "natureza_juridica": "230-5 - Empresa Individual de Responsabilidade Limitada (de Natureza Empres\u00e1ria)", "fantasia": "ARCON REFRIGERACAO E AR CONDICIONADO", "cnpj": "05.961.144/0001-28", "ultima_atualizacao": "2020-02-07T22:03:51.582Z", "status": "OK", "tipo": "MATRIZ", "complemento": "", "email": "", "efr": "", "motivo_situacao": "", "situacao_especial": "", "data_situacao_especial": "", "capital_social": "96000.00", "extra": {}, "billing": {"free": false, "database": true}}