{"atividade_principal": [{"text": "Constru\u00e7\u00e3o de edif\u00edcios", "code": "41.20-4-00"}], "data_situacao": "17/08/2009", "complemento": "LOJA 02 SOBLOJA", "nome": "SAFA CONSTRUTORA & EMPREITEIRA MACAE LTDA", "uf": "RJ", "telefone": "(22) 2759-1276/ (22) 2772-4976", "qsa": [{"qual": "49-S\u00f3cio-Administrador", "nome": "SANDRO FONTES PINTO"}, {"qual": "49-S\u00f3cio-Administrador", "nome": "FABIANO FONTES PINTO"}], "situacao": "ATIVA", "bairro": "CENTRO", "logradouro": "AV RUY BARBOSA", "numero": "964", "cep": "27.910-000", "municipio": "MACAE", "porte": "EMPRESA DE PEQUENO PORTE", "abertura": "17/08/2009", "natureza_juridica": "206-2 - Sociedade Empres\u00e1ria Limitada", "cnpj": "11.160.334/0001-49", "ultima_atualizacao": "2020-02-07T22:04:12.201Z", "status": "OK", "tipo": "MATRIZ", "fantasia": "", "email": "", "efr": "", "motivo_situacao": "", "situacao_especial": "", "data_situacao_especial": "", "atividades_secundarias": [{"code": "00.00-0-00", "text": "N\u00e3o informada"}], "capital_social": "140000.00", "extra": {}, "billing": {"free": false, "database": true}}