{"data_situacao": "30/05/2019", "motivo_situacao": "OMISSAO DE DECLARACOES", "nome": "M C DE MORAIS ESTAMPARIA", "situacao": "INAPTA", "porte": "MICRO EMPRESA", "abertura": "05/07/1993", "natureza_juridica": "213-5 - Empres\u00e1rio (Individual)", "cnpj": "72.441.397/0001-68", "ultima_atualizacao": "2020-02-07T22:03:37.130Z", "status": "OK", "tipo": "MATRIZ", "fantasia": "", "logradouro": "", "numero": "", "complemento": "", "cep": "", "bairro": "", "municipio": "", "uf": "", "email": "", "telefone": "", "efr": "", "situacao_especial": "", "data_situacao_especial": "", "atividade_principal": [{"code": "00.00-0-00", "text": "********"}], "atividades_secundarias": [{"code": "00.00-0-00", "text": "N\u00e3o informada"}], "capital_social": "0.00", "qsa": [], "extra": {}, "billing": {"free": false, "database": true}}