{"atividade_principal": [{"text": "Com\u00e9rcio atacadista de medicamentos e drogas de uso humano", "code": "46.44-3-01"}], "data_situacao": "07/10/2005", "nome": "VENANCIO PRODUTOS FARMACEUTICOS LTDA.", "uf": "RJ", "telefone": "(21) 2566-3300", "email": "fiscal@venancio.com.br", "atividades_secundarias": [{"text": "Com\u00e9rcio atacadista de instrumentos e materiais para uso m\u00e9dico, cir\u00fargico, hospitalar e de laborat\u00f3rios", "code": "46.45-1-01"}, {"text": "Com\u00e9rcio atacadista de cosm\u00e9ticos e produtos de perfumaria", "code": "46.46-0-01"}, {"text": "Com\u00e9rcio atacadista de outros equipamentos e artigos de uso pessoal e dom\u00e9stico n\u00e3o especificados anteriormente", "code": "46.49-4-99"}, {"text": "Atividades de consultoria em gest\u00e3o empresarial, exceto consultoria t\u00e9cnica espec\u00edfica", "code": "70.20-4-00"}, {"text": "Servi\u00e7os de organiza\u00e7\u00e3o de feiras, congressos, exposi\u00e7\u00f5es e festas", "code": "82.30-0-01"}, {"text": "Treinamento em desenvolvimento profissional e gerencial", "code": "85.99-6-04"}], "qsa": [{"qual": "49-S\u00f3cio-Administrador", "nome": "ARMANDO AHMED"}, {"qual": "22-S\u00f3cio", "qual_rep_legal": "05-Administrador", "nome_rep_legal": "ARMANDO AHMED", "nome": "AAFAMILY PARTICIPACOES LTDA."}, {"qual": "49-S\u00f3cio-Administrador", "nome": "RAFAEL VENANCIO AHMED"}, {"qual": "49-S\u00f3cio-Administrador", "nome": "DANIELLE VENANCIO AHMED MOREIRA"}, {"qual": "49-S\u00f3cio-Administrador", "nome": "RODRIGO VENANCIO AHMED"}], "situacao": "ATIVA", "bairro": "MARACANA", "logradouro": "AV PROFESSOR MANUEL DE ABREU", "numero": "761", "cep": "20.550-170", "municipio": "RIO DE JANEIRO", "porte": "DEMAIS", "abertura": "08/11/1994", "natureza_juridica": "206-2 - Sociedade Empres\u00e1ria Limitada", "cnpj": "00.285.753/0001-90", "ultima_atualizacao": "2020-02-07T23:02:56.122Z", "status": "OK", "tipo": "MATRIZ", "fantasia": "", "complemento": "", "efr": "", "motivo_situacao": "", "situacao_especial": "", "data_situacao_especial": "", "capital_social": "10000000.00", "extra": {}, "billing": {"free": false, "database": true}}