{"atividade_principal": [{"text": "Caixas econ\u00f4micas", "code": "64.23-9-00"}], "data_situacao": "03/11/2005", "complemento": "BLOCO A", "nome": "CAIXA ECONOMICA FEDERAL", "efr": "UNI\u00c3O", "uf": "DF", "telefone": "(61) 3521-8600", "qsa": [{"qual": "05-Administrador", "nome": "PAULO HENRIQUE ANGELO SOUZA"}, {"qual": "16-Presidente", "nome": "PEDRO DUARTE GUIMARAES"}, {"qual": "05-Administrador", "nome": "RONEY DE OLIVEIRA GRANEMANN"}, {"qual": "05-Administrador", "nome": "CLAUDIO SALITURO"}, {"qual": "10-Diretor", "nome": "EDILSON CARROGI RIBEIRO VIANNA"}, {"qual": "10-Diretor", "nome": "JEYSON LEYSER CORDEIRO"}, {"qual": "10-Diretor", "nome": "MARCONI NOGUEIRA PLACIDO DOS SANTOS"}, {"qual": "10-Diretor", "nome": "MATHEUS NEVES SINIBALDI"}, {"qual": "10-Diretor", "nome": "SAMUEL CRESPI"}, {"qual": "10-Diretor", "nome": "THAYS CINTRA VIEIRA"}, {"qual": "10-Diretor", "nome": "THIAGO SOUZA SILVA"}, {"qual": "05-Administrador", "nome": "ALEXANDRE XAVIER YWATA DE CARVALHO"}, {"qual": "10-Diretor", "nome": "GABRIEL DUTRA CARDOZO VIEIRA DE GOES"}, {"qual": "05-Administrador", "nome": "JAIR LUIS MAHL"}, {"qual": "05-Administrador", "nome": "JOAO EDUARDO DE ASSIS PACHECO DACACHE"}, {"qual": "10-Diretor", "nome": "TATIANA THOME DE OLIVEIRA"}, {"qual": "05-Administrador", "nome": "JULIO CESAR VOLPP SIERRA"}, {"qual": "05-Administrador", "nome": "MOZART DE OLIVEIRA FARIAS"}, {"qual": "05-Administrador", "nome": "VALTER GONCALVES NUNES"}, {"qual": "10-Diretor", "nome": "ADRIANO ASSIS MATIAS"}, {"qual": "10-Diretor", "nome": "GRYECOS ATTOM VALENTE LOUREIRO"}, {"qual": "10-Diretor", "nome": "EDUARDO KRIEGER SCHERER"}, {"qual": "10-Diretor", "nome": "DANIEL BOUERES SANDOVAL"}, {"qual": "10-Diretor", "nome": "EDUARDO FALK ANTONIO"}, {"qual": "10-Diretor", "nome": "FERNANDO CIOTTI"}, {"qual": "10-Diretor", "nome": "SALOMAO LOPES AZULAY FILHO"}, {"qual": "10-Diretor", "nome": "OSVALDO BRUNO BRASIL CAVALCANTE"}, {"qual": "10-Diretor", "nome": "ANTONIO CARLOS FERREIRA DE SOUSA"}, {"qual": "10-Diretor", "nome": "RAUELISON DA SILVA MUNIZ DOS SANTOS"}, {"qual": "10-Diretor", "nome": "THAIS RICARTE PETERS"}, {"qual": "10-Diretor", "nome": "AGATA JANJACOMO DE SIQUEIRA"}], "situacao": "ATIVA", "bairro": "ASA SUL", "logradouro": "ST BANCARIO SUL QUADRA 04", "numero": "34", "cep": "70.092-900", "municipio": "BRASILIA", "porte": "DEMAIS", "abertura": "03/02/1971", "natureza_juridica": "201-1 - Empresa P\u00fablica", "fantasia": "CEF MATRIZ", "cnpj": "00.360.305/0001-04", "ultima_atualizacao": "2020-02-07T23:25:06.608Z", "status": "OK", "tipo": "MATRIZ", "email": "", "motivo_situacao": "", "situacao_especial": "", "data_situacao_especial": "", "atividades_secundarias": [{"code": "00.00-0-00", "text": "N\u00e3o informada"}], "capital_social": "36418524397.49", "extra": {}, "billing": {"free": false, "database": true}}