{"atividade_principal": [{"text": "Administra\u00e7\u00e3o p\u00fablica em geral", "code": "84.11-6-00"}], "data_situacao": "03/11/2005", "complemento": "SBS", "nome": "FUNDO NACIONAL DE DESENVOLVIMENTO DA EDUCACAO", "efr": "UNI\u00c3O", "uf": "DF", "telefone": "(061) 2124-824", "situacao": "ATIVA", "bairro": "ASA-SUL", "logradouro": "ST BANCARIO SUL QD. 02 BL. F ED. AURE", "numero": "S/N", "cep": "70.070-929", "municipio": "BRASILIA", "porte": "DEMAIS", "abertura": "13/05/1974", "natureza_juridica": "110-4 - Autarquia Federal", "fantasia": "F N D E", "cnpj": "00.378.257/0001-81", "ultima_atualizacao": "2020-02-08T18:01:21.802Z", "status": "OK", "tipo": "MATRIZ", "email": "", "motivo_situacao": "", "situacao_especial": "", "data_situacao_especial": "", "atividades_secundarias": [{"code": "00.00-0-00", "text": "N\u00e3o informada"}], "capital_social": "0.00", "qsa": [], "extra": {}, "billing": {"free": false, "database": false}}