{"atividade_principal": [{"text": "Administra\u00e7\u00e3o p\u00fablica em geral", "code": "84.11-6-00"}], "data_situacao": "06/03/2004", "complemento": "7 ANDAR", "nome": "MINISTERIO DA ECONOMIA", "efr": "UNI\u00c3O", "uf": "DF", "situacao": "ATIVA", "bairro": "EIXO MONUMENTAL", "logradouro": "ESP DOS MINISTERIOS BLOCO", "numero": "05", "cep": "70.310-500", "municipio": "BRASILIA", "porte": "DEMAIS", "abertura": "10/10/1977", "natureza_juridica": "101-5 - \u00d3rg\u00e3o P\u00fablico do Poder Executivo Federal", "fantasia": "SECRETARIA DA RECEITA FEDERAL DO BRASIL", "cnpj": "00.394.460/0058-87", "ultima_atualizacao": "2020-02-08T00:57:24.112Z", "status": "OK", "tipo": "FILIAL", "email": "", "telefone": "", "motivo_situacao": "", "situacao_especial": "", "data_situacao_especial": "", "atividades_secundarias": [{"code": "00.00-0-00", "text": "N\u00e3o informada"}], "capital_social": "0.00", "qsa": [], "extra": {}, "billing": {"free": false, "database": true}}