{"atividade_principal": [{"text": "Administra\u00e7\u00e3o p\u00fablica em geral", "code": "84.11-6-00"}], "data_situacao": "27/08/2005", "complemento": "LTS 9 E 10", "nome": "MINISTERIO DA JUSTICA E SEGURANCA PUBLICA", "efr": "UNI\u00c3O", "uf": "DF", "situacao": "ATIVA", "bairro": "SAS", "logradouro": "Q", "numero": "06", "cep": "70.310-500", "municipio": "BRASILIA", "porte": "DEMAIS", "abertura": "28/05/1992", "natureza_juridica": "101-5 - \u00d3rg\u00e3o P\u00fablico do Poder Executivo Federal", "fantasia": "SECRETARIA NACIONAL DE SEGURANCA PUBLICA - SENASP", "cnpj": "00.394.494/0005-60", "ultima_atualizacao": "2020-02-08T17:26:01.973Z", "status": "OK", "tipo": "FILIAL", "email": "", "telefone": "", "motivo_situacao": "", "situacao_especial": "", "data_situacao_especial": "", "atividades_secundarias": [{"code": "00.00-0-00", "text": "N\u00e3o informada"}], "capital_social": "0.00", "qsa": [], "extra": {}, "billing": {"free": false, "database": false}}