{"atividade_principal": [{"text": "Fabrica\u00e7\u00e3o de estruturas met\u00e1licas", "code": "25.11-0-00"}], "data_situacao": "07/02/2011", "complemento": "QUADRA 123 LOTE AREA 02", "nome": "UNIVERSO DAS TENDAS LTDA", "uf": "GO", "telefone": "(62) 3229-2062", "atividades_secundarias": [{"text": "Fabrica\u00e7\u00e3o de artefatos de tape\u00e7aria", "code": "13.52-9-00"}, {"text": "Impress\u00e3o de material para uso publicit\u00e1rio", "code": "18.13-0-01"}, {"text": "Fabrica\u00e7\u00e3o de artefatos de borracha n\u00e3o especificados anteriormente", "code": "22.19-6-00"}, {"text": "Fabrica\u00e7\u00e3o de artefatos de material pl\u00e1stico para uso pessoal e dom\u00e9stico", "code": "22.29-3-01"}, {"text": "Fabrica\u00e7\u00e3o de artefatos de material pl\u00e1stico para usos industriais", "code": "22.29-3-02"}, {"text": "Servi\u00e7os de tratamento e revestimento em metais", "code": "25.39-0-02"}, {"text": "Fabrica\u00e7\u00e3o de produtos diversos n\u00e3o especificados anteriormente", "code": "32.99-0-99"}, {"text": "Montagem e desmontagem de andaimes e outras estruturas tempor\u00e1rias", "code": "43.99-1-02"}, {"text": "Transporte rodovi\u00e1rio de carga, exceto produtos perigosos e mudan\u00e7as, intermunicipal, interestadual e internacional", "code": "49.30-2-02"}, {"text": "Corretagem no aluguel de im\u00f3veis", "code": "68.21-8-02"}, {"text": "Agenciamento de espa\u00e7os para publicidade, exceto em ve\u00edculos de comunica\u00e7\u00e3o", "code": "73.12-2-00"}, {"text": "Cria\u00e7\u00e3o de estandes para feiras e exposi\u00e7\u00f5es", "code": "73.19-0-01"}, {"text": "Outras atividades de publicidade n\u00e3o especificadas anteriormente", "code": "73.19-0-99"}, {"text": "Aluguel de palcos, coberturas e outras estruturas de uso tempor\u00e1rio, exceto andaimes", "code": "77.39-0-03"}, {"text": "Repara\u00e7\u00e3o e manuten\u00e7\u00e3o de outros objetos e equipamentos pessoais e dom\u00e9sticos n\u00e3o especificados anteriormente", "code": "95.29-1-99"}], "situacao": "ATIVA", "bairro": "CIDADE JARDIM", "logradouro": "AV SONNEMBERG", "numero": "112", "cep": "74.413-125", "municipio": "GOIANIA", "porte": "DEMAIS", "abertura": "07/02/2011", "natureza_juridica": "206-2 - Sociedade Empres\u00e1ria Limitada", "fantasia": "TENDAS & COMPANHIA", "cnpj": "00.505.619/0003-10", "ultima_atualizacao": "2020-02-08T17:44:54.714Z", "status": "OK", "tipo": "FILIAL", "email": "", "efr": "", "motivo_situacao": "", "situacao_especial": "", "data_situacao_especial": "", "capital_social": "0.00", "qsa": [], "extra": {}, "billing": {"free": false, "database": false}}