{"atividade_principal": [{"text": "Administra\u00e7\u00e3o p\u00fablica em geral", "code": "84.11-6-00"}], "data_situacao": "03/11/2005", "complemento": "4 ANDAR SALA 432", "nome": "FUNDO NACIONAL DE SAUDE", "efr": "UNI\u00c3O", "uf": "DF", "situacao": "ATIVA", "bairro": "PLANO PILOTO", "logradouro": "ESP M DA SAUDE BLOCO", "numero": "11", "cep": "70.058-900", "municipio": "BRASILIA", "porte": "DEMAIS", "abertura": "04/01/1979", "natureza_juridica": "131-7 - Fundo P\u00fablico da Administra\u00e7\u00e3o Direta Federal", "fantasia": "DIRETORIA EXECUTIVA DO FUNDO NACIONAL DE SAUDE", "cnpj": "00.530.493/0001-71", "ultima_atualizacao": "2020-02-08T17:33:03.849Z", "status": "OK", "tipo": "MATRIZ", "email": "", "telefone": "", "motivo_situacao": "", "situacao_especial": "", "data_situacao_especial": "", "atividades_secundarias": [{"code": "00.00-0-00", "text": "N\u00e3o informada"}], "capital_social": "0.00", "qsa": [], "extra": {}, "billing": {"free": false, "database": false}}