{"atividade_principal": [{"text": "Constru\u00e7\u00e3o de edif\u00edcios", "code": "41.20-4-00"}], "data_situacao": "03/11/2005", "complemento": "SALA 1107", "nome": "PLENAV PLANEJAMENTO ENGENHARIA E AVALIACOES LTDA", "uf": "RJ", "atividades_secundarias": [{"text": "Incorpora\u00e7\u00e3o de empreendimentos imobili\u00e1rios", "code": "41.10-7-00"}, {"text": "Servi\u00e7os especializados para constru\u00e7\u00e3o n\u00e3o especificados anteriormente", "code": "43.99-1-99"}, {"text": "Servi\u00e7os de arquitetura", "code": "71.11-1-00"}, {"text": "Servi\u00e7os de engenharia", "code": "71.12-0-00"}, {"text": "Atividades de consultoria em gest\u00e3o empresarial, exceto consultoria t\u00e9cnica espec\u00edfica", "code": "70.20-4-00"}], "qsa": [{"qual": "49-S\u00f3cio-Administrador", "nome": "EMMANUEL SADER FILHO"}, {"qual": "22-S\u00f3cio", "nome": "MARCELO BELMONT DE OLIVEIRA"}], "situacao": "ATIVA", "bairro": "CENTRO", "logradouro": "R VISCONDE DO RIO BRANCO", "numero": "633", "cep": "24.020-005", "municipio": "NITEROI", "porte": "DEMAIS", "abertura": "13/06/1995", "natureza_juridica": "206-2 - Sociedade Empres\u00e1ria Limitada", "cnpj": "00.667.166/0001-66", "ultima_atualizacao": "2020-02-08T17:29:42.755Z", "status": "OK", "tipo": "MATRIZ", "fantasia": "", "email": "", "telefone": "", "efr": "", "motivo_situacao": "", "situacao_especial": "", "data_situacao_especial": "", "capital_social": "0.00", "extra": {}, "billing": {"free": false, "database": false}}