{"atividade_principal": [{"text": "Reprodu\u00e7\u00e3o de software em qualquer suporte", "code": "18.30-0-03"}], "data_situacao": "03/11/2005", "complemento": "CASA", "nome": "BPGR TECNOLOGIA E INFORMACAO EIRELI", "uf": "RJ", "telefone": "(21) 6259-576", "atividades_secundarias": [{"text": "Desenvolvimento e licenciamento de programas de computador customiz\u00e1veis", "code": "62.02-3-00"}, {"text": "Suporte t\u00e9cnico, manuten\u00e7\u00e3o e outros servi\u00e7os em tecnologia da informa\u00e7\u00e3o", "code": "62.09-1-00"}, {"text": "Tratamento de dados, provedores de servi\u00e7os de aplica\u00e7\u00e3o e servi\u00e7os de hospedagem na internet", "code": "63.11-9-00"}, {"text": "Portais, provedores de conte\u00fado e outros servi\u00e7os de informa\u00e7\u00e3o na internet", "code": "63.19-4-00"}], "qsa": [{"qual": "65-Titular Pessoa F\u00edsica Residente ou Domiciliado no Brasil", "nome": "LEILA DA SILVA FONSECA"}], "situacao": "ATIVA", "bairro": "FONSECA", "logradouro": "R ARI PINTO LIMA", "numero": "44", "cep": "24.120-180", "municipio": "NITEROI", "porte": "EMPRESA DE PEQUENO PORTE", "abertura": "26/10/1995", "natureza_juridica": "230-5 - Empresa Individual de Responsabilidade Limitada (de Natureza Empres\u00e1ria)", "fantasia": "DOINET BRASIL DADOS PUBLICOS", "cnpj": "00.885.818/0001-39", "ultima_atualizacao": "2020-02-08T16:56:31.290Z", "status": "OK", "tipo": "MATRIZ", "email": "", "efr": "", "motivo_situacao": "", "situacao_especial": "", "data_situacao_especial": "", "capital_social": "120000.00", "extra": {}, "billing": {"free": false, "database": false}}