{"atividade_principal": [{"text": "Transporte rodovi\u00e1rio coletivo de passageiros, sob regime de fretamento, intermunicipal, interestadual e internacional", "code": "49.29-9-02"}], "data_situacao": "04/06/2005", "nome": "DOULOS TRANSPORTES E SERVICOS ESPECIALIZADOS LTDA", "uf": "RJ", "telefone": "(22) 2762-8001/ (22) 9721-8350", "email": "rosiandradepaes@gmail.com", "atividades_secundarias": [{"text": "Atividades de apoio \u00e0 extra\u00e7\u00e3o de petr\u00f3leo e g\u00e1s natural", "code": "09.10-6-00"}, {"text": "Coleta de res\u00edduos n\u00e3o-perigosos", "code": "38.11-4-00"}, {"text": "Constru\u00e7\u00e3o de edif\u00edcios", "code": "41.20-4-00"}, {"text": "Obras de urbaniza\u00e7\u00e3o - ruas, pra\u00e7as e cal\u00e7adas", "code": "42.13-8-00"}, {"text": "Obras de terraplenagem", "code": "43.13-4-00"}, {"text": "Instala\u00e7\u00e3o e manuten\u00e7\u00e3o el\u00e9trica", "code": "43.21-5-00"}, {"text": "Servi\u00e7os de pintura de edif\u00edcios em geral", "code": "43.30-4-04"}, {"text": "Servi\u00e7os de opera\u00e7\u00e3o e fornecimento de equipamentos para transporte e eleva\u00e7\u00e3o de cargas e pessoas para uso em obras", "code": "43.99-1-04"}, {"text": "Transporte rodovi\u00e1rio coletivo de passageiros, com itiner\u00e1rio fixo, municipal", "code": "49.21-3-01"}, {"text": "Servi\u00e7o de transporte de passageiros - loca\u00e7\u00e3o de autom\u00f3veis com motorista", "code": "49.23-0-02"}, {"text": "Transporte escolar", "code": "49.24-8-00"}, {"text": "Transporte rodovi\u00e1rio coletivo de passageiros, sob regime de fretamento, municipal", "code": "49.29-9-01"}, {"text": "Transporte rodovi\u00e1rio de produtos perigosos", "code": "49.30-2-03"}, {"text": "Transporte rodovi\u00e1rio de mudan\u00e7as", "code": "49.30-2-04"}, {"text": "Armaz\u00e9ns gerais - emiss\u00e3o de warrant", "code": "52.11-7-01"}, {"text": "Carga e descarga", "code": "52.12-5-00"}, {"text": "Servi\u00e7os de reboque de ve\u00edculos", "code": "52.29-0-02"}, {"text": "Atividades do Operador Portu\u00e1rio", "code": "52.31-1-02"}, {"text": "Organiza\u00e7\u00e3o log\u00edstica do transporte de carga", "code": "52.50-8-04"}, {"text": "Gest\u00e3o e administra\u00e7\u00e3o da propriedade imobili\u00e1ria", "code": "68.22-6-00"}, {"text": "Testes e an\u00e1lises t\u00e9cnicas", "code": "71.20-1-00"}, {"text": "Loca\u00e7\u00e3o de autom\u00f3veis sem condutor", "code": "77.11-0-00"}, {"text": "Loca\u00e7\u00e3o de outros meios de transporte n\u00e3o especificados anteriormente, sem condutor", "code": "77.19-5-99"}, {"text": "Fornecimento e gest\u00e3o de recursos humanos para terceiros", "code": "78.30-2-00"}, {"text": "Ag\u00eancias de viagens", "code": "79.11-2-00"}, {"text": "Limpeza em pr\u00e9dios e em domic\u00edlios", "code": "81.21-4-00"}, {"text": "Atividades de limpeza n\u00e3o especificadas anteriormente", "code": "81.29-0-00"}, {"text": "Atividades paisag\u00edsticas", "code": "81.30-3-00"}, {"text": "Servi\u00e7os combinados de escrit\u00f3rio e apoio administrativo", "code": "82.11-3-00"}, {"text": "Prepara\u00e7\u00e3o de documentos e servi\u00e7os especializados de apoio administrativo n\u00e3o especificados anteriormente", "code": "82.19-9-99"}, {"text": "Atividades de teleatendimento", "code": "82.20-2-00"}, {"text": "Outras atividades de servi\u00e7os prestados principalmente \u00e0s empresas n\u00e3o especificadas anteriormente", "code": "82.99-7-99"}], "qsa": [{"qual": "49-S\u00f3cio-Administrador", "nome": "CLAUDIO ANDRADE PAES"}, {"qual": "22-S\u00f3cio", "nome": "GABRIELA PEREIRA PAES"}], "situacao": "ATIVA", "bairro": "VALE ENCANTADO", "logradouro": "R LADY ESTEVES DA CONCEICAO", "numero": "420", "cep": "27.933-420", "municipio": "MACAE", "porte": "EMPRESA DE PEQUENO PORTE", "abertura": "30/10/1995", "natureza_juridica": "206-2 - Sociedade Empres\u00e1ria Limitada", "fantasia": "SOLUCOES LOGISTICAS", "cnpj": "00.943.094/0001-32", "ultima_atualizacao": "2020-02-08T00:44:53.593Z", "status": "OK", "tipo": "MATRIZ", "complemento": "", "efr": "", "motivo_situacao": "", "situacao_especial": "", "data_situacao_especial": "", "capital_social": "3500000.00", "extra": {}, "billing": {"free": false, "database": true}}