{"data_situacao": "28/11/2018", "motivo_situacao": "OMISSAO DE DECLARACOES", "nome": "M H A MACHADO EDITORA DE JORNAIS E REVISTAS", "telefone": "(22) 2762-9510", "qsa": [], "situacao": "INAPTA", "porte": "MICRO EMPRESA", "abertura": "14/05/1996", "natureza_juridica": "213-5 - Empres\u00e1rio (Individual)", "fantasia": "JORNAL FOLHA DE MACAE", "cnpj": "01.234.896/0001-36", "ultima_atualizacao": "2020-02-08T17:45:45.930Z", "status": "OK", "tipo": "MATRIZ", "logradouro": "", "numero": "", "complemento": "", "cep": "", "bairro": "", "municipio": "", "uf": "", "email": "", "efr": "", "situacao_especial": "", "data_situacao_especial": "", "atividade_principal": [{"code": "00.00-0-00", "text": "********"}], "atividades_secundarias": [{"code": "00.00-0-00", "text": "N\u00e3o informada"}], "capital_social": "12000.00", "extra": {}, "billing": {"free": false, "database": false}}