{"data_situacao": "28/03/2019", "motivo_situacao": "OMISSAO DE DECLARACOES", "nome": "COOP AGROP INDUSTR COMERC DE BARRO ALTO E CAIXA D AGUA", "qsa": [{"qual": "16-Presidente", "nome": "PAULO CEZAR VENTURA MENDONCA"}], "situacao": "INAPTA", "porte": "DEMAIS", "abertura": "04/06/1996", "natureza_juridica": "214-3 - Cooperativa", "fantasia": "COOAPINC", "cnpj": "01.256.679/0001-47", "ultima_atualizacao": "2020-02-07T23:25:40.341Z", "status": "OK", "tipo": "MATRIZ", "logradouro": "", "numero": "", "complemento": "", "cep": "", "bairro": "", "municipio": "", "uf": "", "email": "", "telefone": "", "efr": "", "situacao_especial": "", "data_situacao_especial": "", "atividade_principal": [{"code": "00.00-0-00", "text": "********"}], "atividades_secundarias": [{"code": "00.00-0-00", "text": "N\u00e3o informada"}], "capital_social": "0.00", "extra": {}, "billing": {"free": false, "database": true}}