{"atividade_principal": [{"text": "Administra\u00e7\u00e3o p\u00fablica em geral", "code": "84.11-6-00"}], "data_situacao": "03/11/2005", "complemento": "BL B", "nome": "MINISTERIO DA CULTURA", "efr": "UNI\u00c3O", "uf": "DF", "situacao": "ATIVA", "bairro": "PLANO PILOTO", "logradouro": "ESPLAN DOS MINISTERIOS", "cep": "70.310-500", "municipio": "BRASILIA", "porte": "DEMAIS", "abertura": "30/10/1992", "natureza_juridica": "101-5 - \u00d3rg\u00e3o P\u00fablico do Poder Executivo Federal", "fantasia": "SECRET DE ADMIN GERAL EXECUCAO ORCAMENT E FINANCEIRA", "cnpj": "01.264.142/0002-00", "ultima_atualizacao": "2020-02-08T17:23:50.336Z", "status": "OK", "tipo": "FILIAL", "numero": "", "email": "", "telefone": "", "motivo_situacao": "", "situacao_especial": "", "data_situacao_especial": "", "atividades_secundarias": [{"code": "00.00-0-00", "text": "N\u00e3o informada"}], "capital_social": "0.00", "qsa": [], "extra": {}, "billing": {"free": false, "database": false}}