{"atividade_principal": [{"text": "Aluguel de outras m\u00e1quinas e equipamentos comerciais e industriais n\u00e3o especificados anteriormente, sem operador", "code": "77.39-0-99"}], "data_situacao": "14/08/2001", "complemento": "LOTEAMENTO GRANJA DOSCAVALEIROS", "nome": "R P FILHO SERVICOS HIDRAULICOS LTDA", "uf": "RJ", "telefone": "(22) 2762-5696", "atividades_secundarias": [{"text": "Com\u00e9rcio varejista de outros artigos usados", "code": "47.85-7-99"}, {"text": "Constru\u00e7\u00e3o de edif\u00edcios", "code": "41.20-4-00"}, {"text": "Fabrica\u00e7\u00e3o de outros produtos de metal n\u00e3o especificados anteriormente", "code": "25.99-3-99"}, {"text": "Outras atividades de servi\u00e7os prestados principalmente \u00e0s empresas n\u00e3o especificadas anteriormente", "code": "82.99-7-99"}, {"text": "Servi\u00e7os de engenharia", "code": "71.12-0-00"}, {"text": "Transporte rodovi\u00e1rio de carga, exceto produtos perigosos e mudan\u00e7as, intermunicipal, interestadual e internacional", "code": "49.30-2-02"}], "qsa": [{"qual": "49-S\u00f3cio-Administrador", "nome": "ROSANE MARIA BOUCAS PEREIRA"}, {"qual": "49-S\u00f3cio-Administrador", "nome": "RODRIGO BOUCAS PEREIRA"}, {"qual": "49-S\u00f3cio-Administrador", "nome": "ROSA MARIA BOUCAS PEREIRA VIEIRA"}], "situacao": "ATIVA", "bairro": "GRANJA DOS CAVALEIROS", "logradouro": "AV ACADEMICO PAULO SERGIO DE CARVALHO VASCONCELLOS", "numero": "707", "cep": "27.930-260", "municipio": "MACAE", "porte": "DEMAIS", "abertura": "26/06/1996", "natureza_juridica": "206-2 - Sociedade Empres\u00e1ria Limitada", "fantasia": "R P FILHO", "cnpj": "01.299.537/0001-67", "ultima_atualizacao": "2020-02-08T00:36:02.347Z", "status": "OK", "tipo": "MATRIZ", "email": "", "efr": "", "motivo_situacao": "", "situacao_especial": "", "data_situacao_especial": "", "capital_social": "5000000.00", "extra": {}, "billing": {"free": false, "database": true}}