{"atividade_principal": [{"text": "Atividade m\u00e9dica ambulatorial com recursos para realiza\u00e7\u00e3o de exames complementares", "code": "86.30-5-02"}], "data_situacao": "09/12/2000", "complemento": "SALA: 811 812 E 813;", "nome": "COLOPROCTOLOGIA DRA LUCIA DE OLIVEIRA", "uf": "RJ", "telefone": "(21) 2227-3608", "qsa": [{"qual": "49-S\u00f3cio-Administrador", "nome": "LUCIA CAMARA DE CASTRO OLIVEIRA"}, {"qual": "52-S\u00f3cio com Capital", "nome": "FLAVIA DE ALVARENGA NETTO"}], "situacao": "ATIVA", "bairro": "IPANEMA", "logradouro": "R VISCONDE DE PIRAJA", "numero": "414", "cep": "22.410-002", "municipio": "RIO DE JANEIRO", "porte": "EMPRESA DE PEQUENO PORTE", "abertura": "04/01/1996", "natureza_juridica": "223-2 - Sociedade Simples Pura", "cnpj": "01.369.203/0001-12", "ultima_atualizacao": "2020-02-07T23:23:55.200Z", "status": "OK", "tipo": "MATRIZ", "fantasia": "", "email": "", "efr": "", "motivo_situacao": "", "situacao_especial": "", "data_situacao_especial": "", "atividades_secundarias": [{"code": "00.00-0-00", "text": "N\u00e3o informada"}], "capital_social": "1000.00", "extra": {}, "billing": {"free": false, "database": true}}