{"atividade_principal": [{"text": "Restaurantes e similares", "code": "56.11-2-01"}], "data_situacao": "03/11/2005", "nome": "L. C. CEZAR DE ALMEIDA", "uf": "RJ", "atividades_secundarias": [{"text": "Fornecimento de alimentos preparados preponderantemente para empresas", "code": "56.20-1-01"}, {"text": "Servi\u00e7os de alimenta\u00e7\u00e3o para eventos e recep\u00e7\u00f5es - buf\u00ea", "code": "56.20-1-02"}], "qsa": [], "situacao": "ATIVA", "bairro": "IMBETIBA", "logradouro": "R CUSTODIO SILVA JUNIOR", "numero": "74", "cep": "27.973-280", "municipio": "MACAE", "porte": "MICRO EMPRESA", "abertura": "20/06/1996", "natureza_juridica": "213-5 - Empres\u00e1rio (Individual)", "fantasia": "LE BUFFET RESTAURANTE", "cnpj": "01.384.815/0001-84", "ultima_atualizacao": "2020-02-08T00:52:16.583Z", "status": "OK", "tipo": "MATRIZ", "complemento": "", "email": "", "telefone": "", "efr": "", "motivo_situacao": "", "situacao_especial": "", "data_situacao_especial": "", "capital_social": "180000.00", "extra": {}, "billing": {"free": false, "database": true}}