{"atividade_principal": [{"text": "Com\u00e9rcio atacadista de m\u00e1quinas, aparelhos e equipamentos para uso odonto-m\u00e9dico-hospitalar; partes e pe\u00e7as", "code": "46.64-8-00"}], "data_situacao": "19/08/2014", "complemento": ": E RUA GERSON; : BENEDITO DE ASSIS; : 170 ANDAR TERREO; : PREDIO 40 LADO B; : NACIONAL HDX;", "nome": "SIEMENS HEALTHCARE DIAGNOSTICOS LTDA.", "uf": "SP", "telefone": "(11) 3908-5755/ (11) 3908-2252", "email": "tax.br@siemens.com", "situacao": "ATIVA", "bairro": "DISTRITO INDUSTRIAL", "logradouro": "AV ENGENHEIRO JOAO FERNANDES GIMENES MOLINA", "numero": "1745", "cep": "13.213-080", "municipio": "JUNDIAI", "porte": "DEMAIS", "abertura": "19/08/2014", "natureza_juridica": "206-2 - Sociedade Empres\u00e1ria Limitada", "cnpj": "01.449.930/0005-13", "ultima_atualizacao": "2020-02-08T04:12:15.774Z", "status": "OK", "tipo": "FILIAL", "fantasia": "", "efr": "", "motivo_situacao": "", "situacao_especial": "", "data_situacao_especial": "", "atividades_secundarias": [{"code": "00.00-0-00", "text": "N\u00e3o informada"}], "capital_social": "0.00", "qsa": [], "extra": {}, "billing": {"free": false, "database": true}}