{"atividade_principal": [{"text": "Desenvolvimento de programas de computador sob encomenda", "code": "62.01-5-01"}], "data_situacao": "27/08/2005", "complemento": "ANDAR 1 4 7 9 10 11 12 13 14 15 16 E 17 CONJ 52 LOCALIZADO NO 5 ANDAR", "nome": "CERTISIGN CERTIFICADORA DIGITAL S.A", "uf": "SP", "telefone": "(11) 3478-9444", "email": "sac@certisign.com.br", "atividades_secundarias": [{"text": "Desenvolvimento e licenciamento de programas de computador customiz\u00e1veis", "code": "62.02-3-00"}, {"text": "Desenvolvimento e licenciamento de programas de computador n\u00e3o-customiz\u00e1veis", "code": "62.03-1-00"}, {"text": "Consultoria em tecnologia da informa\u00e7\u00e3o", "code": "62.04-0-00"}, {"text": "Suporte t\u00e9cnico, manuten\u00e7\u00e3o e outros servi\u00e7os em tecnologia da informa\u00e7\u00e3o", "code": "62.09-1-00"}, {"text": "Tratamento de dados, provedores de servi\u00e7os de aplica\u00e7\u00e3o e servi\u00e7os de hospedagem na internet", "code": "63.11-9-00"}, {"text": "Portais, provedores de conte\u00fado e outros servi\u00e7os de informa\u00e7\u00e3o na internet", "code": "63.19-4-00"}, {"text": "Com\u00e9rcio varejista especializado de equipamentos e suprimentos de inform\u00e1tica", "code": "47.51-2-01"}, {"text": "Outras sociedades de participa\u00e7\u00e3o, exceto holdings", "code": "64.63-8-00"}, {"text": "Outras atividades de presta\u00e7\u00e3o de servi\u00e7os de informa\u00e7\u00e3o n\u00e3o especificadas anteriormente", "code": "63.99-2-00"}, {"text": "Atividades de intermedia\u00e7\u00e3o e agenciamento de servi\u00e7os e neg\u00f3cios em geral, exceto imobili\u00e1rios", "code": "74.90-1-04"}, {"text": "Prepara\u00e7\u00e3o de documentos e servi\u00e7os especializados de apoio administrativo n\u00e3o especificados anteriormente", "code": "82.19-9-99"}], "qsa": [{"qual": "10-Diretor", "nome": "RONI DE OLIVEIRA FRANCO"}, {"qual": "10-Diretor", "nome": "BERNARDO STILLE NETO"}], "situacao": "ATIVA", "bairro": "CONSOLACAO", "logradouro": "R BELA CINTRA", "numero": "904", "cep": "01.415-002", "municipio": "SAO PAULO", "porte": "DEMAIS", "abertura": "04/07/1996", "natureza_juridica": "205-4 - Sociedade An\u00f4nima Fechada", "cnpj": "01.554.285/0001-75", "ultima_atualizacao": "2020-02-08T17:48:10.040Z", "status": "OK", "tipo": "MATRIZ", "fantasia": "", "efr": "", "motivo_situacao": "", "situacao_especial": "", "data_situacao_especial": "", "capital_social": "0.00", "extra": {}, "billing": {"free": false, "database": false}}