{"atividade_principal": [{"text": "Com\u00e9rcio varejista de materiais de constru\u00e7\u00e3o n\u00e3o especificados anteriormente", "code": "47.44-0-05"}], "data_situacao": "06/02/2004", "complemento": "LOJA 01", "nome": "L M M DE MELO ELETRO HIDRAULICA", "uf": "RJ", "telefone": "(22) 2772-0699/ (22) 2772-5508", "atividades_secundarias": [{"text": "Com\u00e9rcio varejista de materiais hidr\u00e1ulicos", "code": "47.44-0-03"}, {"text": "Com\u00e9rcio varejista de material el\u00e9trico", "code": "47.42-3-00"}, {"text": "Com\u00e9rcio varejista de artigos de ilumina\u00e7\u00e3o", "code": "47.54-7-03"}, {"text": "Com\u00e9rcio varejista de ferragens e ferramentas", "code": "47.44-0-01"}, {"text": "Com\u00e9rcio varejista de tintas e materiais para pintura", "code": "47.41-5-00"}], "qsa": [], "situacao": "ATIVA", "bairro": "AROEIRA", "logradouro": "R ALCIDES MOURAO", "numero": "678", "cep": "27.946-382", "municipio": "MACAE", "porte": "MICRO EMPRESA", "abertura": "20/02/1997", "natureza_juridica": "213-5 - Empres\u00e1rio (Individual)", "fantasia": "ELETRICA & HIDRAULICA 2000", "cnpj": "01.708.125/0001-33", "ultima_atualizacao": "2020-02-08T01:06:53.559Z", "status": "OK", "tipo": "MATRIZ", "email": "", "efr": "", "motivo_situacao": "", "situacao_especial": "", "data_situacao_especial": "", "capital_social": "20000.00", "extra": {}, "billing": {"free": false, "database": true}}