{"atividade_principal": [{"text": "Atividades de sonoriza\u00e7\u00e3o e de ilumina\u00e7\u00e3o", "code": "90.01-9-06"}], "data_situacao": "03/11/2005", "complemento": "GALPAO", "nome": "CARDIM & CARDIM LTDA", "uf": "RJ", "telefone": "(22) 2762-6813", "atividades_secundarias": [{"text": "Produ\u00e7\u00e3o musical", "code": "90.01-9-02"}, {"text": "Loca\u00e7\u00e3o de outros meios de transporte n\u00e3o especificados anteriormente, sem condutor", "code": "77.19-5-99"}, {"text": "Loca\u00e7\u00e3o de autom\u00f3veis sem condutor", "code": "77.11-0-00"}, {"text": "Aluguel de outras m\u00e1quinas e equipamentos comerciais e industriais n\u00e3o especificados anteriormente, sem operador", "code": "77.39-0-99"}, {"text": "Aluguel de palcos, coberturas e outras estruturas de uso tempor\u00e1rio, exceto andaimes", "code": "77.39-0-03"}, {"text": "Aluguel de andaimes", "code": "77.32-2-02"}, {"text": "Montagem e desmontagem de andaimes e outras estruturas tempor\u00e1rias", "code": "43.99-1-02"}, {"text": "Artes c\u00eanicas, espet\u00e1culos e atividades complementares n\u00e3o especificadas anteriormente", "code": "90.01-9-99"}, {"text": "Casas de festas e eventos", "code": "82.30-0-02"}, {"text": "Ag\u00eancias de not\u00edcias", "code": "63.91-7-00"}], "qsa": [{"qual": "49-S\u00f3cio-Administrador", "nome": "MARIO ROBERTO CARDIM"}, {"qual": "49-S\u00f3cio-Administrador", "nome": "MARCELI DE ALMEIDA CARDIM"}], "situacao": "ATIVA", "bairro": "VISCONDE DE ARAUJO", "logradouro": "R PREFEITO LATIFF MUSSI ROCHA", "numero": "298", "cep": "27.940-160", "municipio": "MACAE", "porte": "MICRO EMPRESA", "abertura": "06/03/1997", "natureza_juridica": "206-2 - Sociedade Empres\u00e1ria Limitada", "fantasia": "CARDIM & CARDIM", "cnpj": "01.741.069/0001-39", "ultima_atualizacao": "2020-02-07T21:54:34.775Z", "status": "OK", "tipo": "MATRIZ", "email": "", "efr": "", "motivo_situacao": "", "situacao_especial": "", "data_situacao_especial": "", "capital_social": "943250.00", "extra": {}, "billing": {"free": false, "database": true}}