{"atividade_principal": [{"text": "Administra\u00e7\u00e3o de caixas escolares", "code": "85.50-3-01"}], "data_situacao": "28/06/1999", "nome": "CONSELHO ESCOLAR DA ESCOLA ESTADUAL MUNICIPALIZADA IMBOASSICA", "uf": "RJ", "atividades_secundarias": [{"text": "Outras atividades de ensino n\u00e3o especificadas anteriormente", "code": "85.99-6-99"}], "qsa": [{"qual": "16-Presidente", "nome": "MARIANA COSTA CAVALCANTI"}], "situacao": "ATIVA", "bairro": "IMBOASSICA", "logradouro": "R \"B\"", "numero": "S/N", "cep": "27.937-300", "municipio": "MACAE", "porte": "DEMAIS", "abertura": "27/05/1997", "natureza_juridica": "399-9 - Associa\u00e7\u00e3o Privada", "fantasia": "CE EEMI", "cnpj": "01.862.351/0001-74", "ultima_atualizacao": "2020-02-08T17:01:24.072Z", "status": "OK", "tipo": "MATRIZ", "complemento": "", "email": "", "telefone": "", "efr": "", "motivo_situacao": "", "situacao_especial": "", "data_situacao_especial": "", "capital_social": "0.00", "extra": {}, "billing": {"free": false, "database": false}}