{"atividade_principal": [{"text": "Administra\u00e7\u00e3o de caixas escolares", "code": "85.50-3-01"}], "data_situacao": "14/06/2003", "nome": "CONSELHO ESCOLAR DA ESCOLA MUNICIPAL EDA MOREIRA DAFLON", "uf": "RJ", "telefone": "(22) 2796-1138", "email": "gestaodasuexs@gmail.com", "atividades_secundarias": [{"text": "Outras atividades de ensino n\u00e3o especificadas anteriormente", "code": "85.99-6-99"}], "qsa": [{"qual": "16-Presidente", "nome": "ROSELY RODRIGUES VICTOR DAL BELLO"}], "situacao": "ATIVA", "bairro": "CENTRO", "logradouro": "R MARECHAL DEODORO", "numero": "SN", "cep": "27.910-310", "municipio": "MACAE", "porte": "DEMAIS", "abertura": "21/07/1997", "natureza_juridica": "399-9 - Associa\u00e7\u00e3o Privada", "fantasia": "CE EMPEMD", "cnpj": "01.985.426/0001-04", "ultima_atualizacao": "2020-02-08T16:53:45.862Z", "status": "OK", "tipo": "MATRIZ", "complemento": "", "efr": "", "motivo_situacao": "", "situacao_especial": "", "data_situacao_especial": "", "capital_social": "0.00", "extra": {}, "billing": {"free": false, "database": false}}