{"atividade_principal": [{"text": "Com\u00e9rcio atacadista de artigos de escrit\u00f3rio e de papelaria", "code": "46.47-8-01"}], "data_situacao": "31/12/2008", "complemento": "FUNDOS", "nome": "VALTEX DE NITEROI COMERCIO E SERVICO EIRELI", "uf": "RJ", "atividades_secundarias": [{"text": "Com\u00e9rcio a varejo de pe\u00e7as e acess\u00f3rios usados para ve\u00edculos automotores", "code": "45.30-7-04"}, {"text": "Com\u00e9rcio atacadista de roupas e acess\u00f3rios para uso profissional e de seguran\u00e7a do trabalho", "code": "46.42-7-02"}, {"text": "Com\u00e9rcio atacadista de produtos de higiene, limpeza e conserva\u00e7\u00e3o domiciliar", "code": "46.49-4-08"}, {"text": "Com\u00e9rcio atacadista de equipamentos de inform\u00e1tica", "code": "46.51-6-01"}, {"text": "Com\u00e9rcio atacadista de tintas, vernizes e similares", "code": "46.79-6-01"}, {"text": "Com\u00e9rcio atacadista de vidros, espelhos, vitrais e molduras", "code": "46.79-6-03"}, {"text": "Com\u00e9rcio varejista de material el\u00e9trico", "code": "47.42-3-00"}, {"text": "Com\u00e9rcio varejista de materiais de constru\u00e7\u00e3o em geral", "code": "47.44-0-99"}, {"text": "Comercio varejista de artigos de armarinho", "code": "47.55-5-02"}, {"text": "Comercio varejista de artigos de cama, mesa e banho", "code": "47.55-5-03"}, {"text": "Com\u00e9rcio varejista de artigos de papelaria", "code": "47.61-0-03"}, {"text": "Com\u00e9rcio varejista de brinquedos e artigos recreativos", "code": "47.63-6-01"}, {"text": "Com\u00e9rcio varejista de artigos esportivos", "code": "47.63-6-02"}, {"text": "Com\u00e9rcio varejista de cal\u00e7ados", "code": "47.82-2-01"}, {"text": "Com\u00e9rcio varejista de equipamentos para escrit\u00f3rio", "code": "47.89-0-07"}], "qsa": [{"qual": "65-Titular Pessoa F\u00edsica Residente ou Domiciliado no Brasil", "nome": "HAROLDO FONTOURA FAGUNDES"}], "situacao": "ATIVA", "bairro": "FONSECA", "logradouro": "R SAO JANUARIO", "numero": "124", "cep": "24.130-386", "municipio": "NITEROI", "porte": "MICRO EMPRESA", "abertura": "17/07/1997", "natureza_juridica": "230-5 - Empresa Individual de Responsabilidade Limitada (de Natureza Empres\u00e1ria)", "fantasia": "VALTEX DE NITEROI", "cnpj": "02.001.594/0001-80", "ultima_atualizacao": "2020-02-08T05:14:41.215Z", "status": "OK", "tipo": "MATRIZ", "email": "", "telefone": "", "efr": "", "motivo_situacao": "", "situacao_especial": "", "data_situacao_especial": "", "capital_social": "800000.00", "extra": {}, "billing": {"free": false, "database": true}}