{"data_situacao": "05/04/2018", "motivo_situacao": "EXTINCAO P/ ENC LIQ VOLUNTARIA", "nome": "FUNDACAO MACAE DE CULTURA", "efr": "MUNIC\u00cdPIO DE MACAE", "telefone": "(22) 2759-0889/ (22) 2791-7462", "email": "fmc@macae.rj.gov.br", "situacao": "BAIXADA", "porte": "DEMAIS", "abertura": "13/08/1997", "natureza_juridica": "115-5 - Funda\u00e7\u00e3o P\u00fablica de Direito P\u00fablico Municipal", "cnpj": "02.077.358/0001-48", "ultima_atualizacao": "2020-02-08T04:59:10.228Z", "status": "OK", "tipo": "MATRIZ", "fantasia": "", "logradouro": "", "numero": "", "complemento": "", "cep": "", "bairro": "", "municipio": "", "uf": "", "situacao_especial": "", "data_situacao_especial": "", "atividade_principal": [{"code": "00.00-0-00", "text": "********"}], "atividades_secundarias": [{"code": "00.00-0-00", "text": "N\u00e3o informada"}], "capital_social": "0.00", "qsa": [], "extra": {}, "billing": {"free": false, "database": true}}