{"atividade_principal": [{"text": "Fabrica\u00e7\u00e3o de produtos diversos n\u00e3o especificados anteriormente", "code": "32.99-0-99"}], "data_situacao": "27/08/2005", "complemento": "PARTE QUADRA12 LOTE 18", "nome": "EMARES - AYROMAR INDUSTRIA, COMERCIO E SERVICOS MARITIMOS LTDA", "uf": "RJ", "telefone": "(22) 2759-4186", "atividades_secundarias": [{"text": "Manuten\u00e7\u00e3o e repara\u00e7\u00e3o de m\u00e1quinas e equipamentos para uso geral n\u00e3o especificados anteriormente", "code": "33.14-7-10"}, {"text": "Manuten\u00e7\u00e3o e repara\u00e7\u00e3o de equipamentos e produtos n\u00e3o especificados anteriormente", "code": "33.19-8-00"}, {"text": "Instala\u00e7\u00f5es de sistema de preven\u00e7\u00e3o contra inc\u00eandio", "code": "43.22-3-03"}, {"text": "Com\u00e9rcio varejista de outros produtos n\u00e3o especificados anteriormente", "code": "47.89-0-99"}, {"text": "Aluguel de outras m\u00e1quinas e equipamentos comerciais e industriais n\u00e3o especificados anteriormente, sem operador", "code": "77.39-0-99"}], "qsa": [{"qual": "49-S\u00f3cio-Administrador", "nome": "MOARES BASTOS SILVA"}, {"qual": "22-S\u00f3cio", "nome": "OLIVIA ALVES PEREIRA MORENO SILVA"}], "situacao": "ATIVA", "bairro": "SAO JOSE DO BARRETO", "logradouro": "AV PROFESSORA ARLETE RIBEIRO JOSE", "numero": "1100", "cep": "27.965-075", "municipio": "MACAE", "porte": "EMPRESA DE PEQUENO PORTE", "abertura": "17/04/1998", "natureza_juridica": "206-2 - Sociedade Empres\u00e1ria Limitada", "fantasia": "EMARES AYROMAR INCENDIOS, SALVATAGEM E MERGULHO", "cnpj": "02.491.944/0001-34", "ultima_atualizacao": "2020-02-08T17:16:59.249Z", "status": "OK", "tipo": "MATRIZ", "email": "", "efr": "", "motivo_situacao": "", "situacao_especial": "", "data_situacao_especial": "", "capital_social": "6500000.00", "extra": {}, "billing": {"free": false, "database": false}}