{"atividade_principal": [{"text": "Fabrica\u00e7\u00e3o de instrumentos n\u00e3o-eletr\u00f4nicos e utens\u00edlios para uso m\u00e9dico, cir\u00fargico, odontol\u00f3gico e de laborat\u00f3rio", "code": "32.50-7-01"}], "data_situacao": "03/11/2005", "nome": "ORTOP INSTRUMENTAL CIRURGICO EIRELI", "uf": "MG", "telefone": "(31) 3372-6374/ (31) 3372-6374", "email": "contabilidadeage@yahoo.com.br", "atividades_secundarias": [{"text": "Com\u00e9rcio varejista de artigos m\u00e9dicos e ortop\u00e9dicos", "code": "47.73-3-00"}], "qsa": [{"qual": "65-Titular Pessoa F\u00edsica Residente ou Domiciliado no Brasil", "nome": "ROGERIO MARINHO POEIRAS TEIXEIRA"}], "situacao": "ATIVA", "bairro": "JARDIM BANDEIRANTES", "logradouro": "AV AGUA BRANCA", "numero": "508", "cep": "32.371-190", "municipio": "CONTAGEM", "porte": "EMPRESA DE PEQUENO PORTE", "abertura": "04/05/1998", "natureza_juridica": "230-5 - Empresa Individual de Responsabilidade Limitada (de Natureza Empres\u00e1ria)", "fantasia": "ORTOP", "cnpj": "02.510.577/0001-79", "ultima_atualizacao": "2020-02-08T17:02:01.649Z", "status": "OK", "tipo": "MATRIZ", "complemento": "", "efr": "", "motivo_situacao": "", "situacao_especial": "", "data_situacao_especial": "", "capital_social": "125000.00", "extra": {}, "billing": {"free": false, "database": false}}