{"atividade_principal": [{"text": "Administra\u00e7\u00e3o de cart\u00f5es de cr\u00e9dito", "code": "66.13-4-00"}], "data_situacao": "27/08/2005", "nome": "TRIPAR BSB ADMINISTRADORA DE CARTOES LTDA", "uf": "DF", "telefone": "(61) 2196-0720", "email": "renata@valeshop.com.br", "atividades_secundarias": [{"text": "Compra e venda de im\u00f3veis pr\u00f3prios", "code": "68.10-2-01"}, {"text": "Aluguel de im\u00f3veis pr\u00f3prios", "code": "68.10-2-02"}, {"text": "Atividades de intermedia\u00e7\u00e3o e agenciamento de servi\u00e7os e neg\u00f3cios em geral, exceto imobili\u00e1rios", "code": "74.90-1-04"}, {"text": "Aluguel de outras m\u00e1quinas e equipamentos comerciais e industriais n\u00e3o especificados anteriormente, sem operador", "code": "77.39-0-99"}], "qsa": [{"qual": "49-S\u00f3cio-Administrador", "nome": "MARCONI ANTONIO DE SOUZA"}, {"qual": "22-S\u00f3cio", "nome": "HAROLDO SILVEIRA HEREDIA JUNIOR"}, {"qual": "22-S\u00f3cio", "nome": "RENATA MELGACO TEODORO"}, {"qual": "22-S\u00f3cio", "nome": "GUALTER JOSE MAIA DOS SANTOS"}], "situacao": "ATIVA", "bairro": "ASA NORTE", "logradouro": "ST SHCN CR QUADRA 502, BLOCO B, SALAO 301", "numero": "23", "cep": "70.720-502", "municipio": "BRASILIA", "porte": "DEMAIS", "abertura": "05/06/1998", "natureza_juridica": "206-2 - Sociedade Empres\u00e1ria Limitada", "fantasia": "VALESHOP", "cnpj": "02.561.118/0001-14", "ultima_atualizacao": "2020-02-08T03:45:17.072Z", "status": "OK", "tipo": "MATRIZ", "complemento": "", "efr": "", "motivo_situacao": "", "situacao_especial": "", "data_situacao_especial": "", "capital_social": "21882000.00", "extra": {}, "billing": {"free": false, "database": true}}