{"atividade_principal": [{"text": "Administra\u00e7\u00e3o p\u00fablica em geral", "code": "84.11-6-00"}], "data_situacao": "27/07/1998", "nome": "FUNDO NACIONAL ANTIDROGAS - FUNAD", "efr": "UNI\u00c3O", "uf": "DF", "telefone": "(61) 2025-7254/ (61) 2025-7256", "email": "cgg@mj.gov.br", "situacao": "ATIVA", "bairro": "ESPLANADA DOS MINISTERIOS", "logradouro": "ESP DOS MIINISTERIOS, BLOCO T ANEXO II, 2 ANDAR SALA", "numero": "222", "cep": "70.064-900", "municipio": "BRASILIA", "porte": "DEMAIS", "abertura": "27/07/1998", "natureza_juridica": "131-7 - Fundo P\u00fablico da Administra\u00e7\u00e3o Direta Federal", "fantasia": "SENAD", "cnpj": "02.645.310/0001-99", "ultima_atualizacao": "2020-02-08T17:34:32.476Z", "status": "OK", "tipo": "MATRIZ", "complemento": "", "motivo_situacao": "", "situacao_especial": "", "data_situacao_especial": "", "atividades_secundarias": [{"code": "00.00-0-00", "text": "N\u00e3o informada"}], "capital_social": "0.00", "qsa": [], "extra": {}, "billing": {"free": false, "database": false}}