{"atividade_principal": [{"text": "Atividades de apoio \u00e0 extra\u00e7\u00e3o de petr\u00f3leo e g\u00e1s natural", "code": "09.10-6-00"}], "data_situacao": "27/08/2005", "complemento": "SALA 2401 A 2410", "nome": "NATIONAL OILWELL VARCO DO BRASIL LTDA", "uf": "RJ", "telefone": "(21) 3575-0600/ (22) 3311-1708", "email": "renato.brigido@nov.com", "atividades_secundarias": [{"text": "Manuten\u00e7\u00e3o e repara\u00e7\u00e3o de m\u00e1quinas e equipamentos para a prospec\u00e7\u00e3o e extra\u00e7\u00e3o de petr\u00f3leo", "code": "33.14-7-14"}, {"text": "Manuten\u00e7\u00e3o e repara\u00e7\u00e3o de m\u00e1quinas e equipamentos para uso na extra\u00e7\u00e3o mineral, exceto na extra\u00e7\u00e3o de petr\u00f3leo", "code": "33.14-7-15"}, {"text": "Manuten\u00e7\u00e3o e repara\u00e7\u00e3o de outras m\u00e1quinas e equipamentos para usos industriais n\u00e3o especificados anteriormente", "code": "33.14-7-99"}, {"text": "Manuten\u00e7\u00e3o e repara\u00e7\u00e3o de m\u00e1quinas e equipamentos para uso geral n\u00e3o especificados anteriormente", "code": "33.14-7-10"}, {"text": "Instala\u00e7\u00e3o de m\u00e1quinas e equipamentos industriais", "code": "33.21-0-00"}, {"text": "Treinamento em desenvolvimento profissional e gerencial", "code": "85.99-6-04"}, {"text": "Atividades de consultoria em gest\u00e3o empresarial, exceto consultoria t\u00e9cnica espec\u00edfica", "code": "70.20-4-00"}, {"text": "Com\u00e9rcio atacadista de outras m\u00e1quinas e equipamentos n\u00e3o especificados anteriormente; partes e pe\u00e7as", "code": "46.69-9-99"}, {"text": "Com\u00e9rcio atacadista de m\u00e1quinas, equipamentos para terraplenagem, minera\u00e7\u00e3o e constru\u00e7\u00e3o; partes e pe\u00e7as", "code": "46.62-1-00"}, {"text": "Outras sociedades de participa\u00e7\u00e3o, exceto holdings", "code": "64.63-8-00"}, {"text": "Atividades de intermedia\u00e7\u00e3o e agenciamento de servi\u00e7os e neg\u00f3cios em geral, exceto imobili\u00e1rios", "code": "74.90-1-04"}, {"text": "Aluguel de m\u00e1quinas e equipamentos para extra\u00e7\u00e3o de min\u00e9rios e petr\u00f3leo, sem operador", "code": "77.39-0-01"}, {"text": "Servi\u00e7os de engenharia", "code": "71.12-0-00"}, {"text": "atividades de design n\u00e3o especificadas anteriormente", "code": "74.10-2-99"}, {"text": "Fabrica\u00e7\u00e3o de estruturas met\u00e1licas", "code": "25.11-0-00"}, {"text": "Montagem de estruturas met\u00e1licas", "code": "42.92-8-01"}, {"text": "Com\u00e9rcio atacadista de roupas e acess\u00f3rios para uso profissional e de seguran\u00e7a do trabalho", "code": "46.42-7-02"}, {"text": "Manuten\u00e7\u00e3o e repara\u00e7\u00e3o de equipamentos e produtos n\u00e3o especificados anteriormente", "code": "33.19-8-00"}, {"text": "Com\u00e9rcio atacadista de tintas, vernizes e similares", "code": "46.79-6-01"}, {"text": "Com\u00e9rcio atacadista de lubrificantes", "code": "46.81-8-05"}, {"text": "Com\u00e9rcio atacadista de outros produtos qu\u00edmicos e petroqu\u00edmicos n\u00e3o especificados anteriormente", "code": "46.84-2-99"}, {"text": "Com\u00e9rcio atacadista de ferragens e ferramentas", "code": "46.72-9-00"}, {"text": "Fabrica\u00e7\u00e3o de m\u00e1quinas e equipamentos para a prospec\u00e7\u00e3o e extra\u00e7\u00e3o de petr\u00f3leo, pe\u00e7as e acess\u00f3rios", "code": "28.51-8-00"}], "qsa": [{"qual": "37-S\u00f3cio Pessoa Jur\u00eddica Domiciliado no Exterior", "pais_origem": "NORUEGA", "nome_rep_legal": "MATEUS XAVIER ALVES PAIVA MONTEIRO", "qual_rep_legal": "17-Procurador", "nome": "NATIONAL OILWELL VARCO NORWAY AS"}, {"qual": "05-Administrador", "nome": "RENATO MARINHO BRIGIDO"}, {"qual": "37-S\u00f3cio Pessoa Jur\u00eddica Domiciliado no Exterior", "pais_origem": "NORUEGA", "nome_rep_legal": "MATEUS XAVIER ALVES PAIVA MONTEIRO", "qual_rep_legal": "17-Procurador", "nome": "HYDRALIFT AS"}, {"qual": "05-Administrador", "nome": "MATEUS XAVIER ALVES PAIVA MONTEIRO"}, {"qual": "05-Administrador", "nome": "LEONARDO LAUBERT DA COSTA"}, {"qual": "05-Administrador", "nome": "ANDRE LUIS PEREIRA DE SIQUEIRA"}], "situacao": "ATIVA", "bairro": "CENTRO", "logradouro": "AV REPUBLICA DO CHILE", "numero": "500", "cep": "20.031-170", "municipio": "RIO DE JANEIRO", "porte": "DEMAIS", "abertura": "21/07/1998", "natureza_juridica": "206-2 - Sociedade Empres\u00e1ria Limitada", "cnpj": "02.650.425/0001-71", "ultima_atualizacao": "2020-02-08T17:32:25.958Z", "status": "OK", "tipo": "MATRIZ", "fantasia": "", "efr": "", "motivo_situacao": "", "situacao_especial": "", "data_situacao_especial": "", "capital_social": "435692198.00", "extra": {}, "billing": {"free": false, "database": false}}