{"atividade_principal": [{"text": "Com\u00e9rcio atacadista de instrumentos e materiais para uso m\u00e9dico, cir\u00fargico, hospitalar e de laborat\u00f3rios", "code": "46.45-1-01"}], "data_situacao": "03/11/2005", "complemento": "CJTOS. 1002, 1003 E 1005", "nome": "MED - CARE COMERCIO DE MATERIAIS MEDICOS LTDA", "uf": "PR", "telefone": "(41) 3323-7468", "atividades_secundarias": [{"text": "Manuten\u00e7\u00e3o e repara\u00e7\u00e3o de equipamentos e produtos n\u00e3o especificados anteriormente", "code": "33.19-8-00"}, {"text": "Aluguel de equipamentos cient\u00edficos, m\u00e9dicos e hospitalares, sem operador", "code": "77.39-0-02"}], "qsa": [{"qual": "49-S\u00f3cio-Administrador", "nome": "MARCELO COELHO PACHECO"}, {"qual": "49-S\u00f3cio-Administrador", "nome": "JOSIMARA QUINTANILHA PACHECO"}], "situacao": "ATIVA", "bairro": "BATEL", "logradouro": "AV AVENIDA SETE DE SETEMBRO", "numero": "5388", "cep": "80.240-000", "municipio": "CURITIBA", "porte": "MICRO EMPRESA", "abertura": "23/03/1999", "natureza_juridica": "206-2 - Sociedade Empres\u00e1ria Limitada", "cnpj": "03.062.090/0001-33", "ultima_atualizacao": "2020-02-08T17:09:08.801Z", "status": "OK", "tipo": "MATRIZ", "fantasia": "", "email": "", "efr": "", "motivo_situacao": "", "situacao_especial": "", "data_situacao_especial": "", "capital_social": "50000.00", "extra": {}, "billing": {"free": false, "database": false}}