{"atividade_principal": [{"text": "Fabrica\u00e7\u00e3o de aparelhos eletrom\u00e9dicos e eletroterap\u00eauticos e equipamentos de irradia\u00e7\u00e3o", "code": "26.60-4-00"}], "data_situacao": "19/06/2004", "nome": "MEDPEJ - EQUIPAMENTOS MEDICOS LTDA", "uf": "SP", "telefone": "(16) 6336-689", "atividades_secundarias": [{"text": "Fabrica\u00e7\u00e3o de m\u00f3veis com predomin\u00e2ncia de metal", "code": "31.02-1-00"}, {"text": "Com\u00e9rcio atacadista de instrumentos e materiais para uso m\u00e9dico, cir\u00fargico, hospitalar e de laborat\u00f3rios", "code": "46.45-1-01"}, {"text": "Fabrica\u00e7\u00e3o de mobili\u00e1rio para uso m\u00e9dico, cir\u00fargico, odontol\u00f3gico e de laborat\u00f3rio", "code": "32.50-7-02"}, {"text": "Instala\u00e7\u00e3o de m\u00e1quinas e equipamentos industriais", "code": "33.21-0-00"}], "qsa": [{"qual": "05-Administrador", "nome": "WAGNER APARECIDO ROCHA"}, {"qual": "05-Administrador", "nome": "VALMIR MARCOS ROCHA"}, {"qual": "05-Administrador", "nome": "NILCE CONSTANTE PEREIRA ROCHA"}, {"qual": "22-S\u00f3cio", "qual_rep_legal": "05-Administrador", "nome_rep_legal": "WAGNER APARECIDO ROCHA", "nome": "HOLDING PROSPERITY LTDA"}, {"qual": "22-S\u00f3cio", "qual_rep_legal": "05-Administrador", "nome_rep_legal": "VALMIR MARCOS ROCHA", "nome": "CRV - ADMINISTRACAO DE BENS PROPRIOS LTDA"}], "situacao": "ATIVA", "bairro": "VILA ELISA", "logradouro": "R CAMPINAS", "numero": "2248", "cep": "14.075-070", "municipio": "RIBEIRAO PRETO", "porte": "DEMAIS", "abertura": "14/05/1999", "natureza_juridica": "206-2 - Sociedade Empres\u00e1ria Limitada", "cnpj": "03.155.958/0001-40", "ultima_atualizacao": "2020-02-08T17:25:17.828Z", "status": "OK", "tipo": "MATRIZ", "fantasia": "", "complemento": "", "email": "", "efr": "", "motivo_situacao": "", "situacao_especial": "", "data_situacao_especial": "", "capital_social": "300000.00", "extra": {}, "billing": {"free": false, "database": false}}