{"atividade_principal": [{"text": "Limpeza em pr\u00e9dios e em domic\u00edlios", "code": "81.21-4-00"}], "data_situacao": "03/11/2005", "complemento": "LOJA 102", "nome": "NOVA ITAIPU SERVICOS TECNICOS DE LIMPEZA CONSERVACAO E MANUTENCAO LTDA", "uf": "RJ", "telefone": "(21) 3606-2598/ (21) 2620-5597", "email": "cllincoporporadora@gmail.com", "atividades_secundarias": [{"text": "Aluguel de m\u00e1quinas e equipamentos para constru\u00e7\u00e3o sem operador, exceto andaimes", "code": "77.32-2-01"}, {"text": "Loca\u00e7\u00e3o de autom\u00f3veis sem condutor", "code": "77.11-0-00"}, {"text": "Loca\u00e7\u00e3o de m\u00e3o-de-obra tempor\u00e1ria", "code": "78.20-5-00"}, {"text": "Servi\u00e7o de transporte de passageiros - loca\u00e7\u00e3o de autom\u00f3veis com motorista", "code": "49.23-0-02"}, {"text": "Servi\u00e7os combinados de escrit\u00f3rio e apoio administrativo", "code": "82.11-3-00"}, {"text": "Servi\u00e7os combinados para apoio a edif\u00edcios, exceto condom\u00ednios prediais", "code": "81.11-7-00"}], "qsa": [{"qual": "49-S\u00f3cio-Administrador", "nome": "JANAINA COELHO COSTA"}, {"qual": "22-S\u00f3cio", "nome": "MARCOS ANTONIO MACHADO GOMES"}], "situacao": "ATIVA", "bairro": "ITAIPU", "logradouro": "AV EWERTON DA COSTA XAVIER", "numero": "1415", "cep": "24.340-105", "municipio": "NITEROI", "porte": "MICRO EMPRESA", "abertura": "31/08/1999", "natureza_juridica": "206-2 - Sociedade Empres\u00e1ria Limitada", "fantasia": "CLL SERVICOS", "cnpj": "03.394.495/0001-79", "ultima_atualizacao": "2020-02-07T23:24:52.760Z", "status": "OK", "tipo": "MATRIZ", "efr": "", "motivo_situacao": "", "situacao_especial": "", "data_situacao_especial": "", "capital_social": "400000.00", "extra": {}, "billing": {"free": false, "database": true}}