{"atividade_principal": [{"text": "Atividade m\u00e9dica ambulatorial restrita a consultas", "code": "86.30-5-03"}], "data_situacao": "03/11/2005", "nome": "PRO CORACAO SERVICOS MEDICOS S/C LTDA", "uf": "RJ", "atividades_secundarias": [{"text": "Atividade m\u00e9dica ambulatorial com recursos para realiza\u00e7\u00e3o de procedimentos cir\u00fargicos", "code": "86.30-5-01"}, {"text": "Atividade m\u00e9dica ambulatorial com recursos para realiza\u00e7\u00e3o de exames complementares", "code": "86.30-5-02"}, {"text": "Servi\u00e7os de diagn\u00f3stico por registro gr\u00e1fico - ECG, EEG e outros exames an\u00e1logos", "code": "86.40-2-08"}, {"text": "Cl\u00ednicas e resid\u00eancias geri\u00e1tricas", "code": "87.11-5-01"}, {"text": "Atividades de assist\u00eancia a deficientes f\u00edsicos, imunodeprimidos e convalescentes", "code": "87.11-5-03"}, {"text": "Centros de apoio a pacientes com c\u00e2ncer e com AIDS", "code": "87.11-5-04"}, {"text": "Atividades de fornecimento de infra-estrutura de apoio e assist\u00eancia a paciente no domic\u00edlio", "code": "87.12-3-00"}, {"text": "Atividades de centros de assist\u00eancia psicossocial", "code": "87.20-4-01"}, {"text": "Atividades de assist\u00eancia psicossocial e \u00e0 sa\u00fade a portadores de dist\u00farbios ps\u00edquicos, defici\u00eancia mental e depend\u00eancia qu\u00edmica e grupos similares n\u00e3o especificadas anteriormente", "code": "87.20-4-99"}, {"text": "Atividades de assist\u00eancia social prestadas em resid\u00eancias coletivas e particulares n\u00e3o especificadas anteriormente", "code": "87.30-1-99"}], "qsa": [{"qual": "22-S\u00f3cio", "nome": "CARLOS EMIR MUSSI"}, {"qual": "22-S\u00f3cio", "nome": "ROMULO GLASIANI MEIRELES DE SOUZA"}, {"qual": "49-S\u00f3cio-Administrador", "nome": "CARLOS EMIR MUSSI JUNIOR"}], "situacao": "ATIVA", "bairro": "IMBETIBA", "logradouro": "R DR LUIZ BELEGARD", "numero": "252", "cep": "27.913-260", "municipio": "MACAE", "porte": "DEMAIS", "abertura": "04/01/2000", "natureza_juridica": "224-0 - Sociedade Simples Limitada", "fantasia": "PRO-CORACAO", "cnpj": "03.623.570/0001-26", "ultima_atualizacao": "2020-02-08T17:06:00.198Z", "status": "OK", "tipo": "MATRIZ", "complemento": "", "email": "", "telefone": "", "efr": "", "motivo_situacao": "", "situacao_especial": "", "data_situacao_especial": "", "capital_social": "295000.00", "extra": {}, "billing": {"free": false, "database": false}}