{"atividade_principal": [{"text": "Atividades de organiza\u00e7\u00f5es religiosas ou filos\u00f3ficas", "code": "94.91-0-00"}], "data_situacao": "03/11/2005", "complemento": "ENTRADA DO IMBURO", "nome": "RECANTO DOS IDOSOS SAGRADO CORACAO DE JESUS", "uf": "RJ", "qsa": [{"qual": "16-Presidente", "nome": "GENELSON GARCIA DA SILVA"}], "situacao": "ATIVA", "bairro": "SAO JOSE DO BARRETO", "logradouro": "EST M.C.03", "numero": "SN", "cep": "27.937-300", "municipio": "MACAE", "porte": "DEMAIS", "abertura": "19/04/2000", "natureza_juridica": "399-9 - Associa\u00e7\u00e3o Privada", "fantasia": "RECANTO DOS IDOSOS SAGRADO CORACAO DE JESUS", "cnpj": "03.770.339/0001-65", "ultima_atualizacao": "2020-02-08T00:50:31.482Z", "status": "OK", "tipo": "MATRIZ", "email": "", "telefone": "", "efr": "", "motivo_situacao": "", "situacao_especial": "", "data_situacao_especial": "", "atividades_secundarias": [{"code": "00.00-0-00", "text": "N\u00e3o informada"}], "capital_social": "0.00", "extra": {}, "billing": {"free": false, "database": true}}