{"atividade_principal": [{"text": "Com\u00e9rcio atacadista de medicamentos e drogas de uso humano", "code": "46.44-3-01"}], "data_situacao": "27/08/2005", "complemento": "GALPAO1 E 2 PARQUE DE EXPOSICOES JAMIL CARDOSO", "nome": "DISTRIBUIDORA DE MEDICAMENTOS BRASIL MIRACEMA LTDA", "uf": "RJ", "telefone": "(22) 3852-8180/ (22) 3852-0974", "email": "acaciotostes@hotmail.com", "atividades_secundarias": [{"text": "Com\u00e9rcio atacadista de instrumentos e materiais para uso m\u00e9dico, cir\u00fargico, hospitalar e de laborat\u00f3rios", "code": "46.45-1-01"}, {"text": "Com\u00e9rcio atacadista de cosm\u00e9ticos e produtos de perfumaria", "code": "46.46-0-01"}, {"text": "Com\u00e9rcio atacadista de produtos de higiene pessoal", "code": "46.46-0-02"}, {"text": "Atividades de terapia de nutri\u00e7\u00e3o enteral e parenteral", "code": "86.50-0-07"}, {"text": "Atividades de profissionais da nutri\u00e7\u00e3o", "code": "86.50-0-02"}, {"text": "Atividades de fornecimento de infra-estrutura de apoio e assist\u00eancia a paciente no domic\u00edlio", "code": "87.12-3-00"}, {"text": "Com\u00e9rcio atacadista de produtos de higiene, limpeza e conserva\u00e7\u00e3o domiciliar", "code": "46.49-4-08"}, {"text": "Com\u00e9rcio atacadista de outros produtos qu\u00edmicos e petroqu\u00edmicos n\u00e3o especificados anteriormente", "code": "46.84-2-99"}, {"text": "Transporte rodovi\u00e1rio de carga, exceto produtos perigosos e mudan\u00e7as, intermunicipal, interestadual e internacional", "code": "49.30-2-02"}], "qsa": [{"qual": "22-S\u00f3cio", "nome": "EUNICE MAIOLI TOSTES"}, {"qual": "22-S\u00f3cio", "nome": "TANIA MARIA MAIOLI TOSTES"}, {"qual": "49-S\u00f3cio-Administrador", "nome": "GUSTAVO MAIOLI TOSTES"}, {"qual": "49-S\u00f3cio-Administrador", "nome": "ACACIO JOSE MAIOLI TOSTES"}, {"qual": "49-S\u00f3cio-Administrador", "nome": "RENATO MAIOLI TOSTES"}], "situacao": "ATIVA", "bairro": "CENTRO", "logradouro": "R MARCILIO DE POLY", "numero": "SN", "cep": "28.460-000", "municipio": "MIRACEMA", "porte": "DEMAIS", "abertura": "18/07/2000", "natureza_juridica": "206-2 - Sociedade Empres\u00e1ria Limitada", "fantasia": "DISTRIBUIDORA DE MEDICAMENTOS BRASIL MIRACEMA", "cnpj": "03.946.428/0001-10", "ultima_atualizacao": "2020-02-08T00:26:49.921Z", "status": "OK", "tipo": "MATRIZ", "efr": "", "motivo_situacao": "", "situacao_especial": "", "data_situacao_especial": "", "capital_social": "12000000.00", "extra": {}, "billing": {"free": false, "database": true}}