{"atividade_principal": [{"text": "Servi\u00e7os de manuten\u00e7\u00e3o e repara\u00e7\u00e3o mec\u00e2nica de ve\u00edculos automotores", "code": "45.20-0-01"}], "data_situacao": "03/11/2005", "complemento": "A", "nome": "MULTI BRASIL - BR CONSTRUCOES LTDA", "uf": "RJ", "telefone": "(22) 2762-5710", "email": "oficina@oficinabrasilmacae.com.br", "atividades_secundarias": [{"text": "Servi\u00e7os de lanternagem ou funilaria e pintura de ve\u00edculos automotores", "code": "45.20-0-02"}, {"text": "Servi\u00e7os de manuten\u00e7\u00e3o e repara\u00e7\u00e3o el\u00e9trica de ve\u00edculos automotores", "code": "45.20-0-03"}, {"text": "Servi\u00e7os de alinhamento e balanceamento de ve\u00edculos automotores", "code": "45.20-0-04"}, {"text": "Com\u00e9rcio varejista de materiais de constru\u00e7\u00e3o em geral", "code": "47.44-0-99"}, {"text": "Com\u00e9rcio varejista especializado de eletrodom\u00e9sticos e equipamentos de \u00e1udio e v\u00eddeo", "code": "47.53-9-00"}, {"text": "Com\u00e9rcio varejista de outros produtos n\u00e3o especificados anteriormente", "code": "47.89-0-99"}], "qsa": [{"qual": "49-S\u00f3cio-Administrador", "nome": "JOAO FELLIPE BRANDAO DE SOUZA"}, {"qual": "22-S\u00f3cio", "nome": "MARINETE BRANDAO DE SOUZA"}], "situacao": "ATIVA", "bairro": "NOVA HOLANDA", "logradouro": "R ELIAS ANDRADE DE OLIVEIRA", "numero": "241", "cep": "27.960-194", "municipio": "MACAE", "porte": "MICRO EMPRESA", "abertura": "08/08/2000", "natureza_juridica": "206-2 - Sociedade Empres\u00e1ria Limitada", "fantasia": "MULTI BRASIL - BR", "cnpj": "03.995.068/0001-46", "ultima_atualizacao": "2020-02-08T00:07:15.604Z", "status": "OK", "tipo": "MATRIZ", "efr": "", "motivo_situacao": "", "situacao_especial": "", "data_situacao_especial": "", "capital_social": "100000.00", "extra": {}, "billing": {"free": false, "database": true}}