{"atividade_principal": [{"text": "Com\u00e9rcio varejista de material el\u00e9trico", "code": "47.42-3-00"}], "data_situacao": "03/04/2019", "nome": "CASA VOLT COMERCIO DE MATERIAL ELETRICO EIRELI", "uf": "RJ", "telefone": "(22) 2772-2408", "atividades_secundarias": [{"text": "Com\u00e9rcio varejista de materiais hidr\u00e1ulicos", "code": "47.44-0-03"}], "qsa": [{"qual": "65-Titular Pessoa F\u00edsica Residente ou Domiciliado no Brasil", "nome": "PAULO CESAR MOTA CARNEIRO"}], "situacao": "ATIVA", "bairro": "CENTRO", "logradouro": "R DR. TELIO BARRETO,", "numero": "420", "cep": "27.910-060", "municipio": "MACAE", "porte": "DEMAIS", "abertura": "31/08/2000", "natureza_juridica": "230-5 - Empresa Individual de Responsabilidade Limitada (de Natureza Empres\u00e1ria)", "fantasia": "CASA VOLT", "cnpj": "04.035.410/0001-29", "ultima_atualizacao": "2020-02-08T16:56:09.701Z", "status": "OK", "tipo": "MATRIZ", "complemento": "", "email": "", "efr": "", "motivo_situacao": "", "situacao_especial": "", "data_situacao_especial": "", "capital_social": "200000.00", "extra": {}, "billing": {"free": false, "database": false}}