{"atividade_principal": [{"text": "Com\u00e9rcio atacadista de medicamentos e drogas de uso humano", "code": "46.44-3-01"}], "data_situacao": "10/09/2005", "complemento": "KM 01", "nome": "DISK MED PADUA DISTRIBUIDORA DE MEDICAMENTOS LTDA", "uf": "RJ", "telefone": "(0032) 4651-496", "atividades_secundarias": [{"text": "Com\u00e9rcio atacadista de instrumentos e materiais para uso m\u00e9dico, cir\u00fargico, hospitalar e de laborat\u00f3rios", "code": "46.45-1-01"}, {"text": "Com\u00e9rcio atacadista de produtos odontol\u00f3gicos", "code": "46.45-1-03"}, {"text": "Transporte rodovi\u00e1rio de carga, exceto produtos perigosos e mudan\u00e7as, intermunicipal, interestadual e internacional", "code": "49.30-2-02"}], "qsa": [{"qual": "49-S\u00f3cio-Administrador", "nome": "JORGE LUIZ BAPTISTA DE SOUZA"}, {"qual": "49-S\u00f3cio-Administrador", "nome": "MUNIR HAIKAL"}, {"qual": "49-S\u00f3cio-Administrador", "nome": "FERNANDO BOECHAT DOS SANTOS"}], "situacao": "ATIVA", "bairro": "SANTA LUZIA", "logradouro": "ROD PIRAPETINGA PADUA", "numero": "SN", "cep": "28.470-000", "municipio": "SANTO ANTONIO DE PADUA", "porte": "DEMAIS", "abertura": "26/12/2000", "natureza_juridica": "206-2 - Sociedade Empres\u00e1ria Limitada", "cnpj": "04.216.957/0001-20", "ultima_atualizacao": "2020-02-08T00:38:19.335Z", "status": "OK", "tipo": "MATRIZ", "fantasia": "", "email": "", "efr": "", "motivo_situacao": "", "situacao_especial": "", "data_situacao_especial": "", "capital_social": "1002000.00", "extra": {}, "billing": {"free": false, "database": true}}