{"atividade_principal": [{"text": "Com\u00e9rcio atacadista de medicamentos e drogas de uso humano", "code": "46.44-3-01"}], "data_situacao": "01/09/2003", "nome": "PROHOSP DISTRIBUIDORA DE MEDICAMENTOS LTDA.", "uf": "RJ", "telefone": "(41) 3246-3376/ (21) 2560-4500", "email": "contador@prohosp.com.br", "atividades_secundarias": [{"text": "Com\u00e9rcio atacadista especializado em outros produtos aliment\u00edcios n\u00e3o especificados anteriormente", "code": "46.37-1-99"}, {"text": "Com\u00e9rcio atacadista de instrumentos e materiais para uso m\u00e9dico, cir\u00fargico, hospitalar e de laborat\u00f3rios", "code": "46.45-1-01"}, {"text": "Representantes comerciais e agentes do com\u00e9rcio de instrumentos e materiais odonto-m\u00e9dico-hospitalares", "code": "46.18-4-02"}, {"text": "Manuten\u00e7\u00e3o e repara\u00e7\u00e3o de aparelhos eletrom\u00e9dicos e eletroterap\u00eauticos e equipamentos de irradia\u00e7\u00e3o", "code": "33.12-1-03"}, {"text": "Com\u00e9rcio atacadista de m\u00e1quinas, aparelhos e equipamentos para uso odonto-m\u00e9dico-hospitalar; partes e pe\u00e7as", "code": "46.64-8-00"}, {"text": "Outros representantes comerciais e agentes do com\u00e9rcio especializado em produtos n\u00e3o especificados anteriormente", "code": "46.18-4-99"}, {"text": "Atividades de consultoria em gest\u00e3o empresarial, exceto consultoria t\u00e9cnica espec\u00edfica", "code": "70.20-4-00"}, {"text": "Aluguel de equipamentos cient\u00edficos, m\u00e9dicos e hospitalares, sem operador", "code": "77.39-0-02"}], "qsa": [{"qual": "49-S\u00f3cio-Administrador", "nome": "NILTON RENATO GONCALVES ALVES"}, {"qual": "49-S\u00f3cio-Administrador", "nome": "MARCOS MARQUES RIBEIRO"}, {"qual": "22-S\u00f3cio", "nome": "GISELA MARIA GUEDES DANESI"}], "situacao": "ATIVA", "bairro": "OLARIA", "logradouro": "R MARIA RODRIGUES", "numero": "100", "cep": "21.031-490", "municipio": "RIO DE JANEIRO", "porte": "DEMAIS", "abertura": "01/09/2003", "natureza_juridica": "206-2 - Sociedade Empres\u00e1ria Limitada", "cnpj": "04.355.394/0002-32", "ultima_atualizacao": "2020-02-07T23:40:36.989Z", "status": "OK", "tipo": "FILIAL", "fantasia": "", "complemento": "", "efr": "", "motivo_situacao": "", "situacao_especial": "", "data_situacao_especial": "", "capital_social": "300000.00", "extra": {}, "billing": {"free": false, "database": true}}