{"atividade_principal": [{"text": "Atividades de consultoria em gest\u00e3o empresarial, exceto consultoria t\u00e9cnica espec\u00edfica", "code": "70.20-4-00"}], "data_situacao": "30/09/2005", "complemento": "BLC 9 SAL 425 TOR 2", "nome": "GAN RIO APOIO NUTRICIONAL GANUTRE LTDA", "uf": "RJ", "telefone": "(11) 2504-1555/ (11) 2504-1557", "email": "luis.pereira@hosppharma.com.br", "qsa": [{"qual": "22-S\u00f3cio", "qual_rep_legal": "05-Administrador", "nome_rep_legal": "GUSTAVO PAGANI", "nome": "FRESENIUS KABI BRASIL LTDA."}, {"qual": "05-Administrador", "nome": "GUSTAVO PAGANI"}, {"qual": "37-S\u00f3cio Pessoa Jur\u00eddica Domiciliado no Exterior", "pais_origem": "ALEMANHA", "nome_rep_legal": "FERNANDO AURELIO ZILVETI ARCE MURILLO", "qual_rep_legal": "17-Procurador", "nome": "FRESENIUS KABI AG"}, {"qual": "05-Administrador", "nome": "HERNANI JORGE DOS SANTOS SILVA UMBELINO SERIO"}], "situacao": "ATIVA", "bairro": "DEL CASTILHO", "logradouro": "AV PASTOR MARTIN LUTHER KING JR.", "numero": "00126", "cep": "20.765-000", "municipio": "RIO DE JANEIRO", "porte": "DEMAIS", "abertura": "11/05/2001", "natureza_juridica": "206-2 - Sociedade Empres\u00e1ria Limitada", "fantasia": "KABI NUTRIR", "cnpj": "04.436.976/0001-62", "ultima_atualizacao": "2020-02-08T05:10:51.362Z", "status": "OK", "tipo": "MATRIZ", "efr": "", "motivo_situacao": "", "situacao_especial": "", "data_situacao_especial": "", "atividades_secundarias": [{"code": "00.00-0-00", "text": "N\u00e3o informada"}], "capital_social": "25702000.00", "extra": {}, "billing": {"free": false, "database": true}}