{"atividade_principal": [{"text": "Com\u00e9rcio varejista de outros produtos n\u00e3o especificados anteriormente", "code": "47.89-0-99"}], "data_situacao": "05/02/2005", "complemento": "LOJA", "nome": "ATUAL MACAENSE COMERCIO DE MATERIAIS DE ESCRITORIO LTDA", "uf": "RJ", "qsa": [{"qual": "49-S\u00f3cio-Administrador", "nome": "ANTONIO DE PADUA MARTINS PINHEIRO"}, {"qual": "49-S\u00f3cio-Administrador", "nome": "FLAVIO ORNELLAS LOUREIRO"}], "situacao": "ATIVA", "bairro": "VISCONDE DE ARAUJO", "logradouro": "R DUQUE DE CAXIAS", "numero": "157", "cep": "27.943-031", "municipio": "MACAE", "porte": "EMPRESA DE PEQUENO PORTE", "abertura": "14/11/2001", "natureza_juridica": "206-2 - Sociedade Empres\u00e1ria Limitada", "fantasia": "ATUAL PAPELARIA", "cnpj": "04.776.742/0001-64", "ultima_atualizacao": "2020-02-07T22:53:42.749Z", "status": "OK", "tipo": "MATRIZ", "email": "", "telefone": "", "efr": "", "motivo_situacao": "", "situacao_especial": "", "data_situacao_especial": "", "atividades_secundarias": [{"code": "00.00-0-00", "text": "N\u00e3o informada"}], "capital_social": "290000.00", "extra": {}, "billing": {"free": false, "database": true}}