{"atividade_principal": [{"text": "Fornecimento e gest\u00e3o de recursos humanos para terceiros", "code": "78.30-2-00"}], "data_situacao": "01/02/2010", "complemento": "SALA 503", "nome": "CLAER SERVICOS GERAIS EIRELI", "uf": "SP", "telefone": "(11) 3229-1288/ (11) 3229-0714", "email": "csg.claer@gmail.com", "atividades_secundarias": [{"text": "Servi\u00e7o de transporte de passageiros - loca\u00e7\u00e3o de autom\u00f3veis com motorista", "code": "49.23-0-02"}, {"text": "Carga e descarga", "code": "52.12-5-00"}, {"text": "Concession\u00e1rias de rodovias, pontes, t\u00faneis e servi\u00e7os relacionados", "code": "52.21-4-00"}, {"text": "Outras atividades auxiliares dos transportes terrestres n\u00e3o especificadas anteriormente", "code": "52.29-0-99"}, {"text": "Organiza\u00e7\u00e3o log\u00edstica do transporte de carga", "code": "52.50-8-04"}, {"text": "Desenvolvimento e licenciamento de programas de computador customiz\u00e1veis (Dispensada *)", "code": "62.02-3-00"}, {"text": "Suporte t\u00e9cnico, manuten\u00e7\u00e3o e outros servi\u00e7os em tecnologia da informa\u00e7\u00e3o (Dispensada *)", "code": "62.09-1-00"}, {"text": "Atividades de consultoria em gest\u00e3o empresarial, exceto consultoria t\u00e9cnica espec\u00edfica (Dispensada *)", "code": "70.20-4-00"}, {"text": "Atividades t\u00e9cnicas relacionadas \u00e0 engenharia e arquitetura n\u00e3o especificadas anteriormente (Dispensada *)", "code": "71.19-7-99"}, {"text": "Loca\u00e7\u00e3o de autom\u00f3veis sem condutor", "code": "77.11-0-00"}, {"text": "Aluguel de objetos do vestu\u00e1rio, j\u00f3ias e acess\u00f3rios (Dispensada *)", "code": "77.23-3-00"}, {"text": "Aluguel de outras m\u00e1quinas e equipamentos comerciais e industriais n\u00e3o especificados anteriormente, sem operador", "code": "77.39-0-99"}, {"text": "Atividades de monitoramento de sistemas de seguran\u00e7a eletr\u00f4nico (Dispensada *)", "code": "80.20-0-01"}, {"text": "Servi\u00e7os combinados para apoio a edif\u00edcios, exceto condom\u00ednios prediais", "code": "81.11-7-00"}, {"text": "Limpeza em pr\u00e9dios e em domic\u00edlios", "code": "81.21-4-00"}, {"text": "Imuniza\u00e7\u00e3o e controle de pragas urbanas", "code": "81.22-2-00"}, {"text": "Atividades de limpeza n\u00e3o especificadas anteriormente", "code": "81.29-0-00"}, {"text": "Atividades paisag\u00edsticas", "code": "81.30-3-00"}, {"text": "Servi\u00e7os combinados de escrit\u00f3rio e apoio administrativo (Dispensada *)", "code": "82.11-3-00"}, {"text": "Prepara\u00e7\u00e3o de documentos e servi\u00e7os especializados de apoio administrativo n\u00e3o especificados anteriormente (Dispensada *)", "code": "82.19-9-99"}, {"text": "Atividades de teleatendimento (Dispensada *)", "code": "82.20-2-00"}, {"text": "Outras atividades de servi\u00e7os prestados principalmente \u00e0s empresas n\u00e3o especificadas anteriormente", "code": "82.99-7-99"}, {"text": "Outras atividades de servi\u00e7os pessoais n\u00e3o especificadas anteriormente", "code": "96.09-2-99"}], "qsa": [{"qual": "65-Titular Pessoa F\u00edsica Residente ou Domiciliado no Brasil", "nome": "ROSILENE FENILI NICOLAU"}], "situacao": "ATIVA", "bairro": "ALPHAVILLE CENTRO INDUSTRIAL E EMPRESARIAL/ALPHAVI", "logradouro": "AL RIO NEGRO", "numero": "911", "cep": "06.454-000", "municipio": "BARUERI", "porte": "DEMAIS", "abertura": "11/04/2002", "natureza_juridica": "230-5 - Empresa Individual de Responsabilidade Limitada (de Natureza Empres\u00e1ria)", "fantasia": "CLAER SERVICOS GERAIS", "cnpj": "04.983.028/0001-47", "ultima_atualizacao": "2020-02-08T01:01:23.538Z", "status": "OK", "tipo": "MATRIZ", "efr": "", "motivo_situacao": "", "situacao_especial": "", "data_situacao_especial": "", "capital_social": "3900000.00", "extra": {}, "billing": {"free": false, "database": true}}