{"atividade_principal": [{"text": "Outras obras de engenharia civil n\u00e3o especificadas anteriormente", "code": "42.99-5-99"}], "data_situacao": "25/06/2018", "complemento": "BL 06 SALA 333", "nome": "IN.BRA CONSTRUTORA LTDA", "uf": "RJ", "telefone": "(21) 2517-7900", "atividades_secundarias": [{"text": "Servi\u00e7os especializados para constru\u00e7\u00e3o n\u00e3o especificados anteriormente", "code": "43.99-1-99"}], "qsa": [{"qual": "22-S\u00f3cio", "nome": "SERGIO RICARDO DA FONSECA"}, {"qual": "22-S\u00f3cio", "qual_rep_legal": "05-Administrador", "nome_rep_legal": "FABIANO ARANTES DE FARIA", "nome": "OCC PARTICIPACOES EIRELI"}, {"qual": "05-Administrador", "nome": "FABIANO ARANTES DE FARIA"}], "situacao": "ATIVA", "bairro": "BARRA DA TIJUCA", "logradouro": "AV DAS AMERICAS", "numero": "700", "cep": "22.640-100", "municipio": "RIO DE JANEIRO", "porte": "DEMAIS", "abertura": "10/05/2002", "natureza_juridica": "206-2 - Sociedade Empres\u00e1ria Limitada", "cnpj": "05.057.027/0001-34", "ultima_atualizacao": "2020-02-07T23:56:29.969Z", "status": "OK", "tipo": "MATRIZ", "fantasia": "", "email": "", "efr": "", "motivo_situacao": "", "situacao_especial": "", "data_situacao_especial": "", "capital_social": "5660695.00", "extra": {}, "billing": {"free": false, "database": true}}