{"atividade_principal": [{"text": "Com\u00e9rcio atacadista de instrumentos e materiais para uso m\u00e9dico, cir\u00fargico, hospitalar e de laborat\u00f3rios", "code": "46.45-1-01"}], "data_situacao": "06/08/2005", "nome": "PROCARE - COMERCIO DE PRODUTOS HOSPITALARES LTDA.", "uf": "RJ", "telefone": "(21) 2565-7000", "atividades_secundarias": [{"text": "Com\u00e9rcio atacadista de produtos aliment\u00edcios em geral", "code": "46.39-7-01"}, {"text": "Instala\u00e7\u00e3o de m\u00e1quinas e equipamentos industriais", "code": "33.21-0-00"}, {"text": "Manuten\u00e7\u00e3o e repara\u00e7\u00e3o de aparelhos eletrom\u00e9dicos e eletroterap\u00eauticos e equipamentos de irradia\u00e7\u00e3o", "code": "33.12-1-03"}, {"text": "Aluguel de outras m\u00e1quinas e equipamentos comerciais e industriais n\u00e3o especificados anteriormente, sem operador", "code": "77.39-0-99"}], "qsa": [{"qual": "49-S\u00f3cio-Administrador", "nome": "NATHALIA LACRETA MEDICI BENVENUTTI"}, {"qual": "49-S\u00f3cio-Administrador", "nome": "MARCELO AUGUSTO ROMEU MEDICI"}], "situacao": "ATIVA", "bairro": "TODOS OS SANTOS", "logradouro": "R DOMINGOS FREIRE", "numero": "48", "cep": "20.735-220", "municipio": "RIO DE JANEIRO", "porte": "DEMAIS", "abertura": "04/04/2002", "natureza_juridica": "206-2 - Sociedade Empres\u00e1ria Limitada", "cnpj": "05.050.260/0001-95", "ultima_atualizacao": "2020-02-08T05:06:48.585Z", "status": "OK", "tipo": "MATRIZ", "fantasia": "", "complemento": "", "email": "", "efr": "", "motivo_situacao": "", "situacao_especial": "", "data_situacao_especial": "", "capital_social": "300000.00", "extra": {}, "billing": {"free": false, "database": true}}