{"atividade_principal": [{"text": "Constru\u00e7\u00e3o de edif\u00edcios", "code": "41.20-4-00"}], "data_situacao": "06/06/2002", "complemento": "SALA 07", "nome": "SPAN CONSTRUCOES E SERVICOS EIRELI", "uf": "RJ", "email": "garrido@ostras.net", "atividades_secundarias": [{"text": "Servi\u00e7os de acabamentos gr\u00e1ficos, exceto encaderna\u00e7\u00e3o e plastifica\u00e7\u00e3o", "code": "18.22-9-99"}, {"text": "Reprodu\u00e7\u00e3o de software em qualquer suporte", "code": "18.30-0-03"}, {"text": "Constru\u00e7\u00e3o de instala\u00e7\u00f5es esportivas e recreativas", "code": "42.99-5-01"}, {"text": "Instala\u00e7\u00e3o e manuten\u00e7\u00e3o el\u00e9trica", "code": "43.21-5-00"}, {"text": "Instala\u00e7\u00f5es de sistema de preven\u00e7\u00e3o contra inc\u00eandio", "code": "43.22-3-03"}, {"text": "Com\u00e9rcio a varejo de pneum\u00e1ticos e c\u00e2maras-de-ar", "code": "45.30-7-05"}, {"text": "Com\u00e9rcio atacadista de roupas e acess\u00f3rios para uso profissional e de seguran\u00e7a do trabalho", "code": "46.42-7-02"}, {"text": "Com\u00e9rcio atacadista de instrumentos e materiais para uso m\u00e9dico, cir\u00fargico, hospitalar e de laborat\u00f3rios", "code": "46.45-1-01"}, {"text": "Com\u00e9rcio varejista de produtos aliment\u00edcios em geral ou especializado em produtos aliment\u00edcios n\u00e3o especificados anteriormente", "code": "47.29-6-99"}, {"text": "Com\u00e9rcio varejista de lubrificantes", "code": "47.32-6-00"}, {"text": "Com\u00e9rcio varejista de tintas e materiais para pintura", "code": "47.41-5-00"}, {"text": "Com\u00e9rcio varejista de materiais de constru\u00e7\u00e3o em geral", "code": "47.44-0-99"}, {"text": "Com\u00e9rcio varejista especializado de equipamentos e suprimentos de inform\u00e1tica", "code": "47.51-2-01"}, {"text": "Com\u00e9rcio varejista especializado de eletrodom\u00e9sticos e equipamentos de \u00e1udio e v\u00eddeo", "code": "47.53-9-00"}, {"text": "Com\u00e9rcio varejista de m\u00f3veis", "code": "47.54-7-01"}, {"text": "Com\u00e9rcio varejista de artigos de papelaria", "code": "47.61-0-03"}, {"text": "Com\u00e9rcio varejista de artigos m\u00e9dicos e ortop\u00e9dicos", "code": "47.73-3-00"}, {"text": "Com\u00e9rcio varejista de artigos do vestu\u00e1rio e acess\u00f3rios", "code": "47.81-4-00"}, {"text": "Com\u00e9rcio varejista de cal\u00e7ados", "code": "47.82-2-01"}, {"text": "Com\u00e9rcio varejista de animais vivos e de artigos e alimentos para animais de estima\u00e7\u00e3o", "code": "47.89-0-04"}, {"text": "Com\u00e9rcio varejista de produtos saneantes domissanit\u00e1rios", "code": "47.89-0-05"}, {"text": "Transporte rodovi\u00e1rio coletivo de passageiros, sob regime de fretamento, municipal", "code": "49.29-9-01"}, {"text": "Transporte rodovi\u00e1rio coletivo de passageiros, sob regime de fretamento, intermunicipal, interestadual e internacional", "code": "49.29-9-02"}, {"text": "Outras atividades de telecomunica\u00e7\u00f5es n\u00e3o especificadas anteriormente", "code": "61.90-6-99"}, {"text": "Consultoria em tecnologia da informa\u00e7\u00e3o", "code": "62.04-0-00"}, {"text": "Suporte t\u00e9cnico, manuten\u00e7\u00e3o e outros servi\u00e7os em tecnologia da informa\u00e7\u00e3o", "code": "62.09-1-00"}, {"text": "Servi\u00e7os de engenharia", "code": "71.12-0-00"}, {"text": "Filmagem de festas e eventos", "code": "74.20-0-04"}, {"text": "Loca\u00e7\u00e3o de autom\u00f3veis sem condutor", "code": "77.11-0-00"}, {"text": "Loca\u00e7\u00e3o de outros meios de transporte n\u00e3o especificados anteriormente, sem condutor", "code": "77.19-5-99"}, {"text": "Aluguel de m\u00e1quinas e equipamentos para constru\u00e7\u00e3o sem operador, exceto andaimes", "code": "77.32-2-01"}, {"text": "Servi\u00e7os combinados para apoio a edif\u00edcios, exceto condom\u00ednios prediais", "code": "81.11-7-00"}, {"text": "Limpeza em pr\u00e9dios e em domic\u00edlios", "code": "81.21-4-00"}, {"text": "Atividades de limpeza n\u00e3o especificadas anteriormente", "code": "81.29-0-00"}, {"text": "Atividades paisag\u00edsticas", "code": "81.30-3-00"}, {"text": "Servi\u00e7os de organiza\u00e7\u00e3o de feiras, congressos, exposi\u00e7\u00f5es e festas", "code": "82.30-0-01"}, {"text": "Outras atividades de servi\u00e7os prestados principalmente \u00e0s empresas n\u00e3o especificadas anteriormente", "code": "82.99-7-99"}, {"text": "Atividades de sonoriza\u00e7\u00e3o e de ilumina\u00e7\u00e3o", "code": "90.01-9-06"}, {"text": "Repara\u00e7\u00e3o e manuten\u00e7\u00e3o de equipamentos eletroeletr\u00f4nicos de uso pessoal e dom\u00e9stico", "code": "95.21-5-00"}, {"text": "Outras atividades de servi\u00e7os pessoais n\u00e3o especificadas anteriormente", "code": "96.09-2-99"}], "qsa": [{"qual": "65-Titular Pessoa F\u00edsica Residente ou Domiciliado no Brasil", "nome": "JOSE LUIZ LOPEZ DOS SANTOS GARCIA"}], "situacao": "ATIVA", "bairro": "CENTRO", "logradouro": "ROD AMARAL PEIXOTO", "numero": "4847", "cep": "28.890-001", "municipio": "RIO DAS OSTRAS", "porte": "EMPRESA DE PEQUENO PORTE", "abertura": "06/06/2002", "natureza_juridica": "230-5 - Empresa Individual de Responsabilidade Limitada (de Natureza Empres\u00e1ria)", "fantasia": "SPAN CONSTRUCOES E SERVICOS", "cnpj": "05.133.091/0001-57", "ultima_atualizacao": "2020-02-08T00:09:13.774Z", "status": "OK", "tipo": "MATRIZ", "telefone": "", "efr": "", "motivo_situacao": "", "situacao_especial": "", "data_situacao_especial": "", "capital_social": "93700.00", "extra": {}, "billing": {"free": false, "database": true}}