{"data_situacao": "16/04/2019", "motivo_situacao": "EXTINCAO P/ ENC LIQ VOLUNTARIA", "nome": "S MARCHIOTI DE AQUINO", "telefone": "(22) 2778-1283", "situacao": "BAIXADA", "porte": "MICRO EMPRESA", "abertura": "11/07/2002", "natureza_juridica": "213-5 - Empres\u00e1rio (Individual)", "fantasia": "SEMAQ", "cnpj": "05.167.769/0001-12", "ultima_atualizacao": "2020-02-08T17:04:58.112Z", "status": "OK", "tipo": "MATRIZ", "logradouro": "", "numero": "", "complemento": "", "cep": "", "bairro": "", "municipio": "", "uf": "", "email": "", "efr": "", "situacao_especial": "", "data_situacao_especial": "", "atividade_principal": [{"code": "00.00-0-00", "text": "********"}], "atividades_secundarias": [{"code": "00.00-0-00", "text": "N\u00e3o informada"}], "capital_social": "0.00", "qsa": [], "extra": {}, "billing": {"free": false, "database": false}}