{"atividade_principal": [{"text": "Outras atividades auxiliares dos transportes terrestres n\u00e3o especificadas anteriormente", "code": "52.29-0-99"}], "data_situacao": "26/03/2004", "nome": "ACESSTRAN - SINALIZACAO E SERVICOS EIRELI", "uf": "RJ", "telefone": "(22) 2566-2352", "atividades_secundarias": [{"text": "Impress\u00e3o de material para outros usos", "code": "18.13-0-99"}, {"text": "Fabrica\u00e7\u00e3o de estruturas met\u00e1licas", "code": "25.11-0-00"}, {"text": "Fabrica\u00e7\u00e3o de esquadrias de metal", "code": "25.12-8-00"}, {"text": "Fabrica\u00e7\u00e3o de outros produtos de metal n\u00e3o especificados anteriormente", "code": "25.99-3-99"}, {"text": "Fabrica\u00e7\u00e3o de letras, letreiros e placas de qualquer material, exceto luminosos", "code": "32.99-0-03"}, {"text": "Fabrica\u00e7\u00e3o de pain\u00e9is e letreiros luminosos", "code": "32.99-0-04"}, {"text": "Pintura para sinaliza\u00e7\u00e3o em pistas rodovi\u00e1rias e aeroportos", "code": "42.11-1-02"}, {"text": "Obras de urbaniza\u00e7\u00e3o - ruas, pra\u00e7as e cal\u00e7adas", "code": "42.13-8-00"}, {"text": "Instala\u00e7\u00e3o de pain\u00e9is publicit\u00e1rios", "code": "43.29-1-01"}, {"text": "Montagem e instala\u00e7\u00e3o de sistemas e equipamentos de ilumina\u00e7\u00e3o e sinaliza\u00e7\u00e3o em vias p\u00fablicas, portos e aeroportos", "code": "43.29-1-04"}, {"text": "Com\u00e9rcio atacadista de roupas e acess\u00f3rios para uso profissional e de seguran\u00e7a do trabalho", "code": "46.42-7-02"}, {"text": "Com\u00e9rcio atacadista de material el\u00e9trico", "code": "46.73-7-00"}, {"text": "Com\u00e9rcio atacadista de tintas, vernizes e similares", "code": "46.79-6-01"}, {"text": "Com\u00e9rcio atacadista de materiais de constru\u00e7\u00e3o em geral", "code": "46.79-6-99"}, {"text": "Com\u00e9rcio atacadista de mercadorias em geral, sem predomin\u00e2ncia de alimentos ou de insumos agropecu\u00e1rios", "code": "46.93-1-00"}, {"text": "Com\u00e9rcio varejista de tintas e materiais para pintura", "code": "47.41-5-00"}, {"text": "Com\u00e9rcio varejista de material el\u00e9trico", "code": "47.42-3-00"}, {"text": "Com\u00e9rcio varejista de materiais de constru\u00e7\u00e3o em geral", "code": "47.44-0-99"}, {"text": "Com\u00e9rcio varejista de outros produtos n\u00e3o especificados anteriormente", "code": "47.89-0-99"}, {"text": "Servi\u00e7os de arquitetura", "code": "71.11-1-00"}, {"text": "Aluguel de outras m\u00e1quinas e equipamentos comerciais e industriais n\u00e3o especificados anteriormente, sem operador", "code": "77.39-0-99"}, {"text": "Atividades de monitoramento de sistemas de seguran\u00e7a eletr\u00f4nico", "code": "80.20-0-01"}, {"text": "Limpeza em pr\u00e9dios e em domic\u00edlios", "code": "81.21-4-00"}, {"text": "Atividades de limpeza n\u00e3o especificadas anteriormente", "code": "81.29-0-00"}, {"text": "Outras atividades de servi\u00e7os prestados principalmente \u00e0s empresas n\u00e3o especificadas anteriormente", "code": "82.99-7-99"}, {"text": "Outras atividades de ensino n\u00e3o especificadas anteriormente", "code": "85.99-6-99"}], "qsa": [{"qual": "65-Titular Pessoa F\u00edsica Residente ou Domiciliado no Brasil", "nome": "AUGUSTO DAMIAO SIQUEIRA PEREIRA"}], "situacao": "ATIVA", "bairro": "DUAS PEDRAS", "logradouro": "R SAO PEDRO", "numero": "23", "cep": "28.630-140", "municipio": "NOVA FRIBURGO", "porte": "MICRO EMPRESA", "abertura": "08/07/2002", "natureza_juridica": "230-5 - Empresa Individual de Responsabilidade Limitada (de Natureza Empres\u00e1ria)", "fantasia": "ASPECTO", "cnpj": "05.193.877/0001-60", "ultima_atualizacao": "2020-02-08T00:50:14.496Z", "status": "OK", "tipo": "MATRIZ", "complemento": "", "email": "", "efr": "", "motivo_situacao": "", "situacao_especial": "", "data_situacao_especial": "", "capital_social": "500000.00", "extra": {}, "billing": {"free": false, "database": true}}