{"atividade_principal": [{"text": "Com\u00e9rcio atacadista de artigos de escrit\u00f3rio e de papelaria", "code": "46.47-8-01"}], "data_situacao": "13/08/2004", "complemento": "LOJA 1062", "nome": "PARCO COMERCIO E SERVICOS LTDA", "uf": "RJ", "telefone": "(24) 3358-8500", "atividades_secundarias": [{"text": "Com\u00e9rcio atacadista de chocolates, confeitos, balas, bombons e semelhantes", "code": "46.37-1-07"}, {"text": "Com\u00e9rcio atacadista de tecidos", "code": "46.41-9-01"}, {"text": "Com\u00e9rcio atacadista de artigos de armarinho", "code": "46.41-9-03"}, {"text": "Com\u00e9rcio atacadista de mercadorias em geral, sem predomin\u00e2ncia de alimentos ou de insumos agropecu\u00e1rios", "code": "46.93-1-00"}], "qsa": [{"qual": "49-S\u00f3cio-Administrador", "nome": "EDUARDO DE PAULA GONCALVES DE CASTRO"}, {"qual": "22-S\u00f3cio", "qual_rep_legal": "05-Administrador", "nome_rep_legal": "MARIANA BORGES DUARTE GONCALVES DE CASTRO", "nome": "DMAM EMPREENDIMENTOS E PARTICIPACOES SOCIETARIAS LTDA"}, {"qual": "22-S\u00f3cio", "qual_rep_legal": "05-Administrador", "nome_rep_legal": "SEBASTIAO PRUDENTE GONCALVES DE CASTRO", "nome": "BEAUGENCY PARTICIPACOES LTDA"}, {"qual": "22-S\u00f3cio", "nome": "MARCO ANTONIO GONCALVES DE CASTRO"}], "situacao": "ATIVA", "bairro": "MORADA DO CASTELO", "logradouro": "AV DORIVAL MARCONDES GODOY", "numero": "500", "cep": "27.535-320", "municipio": "RESENDE", "porte": "DEMAIS", "abertura": "13/08/2004", "natureza_juridica": "206-2 - Sociedade Empres\u00e1ria Limitada", "fantasia": "CACULA", "cnpj": "05.214.053/0010-10", "ultima_atualizacao": "2020-02-08T01:02:52.099Z", "status": "OK", "tipo": "FILIAL", "email": "", "efr": "", "motivo_situacao": "", "situacao_especial": "", "data_situacao_especial": "", "capital_social": "15500000.00", "extra": {}, "billing": {"free": false, "database": true}}