{"atividade_principal": [{"text": "Com\u00e9rcio atacadista de artigos de escrit\u00f3rio e de papelaria", "code": "46.47-8-01"}], "data_situacao": "24/09/2005", "complemento": "GLP", "nome": "PARCO COMERCIO E SERVICOS LTDA", "uf": "RJ", "telefone": "(21) 3878-8852", "atividades_secundarias": [{"text": "Com\u00e9rcio atacadista de chocolates, confeitos, balas, bombons e semelhantes", "code": "46.37-1-07"}, {"text": "Com\u00e9rcio atacadista de artigos de armarinho", "code": "46.41-9-03"}], "situacao": "ATIVA", "bairro": "SAO CRISTOVAO", "logradouro": "CPO SAO DE CRISTOVAO", "numero": "00087", "cep": "20.921-440", "municipio": "RIO DE JANEIRO", "porte": "DEMAIS", "abertura": "22/07/2002", "natureza_juridica": "206-2 - Sociedade Empres\u00e1ria Limitada", "fantasia": "CACULA", "cnpj": "05.214.053/0001-29", "ultima_atualizacao": "2020-02-07T23:00:08.432Z", "status": "OK", "tipo": "MATRIZ", "email": "", "efr": "", "motivo_situacao": "", "situacao_especial": "", "data_situacao_especial": "", "capital_social": "0.00", "qsa": [], "extra": {}, "billing": {"free": false, "database": true}}