{"atividade_principal": [{"text": "Desenvolvimento e licenciamento de programas de computador customiz\u00e1veis", "code": "62.02-3-00"}], "data_situacao": "03/11/2005", "nome": "DBSELLER SERVICOS DE INFORMATICA LTDA", "uf": "RS", "telefone": "(51) 3076-5101", "email": "paulo@dbseller.com.br", "atividades_secundarias": [{"text": "Suporte t\u00e9cnico, manuten\u00e7\u00e3o e outros servi\u00e7os em tecnologia da informa\u00e7\u00e3o", "code": "62.09-1-00"}, {"text": "Tratamento de dados, provedores de servi\u00e7os de aplica\u00e7\u00e3o e servi\u00e7os de hospedagem na internet", "code": "63.11-9-00"}, {"text": "Portais, provedores de conte\u00fado e outros servi\u00e7os de informa\u00e7\u00e3o na internet", "code": "63.19-4-00"}, {"text": "Treinamento em inform\u00e1tica", "code": "85.99-6-03"}], "qsa": [{"qual": "22-S\u00f3cio", "nome": "PAULO RICARDO DA SILVA"}, {"qual": "22-S\u00f3cio", "nome": "SANDRO MORETI FREITAS RODRIGUES"}, {"qual": "22-S\u00f3cio", "nome": "EVANDRO DE OLIVEIRA SCHAULET"}, {"qual": "49-S\u00f3cio-Administrador", "nome": "RITA DE MOURA FRIAS TRINDADE"}], "situacao": "ATIVA", "bairro": "SANTANA", "logradouro": "R DOUTOR OLINTO DE OLIVEIRA", "numero": "40", "cep": "90.040-250", "municipio": "PORTO ALEGRE", "porte": "DEMAIS", "abertura": "09/08/2002", "natureza_juridica": "206-2 - Sociedade Empres\u00e1ria Limitada", "cnpj": "05.238.851/0001-90", "ultima_atualizacao": "2020-02-08T04:43:16.875Z", "status": "OK", "tipo": "MATRIZ", "fantasia": "", "complemento": "", "efr": "", "motivo_situacao": "", "situacao_especial": "", "data_situacao_especial": "", "capital_social": "300000.00", "extra": {}, "billing": {"free": false, "database": true}}