{"atividade_principal": [{"text": "Com\u00e9rcio atacadista de instrumentos e materiais para uso m\u00e9dico, cir\u00fargico, hospitalar e de laborat\u00f3rios", "code": "46.45-1-01"}], "data_situacao": "04/09/2004", "nome": "DIAG SUL COMERCIAL LTDA", "uf": "RJ", "telefone": "(24) 3323-6532", "email": "diagsulrj@uol.com.br", "atividades_secundarias": [{"text": "Manuten\u00e7\u00e3o e repara\u00e7\u00e3o de equipamentos e produtos n\u00e3o especificados anteriormente", "code": "33.19-8-00"}, {"text": "Aluguel de equipamentos cient\u00edficos, m\u00e9dicos e hospitalares, sem operador", "code": "77.39-0-02"}], "qsa": [{"qual": "49-S\u00f3cio-Administrador", "nome": "RICARDO ESPINDULA"}], "situacao": "ATIVA", "bairro": "ANO BOM", "logradouro": "R ORLANDO BRANDAO", "numero": "224", "cep": "27.323-450", "municipio": "BARRA MANSA", "porte": "MICRO EMPRESA", "abertura": "12/09/2002", "natureza_juridica": "206-2 - Sociedade Empres\u00e1ria Limitada", "fantasia": "DIAG SUL PRODUTOS PARA LABORATORIOS", "cnpj": "05.288.017/0001-00", "ultima_atualizacao": "2020-02-08T04:03:45.307Z", "status": "OK", "tipo": "MATRIZ", "complemento": "", "efr": "", "motivo_situacao": "", "situacao_especial": "", "data_situacao_especial": "", "capital_social": "200000.00", "extra": {}, "billing": {"free": false, "database": true}}