{"atividade_principal": [{"text": "Seguran\u00e7a e ordem p\u00fablica", "code": "84.24-8-00"}], "data_situacao": "01/01/2003", "complemento": "S/526- EDIF PEDRO II", "nome": "SECRETARIA DE ESTADO DE ADMINISTRACAO PENITENCIARIA", "uf": "RJ", "telefone": "(21) 3399-1392", "situacao": "ATIVA", "bairro": "CENTRO", "logradouro": "PC CRISTIANO OTTONI", "numero": "S/N", "cep": "20.221-250", "municipio": "RIO DE JANEIRO", "porte": "DEMAIS", "abertura": "01/01/2003", "natureza_juridica": "102-3 - \u00d3rg\u00e3o P\u00fablico do Poder Executivo Estadual ou do Distrito Federal", "cnpj": "05.482.345/0001-42", "ultima_atualizacao": "2020-02-08T05:03:49.199Z", "status": "OK", "tipo": "MATRIZ", "fantasia": "", "email": "", "efr": "", "motivo_situacao": "", "situacao_especial": "", "data_situacao_especial": "", "atividades_secundarias": [{"code": "00.00-0-00", "text": "N\u00e3o informada"}], "capital_social": "0.00", "qsa": [], "extra": {}, "billing": {"free": false, "database": true}}