{"atividade_principal": [{"text": "Com\u00e9rcio varejista especializado de equipamentos de telefonia e comunica\u00e7\u00e3o", "code": "47.52-1-00"}], "data_situacao": "24/09/2005", "complemento": "LOJA", "nome": "SERVICES E RENT NORTE FLUMINENSE LTDA", "uf": "RJ", "telefone": "(22) 2105-7330", "atividades_secundarias": [{"text": "Impress\u00e3o de material para uso publicit\u00e1rio", "code": "18.13-0-01"}, {"text": "Impress\u00e3o de material para outros usos", "code": "18.13-0-99"}, {"text": "Servi\u00e7os de acabamentos gr\u00e1ficos, exceto encaderna\u00e7\u00e3o e plastifica\u00e7\u00e3o", "code": "18.22-9-99"}, {"text": "Instala\u00e7\u00e3o de outros equipamentos n\u00e3o especificados anteriormente", "code": "33.29-5-99"}, {"text": "Manuten\u00e7\u00e3o de esta\u00e7\u00f5es e redes de telecomunica\u00e7\u00f5es", "code": "42.21-9-05"}, {"text": "Instala\u00e7\u00e3o e manuten\u00e7\u00e3o el\u00e9trica", "code": "43.21-5-00"}, {"text": "Com\u00e9rcio atacadista de equipamentos el\u00e9tricos de uso pessoal e dom\u00e9stico", "code": "46.49-4-01"}, {"text": "Com\u00e9rcio atacadista de equipamentos de inform\u00e1tica", "code": "46.51-6-01"}, {"text": "Com\u00e9rcio atacadista de componentes eletr\u00f4nicos e equipamentos de telefonia e comunica\u00e7\u00e3o", "code": "46.52-4-00"}, {"text": "Com\u00e9rcio atacadista de M\u00e1quinas e equipamentos para uso industrial; partes e pe\u00e7as", "code": "46.63-0-00"}, {"text": "Com\u00e9rcio atacadista de outras m\u00e1quinas e equipamentos n\u00e3o especificados anteriormente; partes e pe\u00e7as", "code": "46.69-9-99"}, {"text": "Com\u00e9rcio varejista de material el\u00e9trico", "code": "47.42-3-00"}, {"text": "Com\u00e9rcio varejista de ferragens e ferramentas", "code": "47.44-0-01"}, {"text": "Com\u00e9rcio varejista de materiais hidr\u00e1ulicos", "code": "47.44-0-03"}, {"text": "Com\u00e9rcio varejista especializado de equipamentos e suprimentos de inform\u00e1tica", "code": "47.51-2-01"}, {"text": "Com\u00e9rcio varejista especializado de eletrodom\u00e9sticos e equipamentos de \u00e1udio e v\u00eddeo", "code": "47.53-9-00"}, {"text": "Com\u00e9rcio varejista de artigos de papelaria", "code": "47.61-0-03"}, {"text": "Com\u00e9rcio varejista de discos, CDs, DVDs e fitas", "code": "47.62-8-00"}, {"text": "Com\u00e9rcio varejista de brinquedos e artigos recreativos", "code": "47.63-6-01"}, {"text": "Com\u00e9rcio varejista de equipamentos para escrit\u00f3rio", "code": "47.89-0-07"}, {"text": "Com\u00e9rcio varejista de outros produtos n\u00e3o especificados anteriormente", "code": "47.89-0-99"}, {"text": "Servi\u00e7o de transporte de passageiros - loca\u00e7\u00e3o de autom\u00f3veis com motorista", "code": "49.23-0-02"}, {"text": "Carga e descarga", "code": "52.12-5-00"}, {"text": "Servi\u00e7os de redes de transportes de telecomunica\u00e7\u00f5es - SRTT", "code": "61.10-8-02"}, {"text": "Servi\u00e7os de comunica\u00e7\u00e3o multim\u00eddia - SCM", "code": "61.10-8-03"}, {"text": "Servi\u00e7os de telecomunica\u00e7\u00f5es por fio n\u00e3o especificados anteriormente", "code": "61.10-8-99"}, {"text": "Servi\u00e7os de telecomunica\u00e7\u00f5es sem fio n\u00e3o especificados anteriormente", "code": "61.20-5-99"}, {"text": "Telecomunica\u00e7\u00f5es por sat\u00e9lite", "code": "61.30-2-00"}, {"text": "Operadoras de televis\u00e3o por assinatura por cabo", "code": "61.41-8-00"}, {"text": "Operadoras de televis\u00e3o por assinatura por sat\u00e9lite", "code": "61.43-4-00"}, {"text": "Provedores de acesso \u00e0s redes de comunica\u00e7\u00f5es", "code": "61.90-6-01"}, {"text": "Provedores de voz sobre protocolo internet - VOIP", "code": "61.90-6-02"}, {"text": "Outras atividades de telecomunica\u00e7\u00f5es n\u00e3o especificadas anteriormente", "code": "61.90-6-99"}, {"text": "Desenvolvimento de programas de computador sob encomenda", "code": "62.01-5-01"}, {"text": "Web design", "code": "62.01-5-02"}, {"text": "Desenvolvimento e licenciamento de programas de computador customiz\u00e1veis", "code": "62.02-3-00"}, {"text": "Desenvolvimento e licenciamento de programas de computador n\u00e3o-customiz\u00e1veis", "code": "62.03-1-00"}, {"text": "Consultoria em tecnologia da informa\u00e7\u00e3o", "code": "62.04-0-00"}, {"text": "Suporte t\u00e9cnico, manuten\u00e7\u00e3o e outros servi\u00e7os em tecnologia da informa\u00e7\u00e3o", "code": "62.09-1-00"}, {"text": "Tratamento de dados, provedores de servi\u00e7os de aplica\u00e7\u00e3o e servi\u00e7os de hospedagem na internet", "code": "63.11-9-00"}, {"text": "Portais, provedores de conte\u00fado e outros servi\u00e7os de informa\u00e7\u00e3o na internet", "code": "63.19-4-00"}, {"text": "Loca\u00e7\u00e3o de autom\u00f3veis sem condutor", "code": "77.11-0-00"}, {"text": "Aluguel de m\u00e1quinas e equipamentos para escrit\u00f3rios", "code": "77.33-1-00"}, {"text": "Aluguel de outras m\u00e1quinas e equipamentos comerciais e industriais n\u00e3o especificados anteriormente, sem operador", "code": "77.39-0-99"}, {"text": "Atividades de monitoramento de sistemas de seguran\u00e7a eletr\u00f4nico", "code": "80.20-0-01"}, {"text": "Outras atividades de servi\u00e7os de seguran\u00e7a", "code": "80.20-0-02"}, {"text": "Outras atividades de ensino n\u00e3o especificadas anteriormente", "code": "85.99-6-99"}, {"text": "Repara\u00e7\u00e3o e manuten\u00e7\u00e3o de computadores e de equipamentos perif\u00e9ricos", "code": "95.11-8-00"}, {"text": "Repara\u00e7\u00e3o e manuten\u00e7\u00e3o de equipamentos de comunica\u00e7\u00e3o", "code": "95.12-6-00"}], "qsa": [{"qual": "49-S\u00f3cio-Administrador", "nome": "ROSSANA BALDONI PRADO CUNHA"}, {"qual": "22-S\u00f3cio", "nome": "EVANDRO CAPISTRANO CUNHA"}], "situacao": "ATIVA", "bairro": "SOL E MAR", "logradouro": "AV CARLOS AUGUSTO TINOCO GARCIA", "numero": "1756", "cep": "27.940-370", "municipio": "MACAE", "porte": "EMPRESA DE PEQUENO PORTE", "abertura": "26/12/2002", "natureza_juridica": "206-2 - Sociedade Empres\u00e1ria Limitada", "cnpj": "05.491.379/0001-01", "ultima_atualizacao": "2020-02-07T23:28:41.376Z", "status": "OK", "tipo": "MATRIZ", "fantasia": "", "email": "", "efr": "", "motivo_situacao": "", "situacao_especial": "", "data_situacao_especial": "", "capital_social": "300000.00", "extra": {}, "billing": {"free": false, "database": true}}