{"atividade_principal": [{"text": "Com\u00e9rcio varejista especializado de equipamentos e suprimentos de inform\u00e1tica", "code": "47.51-2-01"}], "data_situacao": "03/11/2005", "nome": "MULTI COMERCIAL & IMPORTADORA EIRELI", "uf": "CE", "telefone": "(85) 3251-1007/ (85) 3251-1007", "email": "neto@informacontabilidade.com.br", "atividades_secundarias": [{"text": "Com\u00e9rcio varejista especializado de eletrodom\u00e9sticos e equipamentos de \u00e1udio e v\u00eddeo", "code": "47.53-9-00"}, {"text": "Suporte t\u00e9cnico, manuten\u00e7\u00e3o e outros servi\u00e7os em tecnologia da informa\u00e7\u00e3o", "code": "62.09-1-00"}, {"text": "Atividades de intermedia\u00e7\u00e3o e agenciamento de servi\u00e7os e neg\u00f3cios em geral, exceto imobili\u00e1rios", "code": "74.90-1-04"}, {"text": "Aluguel de m\u00e1quinas e equipamentos para escrit\u00f3rios", "code": "77.33-1-00"}, {"text": "Aluguel de outras m\u00e1quinas e equipamentos comerciais e industriais n\u00e3o especificados anteriormente, sem operador", "code": "77.39-0-99"}, {"text": "Repara\u00e7\u00e3o e manuten\u00e7\u00e3o de computadores e de equipamentos perif\u00e9ricos", "code": "95.11-8-00"}, {"text": "Repara\u00e7\u00e3o e manuten\u00e7\u00e3o de equipamentos eletroeletr\u00f4nicos de uso pessoal e dom\u00e9stico", "code": "95.21-5-00"}], "qsa": [{"qual": "65-Titular Pessoa F\u00edsica Residente ou Domiciliado no Brasil", "nome": "FELIPE AGUIAR BEZERRA DE MENESES"}], "situacao": "ATIVA", "bairro": "CENTRO", "logradouro": "R SENADOR POMPEU", "numero": "1547", "cep": "60.025-001", "municipio": "FORTALEZA", "porte": "MICRO EMPRESA", "abertura": "10/02/2003", "natureza_juridica": "230-5 - Empresa Individual de Responsabilidade Limitada (de Natureza Empres\u00e1ria)", "cnpj": "05.502.390/0001-11", "ultima_atualizacao": "2020-02-08T17:08:28.715Z", "status": "OK", "tipo": "MATRIZ", "fantasia": "", "complemento": "", "efr": "", "motivo_situacao": "", "situacao_especial": "", "data_situacao_especial": "", "capital_social": "100000.00", "extra": {}, "billing": {"free": false, "database": false}}