{"atividade_principal": [{"text": "Administra\u00e7\u00e3o de caixas escolares", "code": "85.50-3-01"}], "data_situacao": "03/11/2005", "complemento": "CASA", "nome": "CONSELHO ESCOLAR DA ESCOLA PARQUE MUNICIPAL PROFESSORA MARIA ANGELICA RIBEIRO BENJAMIN", "uf": "RJ", "telefone": "(22) 2759-1126", "email": "pabloparga@megamail.com.br", "atividades_secundarias": [{"text": "Outras atividades de ensino n\u00e3o especificadas anteriormente", "code": "85.99-6-99"}], "qsa": [{"qual": "16-Presidente", "nome": "THAISSA MARIA SASSE COELHO"}], "situacao": "ATIVA", "bairro": "JARDIM SANTO ATONIO", "logradouro": "R LUIZ ALVES DE LIMA E SILVA", "numero": "S/N", "cep": "27.945-010", "municipio": "MACAE", "porte": "DEMAIS", "abertura": "01/07/2002", "natureza_juridica": "399-9 - Associa\u00e7\u00e3o Privada", "fantasia": "CE EPMPMARB", "cnpj": "05.582.892/0001-08", "ultima_atualizacao": "2020-02-08T17:44:00.349Z", "status": "OK", "tipo": "MATRIZ", "efr": "", "motivo_situacao": "", "situacao_especial": "", "data_situacao_especial": "", "capital_social": "0.00", "extra": {}, "billing": {"free": false, "database": false}}