{"atividade_principal": [{"text": "Administra\u00e7\u00e3o de caixas escolares", "code": "85.50-3-01"}], "data_situacao": "16/06/2003", "nome": "CONSELHO ESCOLAR DA ESCOLA MUNICIPAL ALMIR FRANCISCO LAPA", "uf": "RJ", "telefone": "(22) 9914-0912", "email": "secretarialapada@gmail.com", "atividades_secundarias": [{"text": "Outras atividades de ensino n\u00e3o especificadas anteriormente", "code": "85.99-6-99"}], "qsa": [{"qual": "16-Presidente", "nome": "VALME RIBEIRO DE SOUZA"}], "situacao": "ATIVA", "bairro": "PARQUE AEROPORTO", "logradouro": "R ARACATUBA", "numero": "SN", "cep": "27.963-044", "municipio": "MACAE", "porte": "DEMAIS", "abertura": "16/06/2003", "natureza_juridica": "399-9 - Associa\u00e7\u00e3o Privada", "fantasia": "CE EMAFL", "cnpj": "05.730.287/0001-29", "ultima_atualizacao": "2020-02-08T17:20:42.503Z", "status": "OK", "tipo": "MATRIZ", "complemento": "", "efr": "", "motivo_situacao": "", "situacao_especial": "", "data_situacao_especial": "", "capital_social": "0.00", "extra": {}, "billing": {"free": false, "database": false}}