{"atividade_principal": [{"text": "Com\u00e9rcio varejista de artigos de \u00f3ptica", "code": "47.74-1-00"}], "data_situacao": "02/04/2004", "nome": "OTICA KAPRICHO DE PIRAI LTDA", "uf": "RJ", "atividades_secundarias": [{"text": "Com\u00e9rcio varejista de artigos de joalheria", "code": "47.83-1-01"}, {"text": "Com\u00e9rcio varejista de artigos de relojoaria", "code": "47.83-1-02"}], "qsa": [{"qual": "49-S\u00f3cio-Administrador", "nome": "BRUNO PIMENTA LEITE"}, {"qual": "22-S\u00f3cio", "nome": "JOAO EDUARDO NOGUEIRA LEITE"}], "situacao": "ATIVA", "bairro": "CENTRO", "logradouro": "R BARAO DO PIRAI", "numero": "347", "cep": "27.175-000", "municipio": "PIRAI", "porte": "MICRO EMPRESA", "abertura": "25/06/2003", "natureza_juridica": "206-2 - Sociedade Empres\u00e1ria Limitada", "fantasia": "OTICA KAPRICHO", "cnpj": "05.763.997/0001-55", "ultima_atualizacao": "2020-02-08T16:54:43.849Z", "status": "OK", "tipo": "MATRIZ", "complemento": "", "email": "", "telefone": "", "efr": "", "motivo_situacao": "", "situacao_especial": "", "data_situacao_especial": "", "capital_social": "0.00", "extra": {}, "billing": {"free": false, "database": false}}