{"atividade_principal": [{"text": "Instala\u00e7\u00f5es de sistema de preven\u00e7\u00e3o contra inc\u00eandio", "code": "43.22-3-03"}], "data_situacao": "05/02/2005", "complemento": "QUADRAB LOTE 14 A", "nome": "INCENDER EQUIPAMENTOS E SERVICOS CONTRA INCENDIO LTDA", "uf": "RJ", "telefone": "(22) 2772-6803", "email": "incender@incender.com.br", "atividades_secundarias": [{"text": "Servi\u00e7os de usinagem, tornearia e solda", "code": "25.39-0-01"}, {"text": "Manuten\u00e7\u00e3o e repara\u00e7\u00e3o de m\u00e1quinas e equipamentos para uso geral n\u00e3o especificados anteriormente", "code": "33.14-7-10"}, {"text": "Instala\u00e7\u00e3o e manuten\u00e7\u00e3o el\u00e9trica", "code": "43.21-5-00"}, {"text": "Com\u00e9rcio varejista de outros produtos n\u00e3o especificados anteriormente", "code": "47.89-0-99"}, {"text": "Outras atividades de servi\u00e7os prestados principalmente \u00e0s empresas n\u00e3o especificadas anteriormente", "code": "82.99-7-99"}], "qsa": [{"qual": "22-S\u00f3cio", "nome": "ERIC ALVES DA SILVA"}, {"qual": "49-S\u00f3cio-Administrador", "nome": "TANIA APARECIDA DE SOUZA"}], "situacao": "ATIVA", "bairro": "NOVO CAVALEIROS", "logradouro": "AL DO ACUDE", "numero": "771", "cep": "27.930-400", "municipio": "MACAE", "porte": "MICRO EMPRESA", "abertura": "21/07/2003", "natureza_juridica": "206-2 - Sociedade Empres\u00e1ria Limitada", "fantasia": "INCENDER", "cnpj": "05.818.511/0001-39", "ultima_atualizacao": "2020-02-08T17:22:52.378Z", "status": "OK", "tipo": "MATRIZ", "efr": "", "motivo_situacao": "", "situacao_especial": "", "data_situacao_especial": "", "capital_social": "95400.00", "extra": {}, "billing": {"free": false, "database": false}}