{"atividade_principal": [{"text": "Com\u00e9rcio atacadista de instrumentos e materiais para uso m\u00e9dico, cir\u00fargico, hospitalar e de laborat\u00f3rios", "code": "46.45-1-01"}], "data_situacao": "08/04/2005", "nome": "MERRIAM-FARMA COMERCIO DE PRODUTOS FARMACEUTICOS EIRELI", "uf": "RJ", "telefone": "(21) 2765-9500", "email": "merriamfarma@gmail.com", "atividades_secundarias": [{"text": "Transporte rodovi\u00e1rio de carga, exceto produtos perigosos e mudan\u00e7as, intermunicipal, interestadual e internacional", "code": "49.30-2-02"}, {"text": "Com\u00e9rcio atacadista de m\u00e1quinas, aparelhos e equipamentos para uso odonto-m\u00e9dico-hospitalar; partes e pe\u00e7as", "code": "46.64-8-00"}, {"text": "Com\u00e9rcio atacadista de medicamentos e drogas de uso humano", "code": "46.44-3-01"}, {"text": "Com\u00e9rcio atacadista de produtos de higiene, limpeza e conserva\u00e7\u00e3o domiciliar", "code": "46.49-4-08"}], "qsa": [{"qual": "65-Titular Pessoa F\u00edsica Residente ou Domiciliado no Brasil", "nome": "DULCINARA DE FARIAS"}], "situacao": "ATIVA", "bairro": "POSSE", "logradouro": "R MINAS GERAIS", "numero": "829", "cep": "26.282-190", "municipio": "NOVA IGUACU", "porte": "EMPRESA DE PEQUENO PORTE", "abertura": "22/09/2003", "natureza_juridica": "230-5 - Empresa Individual de Responsabilidade Limitada (de Natureza Empres\u00e1ria)", "cnpj": "05.896.551/0001-07", "ultima_atualizacao": "2020-02-07T23:08:29.556Z", "status": "OK", "tipo": "MATRIZ", "fantasia": "", "complemento": "", "efr": "", "motivo_situacao": "", "situacao_especial": "", "data_situacao_especial": "", "capital_social": "950000.00", "extra": {}, "billing": {"free": false, "database": true}}