{"atividade_principal": [{"text": "Outras atividades de aten\u00e7\u00e3o \u00e0 sa\u00fade humana n\u00e3o especificadas anteriormente", "code": "86.90-9-99"}], "data_situacao": "15/09/2003", "complemento": "APT: 201;", "nome": "ANAFIS ASSESSORIA EM RADIOPROTECAO LIMITADA", "uf": "RJ", "telefone": "(21) 3938-2469", "atividades_secundarias": [{"text": "Servi\u00e7os de diagn\u00f3stico por imagem com uso de radia\u00e7\u00e3o ionizante, exceto tomografia", "code": "86.40-2-05"}], "qsa": [{"qual": "49-S\u00f3cio-Administrador", "nome": "MARIA DE FATIMA AMORIM REBELO RAMOS"}, {"qual": "22-S\u00f3cio", "nome": "ANA MARIA DE OLIVEIRA REBELO"}, {"qual": "22-S\u00f3cio", "nome": "JANAINA DUTRA SILVESTRE MENDES"}, {"qual": "22-S\u00f3cio", "nome": "SERGIO RICARDO DE OLIVEIRA"}, {"qual": "22-S\u00f3cio", "nome": "NATALIA DE OLIVEIRA MANTUANO GUERRA"}], "situacao": "ATIVA", "bairro": "MEIER", "logradouro": "R PADRE ILDEFONSO PENALBA", "numero": "42", "cep": "20.775-020", "municipio": "RIO DE JANEIRO", "porte": "MICRO EMPRESA", "abertura": "15/09/2003", "natureza_juridica": "224-0 - Sociedade Simples Limitada", "cnpj": "05.971.332/0001-37", "ultima_atualizacao": "2020-02-08T17:10:15.608Z", "status": "OK", "tipo": "MATRIZ", "fantasia": "", "email": "", "efr": "", "motivo_situacao": "", "situacao_especial": "", "data_situacao_especial": "", "capital_social": "3150.00", "extra": {}, "billing": {"free": false, "database": false}}