{"atividade_principal": [{"text": "Com\u00e9rcio atacadista de instrumentos e materiais para uso m\u00e9dico, cir\u00fargico, hospitalar e de laborat\u00f3rios", "code": "46.45-1-01"}], "data_situacao": "07/04/2004", "complemento": "2 ANDAR", "nome": "ART MEDICAL PRODUTOS MEDICO-HOSPITALARES LTDA", "uf": "RS", "telefone": "(51) 3217-7119", "atividades_secundarias": [{"text": "Manuten\u00e7\u00e3o e repara\u00e7\u00e3o de equipamentos e produtos n\u00e3o especificados anteriormente", "code": "33.19-8-00"}, {"text": "Instala\u00e7\u00e3o de outros equipamentos n\u00e3o especificados anteriormente", "code": "33.29-5-99"}], "qsa": [{"qual": "49-S\u00f3cio-Administrador", "nome": "RAUL ANILLO FRANCA"}, {"qual": "49-S\u00f3cio-Administrador", "nome": "ELISELENE ANDREATTA DA SILVA FRANCA"}], "situacao": "ATIVA", "bairro": "SANTANA", "logradouro": "R DOMINGOS CRESCENCIO", "numero": "394", "cep": "90.650-090", "municipio": "PORTO ALEGRE", "porte": "EMPRESA DE PEQUENO PORTE", "abertura": "07/04/2004", "natureza_juridica": "206-2 - Sociedade Empres\u00e1ria Limitada", "cnpj": "06.217.117/0001-08", "ultima_atualizacao": "2020-02-08T17:14:38.360Z", "status": "OK", "tipo": "MATRIZ", "fantasia": "", "email": "", "efr": "", "motivo_situacao": "", "situacao_especial": "", "data_situacao_especial": "", "capital_social": "70000.00", "extra": {}, "billing": {"free": false, "database": false}}