{"atividade_principal": [{"text": "Com\u00e9rcio varejista especializado de equipamentos e suprimentos de inform\u00e1tica", "code": "47.51-2-01"}], "data_situacao": "03/11/2005", "nome": "THOMAZINE &SOUZA LTDA", "uf": "RJ", "atividades_secundarias": [{"text": "Repara\u00e7\u00e3o e manuten\u00e7\u00e3o de computadores e de equipamentos perif\u00e9ricos", "code": "95.11-8-00"}], "qsa": [{"qual": "49-S\u00f3cio-Administrador", "nome": "SEBASTIAO MARIANO DE SOUZA FILHO"}, {"qual": "22-S\u00f3cio", "nome": "MARIA EMILIA THOMAZINE DE SOUZA"}], "situacao": "ATIVA", "bairro": "CENTRO", "logradouro": "AV RUI BARBOSA", "numero": "275", "cep": "27.910-361", "municipio": "MACAE", "porte": "MICRO EMPRESA", "abertura": "23/06/2004", "natureza_juridica": "206-2 - Sociedade Empres\u00e1ria Limitada", "cnpj": "06.331.673/0001-00", "ultima_atualizacao": "2020-02-07T23:44:13.259Z", "status": "OK", "tipo": "MATRIZ", "fantasia": "", "complemento": "", "email": "", "telefone": "", "efr": "", "motivo_situacao": "", "situacao_especial": "", "data_situacao_especial": "", "capital_social": "200000.00", "extra": {}, "billing": {"free": false, "database": true}}