{"atividade_principal": [{"text": "Constru\u00e7\u00e3o de edif\u00edcios", "code": "41.20-4-00"}], "data_situacao": "06/10/2004", "complemento": "EDIF BONTEMPO SALA 101A", "nome": "BMB ENGENHARIA LTDA", "uf": "GO", "telefone": "(62) 3091-2489", "email": "contato@tehalengenharia.com.br", "atividades_secundarias": [{"text": "Fabrica\u00e7\u00e3o de componentes eletr\u00f4nicos", "code": "26.10-8-00"}, {"text": "Fabrica\u00e7\u00e3o de geradores de corrente cont\u00ednua e alternada, pe\u00e7as e acess\u00f3rios", "code": "27.10-4-01"}, {"text": "Fabrica\u00e7\u00e3o de transformadores, indutores, conversores, sincronizadores e semelhantes, pe\u00e7as e acess\u00f3rios", "code": "27.10-4-02"}, {"text": "Fabrica\u00e7\u00e3o de aparelhos e equipamentos para distribui\u00e7\u00e3o e controle de energia el\u00e9trica", "code": "27.31-7-00"}, {"text": "Fabrica\u00e7\u00e3o de material el\u00e9trico para instala\u00e7\u00f5es em circuito de consumo", "code": "27.32-5-00"}, {"text": "Fabrica\u00e7\u00e3o de m\u00e1quinas e equipamentos para uso industrial espec\u00edfico n\u00e3o especificados anteriormente, pe\u00e7as e acess\u00f3rios", "code": "28.69-1-00"}, {"text": "Manuten\u00e7\u00e3o e repara\u00e7\u00e3o de geradores, transformadores e motores el\u00e9tricos", "code": "33.13-9-01"}, {"text": "Manuten\u00e7\u00e3o e repara\u00e7\u00e3o de m\u00e1quinas, aparelhos e materiais el\u00e9tricos n\u00e3o especificados anteriormente", "code": "33.13-9-99"}, {"text": "Incorpora\u00e7\u00e3o de empreendimentos imobili\u00e1rios", "code": "41.10-7-00"}, {"text": "Constru\u00e7\u00e3o de rodovias e ferrovias", "code": "42.11-1-01"}, {"text": "Constru\u00e7\u00e3o de obras de arte especiais", "code": "42.12-0-00"}, {"text": "Obras de urbaniza\u00e7\u00e3o - ruas, pra\u00e7as e cal\u00e7adas", "code": "42.13-8-00"}, {"text": "Constru\u00e7\u00e3o de esta\u00e7\u00f5es e redes de distribui\u00e7\u00e3o de energia el\u00e9trica", "code": "42.21-9-02"}, {"text": "Constru\u00e7\u00e3o de redes de abastecimento de \u00e1gua, coleta de esgoto e constru\u00e7\u00f5es correlatas, exceto obras de irriga\u00e7\u00e3o", "code": "42.22-7-01"}, {"text": "Outras obras de engenharia civil n\u00e3o especificadas anteriormente", "code": "42.99-5-99"}, {"text": "Obras de terraplenagem", "code": "43.13-4-00"}, {"text": "Instala\u00e7\u00e3o e manuten\u00e7\u00e3o el\u00e9trica", "code": "43.21-5-00"}, {"text": "Instala\u00e7\u00f5es hidr\u00e1ulicas, sanit\u00e1rias e de g\u00e1s", "code": "43.22-3-01"}, {"text": "Instala\u00e7\u00e3o e manuten\u00e7\u00e3o de sistemas centrais de ar condicionado, de ventila\u00e7\u00e3o e refrigera\u00e7\u00e3o", "code": "43.22-3-02"}, {"text": "Instala\u00e7\u00e3o, manuten\u00e7\u00e3o e repara\u00e7\u00e3o de elevadores, escadas e esteiras rolantes", "code": "43.29-1-03"}, {"text": "Impermeabiliza\u00e7\u00e3o em obras de engenharia civil", "code": "43.30-4-01"}, {"text": "Administra\u00e7\u00e3o de obras", "code": "43.99-1-01"}, {"text": "Com\u00e9rcio atacadista de outras m\u00e1quinas e equipamentos n\u00e3o especificados anteriormente; partes e pe\u00e7as", "code": "46.69-9-99"}, {"text": "Com\u00e9rcio varejista de material el\u00e9trico", "code": "47.42-3-00"}, {"text": "Compra e venda de im\u00f3veis pr\u00f3prios", "code": "68.10-2-01"}, {"text": "Atividades de consultoria em gest\u00e3o empresarial, exceto consultoria t\u00e9cnica espec\u00edfica", "code": "70.20-4-00"}, {"text": "Servi\u00e7os de engenharia", "code": "71.12-0-00"}, {"text": "Servi\u00e7os de cartografia, topografia e geod\u00e9sia", "code": "71.19-7-01"}, {"text": "Atividades t\u00e9cnicas relacionadas \u00e0 engenharia e arquitetura n\u00e3o especificadas anteriormente", "code": "71.19-7-99"}, {"text": "Aluguel de m\u00e1quinas e equipamentos para constru\u00e7\u00e3o sem operador, exceto andaimes", "code": "77.32-2-01"}], "qsa": [{"qual": "49-S\u00f3cio-Administrador", "nome": "BERNARDO MARTINELLI BEZERRIL"}, {"qual": "22-S\u00f3cio", "nome": "LEONARDO MARTINELLI BEZERRIL"}], "situacao": "ATIVA", "bairro": "SETOR MARISTA", "logradouro": "AL RICARDO PARANHOS", "numero": "381", "cep": "74.175-020", "municipio": "GOIANIA", "porte": "EMPRESA DE PEQUENO PORTE", "abertura": "06/10/2004", "natureza_juridica": "206-2 - Sociedade Empres\u00e1ria Limitada", "fantasia": "BMB ENGENHARIA", "cnpj": "07.032.273/0001-67", "ultima_atualizacao": "2020-02-07T23:58:26.432Z", "status": "OK", "tipo": "MATRIZ", "efr": "", "motivo_situacao": "", "situacao_especial": "", "data_situacao_especial": "", "capital_social": "1500000.00", "extra": {}, "billing": {"free": false, "database": true}}