{"atividade_principal": [{"text": "Servi\u00e7os de manuten\u00e7\u00e3o e repara\u00e7\u00e3o mec\u00e2nica de ve\u00edculos automotores", "code": "45.20-0-01"}], "data_situacao": "02/09/2004", "nome": "REGINALDO DA SILVA MECANICA", "uf": "RJ", "telefone": "(22) 2762-1820", "atividades_secundarias": [{"text": "Com\u00e9rcio a varejo de pe\u00e7as e acess\u00f3rios novos para ve\u00edculos automotores", "code": "45.30-7-03"}, {"text": "Fabrica\u00e7\u00e3o de estruturas met\u00e1licas", "code": "25.11-0-00"}, {"text": "Fabrica\u00e7\u00e3o de obras de caldeiraria pesada", "code": "25.13-6-00"}, {"text": "Servi\u00e7os de usinagem, tornearia e solda", "code": "25.39-0-01"}, {"text": "Manuten\u00e7\u00e3o e repara\u00e7\u00e3o de embarca\u00e7\u00f5es e estruturas flutuantes", "code": "33.17-1-01"}], "qsa": [], "situacao": "ATIVA", "bairro": "VISCONDE DE ARAUJO", "logradouro": "R CORONEL SIZENANDO DE SOUZA", "numero": "748", "cep": "27.940-682", "municipio": "MACAE", "porte": "MICRO EMPRESA", "abertura": "02/09/2004", "natureza_juridica": "213-5 - Empres\u00e1rio (Individual)", "fantasia": "RS DIESEL E OFFSHORE", "cnpj": "07.042.321/0001-06", "ultima_atualizacao": "2020-02-08T17:45:30.691Z", "status": "OK", "tipo": "MATRIZ", "complemento": "", "email": "", "efr": "", "motivo_situacao": "", "situacao_especial": "", "data_situacao_especial": "", "capital_social": "20000.00", "extra": {}, "billing": {"free": false, "database": false}}