{"atividade_principal": [{"text": "Pintura para sinaliza\u00e7\u00e3o em pistas rodovi\u00e1rias e aeroportos", "code": "42.11-1-02"}], "data_situacao": "16/12/2004", "nome": "SINASC SINALIZACAO E CONSTRUCAO DE RODOVIAS LTDA", "uf": "SC", "telefone": "(48) 2106-3000/ (48) 2106-3011", "email": "sinascpi@sinasc.com.br", "atividades_secundarias": [{"text": "Obras de urbaniza\u00e7\u00e3o - ruas, pra\u00e7as e cal\u00e7adas", "code": "42.13-8-00"}, {"text": "Com\u00e9rcio varejista de materiais de constru\u00e7\u00e3o em geral", "code": "47.44-0-99"}, {"text": "Servi\u00e7os de engenharia", "code": "71.12-0-00"}, {"text": "Loca\u00e7\u00e3o de autom\u00f3veis sem condutor", "code": "77.11-0-00"}, {"text": "Aluguel de m\u00e1quinas e equipamentos para constru\u00e7\u00e3o sem operador, exceto andaimes", "code": "77.32-2-01"}], "qsa": [{"qual": "49-S\u00f3cio-Administrador", "nome": "MARIANA PIRIH PERES DA SILVA"}, {"qual": "49-S\u00f3cio-Administrador", "nome": "HENRIQUE ROCHA DA SILVA"}], "situacao": "ATIVA", "bairro": "AREA INDUSTRIAL", "logradouro": "R JULIANO LUCCHI", "numero": "134", "cep": "88.133-540", "municipio": "PALHOCA", "porte": "DEMAIS", "abertura": "16/12/2004", "natureza_juridica": "206-2 - Sociedade Empres\u00e1ria Limitada", "fantasia": "SINASC", "cnpj": "07.150.434/0001-17", "ultima_atualizacao": "2020-02-08T17:13:38.311Z", "status": "OK", "tipo": "MATRIZ", "complemento": "", "efr": "", "motivo_situacao": "", "situacao_especial": "", "data_situacao_especial": "", "capital_social": "0.00", "extra": {}, "billing": {"free": false, "database": false}}