{"data_situacao": "11/10/2018", "motivo_situacao": "OMISSAO DE DECLARACOES", "nome": "YAH MED PRODUTOS PARA SAUDE LTDA", "telefone": "(21) 2405-3571", "qsa": [{"qual": "49-S\u00f3cio-Administrador", "nome": "JOAO LUIZ DE SOUZA SANTOS"}, {"qual": "22-S\u00f3cio", "nome": "PATRICIA TEODORA ALMEIDA"}], "situacao": "INAPTA", "porte": "MICRO EMPRESA", "abertura": "28/12/2004", "natureza_juridica": "206-2 - Sociedade Empres\u00e1ria Limitada", "fantasia": "YAH MED", "cnpj": "07.164.123/0001-07", "ultima_atualizacao": "2020-02-08T17:34:24.569Z", "status": "OK", "tipo": "MATRIZ", "logradouro": "", "numero": "", "complemento": "", "cep": "", "bairro": "", "municipio": "", "uf": "", "email": "", "efr": "", "situacao_especial": "", "data_situacao_especial": "", "atividade_principal": [{"code": "00.00-0-00", "text": "********"}], "atividades_secundarias": [{"code": "00.00-0-00", "text": "N\u00e3o informada"}], "capital_social": "50000.00", "extra": {}, "billing": {"free": false, "database": false}}