{"atividade_principal": [{"text": "Atividade m\u00e9dica ambulatorial restrita a consultas", "code": "86.30-5-03"}], "data_situacao": "01/07/2004", "nome": "R. M. ESPINOSA CLINICA MEDICA LTDA", "uf": "RJ", "atividades_secundarias": [{"text": "Atividade m\u00e9dica ambulatorial com recursos para realiza\u00e7\u00e3o de procedimentos cir\u00fargicos", "code": "86.30-5-01"}, {"text": "Atividade m\u00e9dica ambulatorial com recursos para realiza\u00e7\u00e3o de exames complementares", "code": "86.30-5-02"}, {"text": "Cl\u00ednicas e resid\u00eancias geri\u00e1tricas", "code": "87.11-5-01"}, {"text": "Atividades de assist\u00eancia a deficientes f\u00edsicos, imunodeprimidos e convalescentes", "code": "87.11-5-03"}, {"text": "Centros de apoio a pacientes com c\u00e2ncer e com AIDS", "code": "87.11-5-04"}, {"text": "Atividades de fornecimento de infra-estrutura de apoio e assist\u00eancia a paciente no domic\u00edlio", "code": "87.12-3-00"}, {"text": "Atividades de centros de assist\u00eancia psicossocial", "code": "87.20-4-01"}, {"text": "Atividades de assist\u00eancia psicossocial e \u00e0 sa\u00fade a portadores de dist\u00farbios ps\u00edquicos, defici\u00eancia mental e depend\u00eancia qu\u00edmica e grupos similares n\u00e3o especificadas anteriormente", "code": "87.20-4-99"}, {"text": "Atividades de assist\u00eancia social prestadas em resid\u00eancias coletivas e particulares n\u00e3o especificadas anteriormente", "code": "87.30-1-99"}], "qsa": [{"qual": "49-S\u00f3cio-Administrador", "nome": "REGINA MARIA BARBOSA ESPINOSA"}, {"qual": "49-S\u00f3cio-Administrador", "nome": "FABIOLA BARBOSA ESPINOSA"}, {"qual": "49-S\u00f3cio-Administrador", "nome": "CLOVIS GIOFFI ESPINOSA"}], "situacao": "ATIVA", "bairro": "CENTRO", "logradouro": "R VEREADOR MANOEL BRAGA", "numero": "171", "cep": "27.910-350", "municipio": "MACAE", "porte": "EMPRESA DE PEQUENO PORTE", "abertura": "01/07/2004", "natureza_juridica": "206-2 - Sociedade Empres\u00e1ria Limitada", "cnpj": "07.219.854/0001-02", "ultima_atualizacao": "2020-02-07T23:26:57.496Z", "status": "OK", "tipo": "MATRIZ", "fantasia": "", "complemento": "", "email": "", "telefone": "", "efr": "", "motivo_situacao": "", "situacao_especial": "", "data_situacao_especial": "", "capital_social": "0.00", "extra": {}, "billing": {"free": false, "database": true}}