{"data_situacao": "17/04/2017", "motivo_situacao": "EXTINCAO P/ ENC LIQ VOLUNTARIA", "nome": "ULTRA-DIAGNOSTICO SERVICOS MEDICOS ASSOCIADOS LTDA", "telefone": "(22) 9261-7204", "situacao": "BAIXADA", "porte": "MICRO EMPRESA", "abertura": "22/03/2005", "natureza_juridica": "206-2 - Sociedade Empres\u00e1ria Limitada", "fantasia": "ULTRA-CLIN", "cnpj": "07.327.714/0001-58", "ultima_atualizacao": "2020-02-08T17:18:30.991Z", "status": "OK", "tipo": "MATRIZ", "logradouro": "", "numero": "", "complemento": "", "cep": "", "bairro": "", "municipio": "", "uf": "", "email": "", "efr": "", "situacao_especial": "", "data_situacao_especial": "", "atividade_principal": [{"code": "00.00-0-00", "text": "********"}], "atividades_secundarias": [{"code": "00.00-0-00", "text": "N\u00e3o informada"}], "capital_social": "0.00", "qsa": [], "extra": {}, "billing": {"free": false, "database": false}}