{"atividade_principal": [{"text": "Com\u00e9rcio atacadista de instrumentos e materiais para uso m\u00e9dico, cir\u00fargico, hospitalar e de laborat\u00f3rios", "code": "46.45-1-01"}], "data_situacao": "12/05/2005", "complemento": "BLC 1 SAL 401 SALA 402", "nome": "FUSAO RIO - COMERCIO, IMPORTACAO E EXPORTACAO DE MATERIAL MEDICO HOSPITALAR LTDA", "uf": "RJ", "telefone": "(21) 2287-1188", "email": "controladoriario@fusao.net", "atividades_secundarias": [{"text": "Aluguel de equipamentos cient\u00edficos, m\u00e9dicos e hospitalares, sem operador", "code": "77.39-0-02"}, {"text": "Com\u00e9rcio atacadista de m\u00e1quinas, aparelhos e equipamentos para uso odonto-m\u00e9dico-hospitalar; partes e pe\u00e7as", "code": "46.64-8-00"}, {"text": "Instala\u00e7\u00e3o de m\u00e1quinas e equipamentos industriais", "code": "33.21-0-00"}, {"text": "Manuten\u00e7\u00e3o e repara\u00e7\u00e3o de aparelhos eletrom\u00e9dicos e eletroterap\u00eauticos e equipamentos de irradia\u00e7\u00e3o", "code": "33.12-1-03"}, {"text": "Representantes comerciais e agentes do com\u00e9rcio de instrumentos e materiais odonto-m\u00e9dico-hospitalares", "code": "46.18-4-02"}], "qsa": [{"qual": "49-S\u00f3cio-Administrador", "nome": "VITTORIO ALBERTO BELTRAN GOMES"}, {"qual": "49-S\u00f3cio-Administrador", "nome": "CARLOS AUGUSTO MONTANDON BORGES"}, {"qual": "49-S\u00f3cio-Administrador", "nome": "FLAVIO MOREIRA DE AVELLAR"}], "situacao": "ATIVA", "bairro": "BARRA DA TIJUCA", "logradouro": "AV AFONSO ARINOS DE MELO FRANCO", "numero": "00222", "cep": "22.631-455", "municipio": "RIO DE JANEIRO", "porte": "DEMAIS", "abertura": "12/05/2005", "natureza_juridica": "206-2 - Sociedade Empres\u00e1ria Limitada", "fantasia": "FUSAO", "cnpj": "07.391.291/0001-35", "ultima_atualizacao": "2020-02-07T23:53:19.644Z", "status": "OK", "tipo": "MATRIZ", "efr": "", "motivo_situacao": "", "situacao_especial": "", "data_situacao_especial": "", "capital_social": "9390000.00", "extra": {}, "billing": {"free": false, "database": true}}