{"atividade_principal": [{"text": "Fabrica\u00e7\u00e3o de aparelhos e utens\u00edlios para corre\u00e7\u00e3o de defeitos f\u00edsicos e aparelhos ortop\u00e9dicos em geral sob encomenda", "code": "32.50-7-03"}], "data_situacao": "14/06/2005", "nome": "CORRETO COMERCIO DE PROTESES E ORTESES EIRELI", "uf": "RS", "atividades_secundarias": [{"text": "Fabrica\u00e7\u00e3o de aparelhos e utens\u00edlios para corre\u00e7\u00e3o de defeitos f\u00edsicos e aparelhos ortop\u00e9dicos em geral, exceto sob encomenda", "code": "32.50-7-04"}, {"text": "Com\u00e9rcio varejista de artigos m\u00e9dicos e ortop\u00e9dicos", "code": "47.73-3-00"}, {"text": "Com\u00e9rcio atacadista de pr\u00f3teses e artigos de ortopedia", "code": "46.45-1-02"}, {"text": "Manuten\u00e7\u00e3o e repara\u00e7\u00e3o de equipamentos e produtos n\u00e3o especificados anteriormente", "code": "33.19-8-00"}, {"text": "Outras atividades profissionais, cient\u00edficas e t\u00e9cnicas n\u00e3o especificadas anteriormente", "code": "74.90-1-99"}], "qsa": [{"qual": "78-undefined", "qual_rep_legal": "17-Procurador", "nome_rep_legal": "RICARDO CERQUEIRA LEITE", "nome": "OSSUR BRASIL HOLDING LTDA"}, {"qual": "05-Administrador", "nome": "LUCAS KULLMANN"}], "situacao": "ATIVA", "bairro": "PETROPOLIS", "logradouro": "AV PROTASIO ALVES", "numero": "3508", "cep": "90.410-007", "municipio": "PORTO ALEGRE", "porte": "DEMAIS", "abertura": "14/06/2005", "natureza_juridica": "230-5 - Empresa Individual de Responsabilidade Limitada (de Natureza Empres\u00e1ria)", "fantasia": "CORRETO CLINICA DE PROTESES E ORTESES", "cnpj": "07.449.904/0001-48", "ultima_atualizacao": "2020-02-08T05:04:57.822Z", "status": "OK", "tipo": "MATRIZ", "complemento": "", "email": "", "telefone": "", "efr": "", "motivo_situacao": "", "situacao_especial": "", "data_situacao_especial": "", "capital_social": "1802000.00", "extra": {}, "billing": {"free": false, "database": true}}