{"atividade_principal": [{"text": "Com\u00e9rcio varejista especializado de equipamentos e suprimentos de inform\u00e1tica", "code": "47.51-2-01"}], "data_situacao": "30/08/2005", "nome": "RDR CARTUCHOS DE MACAE LTDA", "uf": "RJ", "telefone": "(22) 2762-8429/ (22) 2762-8772", "atividades_secundarias": [{"text": "Instala\u00e7\u00e3o de outros equipamentos n\u00e3o especificados anteriormente", "code": "33.29-5-99"}, {"text": "Com\u00e9rcio varejista de outros artigos de uso pessoal e dom\u00e9stico n\u00e3o especificados anteriormente", "code": "47.59-8-99"}, {"text": "Com\u00e9rcio varejista de artigos de papelaria", "code": "47.61-0-03"}, {"text": "Repara\u00e7\u00e3o e manuten\u00e7\u00e3o de computadores e de equipamentos perif\u00e9ricos", "code": "95.11-8-00"}], "qsa": [{"qual": "49-S\u00f3cio-Administrador", "nome": "MEIRE FERREIRA SILVA RODRIGUES"}, {"qual": "22-S\u00f3cio", "nome": "NATALIA LIMA GOMES BATISTA"}, {"qual": "22-S\u00f3cio", "nome": "ANTONIO JOSE DOS SANTOS BATISTA JUNIOR"}], "situacao": "ATIVA", "bairro": "CENTRO", "logradouro": "R TEIXEIRA DE GOUVEA", "numero": "511", "cep": "27.910-110", "municipio": "MACAE", "porte": "EMPRESA DE PEQUENO PORTE", "abertura": "30/08/2005", "natureza_juridica": "206-2 - Sociedade Empres\u00e1ria Limitada", "cnpj": "07.622.920/0001-90", "ultima_atualizacao": "2020-02-08T17:21:32.435Z", "status": "OK", "tipo": "MATRIZ", "fantasia": "", "complemento": "", "email": "", "efr": "", "motivo_situacao": "", "situacao_especial": "", "data_situacao_especial": "", "capital_social": "200000.00", "extra": {}, "billing": {"free": false, "database": false}}