{"atividade_principal": [{"text": "Servi\u00e7os de acabamentos gr\u00e1ficos, exceto encaderna\u00e7\u00e3o e plastifica\u00e7\u00e3o", "code": "18.22-9-99"}], "data_situacao": "11/07/2006", "complemento": "PARTE", "nome": "TAVARES SERVICOS DE ACABAMENTOS GRAFICOS E PAPELARIA LTDA", "uf": "RJ", "telefone": "(22) 2733-1856/ (22) 2735-5302", "atividades_secundarias": [{"text": "Administra\u00e7\u00e3o de obras", "code": "43.99-1-01"}, {"text": "Ag\u00eancias de publicidade", "code": "73.11-4-00"}, {"text": "Aluguel de palcos, coberturas e outras estruturas de uso tempor\u00e1rio, exceto andaimes", "code": "77.39-0-03"}, {"text": "Atividades de sonoriza\u00e7\u00e3o e de ilumina\u00e7\u00e3o", "code": "90.01-9-06"}, {"text": "Atividades de vigil\u00e2ncia e seguran\u00e7a privada", "code": "80.11-1-01"}, {"text": "Atividades paisag\u00edsticas", "code": "81.30-3-00"}, {"text": "Coleta de res\u00edduos n\u00e3o-perigosos", "code": "38.11-4-00"}, {"text": "Coleta de res\u00edduos perigosos", "code": "38.12-2-00"}, {"text": "Comercio varejista de artigos de armarinho", "code": "47.55-5-02"}, {"text": "Com\u00e9rcio varejista de artigos de papelaria", "code": "47.61-0-03"}, {"text": "Com\u00e9rcio varejista de artigos do vestu\u00e1rio e acess\u00f3rios", "code": "47.81-4-00"}, {"text": "Com\u00e9rcio varejista de artigos esportivos", "code": "47.63-6-02"}, {"text": "Com\u00e9rcio varejista de brinquedos e artigos recreativos", "code": "47.63-6-01"}, {"text": "Com\u00e9rcio varejista de cosm\u00e9ticos, produtos de perfumaria e de higiene pessoal", "code": "47.72-5-00"}, {"text": "Com\u00e9rcio varejista de hortifrutigranjeiros", "code": "47.24-5-00"}, {"text": "Com\u00e9rcio varejista de materiais de constru\u00e7\u00e3o em geral", "code": "47.44-0-99"}, {"text": "Com\u00e9rcio varejista de mercadorias em geral, com predomin\u00e2ncia de produtos aliment\u00edcios - minimercados, mercearias e armaz\u00e9ns", "code": "47.12-1-00"}, {"text": "Com\u00e9rcio varejista de outros artigos de uso pessoal e dom\u00e9stico n\u00e3o especificados anteriormente", "code": "47.59-8-99"}, {"text": "Com\u00e9rcio varejista de outros produtos n\u00e3o especificados anteriormente", "code": "47.89-0-99"}, {"text": "Com\u00e9rcio varejista de produtos saneantes domissanit\u00e1rios", "code": "47.89-0-05"}, {"text": "Com\u00e9rcio varejista especializado de eletrodom\u00e9sticos e equipamentos de \u00e1udio e v\u00eddeo", "code": "47.53-9-00"}, {"text": "Com\u00e9rcio varejista especializado de pe\u00e7as e acess\u00f3rios para aparelhos eletroeletr\u00f4nicos para uso dom\u00e9stico, exceto inform\u00e1tica e comunica\u00e7\u00e3o", "code": "47.57-1-00"}, {"text": "Confec\u00e7\u00e3o de pe\u00e7as de vestu\u00e1rio, exceto roupas \u00edntimas e as confeccionadas sob medida", "code": "14.12-6-01"}, {"text": "Confec\u00e7\u00e3o de roupas profissionais, exceto sob medida", "code": "14.13-4-01"}, {"text": "Constru\u00e7\u00e3o de edif\u00edcios", "code": "41.20-4-00"}, {"text": "Constru\u00e7\u00e3o de redes de abastecimento de \u00e1gua, coleta de esgoto e constru\u00e7\u00f5es correlatas, exceto obras de irriga\u00e7\u00e3o", "code": "42.22-7-01"}, {"text": "Constru\u00e7\u00e3o de rodovias e ferrovias", "code": "42.11-1-01"}, {"text": "Estacionamento de ve\u00edculos", "code": "52.23-1-00"}, {"text": "Fabrica\u00e7\u00e3o de equipamentos e acess\u00f3rios para seguran\u00e7a pessoal e profissional", "code": "32.92-2-02"}, {"text": "Fabrica\u00e7\u00e3o de esquadrias de metal", "code": "25.12-8-00"}, {"text": "Fabrica\u00e7\u00e3o de roupas de prote\u00e7\u00e3o e seguran\u00e7a e resistentes a fogo", "code": "32.92-2-01"}, {"text": "Fornecimento de alimentos preparados preponderantemente para consumo domiciliar", "code": "56.20-1-04"}, {"text": "Fotoc\u00f3pias", "code": "82.19-9-01"}, {"text": "Instala\u00e7\u00e3o de portas, janelas, tetos, divis\u00f3rias e arm\u00e1rios embutidos de qualquer material", "code": "43.30-4-02"}, {"text": "Instala\u00e7\u00e3o e manuten\u00e7\u00e3o de sistemas centrais de ar condicionado, de ventila\u00e7\u00e3o e refrigera\u00e7\u00e3o", "code": "43.22-3-02"}, {"text": "Instala\u00e7\u00e3o e manuten\u00e7\u00e3o el\u00e9trica", "code": "43.21-5-00"}, {"text": "Instala\u00e7\u00f5es hidr\u00e1ulicas, sanit\u00e1rias e de g\u00e1s", "code": "43.22-3-01"}, {"text": "Loca\u00e7\u00e3o de autom\u00f3veis sem condutor", "code": "77.11-0-00"}, {"text": "Loca\u00e7\u00e3o de outros meios de transporte n\u00e3o especificados anteriormente, sem condutor", "code": "77.19-5-99"}, {"text": "Manuten\u00e7\u00e3o de redes de distribui\u00e7\u00e3o de energia el\u00e9trica", "code": "42.21-9-03"}, {"text": "Montagem e desmontagem de andaimes e outras estruturas tempor\u00e1rias", "code": "43.99-1-02"}, {"text": "Obras de terraplenagem", "code": "43.13-4-00"}, {"text": "Obras de urbaniza\u00e7\u00e3o - ruas, pra\u00e7as e cal\u00e7adas", "code": "42.13-8-00"}, {"text": "Outros alojamentos n\u00e3o especificados anteriormente", "code": "55.90-6-99"}, {"text": "Repara\u00e7\u00e3o e manuten\u00e7\u00e3o de computadores e de equipamentos perif\u00e9ricos", "code": "95.11-8-00"}, {"text": "Servi\u00e7os combinados de escrit\u00f3rio e apoio administrativo", "code": "82.11-3-00"}, {"text": "Servi\u00e7os combinados para apoio a edif\u00edcios, exceto condom\u00ednios prediais", "code": "81.11-7-00"}, {"text": "Servi\u00e7os de alimenta\u00e7\u00e3o para eventos e recep\u00e7\u00f5es - buf\u00ea", "code": "56.20-1-02"}, {"text": "Servi\u00e7os de encaderna\u00e7\u00e3o e plastifica\u00e7\u00e3o", "code": "18.22-9-01"}, {"text": "Servi\u00e7os de lavagem, lubrifica\u00e7\u00e3o e polimento de ve\u00edculos automotores", "code": "45.20-0-05"}, {"text": "Servi\u00e7os de organiza\u00e7\u00e3o de feiras, congressos, exposi\u00e7\u00f5es e festas", "code": "82.30-0-01"}, {"text": "Servi\u00e7os de pintura de edif\u00edcios em geral", "code": "43.30-4-04"}, {"text": "Transporte rodovi\u00e1rio coletivo de passageiros, sob regime de fretamento, intermunicipal, interestadual e internacional", "code": "49.29-9-02"}, {"text": "Transporte rodovi\u00e1rio coletivo de passageiros, sob regime de fretamento, municipal", "code": "49.29-9-01"}], "qsa": [{"qual": "49-S\u00f3cio-Administrador", "nome": "AUGUSTO CESAR DE SOUZA TAVARES"}, {"qual": "22-S\u00f3cio", "nome": "CRISTIANO CORDEIRO TAVARES"}], "situacao": "ATIVA", "bairro": "PARQUE LEOPOLDINA", "logradouro": "R TEIXEIRA DE MELO", "numero": "134", "cep": "28.051-185", "municipio": "CAMPOS DOS GOYTACAZES", "porte": "MICRO EMPRESA", "abertura": "11/07/2006", "natureza_juridica": "206-2 - Sociedade Empres\u00e1ria Limitada", "fantasia": "-", "cnpj": "08.155.390/0001-80", "ultima_atualizacao": "2020-02-08T17:22:33.958Z", "status": "OK", "tipo": "MATRIZ", "email": "", "efr": "", "motivo_situacao": "", "situacao_especial": "", "data_situacao_especial": "", "capital_social": "50000.00", "extra": {}, "billing": {"free": false, "database": false}}