{"atividade_principal": [{"text": "Com\u00e9rcio atacadista de instrumentos e materiais para uso m\u00e9dico, cir\u00fargico, hospitalar e de laborat\u00f3rios", "code": "46.45-1-01"}], "data_situacao": "25/07/2006", "nome": "ODONTOPAZ PRODUTOS ODONTOLOGICOS LTDA", "uf": "RJ", "telefone": "(21) 3278-9898/ (21) 3278-9867", "email": "odontopaz.licita@gmail.com", "atividades_secundarias": [{"text": "Com\u00e9rcio atacadista de medicamentos e drogas de uso humano", "code": "46.44-3-01"}, {"text": "Com\u00e9rcio atacadista de produtos de higiene pessoal", "code": "46.46-0-02"}, {"text": "Com\u00e9rcio atacadista de produtos de higiene, limpeza e conserva\u00e7\u00e3o domiciliar", "code": "46.49-4-08"}, {"text": "Com\u00e9rcio atacadista de m\u00e1quinas, aparelhos e equipamentos para uso odonto-m\u00e9dico-hospitalar; partes e pe\u00e7as", "code": "46.64-8-00"}], "qsa": [{"qual": "49-S\u00f3cio-Administrador", "nome": "WESLEY RIBEIRO DE ASSUMPCAO"}, {"qual": "22-S\u00f3cio", "nome": "CREUZA RIBEIRO"}], "situacao": "ATIVA", "bairro": "MEIER", "logradouro": "R DOUTOR PACHE DE FARIA", "numero": "7", "cep": "20.710-020", "municipio": "RIO DE JANEIRO", "porte": "EMPRESA DE PEQUENO PORTE", "abertura": "25/07/2006", "natureza_juridica": "206-2 - Sociedade Empres\u00e1ria Limitada", "cnpj": "08.188.573/0001-00", "ultima_atualizacao": "2020-02-08T17:59:26.984Z", "status": "OK", "tipo": "MATRIZ", "fantasia": "", "complemento": "", "efr": "", "motivo_situacao": "", "situacao_especial": "", "data_situacao_especial": "", "capital_social": "20000.00", "extra": {}, "billing": {"free": false, "database": false}}