{"atividade_principal": [{"text": "Ag\u00eancias de viagens", "code": "79.11-2-00"}], "data_situacao": "28/07/2006", "complemento": "LOJA 03 E 04", "nome": "MACAE LAGOS - VIAGENS E TURISMO LTDA", "uf": "RJ", "telefone": "(21) 2762-9494", "email": "labjunior@hotmail.com", "atividades_secundarias": [{"text": "Operadores tur\u00edsticos", "code": "79.12-1-00"}, {"text": "Servi\u00e7os de reservas e outros servi\u00e7os de turismo n\u00e3o especificados anteriormente", "code": "79.90-2-00"}], "qsa": [{"qual": "49-S\u00f3cio-Administrador", "nome": "MARLIA CRISTINA DIAS BAER"}, {"qual": "49-S\u00f3cio-Administrador", "nome": "DANIEL BAER"}], "situacao": "ATIVA", "bairro": "ALTO DOS CAJUEIROS", "logradouro": "AV RUI BARBOSA", "numero": "1725", "cep": "27.915-011", "municipio": "MACAE", "porte": "MICRO EMPRESA", "abertura": "28/07/2006", "natureza_juridica": "206-2 - Sociedade Empres\u00e1ria Limitada", "cnpj": "08.227.657/0001-06", "ultima_atualizacao": "2020-02-08T17:05:39.791Z", "status": "OK", "tipo": "MATRIZ", "fantasia": "", "efr": "", "motivo_situacao": "", "situacao_especial": "", "data_situacao_especial": "", "capital_social": "10000.00", "extra": {}, "billing": {"free": false, "database": false}}