{"atividade_principal": [{"text": "Com\u00e9rcio varejista especializado de eletrodom\u00e9sticos e equipamentos de \u00e1udio e v\u00eddeo", "code": "47.53-9-00"}], "data_situacao": "11/01/2007", "nome": "KARIN SAMANTHA GIORGETTA", "uf": "SP", "telefone": "(11) 3713-7910", "email": "csbebedouros.contato@gmail.com", "atividades_secundarias": [{"text": "Manuten\u00e7\u00e3o e repara\u00e7\u00e3o de m\u00e1quinas, aparelhos e equipamentos para instala\u00e7\u00f5es t\u00e9rmicas", "code": "33.14-7-06"}, {"text": "Atividades de teleatendimento", "code": "82.20-2-00"}], "qsa": [], "situacao": "ATIVA", "bairro": "PIRITUBA", "logradouro": "AV MUTINGA", "numero": "651", "cep": "05.154-000", "municipio": "SAO PAULO", "porte": "MICRO EMPRESA", "abertura": "11/01/2007", "natureza_juridica": "213-5 - Empres\u00e1rio (Individual)", "fantasia": "CENTRAL SERVICE", "cnpj": "08.665.347/0001-65", "ultima_atualizacao": "2020-02-08T17:30:49.816Z", "status": "OK", "tipo": "MATRIZ", "complemento": "", "efr": "", "motivo_situacao": "", "situacao_especial": "", "data_situacao_especial": "", "capital_social": "10000.00", "extra": {}, "billing": {"free": false, "database": false}}