{"atividade_principal": [{"text": "Com\u00e9rcio varejista de materiais de constru\u00e7\u00e3o em geral", "code": "47.44-0-99"}], "data_situacao": "07/03/2007", "nome": "M. C. DA CUNHA MATERIAL DE CONTRUCAO", "uf": "RJ", "telefone": "(22) 8151-9697", "email": "laje-cia@hotmail.com", "atividades_secundarias": [{"text": "Com\u00e9rcio varejista de cal, areia, pedra britada, tijolos e telhas", "code": "47.44-0-04"}, {"text": "Com\u00e9rcio varejista de materiais de constru\u00e7\u00e3o n\u00e3o especificados anteriormente", "code": "47.44-0-05"}], "qsa": [], "situacao": "ATIVA", "bairro": "CAMPO DO OESTE", "logradouro": "AV DOUTOR HUMBERTO DE QUEIROZ MATOSO", "numero": "276", "cep": "27.936-529", "municipio": "MACAE", "porte": "MICRO EMPRESA", "abertura": "07/03/2007", "natureza_juridica": "213-5 - Empres\u00e1rio (Individual)", "fantasia": "LAJE & CIA", "cnpj": "08.713.898/0001-57", "ultima_atualizacao": "2020-02-08T17:27:20.113Z", "status": "OK", "tipo": "MATRIZ", "complemento": "", "efr": "", "motivo_situacao": "", "situacao_especial": "", "data_situacao_especial": "", "capital_social": "20000.00", "extra": {}, "billing": {"free": false, "database": false}}