{"atividade_principal": [{"text": "Cultivo de outras fibras de lavoura tempor\u00e1ria n\u00e3o especificadas anteriormente", "code": "01.12-1-99"}], "data_situacao": "18/05/2007", "complemento": "RJ106 KM 198", "nome": "COOPERATIVA AGROPECUARIA E AGROINDUSTRIAL FAMILIAR DOS PRODUTORES E TRABALHADORES RURAIS E ECONOMIA SOLIDARIA DO MUNICIPIO DE MACAE RJ", "uf": "RJ", "telefone": "(22) 9906-0814", "atividades_secundarias": [{"text": "Com\u00e9rcio atacadista de frutas, verduras, ra\u00edzes, tub\u00e9rculos, hortali\u00e7as e legumes frescos", "code": "46.33-8-01"}, {"text": "Horticultura, exceto morango", "code": "01.21-1-01"}], "qsa": [{"qual": "10-Diretor", "nome": "ALZEMIRA DE LIMA MARINS"}, {"qual": "16-Presidente", "nome": "MARCOS ANTONIO SILVEIRA DE SOUZA"}], "situacao": "ATIVA", "bairro": "CABIUNAS", "logradouro": "ROD AMARAL PEIXOTO", "numero": "SN", "cep": "27.970-020", "municipio": "MACAE", "porte": "DEMAIS", "abertura": "18/05/2007", "natureza_juridica": "214-3 - Cooperativa", "fantasia": "COOPMAC", "cnpj": "08.885.020/0001-07", "ultima_atualizacao": "2020-02-08T00:31:25.337Z", "status": "OK", "tipo": "MATRIZ", "email": "", "efr": "", "motivo_situacao": "", "situacao_especial": "", "data_situacao_especial": "", "capital_social": "0.00", "extra": {}, "billing": {"free": false, "database": true}}