{"atividade_principal": [{"text": "Com\u00e9rcio varejista de materiais de constru\u00e7\u00e3o em geral", "code": "47.44-0-99"}], "data_situacao": "26/06/2007", "nome": "E. SOUZA E FILHOS MATERIAIS DE CONTRUCAO LTDA", "uf": "RJ", "telefone": "(22) 2762-3460/ (22) 2733-1659", "atividades_secundarias": [{"text": "Com\u00e9rcio varejista de materiais de constru\u00e7\u00e3o n\u00e3o especificados anteriormente", "code": "47.44-0-05"}], "qsa": [{"qual": "49-S\u00f3cio-Administrador", "nome": "ROBERTO LUCIO DE SOUZA"}, {"qual": "49-S\u00f3cio-Administrador", "nome": "LUCIA ELENA DE SOUZA"}], "situacao": "ATIVA", "bairro": "VISCONDE DE ARAUJO", "logradouro": "AV FABIO FRANCO", "numero": "58", "cep": "27.943-700", "municipio": "MACAE", "porte": "EMPRESA DE PEQUENO PORTE", "abertura": "26/06/2007", "natureza_juridica": "206-2 - Sociedade Empres\u00e1ria Limitada", "fantasia": "ELPIDIO CONSTRUCOES", "cnpj": "08.931.894/0001-45", "ultima_atualizacao": "2020-02-07T22:03:44.209Z", "status": "OK", "tipo": "MATRIZ", "complemento": "", "email": "", "efr": "", "motivo_situacao": "", "situacao_especial": "", "data_situacao_especial": "", "capital_social": "100000.00", "extra": {}, "billing": {"free": false, "database": true}}