{"atividade_principal": [{"text": "Com\u00e9rcio atacadista de instrumentos e materiais para uso m\u00e9dico, cir\u00fargico, hospitalar e de laborat\u00f3rios", "code": "46.45-1-01"}], "data_situacao": "10/04/2008", "nome": "BETANIAMED COMERCIAL EIRELI", "uf": "MG", "telefone": "(31) 3374-6768/ (31) 9105-5435", "email": "leonardocury1971@gmail.com", "atividades_secundarias": [{"text": "Instala\u00e7\u00e3o de m\u00e1quinas e equipamentos industriais", "code": "33.21-0-00"}, {"text": "Com\u00e9rcio atacadista de m\u00e1quinas, aparelhos e equipamentos para uso odonto-m\u00e9dico-hospitalar; partes e pe\u00e7as", "code": "46.64-8-00"}], "qsa": [{"qual": "65-Titular Pessoa F\u00edsica Residente ou Domiciliado no Brasil", "nome": "LEONARDO ANTONIO RODRIGUES CURY"}], "situacao": "ATIVA", "bairro": "CINQUENTENARIO", "logradouro": "R ANTONIO GRAVATA", "numero": "80", "cep": "30.570-040", "municipio": "BELO HORIZONTE", "porte": "EMPRESA DE PEQUENO PORTE", "abertura": "10/04/2008", "natureza_juridica": "230-5 - Empresa Individual de Responsabilidade Limitada (de Natureza Empres\u00e1ria)", "fantasia": "BETANIAMED", "cnpj": "09.560.267/0001-08", "ultima_atualizacao": "2020-02-08T04:16:37.316Z", "status": "OK", "tipo": "MATRIZ", "complemento": "", "efr": "", "motivo_situacao": "", "situacao_especial": "", "data_situacao_especial": "", "capital_social": "95000.00", "extra": {}, "billing": {"free": false, "database": true}}