{"atividade_principal": [{"text": "Com\u00e9rcio atacadista de m\u00e1quinas, aparelhos e equipamentos para uso odonto-m\u00e9dico-hospitalar; partes e pe\u00e7as", "code": "46.64-8-00"}], "data_situacao": "20/05/2008", "complemento": "LOJA L", "nome": "VERMAT COMERCIAL LTDA", "uf": "RJ", "telefone": "(21) 2497-3918/ (21) 2431-3441", "email": "vermatcomercialltd@gmail.com", "atividades_secundarias": [{"text": "Com\u00e9rcio atacadista de instrumentos e materiais para uso m\u00e9dico, cir\u00fargico, hospitalar e de laborat\u00f3rios", "code": "46.45-1-01"}], "qsa": [{"qual": "49-S\u00f3cio-Administrador", "nome": "HELENO MARINHO JATOBA"}, {"qual": "49-S\u00f3cio-Administrador", "nome": "PAULO MARCIO DE VASCONCELLOS JATOBA"}], "situacao": "ATIVA", "bairro": "BARRA DA TIJUCA", "logradouro": "AV DAS AMERICAS", "numero": "8505", "cep": "22.793-081", "municipio": "RIO DE JANEIRO", "porte": "MICRO EMPRESA", "abertura": "20/05/2008", "natureza_juridica": "206-2 - Sociedade Empres\u00e1ria Limitada", "fantasia": "VERMAT COMERCIAL", "cnpj": "09.597.896/0001-02", "ultima_atualizacao": "2020-02-08T17:30:22.868Z", "status": "OK", "tipo": "MATRIZ", "efr": "", "motivo_situacao": "", "situacao_especial": "", "data_situacao_especial": "", "capital_social": "300000.00", "extra": {}, "billing": {"free": false, "database": false}}