{"data_situacao": "07/03/2017", "motivo_situacao": "EXTINCAO P/ ENC LIQ VOLUNTARIA", "nome": "EDVARD JOSE PANCRACIO", "telefone": "(19) 3661-2137/ (19) 3651-1973", "situacao": "BAIXADA", "porte": "MICRO EMPRESA", "abertura": "22/07/2008", "natureza_juridica": "213-5 - Empres\u00e1rio (Individual)", "cnpj": "10.230.796/0001-22", "ultima_atualizacao": "2020-02-08T16:59:37.841Z", "status": "OK", "tipo": "MATRIZ", "fantasia": "", "logradouro": "", "numero": "", "complemento": "", "cep": "", "bairro": "", "municipio": "", "uf": "", "email": "", "efr": "", "situacao_especial": "", "data_situacao_especial": "", "atividade_principal": [{"code": "00.00-0-00", "text": "********"}], "atividades_secundarias": [{"code": "00.00-0-00", "text": "N\u00e3o informada"}], "capital_social": "0.00", "qsa": [], "extra": {}, "billing": {"free": false, "database": false}}