{"atividade_principal": [{"text": "Confec\u00e7\u00e3o de roupas profissionais, exceto sob medida", "code": "14.13-4-01"}], "data_situacao": "16/09/2008", "nome": "SOFISTIL UNIFORMES EIRELI", "uf": "RJ", "telefone": "(22) 2725-2701", "email": "sofistil@sofistil.com.br", "atividades_secundarias": [{"text": "Confec\u00e7\u00e3o, sob medida, de roupas profissionais", "code": "14.13-4-02"}, {"text": "Fac\u00e7\u00e3o de roupas profissionais", "code": "14.13-4-03"}, {"text": "Confec\u00e7\u00e3o de pe\u00e7as de vestu\u00e1rio, exceto roupas \u00edntimas e as confeccionadas sob medida", "code": "14.12-6-01"}, {"text": "Confec\u00e7\u00e3o, sob medida, de pe\u00e7as do vestu\u00e1rio, exceto roupas \u00edntimas", "code": "14.12-6-02"}, {"text": "Fac\u00e7\u00e3o de pe\u00e7as do vestu\u00e1rio, exceto roupas \u00edntimas", "code": "14.12-6-03"}, {"text": "Confec\u00e7\u00e3o de roupas \u00edntimas", "code": "14.11-8-01"}, {"text": "Fac\u00e7\u00e3o de roupas \u00edntimas", "code": "14.11-8-02"}, {"text": "Fabrica\u00e7\u00e3o de roupas de prote\u00e7\u00e3o e seguran\u00e7a e resistentes a fogo", "code": "32.92-2-01"}, {"text": "Fabrica\u00e7\u00e3o de equipamentos e acess\u00f3rios para seguran\u00e7a pessoal e profissional", "code": "32.92-2-02"}, {"text": "Com\u00e9rcio atacadista de artigos de cama, mesa e banho", "code": "46.41-9-02"}, {"text": "Com\u00e9rcio atacadista de tecidos", "code": "46.41-9-01"}, {"text": "Com\u00e9rcio atacadista de artigos de armarinho", "code": "46.41-9-03"}, {"text": "Com\u00e9rcio atacadista de cal\u00e7ados", "code": "46.43-5-01"}, {"text": "Com\u00e9rcio atacadista de bolsas, malas e artigos de viagem", "code": "46.43-5-02"}, {"text": "Com\u00e9rcio atacadista de M\u00e1quinas e equipamentos para uso industrial; partes e pe\u00e7as", "code": "46.63-0-00"}, {"text": "Com\u00e9rcio atacadista de m\u00e1quinas e equipamentos para uso comercial; partes e pe\u00e7as", "code": "46.65-6-00"}, {"text": "Com\u00e9rcio atacadista de outras m\u00e1quinas e equipamentos n\u00e3o especificados anteriormente; partes e pe\u00e7as", "code": "46.69-9-99"}, {"text": "Lojas de departamentos ou magazines, exceto lojas francas (Duty free)", "code": "47.13-0-04"}, {"text": "Lojas de variedades, exceto lojas de departamentos ou magazines", "code": "47.13-0-02"}, {"text": "Com\u00e9rcio varejista de artigos do vestu\u00e1rio e acess\u00f3rios", "code": "47.81-4-00"}, {"text": "Com\u00e9rcio varejista de cal\u00e7ados", "code": "47.82-2-01"}, {"text": "Com\u00e9rcio varejista de artigos de viagem", "code": "47.82-2-02"}, {"text": "Com\u00e9rcio atacadista de artigos do vestu\u00e1rio e acess\u00f3rios, exceto profissionais e de seguran\u00e7a", "code": "46.42-7-01"}, {"text": "Com\u00e9rcio atacadista de roupas e acess\u00f3rios para uso profissional e de seguran\u00e7a do trabalho", "code": "46.42-7-02"}, {"text": "Com\u00e9rcio varejista de mercadorias em lojas de conveni\u00eancia", "code": "47.29-6-02"}, {"text": "Com\u00e9rcio varejista de artigos de tape\u00e7aria, cortinas e persianas", "code": "47.59-8-01"}, {"text": "Com\u00e9rcio varejista de outros artigos de uso pessoal e dom\u00e9stico n\u00e3o especificados anteriormente", "code": "47.59-8-99"}, {"text": "Com\u00e9rcio varejista de artigos de joalheria", "code": "47.83-1-01"}, {"text": "Com\u00e9rcio varejista de artigos de relojoaria", "code": "47.83-1-02"}, {"text": "Com\u00e9rcio varejista de suvenires, bijuterias e artesanatos", "code": "47.89-0-01"}, {"text": "Com\u00e9rcio varejista de objetos de arte", "code": "47.89-0-03"}, {"text": "Com\u00e9rcio varejista de outros produtos n\u00e3o especificados anteriormente", "code": "47.89-0-99"}, {"text": "Servi\u00e7os combinados de escrit\u00f3rio e apoio administrativo", "code": "82.11-3-00"}, {"text": "Prepara\u00e7\u00e3o de documentos e servi\u00e7os especializados de apoio administrativo n\u00e3o especificados anteriormente", "code": "82.19-9-99"}, {"text": "Treinamento em desenvolvimento profissional e gerencial", "code": "85.99-6-04"}, {"text": "Servi\u00e7os de entrega r\u00e1pida", "code": "53.20-2-02"}], "qsa": [{"qual": "65-Titular Pessoa F\u00edsica Residente ou Domiciliado no Brasil", "nome": "JOSELY PEIXOTO PEREIRA"}], "situacao": "ATIVA", "bairro": "RESIDENCIAL DO JOCKEY II", "logradouro": "R MAESTRO JOSE PRIMO FILHO", "numero": "114", "cep": "28.020-304", "municipio": "CAMPOS DOS GOYTACAZES", "porte": "MICRO EMPRESA", "abertura": "16/09/2008", "natureza_juridica": "230-5 - Empresa Individual de Responsabilidade Limitada (de Natureza Empres\u00e1ria)", "fantasia": "SOFISTIL", "cnpj": "10.392.936/0001-69", "ultima_atualizacao": "2020-02-08T16:55:49.829Z", "status": "OK", "tipo": "MATRIZ", "complemento": "", "efr": "", "motivo_situacao": "", "situacao_especial": "", "data_situacao_especial": "", "capital_social": "500000.00", "extra": {}, "billing": {"free": false, "database": false}}