{"atividade_principal": [{"text": "Com\u00e9rcio a varejo de pneum\u00e1ticos e c\u00e2maras-de-ar", "code": "45.30-7-05"}], "data_situacao": "24/09/2008", "complemento": "PARTE", "nome": "RIO DAS OSTRAS COMERCIO DE PNEUS LTDA", "uf": "RJ", "telefone": "(22) 2760-9460", "atividades_secundarias": [{"text": "Com\u00e9rcio a varejo de pe\u00e7as e acess\u00f3rios novos para ve\u00edculos automotores", "code": "45.30-7-03"}, {"text": "Com\u00e9rcio a varejo de pe\u00e7as e acess\u00f3rios usados para ve\u00edculos automotores", "code": "45.30-7-04"}, {"text": "Servi\u00e7os de manuten\u00e7\u00e3o e repara\u00e7\u00e3o mec\u00e2nica de ve\u00edculos automotores", "code": "45.20-0-01"}, {"text": "Servi\u00e7os de alinhamento e balanceamento de ve\u00edculos automotores", "code": "45.20-0-04"}, {"text": "Servi\u00e7os de borracharia para ve\u00edculos automotores", "code": "45.20-0-06"}], "qsa": [{"qual": "49-S\u00f3cio-Administrador", "nome": "VIVIANE GOMES BARCELOS ABUD"}, {"qual": "22-S\u00f3cio", "nome": "PAULA CAMILLY GOMES ABUD"}], "situacao": "ATIVA", "bairro": "ENSEADA DAS GAIVOTAS", "logradouro": "AV DOS BANDEIRANTES", "numero": "2592", "cep": "28.897-188", "municipio": "RIO DAS OSTRAS", "porte": "MICRO EMPRESA", "abertura": "24/09/2008", "natureza_juridica": "206-2 - Sociedade Empres\u00e1ria Limitada", "fantasia": "FERA AUTO CENTER", "cnpj": "10.404.725/0001-07", "ultima_atualizacao": "2020-02-08T00:49:42.692Z", "status": "OK", "tipo": "MATRIZ", "email": "", "efr": "", "motivo_situacao": "", "situacao_especial": "", "data_situacao_especial": "", "capital_social": "200000.00", "extra": {}, "billing": {"free": false, "database": true}}