{"atividade_principal": [{"text": "Com\u00e9rcio atacadista de medicamentos e drogas de uso humano", "code": "46.44-3-01"}], "data_situacao": "15/01/2009", "nome": "ONCOVIT DISTRIBUIDORA DE MEDICAMENTOS LTDA", "uf": "ES", "telefone": "(27) 3064-0124", "email": "fiscal@oncovit.com.br", "atividades_secundarias": [{"text": "Com\u00e9rcio atacadista de produtos aliment\u00edcios em geral", "code": "46.39-7-01"}, {"text": "Com\u00e9rcio atacadista de instrumentos e materiais para uso m\u00e9dico, cir\u00fargico, hospitalar e de laborat\u00f3rios", "code": "46.45-1-01"}, {"text": "Com\u00e9rcio atacadista de m\u00e1quinas, aparelhos e equipamentos para uso odonto-m\u00e9dico-hospitalar; partes e pe\u00e7as", "code": "46.64-8-00"}], "qsa": [{"qual": "49-S\u00f3cio-Administrador", "nome": "VALDENIR JOSE ALBERTO"}, {"qual": "49-S\u00f3cio-Administrador", "nome": "JOAO BOSCO XAVIER"}, {"qual": "22-S\u00f3cio", "nome": "LUIZ PESSOA SOUTO MAIOR JUNIOR"}, {"qual": "49-S\u00f3cio-Administrador", "nome": "ROGERIO EVANGELISTA ALVERNAZ"}, {"qual": "49-S\u00f3cio-Administrador", "nome": "ERICO FERREIRA GOMES"}], "situacao": "ATIVA", "bairro": "JABOUR", "logradouro": "R JOSE VIVACQUA", "numero": "645", "cep": "29.072-285", "municipio": "VITORIA", "porte": "DEMAIS", "abertura": "15/01/2009", "natureza_juridica": "206-2 - Sociedade Empres\u00e1ria Limitada", "cnpj": "10.586.940/0001-68", "ultima_atualizacao": "2020-02-08T00:49:26.098Z", "status": "OK", "tipo": "MATRIZ", "fantasia": "", "complemento": "", "efr": "", "motivo_situacao": "", "situacao_especial": "", "data_situacao_especial": "", "capital_social": "100000.00", "extra": {}, "billing": {"free": false, "database": true}}