{"atividade_principal": [{"text": "Com\u00e9rcio varejista de g\u00e1s liq\u00fcefeito de petr\u00f3leo (GLP)", "code": "47.84-9-00"}], "data_situacao": "04/02/2009", "complemento": "QUADRA006 LOTE 19 E 20", "nome": "RECASTRO R.O COMERCIO DE GAS EIRELI", "uf": "RJ", "telefone": "(21) 2671-7565", "email": "legalizacao@jodisdomingos.com.br", "atividades_secundarias": [{"text": "Com\u00e9rcio varejista de bebidas", "code": "47.23-7-00"}], "qsa": [{"qual": "65-Titular Pessoa F\u00edsica Residente ou Domiciliado no Brasil", "nome": "FABIANA DE OLIVEIRA MIRANDA"}], "situacao": "ATIVA", "bairro": "CIDADE BEIRA MAR", "logradouro": "AL DO ABRICO", "numero": "S/N\u00ba", "cep": "28.890-254", "municipio": "RIO DAS OSTRAS", "porte": "MICRO EMPRESA", "abertura": "04/02/2009", "natureza_juridica": "230-5 - Empresa Individual de Responsabilidade Limitada (de Natureza Empres\u00e1ria)", "fantasia": "RECASTRO DISTRIBUIDORA", "cnpj": "10.635.930/0001-75", "ultima_atualizacao": "2020-02-08T17:52:01.884Z", "status": "OK", "tipo": "MATRIZ", "efr": "", "motivo_situacao": "", "situacao_especial": "", "data_situacao_especial": "", "capital_social": "100000.00", "extra": {}, "billing": {"free": false, "database": false}}