{"atividade_principal": [{"text": "Capta\u00e7\u00e3o, tratamento e distribui\u00e7\u00e3o de \u00e1gua", "code": "36.00-6-01"}], "data_situacao": "30/01/2020", "complemento": "ANDAR 1 SALA 201", "nome": "EMPRESA PUBLICA MUNICIPAL DE SANEAMENTO - ESANE", "efr": "MUNIC\u00cdPIO DE MACAE", "uf": "RJ", "telefone": "(22) 2762-0987/ (22) 2759-5404", "email": "esane@macae.rj.gov.br", "atividades_secundarias": [{"text": "Constru\u00e7\u00e3o de redes de abastecimento de \u00e1gua, coleta de esgoto e constru\u00e7\u00f5es correlatas, exceto obras de irriga\u00e7\u00e3o", "code": "42.22-7-01"}], "qsa": [{"qual": "05-Administrador", "nome": "VIVIANE SANTOS DA SILVA"}], "situacao": "ATIVA", "bairro": "BOTAFOGO", "logradouro": "R DJALMA SALLES PESSANHA", "numero": "591", "cep": "27.947-670", "municipio": "MACAE", "porte": "DEMAIS", "abertura": "14/07/2009", "natureza_juridica": "201-1 - Empresa P\u00fablica", "fantasia": "ESANE", "cnpj": "10.968.082/0001-16", "ultima_atualizacao": "2020-02-08T04:31:18.437Z", "status": "OK", "tipo": "MATRIZ", "motivo_situacao": "", "situacao_especial": "", "data_situacao_especial": "", "capital_social": "6000000.00", "extra": {}, "billing": {"free": false, "database": true}}