{"atividade_principal": [{"text": "Manuten\u00e7\u00e3o e repara\u00e7\u00e3o de equipamentos hidr\u00e1ulicos e pneum\u00e1ticos, exceto v\u00e1lvulas", "code": "33.14-7-02"}], "data_situacao": "16/09/2009", "nome": "CLG GUINDASTES COMERCIO E MANUTENCAO DE EQUIPAMENTOS HIDRAULICOS EIRELI", "uf": "RJ", "telefone": "(21) 2669-3169", "atividades_secundarias": [{"text": "Fabrica\u00e7\u00e3o de cabines, carrocerias e reboques para outros ve\u00edculos automotores, exceto caminh\u00f5es e \u00f4nibus", "code": "29.30-1-03"}, {"text": "Fabrica\u00e7\u00e3o de outras pe\u00e7as e acess\u00f3rios para ve\u00edculos automotores n\u00e3o especificadas anteriormente", "code": "29.49-2-99"}, {"text": "Manuten\u00e7\u00e3o e repara\u00e7\u00e3o de m\u00e1quinas, equipamentos e aparelhos para transporte e eleva\u00e7\u00e3o de cargas", "code": "33.14-7-08"}, {"text": "Instala\u00e7\u00e3o de m\u00e1quinas e equipamentos industriais", "code": "33.21-0-00"}, {"text": "Representantes comerciais e agentes do com\u00e9rcio de m\u00e1quinas, equipamentos, embarca\u00e7\u00f5es e aeronaves", "code": "46.14-1-00"}, {"text": "Com\u00e9rcio atacadista de M\u00e1quinas e equipamentos para uso industrial; partes e pe\u00e7as", "code": "46.63-0-00"}, {"text": "Peritos e avaliadores de seguros", "code": "66.21-5-01"}, {"text": "Servi\u00e7os de per\u00edcia t\u00e9cnica relacionados \u00e0 seguran\u00e7a do trabalho", "code": "71.19-7-04"}, {"text": "Testes e an\u00e1lises t\u00e9cnicas", "code": "71.20-1-00"}], "qsa": [{"qual": "65-Titular Pessoa F\u00edsica Residente ou Domiciliado no Brasil", "nome": "LIVIA DIAS DE LANA"}], "situacao": "ATIVA", "bairro": "RIACHAO", "logradouro": "R FLORIDA", "numero": "10", "cep": "26.084-010", "municipio": "NOVA IGUACU", "porte": "MICRO EMPRESA", "abertura": "16/09/2009", "natureza_juridica": "230-5 - Empresa Individual de Responsabilidade Limitada (de Natureza Empres\u00e1ria)", "cnpj": "11.150.129/0001-00", "ultima_atualizacao": "2020-02-08T00:31:01.147Z", "status": "OK", "tipo": "MATRIZ", "fantasia": "", "complemento": "", "email": "", "efr": "", "motivo_situacao": "", "situacao_especial": "", "data_situacao_especial": "", "capital_social": "100000.00", "extra": {}, "billing": {"free": false, "database": true}}