{"atividade_principal": [{"text": "Telefonia m\u00f3vel celular", "code": "61.20-5-01"}], "data_situacao": "09/09/2009", "nome": "R. J. LINHARES TELEFONIA LTDA", "uf": "RJ", "telefone": "(22) 3084-0345", "email": "rosanamendescs@hotmail.com", "qsa": [{"qual": "49-S\u00f3cio-Administrador", "nome": "CARLA PEIXOTO LINHARES"}, {"qual": "22-S\u00f3cio", "nome": "JOAO FERNANDES DE AGUIAR LINHARES"}], "situacao": "ATIVA", "bairro": "CAVALEIROS", "logradouro": "AV NOSSA SENHORA DA GLORIA", "numero": "1729", "cep": "27.920-320", "municipio": "MACAE", "porte": "MICRO EMPRESA", "abertura": "09/09/2009", "natureza_juridica": "206-2 - Sociedade Empres\u00e1ria Limitada", "cnpj": "11.173.399/0001-29", "ultima_atualizacao": "2020-02-08T17:58:40.290Z", "status": "OK", "tipo": "MATRIZ", "fantasia": "", "complemento": "", "efr": "", "motivo_situacao": "", "situacao_especial": "", "data_situacao_especial": "", "atividades_secundarias": [{"code": "00.00-0-00", "text": "N\u00e3o informada"}], "capital_social": "10000.00", "extra": {}, "billing": {"free": false, "database": false}}