{"atividade_principal": [{"text": "Com\u00e9rcio atacadista de produtos odontol\u00f3gicos", "code": "46.45-1-03"}], "data_situacao": "12/11/2009", "nome": "DENTAL WEB COMERCIO DE PRODUTOS ODONTOLOGICOS LTDA.", "uf": "RS", "telefone": "(51) 3224-4446", "qsa": [{"qual": "49-S\u00f3cio-Administrador", "nome": "GIOVANI ARNALDO DE MELLO"}, {"qual": "22-S\u00f3cio", "nome": "JAQUELINE PESCADOR"}], "situacao": "ATIVA", "bairro": "CENTRO", "logradouro": "R GENERAL VITORINO", "numero": "45", "cep": "90.020-171", "municipio": "PORTO ALEGRE", "porte": "EMPRESA DE PEQUENO PORTE", "abertura": "12/11/2009", "natureza_juridica": "206-2 - Sociedade Empres\u00e1ria Limitada", "fantasia": "DENTAL WEB", "cnpj": "11.312.542/0001-16", "ultima_atualizacao": "2020-02-08T16:57:46.371Z", "status": "OK", "tipo": "MATRIZ", "complemento": "", "email": "", "efr": "", "motivo_situacao": "", "situacao_especial": "", "data_situacao_especial": "", "atividades_secundarias": [{"code": "00.00-0-00", "text": "N\u00e3o informada"}], "capital_social": "20000.00", "extra": {}, "billing": {"free": false, "database": false}}