{"atividade_principal": [{"text": "Com\u00e9rcio atacadista de instrumentos e materiais para uso m\u00e9dico, cir\u00fargico, hospitalar e de laborat\u00f3rios", "code": "46.45-1-01"}], "data_situacao": "04/11/2009", "complemento": "SALA 403 E 502", "nome": "RIOMEDICAL COMERCIO DE MATERIAL HOSPITALAR LTDA", "uf": "RJ", "telefone": "(21) 2205-4693/ (21) 2205-6734", "atividades_secundarias": [{"text": "Repara\u00e7\u00e3o e manuten\u00e7\u00e3o de equipamentos eletroeletr\u00f4nicos de uso pessoal e dom\u00e9stico", "code": "95.21-5-00"}, {"text": "Representantes comerciais e agentes do com\u00e9rcio de instrumentos e materiais odonto-m\u00e9dico-hospitalares", "code": "46.18-4-02"}], "qsa": [{"qual": "49-S\u00f3cio-Administrador", "nome": "JOSE LOURENCO DOS SANTOS"}, {"qual": "49-S\u00f3cio-Administrador", "nome": "DOUGLAS FERNANDO MOTA"}, {"qual": "49-S\u00f3cio-Administrador", "nome": "PEDRO FERREIRA FILHO"}], "situacao": "ATIVA", "bairro": "CATETE", "logradouro": "LRG DO MACHADO", "numero": "54", "cep": "22.221-020", "municipio": "RIO DE JANEIRO", "porte": "DEMAIS", "abertura": "04/11/2009", "natureza_juridica": "206-2 - Sociedade Empres\u00e1ria Limitada", "fantasia": "RIOMEDICAL", "cnpj": "11.314.917/0001-87", "ultima_atualizacao": "2020-02-08T17:34:05.518Z", "status": "OK", "tipo": "MATRIZ", "email": "", "efr": "", "motivo_situacao": "", "situacao_especial": "", "data_situacao_especial": "", "capital_social": "150000.00", "extra": {}, "billing": {"free": false, "database": false}}