{"atividade_principal": [{"text": "Com\u00e9rcio varejista de produtos aliment\u00edcios em geral ou especializado em produtos aliment\u00edcios n\u00e3o especificados anteriormente", "code": "47.29-6-99"}], "data_situacao": "17/11/2009", "complemento": "LOJA 04 LOTE 2 A", "nome": "NUTRITIVA PRODUTOS NUTRICIONAIS EIRELI", "uf": "RJ", "telefone": "(21) 2704-5838/ (21) 2620-4857", "email": "nutritiva.gold@gmail.com", "atividades_secundarias": [{"text": "Com\u00e9rcio atacadista especializado em outros produtos aliment\u00edcios n\u00e3o especificados anteriormente", "code": "46.37-1-99"}, {"text": "Com\u00e9rcio atacadista de instrumentos e materiais para uso m\u00e9dico, cir\u00fargico, hospitalar e de laborat\u00f3rios", "code": "46.45-1-01"}, {"text": "Com\u00e9rcio atacadista de produtos de higiene pessoal", "code": "46.46-0-02"}, {"text": "Com\u00e9rcio varejista de mercadorias em geral, com predomin\u00e2ncia de produtos aliment\u00edcios - minimercados, mercearias e armaz\u00e9ns", "code": "47.12-1-00"}, {"text": "Com\u00e9rcio varejista de cosm\u00e9ticos, produtos de perfumaria e de higiene pessoal", "code": "47.72-5-00"}, {"text": "Com\u00e9rcio varejista de artigos m\u00e9dicos e ortop\u00e9dicos", "code": "47.73-3-00"}, {"text": "Lanchonetes, casas de ch\u00e1, de sucos e similares", "code": "56.11-2-03"}, {"text": "Atividades de profissionais da nutri\u00e7\u00e3o", "code": "86.50-0-02"}, {"text": "Atividades de terapia de nutri\u00e7\u00e3o enteral e parenteral", "code": "86.50-0-07"}], "qsa": [{"qual": "65-Titular Pessoa F\u00edsica Residente ou Domiciliado no Brasil", "nome": "SIMONE DE SIQUEIRA SOUZA DA SILVA"}], "situacao": "ATIVA", "bairro": "ZE GAROTO", "logradouro": "R CORONEL SERRADO", "numero": "1630", "cep": "24.440-000", "municipio": "SAO GONCALO", "porte": "EMPRESA DE PEQUENO PORTE", "abertura": "17/11/2009", "natureza_juridica": "230-5 - Empresa Individual de Responsabilidade Limitada (de Natureza Empres\u00e1ria)", "fantasia": "NUTRITIVA PRODUTOS NUTRICIONAIS", "cnpj": "11.355.420/0001-07", "ultima_atualizacao": "2020-02-08T17:51:37.369Z", "status": "OK", "tipo": "MATRIZ", "efr": "", "motivo_situacao": "", "situacao_especial": "", "data_situacao_especial": "", "capital_social": "100000.00", "extra": {}, "billing": {"free": false, "database": false}}