{"atividade_principal": [{"text": "Constru\u00e7\u00e3o de edif\u00edcios", "code": "41.20-4-00"}], "data_situacao": "25/11/2009", "complemento": "SALA 03", "nome": "C. H. CONSTRUTORA E SERVICOS EIRELI", "uf": "RJ", "telefone": "(22) 2778-1920", "email": "chconstrutora@yahoo.com.br", "atividades_secundarias": [{"text": "Aluguel de m\u00e1quinas e equipamentos para constru\u00e7\u00e3o sem operador, exceto andaimes", "code": "77.32-2-01"}, {"text": "Aluguel de palcos, coberturas e outras estruturas de uso tempor\u00e1rio, exceto andaimes", "code": "77.39-0-03"}, {"text": "Atividades paisag\u00edsticas", "code": "81.30-3-00"}, {"text": "Coleta de res\u00edduos n\u00e3o-perigosos", "code": "38.11-4-00"}, {"text": "Coleta de res\u00edduos perigosos", "code": "38.12-2-00"}, {"text": "Com\u00e9rcio atacadista de materiais de constru\u00e7\u00e3o em geral", "code": "46.79-6-99"}, {"text": "Com\u00e9rcio varejista de materiais de constru\u00e7\u00e3o em geral", "code": "47.44-0-99"}, {"text": "Constru\u00e7\u00e3o de esta\u00e7\u00f5es e redes de telecomunica\u00e7\u00f5es", "code": "42.21-9-04"}, {"text": "Constru\u00e7\u00e3o de instala\u00e7\u00f5es esportivas e recreativas", "code": "42.99-5-01"}, {"text": "Constru\u00e7\u00e3o de redes de abastecimento de \u00e1gua, coleta de esgoto e constru\u00e7\u00f5es correlatas, exceto obras de irriga\u00e7\u00e3o", "code": "42.22-7-01"}, {"text": "Constru\u00e7\u00e3o de redes de transportes por dutos, exceto para \u00e1gua e esgoto", "code": "42.23-5-00"}, {"text": "Constru\u00e7\u00e3o de rodovias e ferrovias", "code": "42.11-1-01"}, {"text": "Demoli\u00e7\u00e3o de edif\u00edcios e outras estruturas", "code": "43.11-8-01"}, {"text": "Distribui\u00e7\u00e3o de \u00e1gua por caminh\u00f5es", "code": "36.00-6-02"}, {"text": "Extra\u00e7\u00e3o de saibro e beneficiamento associado", "code": "08.10-0-08"}, {"text": "Gest\u00e3o e manuten\u00e7\u00e3o de cemit\u00e9rios", "code": "96.03-3-01"}, {"text": "Instala\u00e7\u00e3o e manuten\u00e7\u00e3o de sistemas centrais de ar condicionado, de ventila\u00e7\u00e3o e refrigera\u00e7\u00e3o", "code": "43.22-3-02"}, {"text": "Loca\u00e7\u00e3o de autom\u00f3veis sem condutor", "code": "77.11-0-00"}, {"text": "Loca\u00e7\u00e3o de outros meios de transporte n\u00e3o especificados anteriormente, sem condutor", "code": "77.19-5-99"}, {"text": "Manuten\u00e7\u00e3o de esta\u00e7\u00f5es e redes de telecomunica\u00e7\u00f5es", "code": "42.21-9-05"}, {"text": "Manuten\u00e7\u00e3o de redes de distribui\u00e7\u00e3o de energia el\u00e9trica", "code": "42.21-9-03"}, {"text": "Manuten\u00e7\u00e3o e repara\u00e7\u00e3o de m\u00e1quinas e aparelhos de refrigera\u00e7\u00e3o e ventila\u00e7\u00e3o para uso industrial e comercial", "code": "33.14-7-07"}, {"text": "Manuten\u00e7\u00e3o e repara\u00e7\u00e3o de tanques, reservat\u00f3rios met\u00e1licos e caldeiras, exceto para ve\u00edculos", "code": "33.11-2-00"}, {"text": "Montagem de estruturas met\u00e1licas", "code": "42.92-8-01"}, {"text": "Obras de alvenaria", "code": "43.99-1-03"}, {"text": "Obras de irriga\u00e7\u00e3o", "code": "42.22-7-02"}, {"text": "Obras de terraplenagem", "code": "43.13-4-00"}, {"text": "Obras de urbaniza\u00e7\u00e3o - ruas, pra\u00e7as e cal\u00e7adas", "code": "42.13-8-00"}, {"text": "Obras portu\u00e1rias, mar\u00edtimas e fluviais", "code": "42.91-0-00"}, {"text": "Outras obras de engenharia civil n\u00e3o especificadas anteriormente", "code": "42.99-5-99"}, {"text": "Perfura\u00e7\u00f5es e sondagens", "code": "43.12-6-00"}, {"text": "Pintura para sinaliza\u00e7\u00e3o em pistas rodovi\u00e1rias e aeroportos", "code": "42.11-1-02"}, {"text": "Prepara\u00e7\u00e3o de canteiro e limpeza de terreno", "code": "43.11-8-02"}, {"text": "Servi\u00e7o de transporte de passageiros - loca\u00e7\u00e3o de autom\u00f3veis com motorista", "code": "49.23-0-02"}, {"text": "Servi\u00e7os de arquitetura", "code": "71.11-1-00"}, {"text": "Servi\u00e7os de engenharia", "code": "71.12-0-00"}, {"text": "Servi\u00e7os de prepara\u00e7\u00e3o do terreno n\u00e3o especificados anteriormente", "code": "43.19-3-00"}, {"text": "Transporte rodovi\u00e1rio coletivo de passageiros, com itiner\u00e1rio fixo, municipal", "code": "49.21-3-01"}, {"text": "Transporte rodovi\u00e1rio de carga, exceto produtos perigosos e mudan\u00e7as, intermunicipal, interestadual e internacional", "code": "49.30-2-02"}], "qsa": [{"qual": "49-S\u00f3cio-Administrador", "nome": "CARLOS HENRIQUE DA MOTTA SILVA"}], "situacao": "ATIVA", "bairro": "CENTRO", "logradouro": "R MIGUEL JORGE", "numero": "35", "cep": "28.860-000", "municipio": "CASIMIRO DE ABREU", "porte": "MICRO EMPRESA", "abertura": "25/11/2009", "natureza_juridica": "230-5 - Empresa Individual de Responsabilidade Limitada (de Natureza Empres\u00e1ria)", "fantasia": "C. H. CONSTRUTORA", "cnpj": "11.437.576/0001-37", "ultima_atualizacao": "2020-02-08T01:00:51.977Z", "status": "OK", "tipo": "MATRIZ", "efr": "", "motivo_situacao": "", "situacao_especial": "", "data_situacao_especial": "", "capital_social": "800000.00", "extra": {}, "billing": {"free": false, "database": true}}