{"atividade_principal": [{"text": "Administra\u00e7\u00e3o de caixas escolares", "code": "85.50-3-01"}], "data_situacao": "05/11/2009", "nome": "CONSELHO ESCOLAR DA ESCOLA MUNICIPAL DE EDUCACAO INFANTIL MAI PREFEITO ALCIDES RAMOS", "uf": "RJ", "telefone": "(22) 2772-4955/ (22) 9264-5694", "email": "pablo_parga@hotmail.com", "atividades_secundarias": [{"text": "Outras atividades de ensino n\u00e3o especificadas anteriormente", "code": "85.99-6-99"}], "qsa": [{"qual": "16-Presidente", "nome": "MARIA JOSE DA SILVEIRA MAIA"}], "situacao": "ATIVA", "bairro": "BOTAFOGO", "logradouro": "R ANTONIO BICHARA FILHO", "numero": "668", "cep": "27.946-130", "municipio": "MACAE", "porte": "DEMAIS", "abertura": "05/11/2009", "natureza_juridica": "399-9 - Associa\u00e7\u00e3o Privada", "fantasia": "CE EMEIMPAR", "cnpj": "11.652.725/0001-80", "ultima_atualizacao": "2020-02-07T23:41:39.839Z", "status": "OK", "tipo": "MATRIZ", "complemento": "", "efr": "", "motivo_situacao": "", "situacao_especial": "", "data_situacao_especial": "", "capital_social": "0.00", "extra": {}, "billing": {"free": false, "database": true}}