{"atividade_principal": [{"text": "Administra\u00e7\u00e3o de caixas escolares", "code": "85.50-3-01"}], "data_situacao": "24/11/2009", "nome": "CONSELHO ESCOLAR DA ESCOLA MUNICIPAL DE EDUCACAO INFANTIL OLIMPIA RIBEIRO DOS SANTOS MACHADO", "uf": "RJ", "telefone": "(22) 2772-4955/ (22) 9264-5694", "email": "pablo_parga@hotmail.com", "atividades_secundarias": [{"text": "Outras atividades de ensino n\u00e3o especificadas anteriormente", "code": "85.99-6-99"}], "qsa": [{"qual": "16-Presidente", "nome": "ROSANGELA FERREIRA DOS SANTOS OLIVEIRA"}], "situacao": "ATIVA", "bairro": "CAJUEIROS", "logradouro": "AV RUI BARBOSA", "numero": "1563", "cep": "27.910-000", "municipio": "MACAE", "porte": "DEMAIS", "abertura": "24/11/2009", "natureza_juridica": "399-9 - Associa\u00e7\u00e3o Privada", "fantasia": "CE EMEIORSM", "cnpj": "11.739.308/0001-70", "ultima_atualizacao": "2020-02-07T23:44:03.668Z", "status": "OK", "tipo": "MATRIZ", "complemento": "", "efr": "", "motivo_situacao": "", "situacao_especial": "", "data_situacao_especial": "", "capital_social": "0.00", "extra": {}, "billing": {"free": false, "database": true}}