{"atividade_principal": [{"text": "Administra\u00e7\u00e3o de caixas escolares", "code": "85.50-3-01"}], "data_situacao": "03/12/2009", "complemento": "LAGOMAR", "nome": "CONSELHO ESCOLAR DA ESCOLA MUNICIPAL DE EDUCACAO INFANTIL PROFESSORA ESMERIA PEREIRA REID DOS SANTOS", "uf": "RJ", "telefone": "(22) 2796-1138", "email": "gestaodasuexs@gmail.com", "atividades_secundarias": [{"text": "Outras atividades de ensino n\u00e3o especificadas anteriormente", "code": "85.99-6-99"}], "qsa": [{"qual": "16-Presidente", "nome": "IRLANDA PINTO DA SILVA"}], "situacao": "ATIVA", "bairro": "ENGENHO DA PRAIA", "logradouro": "R CEARA", "numero": "SN", "cep": "27.966-056", "municipio": "MACAE", "porte": "DEMAIS", "abertura": "03/12/2009", "natureza_juridica": "399-9 - Associa\u00e7\u00e3o Privada", "fantasia": "CE EMEIPEPRS", "cnpj": "11.739.328/0001-40", "ultima_atualizacao": "2020-02-08T01:06:10.239Z", "status": "OK", "tipo": "MATRIZ", "efr": "", "motivo_situacao": "", "situacao_especial": "", "data_situacao_especial": "", "capital_social": "0.00", "extra": {}, "billing": {"free": false, "database": true}}