{"atividade_principal": [{"text": "Com\u00e9rcio a varejo de pneum\u00e1ticos e c\u00e2maras-de-ar", "code": "45.30-7-05"}], "data_situacao": "26/03/2010", "complemento": "AREA E LOTE E", "nome": "S S BARCELOS SERVICOS DE BORRACHARIA", "uf": "RJ", "telefone": "(22) 9931-7727", "email": "pneusbr@hotmail.com.br", "atividades_secundarias": [{"text": "Reforma de pneum\u00e1ticos usados", "code": "22.12-9-00"}, {"text": "Servi\u00e7os de alinhamento e balanceamento de ve\u00edculos automotores", "code": "45.20-0-04"}, {"text": "Servi\u00e7os de borracharia para ve\u00edculos automotores", "code": "45.20-0-06"}, {"text": "Com\u00e9rcio a varejo de pe\u00e7as e acess\u00f3rios novos para ve\u00edculos automotores", "code": "45.30-7-03"}], "qsa": [], "situacao": "ATIVA", "bairro": "BOTAFOGO", "logradouro": "AV LACERDA AGOSTINHO", "numero": "2.000", "cep": "27.947-285", "municipio": "MACAE", "porte": "MICRO EMPRESA", "abertura": "26/03/2010", "natureza_juridica": "213-5 - Empres\u00e1rio (Individual)", "fantasia": "PNEUS BR", "cnpj": "11.743.248/0001-69", "ultima_atualizacao": "2020-02-08T00:13:39.087Z", "status": "OK", "tipo": "MATRIZ", "efr": "", "motivo_situacao": "", "situacao_especial": "", "data_situacao_especial": "", "capital_social": "50000.00", "extra": {}, "billing": {"free": false, "database": true}}