{"atividade_principal": [{"text": "Com\u00e9rcio varejista de artigos esportivos", "code": "47.63-6-02"}], "data_situacao": "26/03/2010", "nome": "BRASFITNESS COMERCIO DE ARTIGOS ESPORTIVOS EIRELI", "uf": "DF", "telefone": "(61) 3042-2233", "email": "contato@solidacontabilidadedf.com.br", "qsa": [{"qual": "65-Titular Pessoa F\u00edsica Residente ou Domiciliado no Brasil", "nome": "THAIANE ERRUAS DAS NEVES"}], "situacao": "ATIVA", "bairro": "TAGUATINGA", "logradouro": "Q QNA 06 LOTE 23 SALA", "numero": "203", "cep": "72.110-060", "municipio": "BRASILIA", "porte": "EMPRESA DE PEQUENO PORTE", "abertura": "26/03/2010", "natureza_juridica": "230-5 - Empresa Individual de Responsabilidade Limitada (de Natureza Empres\u00e1ria)", "fantasia": "FLEX FITNESS BSB", "cnpj": "11.753.865/0001-45", "ultima_atualizacao": "2020-02-08T17:13:15.426Z", "status": "OK", "tipo": "MATRIZ", "complemento": "", "efr": "", "motivo_situacao": "", "situacao_especial": "", "data_situacao_especial": "", "atividades_secundarias": [{"code": "00.00-0-00", "text": "N\u00e3o informada"}], "capital_social": "110000.00", "extra": {}, "billing": {"free": false, "database": false}}