{"atividade_principal": [{"text": "Atividades de associa\u00e7\u00f5es de defesa de direitos sociais", "code": "94.30-8-00"}], "data_situacao": "07/04/2010", "complemento": "LOTE 0305 07 E 09 SALA 1701 A 1716 TERREOLOJA 12", "nome": "INSTITUTO FENACON", "uf": "DF", "telefone": "(61) 3105-7515/ (61) 3105-7522", "email": "isevane.silva@fenaconcd.com.br", "atividades_secundarias": [{"text": "Com\u00e9rcio varejista especializado de equipamentos e suprimentos de inform\u00e1tica", "code": "47.51-2-01"}, {"text": "Consultoria em tecnologia da informa\u00e7\u00e3o", "code": "62.04-0-00"}, {"text": "Desenvolvimento e licenciamento de programas de computador n\u00e3o-customiz\u00e1veis", "code": "62.03-1-00"}, {"text": "Atividades de consultoria em gest\u00e3o empresarial, exceto consultoria t\u00e9cnica espec\u00edfica", "code": "70.20-4-00"}, {"text": "Atividades de intermedia\u00e7\u00e3o e agenciamento de servi\u00e7os e neg\u00f3cios em geral, exceto imobili\u00e1rios", "code": "74.90-1-04"}], "qsa": [{"qual": "16-Presidente", "nome": "MARCIO MASSAO SHIMOMOTO"}], "situacao": "ATIVA", "bairro": "AREAL (AGUAS CLARAS)", "logradouro": "Q QS 3", "numero": "03", "cep": "71.953-000", "municipio": "BRASILIA", "porte": "DEMAIS", "abertura": "07/04/2010", "natureza_juridica": "399-9 - Associa\u00e7\u00e3o Privada", "fantasia": "INSTITUTO FENACON", "cnpj": "11.825.802/0001-57", "ultima_atualizacao": "2020-02-07T18:20:01.723Z", "status": "OK", "tipo": "MATRIZ", "efr": "", "motivo_situacao": "", "situacao_especial": "", "data_situacao_especial": "", "capital_social": "0.00", "extra": {}, "billing": {"free": false, "database": true}}