{"atividade_principal": [{"text": "Servi\u00e7os de telefonia fixa comutada - STFC", "code": "61.10-8-01"}], "data_situacao": "09/04/2010", "complemento": "SAL 603", "nome": "ZAD SOLUCOES EM ENGENHARIA EIRELI", "uf": "RJ", "telefone": "(21) 2117-1386", "email": "oswalmarosorio@yahoo.com.br", "atividades_secundarias": [{"text": "Constru\u00e7\u00e3o de edif\u00edcios", "code": "41.20-4-00"}, {"text": "Instala\u00e7\u00e3o e manuten\u00e7\u00e3o el\u00e9trica", "code": "43.21-5-00"}, {"text": "Instala\u00e7\u00f5es hidr\u00e1ulicas, sanit\u00e1rias e de g\u00e1s", "code": "43.22-3-01"}, {"text": "Instala\u00e7\u00e3o de portas, janelas, tetos, divis\u00f3rias e arm\u00e1rios embutidos de qualquer material", "code": "43.30-4-02"}, {"text": "Aplica\u00e7\u00e3o de revestimentos e de resinas em interiores e exteriores", "code": "43.30-4-05"}, {"text": "Servi\u00e7os de telecomunica\u00e7\u00f5es sem fio n\u00e3o especificados anteriormente", "code": "61.20-5-99"}, {"text": "Outras atividades de servi\u00e7os de seguran\u00e7a", "code": "80.20-0-02"}, {"text": "Treinamento em desenvolvimento profissional e gerencial", "code": "85.99-6-04"}], "qsa": [{"qual": "65-Titular Pessoa F\u00edsica Residente ou Domiciliado no Brasil", "nome": "ALEXANDRE ALBERTO DA SILVA"}], "situacao": "ATIVA", "bairro": "CIDADE NOVA", "logradouro": "AV PRESIDENTE VARGAS", "numero": "03131", "cep": "20.210-030", "municipio": "RIO DE JANEIRO", "porte": "MICRO EMPRESA", "abertura": "09/04/2010", "natureza_juridica": "230-5 - Empresa Individual de Responsabilidade Limitada (de Natureza Empres\u00e1ria)", "cnpj": "11.832.005/0001-05", "ultima_atualizacao": "2020-02-08T00:39:33.243Z", "status": "OK", "tipo": "MATRIZ", "fantasia": "", "efr": "", "motivo_situacao": "", "situacao_especial": "", "data_situacao_especial": "", "capital_social": "1200000.00", "extra": {}, "billing": {"free": false, "database": true}}