{"atividade_principal": [{"text": "Administra\u00e7\u00e3o de caixas escolares", "code": "85.50-3-01"}], "data_situacao": "14/04/2010", "nome": "CONSELHO ESCOLAR DA ESCOLA MUNICIPAL DE EDUCACAO INFANTIL ATTILA DE AGUIAR MALTEZ JUNIOR", "uf": "RJ", "telefone": "(22) 2772-4955/ (22) 9264-5694", "email": "pablo_parga@hotmail.com", "atividades_secundarias": [{"text": "Outras atividades de ensino n\u00e3o especificadas anteriormente", "code": "85.99-6-99"}], "qsa": [{"qual": "16-Presidente", "nome": "SIMONI DOS SANTOS STUTZ"}], "situacao": "ATIVA", "bairro": "CAJUEIROS", "logradouro": "R LIRA DOS CONSPIRADORES", "numero": "102", "cep": "27.916-200", "municipio": "MACAE", "porte": "DEMAIS", "abertura": "14/04/2010", "natureza_juridica": "399-9 - Associa\u00e7\u00e3o Privada", "fantasia": "CE EMEIAAMJ", "cnpj": "11.948.717/0001-86", "ultima_atualizacao": "2020-02-08T00:21:55.746Z", "status": "OK", "tipo": "MATRIZ", "complemento": "", "efr": "", "motivo_situacao": "", "situacao_especial": "", "data_situacao_especial": "", "capital_social": "0.00", "extra": {}, "billing": {"free": false, "database": true}}