{"atividade_principal": [{"text": "Transporte escolar", "code": "49.24-8-00"}], "data_situacao": "13/05/2010", "complemento": "APT 301", "nome": "REAL TRANSTUR E TURISMO DE MACAE LTDA", "uf": "RJ", "telefone": "(22) 2762-0754/ (22) 2772-0155", "atividades_secundarias": [{"text": "Aluguel de im\u00f3veis pr\u00f3prios", "code": "68.10-2-02"}, {"text": "Loca\u00e7\u00e3o de autom\u00f3veis sem condutor", "code": "77.11-0-00"}, {"text": "Loca\u00e7\u00e3o de outros meios de transporte n\u00e3o especificados anteriormente, sem condutor", "code": "77.19-5-99"}, {"text": "Outras atividades auxiliares dos transportes terrestres n\u00e3o especificadas anteriormente", "code": "52.29-0-99"}, {"text": "Servi\u00e7o de transporte de passageiros - loca\u00e7\u00e3o de autom\u00f3veis com motorista", "code": "49.23-0-02"}, {"text": "Transporte rodovi\u00e1rio coletivo de passageiros, com itiner\u00e1rio fixo, municipal", "code": "49.21-3-01"}, {"text": "Transporte rodovi\u00e1rio coletivo de passageiros, sob regime de fretamento, municipal", "code": "49.29-9-01"}, {"text": "Transporte rodovi\u00e1rio de carga, exceto produtos perigosos e mudan\u00e7as, intermunicipal, interestadual e internacional", "code": "49.30-2-02"}, {"text": "Transporte rodovi\u00e1rio de carga, exceto produtos perigosos e mudan\u00e7as, municipal", "code": "49.30-2-01"}], "qsa": [{"qual": "22-S\u00f3cio", "nome": "PEDRO BARRETO"}, {"qual": "49-S\u00f3cio-Administrador", "nome": "FELLIPPE VIEIRA CAVALIERE DA CONCEICAO"}], "situacao": "ATIVA", "bairro": "CENTRO", "logradouro": "R DR TELIO BARRETO", "numero": "827", "cep": "27.910-060", "municipio": "MACAE", "porte": "MICRO EMPRESA", "abertura": "13/05/2010", "natureza_juridica": "206-2 - Sociedade Empres\u00e1ria Limitada", "fantasia": "REAL TRANSTUR", "cnpj": "11.940.010/0001-23", "ultima_atualizacao": "2020-02-07T23:57:57.669Z", "status": "OK", "tipo": "MATRIZ", "email": "", "efr": "", "motivo_situacao": "", "situacao_especial": "", "data_situacao_especial": "", "capital_social": "1456566.00", "extra": {}, "billing": {"free": false, "database": true}}