{"atividade_principal": [{"text": "Incorpora\u00e7\u00e3o de empreendimentos imobili\u00e1rios", "code": "41.10-7-00"}], "data_situacao": "19/05/2010", "complemento": "SALA 103 - PARTE", "nome": "TURMALET DE MACAE PARTICIPACOES LTDA.", "uf": "RJ", "telefone": "(21) 3642-1649", "email": "ma4_cts@yahoo.com.br", "atividades_secundarias": [{"text": "Aluguel de im\u00f3veis pr\u00f3prios", "code": "68.10-2-02"}, {"text": "Compra e venda de im\u00f3veis pr\u00f3prios", "code": "68.10-2-01"}], "qsa": [{"qual": "49-S\u00f3cio-Administrador", "nome": "ALESSANDRO AMADEI BESADA"}, {"qual": "22-S\u00f3cio", "nome": "RENATA PIRES ARCHANGELO BESADA"}], "situacao": "ATIVA", "bairro": "VISCONDE DE ARAUJO", "logradouro": "R DARCILIO POSSATI", "numero": "162", "cep": "27.943-110", "municipio": "MACAE", "porte": "DEMAIS", "abertura": "19/05/2010", "natureza_juridica": "206-2 - Sociedade Empres\u00e1ria Limitada", "cnpj": "11.969.068/0001-08", "ultima_atualizacao": "2020-02-07T23:20:40.188Z", "status": "OK", "tipo": "MATRIZ", "fantasia": "", "efr": "", "motivo_situacao": "", "situacao_especial": "", "data_situacao_especial": "", "capital_social": "25000.00", "extra": {}, "billing": {"free": false, "database": true}}