{"atividade_principal": [{"text": "Com\u00e9rcio varejista de materiais de constru\u00e7\u00e3o n\u00e3o especificados anteriormente", "code": "47.44-0-05"}], "data_situacao": "19/05/2010", "nome": "E. V. CAPAVERDE COMERCIO DE MATERIAL DE CONSTRUCAO", "uf": "RJ", "telefone": "(22) 9937-5325/ (22) 2765-4300", "email": "avantmac@gmail.com", "atividades_secundarias": [{"text": "Com\u00e9rcio varejista de artigos de papelaria", "code": "47.61-0-03"}, {"text": "Com\u00e9rcio varejista especializado de equipamentos e suprimentos de inform\u00e1tica", "code": "47.51-2-01"}, {"text": "Com\u00e9rcio atacadista de M\u00e1quinas e equipamentos para uso industrial; partes e pe\u00e7as", "code": "46.63-0-00"}, {"text": "Servi\u00e7os de montagem de m\u00f3veis de qualquer material", "code": "33.29-5-01"}, {"text": "Instala\u00e7\u00e3o de portas, janelas, tetos, divis\u00f3rias e arm\u00e1rios embutidos de qualquer material", "code": "43.30-4-02"}], "qsa": [], "situacao": "ATIVA", "bairro": "AJUDA DE BAIXO", "logradouro": "R AZULAO", "numero": "35", "cep": "27.972-215", "municipio": "MACAE", "porte": "MICRO EMPRESA", "abertura": "19/05/2010", "natureza_juridica": "213-5 - Empres\u00e1rio (Individual)", "fantasia": "AVANT", "cnpj": "12.056.604/0001-39", "ultima_atualizacao": "2020-02-08T03:51:54.123Z", "status": "OK", "tipo": "MATRIZ", "complemento": "", "efr": "", "motivo_situacao": "", "situacao_especial": "", "data_situacao_especial": "", "capital_social": "10000.00", "extra": {}, "billing": {"free": false, "database": true}}