{"atividade_principal": [{"text": "Administra\u00e7\u00e3o de caixas escolares", "code": "85.50-3-01"}], "data_situacao": "05/01/2010", "nome": "CONSELHO ESCOLAR DA ESCOLA MUNICIPAL DE EDUCACAO INFANTIL MAI PROFESSORA MARIA DAS DORES SOUZA TAVARES", "uf": "RJ", "telefone": "(22) 2772-4955/ (22) 2772-2381", "email": "pablo_parga@hotmail.com", "atividades_secundarias": [{"text": "Outras atividades de ensino n\u00e3o especificadas anteriormente", "code": "85.99-6-99"}], "qsa": [{"qual": "16-Presidente", "nome": "LAURA XAVIER DE LIMA"}], "situacao": "ATIVA", "bairro": "AROEIRA", "logradouro": "R GENERAL CRAVEIRO LOPES", "numero": "203", "cep": "27.945-430", "municipio": "MACAE", "porte": "DEMAIS", "abertura": "05/01/2010", "natureza_juridica": "399-9 - Associa\u00e7\u00e3o Privada", "fantasia": "CE EMEIMAIPMDST", "cnpj": "12.058.936/0001-52", "ultima_atualizacao": "2020-02-08T00:31:33.048Z", "status": "OK", "tipo": "MATRIZ", "complemento": "", "efr": "", "motivo_situacao": "", "situacao_especial": "", "data_situacao_especial": "", "capital_social": "0.00", "extra": {}, "billing": {"free": false, "database": true}}