{"atividade_principal": [{"text": "Ag\u00eancias de viagens", "code": "79.11-2-00"}], "data_situacao": "28/05/2010", "nome": "SMART TOUR AGENCIA DE TURISMO EIRELI", "uf": "RJ", "telefone": "(22) 2772-5839", "atividades_secundarias": [{"text": "Operadores tur\u00edsticos", "code": "79.12-1-00"}, {"text": "Servi\u00e7os de reservas e outros servi\u00e7os de turismo n\u00e3o especificados anteriormente", "code": "79.90-2-00"}, {"text": "Servi\u00e7os combinados de escrit\u00f3rio e apoio administrativo", "code": "82.11-3-00"}, {"text": "Servi\u00e7os de organiza\u00e7\u00e3o de feiras, congressos, exposi\u00e7\u00f5es e festas", "code": "82.30-0-01"}, {"text": "Outras atividades de servi\u00e7os prestados principalmente \u00e0s empresas n\u00e3o especificadas anteriormente", "code": "82.99-7-99"}], "qsa": [{"qual": "65-Titular Pessoa F\u00edsica Residente ou Domiciliado no Brasil", "nome": "LEONARDO SILVA DOS SANTOS"}], "situacao": "ATIVA", "bairro": "CENTRO", "logradouro": "R DOUTOR FRANCISCO PORTELA", "numero": "38", "cep": "27.910-200", "municipio": "MACAE", "porte": "EMPRESA DE PEQUENO PORTE", "abertura": "28/05/2010", "natureza_juridica": "230-5 - Empresa Individual de Responsabilidade Limitada (de Natureza Empres\u00e1ria)", "fantasia": "SMART TOUR", "cnpj": "12.201.605/0001-20", "ultima_atualizacao": "2020-02-08T00:14:42.512Z", "status": "OK", "tipo": "MATRIZ", "complemento": "", "email": "", "efr": "", "motivo_situacao": "", "situacao_especial": "", "data_situacao_especial": "", "capital_social": "95000.00", "extra": {}, "billing": {"free": false, "database": true}}