{"atividade_principal": [{"text": "Administra\u00e7\u00e3o de caixas escolares", "code": "85.50-3-01"}], "data_situacao": "30/06/2010", "nome": "CONSELHO ESCOLAR DA ESCOLA MUNICIPAL DE EDUCACAO INFANTIL PROFESSORA ANGELA MARIA FELIX PEREIRA", "uf": "RJ", "telefone": "(22) 2765-3722", "email": "pablo_parga@hotmail.com", "atividades_secundarias": [{"text": "Outras atividades de ensino n\u00e3o especificadas anteriormente", "code": "85.99-6-99"}], "qsa": [{"qual": "16-Presidente", "nome": "JANAINA MORAES MUNIZ CANUTO"}], "situacao": "ATIVA", "bairro": "OLEO", "logradouro": "R GEORGINA LIDUINO", "numero": "2", "cep": "27.985-000", "municipio": "MACAE", "porte": "DEMAIS", "abertura": "30/06/2010", "natureza_juridica": "399-9 - Associa\u00e7\u00e3o Privada", "fantasia": "CEEMEIPAMFP", "cnpj": "12.210.958/0001-96", "ultima_atualizacao": "2020-02-08T00:44:02.975Z", "status": "OK", "tipo": "MATRIZ", "complemento": "", "efr": "", "motivo_situacao": "", "situacao_especial": "", "data_situacao_especial": "", "capital_social": "0.00", "extra": {}, "billing": {"free": false, "database": true}}