{"atividade_principal": [{"text": "Servi\u00e7os de diagn\u00f3stico por registro gr\u00e1fico - ECG, EEG e outros exames an\u00e1logos", "code": "86.40-2-08"}], "data_situacao": "21/07/2010", "nome": "NUCLEO MEDICINA DIAGNOSTICA DE MACAE LTDA", "uf": "RJ", "telefone": "(22) 2759-2051", "email": "luciano@santiliano.com.br", "atividades_secundarias": [{"text": "Atividade m\u00e9dica ambulatorial restrita a consultas", "code": "86.30-5-03"}, {"text": "Laborat\u00f3rios de anatomia patol\u00f3gica e citol\u00f3gica", "code": "86.40-2-01"}], "qsa": [{"qual": "49-S\u00f3cio-Administrador", "nome": "ALEXANDRE QUARESMA SALGADO"}, {"qual": "49-S\u00f3cio-Administrador", "nome": "PAULA NOGUEIRA FUSCALDO SALGADO"}], "situacao": "ATIVA", "bairro": "IMBETIBA", "logradouro": "R VINTE E NOVE DE JULHO", "numero": "26", "cep": "27.913-270", "municipio": "MACAE", "porte": "DEMAIS", "abertura": "21/07/2010", "natureza_juridica": "206-2 - Sociedade Empres\u00e1ria Limitada", "fantasia": "NUCLEO", "cnpj": "12.260.553/0001-62", "ultima_atualizacao": "2020-02-08T01:07:39.811Z", "status": "OK", "tipo": "MATRIZ", "complemento": "", "efr": "", "motivo_situacao": "", "situacao_especial": "", "data_situacao_especial": "", "capital_social": "20000.00", "extra": {}, "billing": {"free": false, "database": true}}