{"atividade_principal": [{"text": "Atividades de fisioterapia", "code": "86.50-0-04"}], "data_situacao": "02/09/2010", "nome": "FISIO SER CLINICA DE REABILITACAO PEDIATRICA LTDA.", "uf": "RJ", "telefone": "(22) 9836-6166", "email": "fisio.ser@hotmail.com", "atividades_secundarias": [{"text": "Atividades de profissionais da \u00e1rea de sa\u00fade n\u00e3o especificadas anteriormente", "code": "86.50-0-99"}, {"text": "Atividades de fonoaudiologia", "code": "86.50-0-06"}, {"text": "Atividades de terapia ocupacional", "code": "86.50-0-05"}], "qsa": [{"qual": "49-S\u00f3cio-Administrador", "nome": "LILIAN DA SILVA ALVARENGA RIBEIRO"}, {"qual": "49-S\u00f3cio-Administrador", "nome": "CLAUDIA DA SILVA MORAES BARBOSA"}, {"qual": "49-S\u00f3cio-Administrador", "nome": "CARINI DA SILVA FARIA"}, {"qual": "49-S\u00f3cio-Administrador", "nome": "ANGELA GOMES BARROS DE MATTOS"}, {"qual": "49-S\u00f3cio-Administrador", "nome": "ANDREA CINTRA RIBEIRO"}], "situacao": "ATIVA", "bairro": "CAVALEIROS", "logradouro": "R BARILOCHE", "numero": "90", "cep": "27.920-160", "municipio": "MACAE", "porte": "EMPRESA DE PEQUENO PORTE", "abertura": "02/09/2010", "natureza_juridica": "206-2 - Sociedade Empres\u00e1ria Limitada", "fantasia": "FISIO SER", "cnpj": "12.591.987/0001-45", "ultima_atualizacao": "2020-02-08T04:38:03.239Z", "status": "OK", "tipo": "MATRIZ", "complemento": "", "efr": "", "motivo_situacao": "", "situacao_especial": "", "data_situacao_especial": "", "capital_social": "10000.00", "extra": {}, "billing": {"free": false, "database": true}}