{"data_situacao": "04/04/2014", "motivo_situacao": "EXTINCAO P/ ENC LIQ VOLUNTARIA", "nome": "CAMILA CAVALCANTE CASTILHO 12337999750", "telefone": "(22) 9929-7154", "email": "ka_kkstilho@yahoo.com.br", "situacao": "BAIXADA", "porte": "MICRO EMPRESA", "abertura": "13/01/2011", "natureza_juridica": "213-5 - Empres\u00e1rio (Individual)", "cnpj": "13.104.176/0001-35", "ultima_atualizacao": "2020-02-08T17:53:23.831Z", "status": "OK", "tipo": "MATRIZ", "fantasia": "", "logradouro": "", "numero": "", "complemento": "", "cep": "", "bairro": "", "municipio": "", "uf": "", "efr": "", "situacao_especial": "", "data_situacao_especial": "", "atividade_principal": [{"code": "00.00-0-00", "text": "********"}], "atividades_secundarias": [{"code": "00.00-0-00", "text": "N\u00e3o informada"}], "capital_social": "0.00", "qsa": [], "extra": {}, "billing": {"free": false, "database": false}}