{"atividade_principal": [{"text": "Com\u00e9rcio varejista de artigos m\u00e9dicos e ortop\u00e9dicos", "code": "47.73-3-00"}], "data_situacao": "25/03/2011", "complemento": "SAL 0820", "nome": "TSI TECNOLOGIA SERVICOS E INOVACAO LTDA", "uf": "RJ", "telefone": "(21) 3256-5890", "email": "axcontabilidade@gmail.com", "atividades_secundarias": [{"text": "Manuten\u00e7\u00e3o e repara\u00e7\u00e3o de aparelhos e instrumentos de medida, teste e controle", "code": "33.12-1-02"}, {"text": "Promo\u00e7\u00e3o de vendas", "code": "73.19-0-02"}, {"text": "Atividades de apoio \u00e0 gest\u00e3o de sa\u00fade", "code": "86.60-7-00"}], "qsa": [{"qual": "49-S\u00f3cio-Administrador", "nome": "RAFAEL DE SOUZA LIMA"}, {"qual": "22-S\u00f3cio", "nome": "MARIA DAS NEVES DE SOUZA LIMA"}], "situacao": "ATIVA", "bairro": "PECHINCHA", "logradouro": "AV GEREMARIO DANTAS", "numero": "00807", "cep": "22.743-011", "municipio": "RIO DE JANEIRO", "porte": "MICRO EMPRESA", "abertura": "25/03/2011", "natureza_juridica": "206-2 - Sociedade Empres\u00e1ria Limitada", "fantasia": "TSI TECNOLOGIA", "cnpj": "13.420.659/0001-49", "ultima_atualizacao": "2020-02-08T17:57:23.635Z", "status": "OK", "tipo": "MATRIZ", "efr": "", "motivo_situacao": "", "situacao_especial": "", "data_situacao_especial": "", "capital_social": "100000.00", "extra": {}, "billing": {"free": false, "database": false}}