{"atividade_principal": [{"text": "Atividades de fisioterapia", "code": "86.50-0-04"}], "data_situacao": "10/02/2011", "complemento": "ALTOS", "nome": "INTENSIVE - REABILITACAO METODO THERASUIT LTDA.", "uf": "RJ", "telefone": "(22) 2724-2156/ (22) 2724-0883", "email": "carlmata60@yahoo.com.br", "atividades_secundarias": [{"text": "Atividades de profissionais da nutri\u00e7\u00e3o", "code": "86.50-0-02"}, {"text": "Atividades de psicologia e psican\u00e1lise", "code": "86.50-0-03"}, {"text": "Atividades de terapia ocupacional", "code": "86.50-0-05"}, {"text": "Atividades de fonoaudiologia", "code": "86.50-0-06"}], "qsa": [{"qual": "49-S\u00f3cio-Administrador", "nome": "PAULA CHRISTINA MOTA CARNEIRO MANHAES"}, {"qual": "49-S\u00f3cio-Administrador", "nome": "KELLY CRISTINA RANGEL DA SILVA"}], "situacao": "ATIVA", "bairro": "CENTRO", "logradouro": "AV DOUTOR NILO PECANHA", "numero": "30", "cep": "28.030-035", "municipio": "CAMPOS DOS GOYTACAZES", "porte": "MICRO EMPRESA", "abertura": "10/02/2011", "natureza_juridica": "224-0 - Sociedade Simples Limitada", "cnpj": "13.427.443/0001-05", "ultima_atualizacao": "2020-02-08T17:58:22.038Z", "status": "OK", "tipo": "MATRIZ", "fantasia": "", "efr": "", "motivo_situacao": "", "situacao_especial": "", "data_situacao_especial": "", "capital_social": "100000.00", "extra": {}, "billing": {"free": false, "database": false}}