{"atividade_principal": [{"text": "Edi\u00e7\u00e3o de cadastros, listas e de outros produtos gr\u00e1ficos", "code": "58.19-1-00"}], "data_situacao": "13/04/2011", "nome": "SINALARTE COMERCIO E SERVICOS LTDA", "uf": "RJ", "telefone": "(22) 2762-3575", "email": "escritorioezanegarcia@hotmail.com", "atividades_secundarias": [{"text": "Com\u00e9rcio varejista de artigos de papelaria", "code": "47.61-0-03"}], "qsa": [{"qual": "49-S\u00f3cio-Administrador", "nome": "MIGUEL ANGELO DA SILVA SANTOS NETO"}, {"qual": "49-S\u00f3cio-Administrador", "nome": "FABIOLA FITARONI DA SILVA SANTOS"}], "situacao": "ATIVA", "bairro": "CENTRO", "logradouro": "R ALFREDO BACKER", "numero": "525", "cep": "27.910-190", "municipio": "MACAE", "porte": "EMPRESA DE PEQUENO PORTE", "abertura": "13/04/2011", "natureza_juridica": "206-2 - Sociedade Empres\u00e1ria Limitada", "fantasia": "SINALARTE", "cnpj": "13.604.557/0001-83", "ultima_atualizacao": "2020-02-08T00:23:20.310Z", "status": "OK", "tipo": "MATRIZ", "complemento": "", "efr": "", "motivo_situacao": "", "situacao_especial": "", "data_situacao_especial": "", "capital_social": "50000.00", "extra": {}, "billing": {"free": false, "database": true}}