{"atividade_principal": [{"text": "Desenvolvimento de programas de computador sob encomenda", "code": "62.01-5-01"}], "data_situacao": "09/05/2011", "nome": "DELALIBERA DESENVOLVIMENTO DE SOFTWARE LTDA.", "uf": "SP", "telefone": "(17) 3422-8877", "email": "escritorioasap@gmail.com", "atividades_secundarias": [{"text": "Desenvolvimento e licenciamento de programas de computador customiz\u00e1veis", "code": "62.02-3-00"}, {"text": "Suporte t\u00e9cnico, manuten\u00e7\u00e3o e outros servi\u00e7os em tecnologia da informa\u00e7\u00e3o", "code": "62.09-1-00"}, {"text": "Servi\u00e7os de pr\u00e9-impress\u00e3o", "code": "18.21-1-00"}, {"text": "Com\u00e9rcio varejista especializado de equipamentos e suprimentos de inform\u00e1tica", "code": "47.51-2-01"}], "qsa": [{"qual": "22-S\u00f3cio", "nome": "THIAGO RUVIERI DELALIBERA"}, {"qual": "49-S\u00f3cio-Administrador", "nome": "LUCAS RUVIERI DELALIBERA"}], "situacao": "ATIVA", "bairro": "VILA PAES", "logradouro": "AV ANTONIO AUGUSTO PAES", "numero": "4165", "cep": "15.500-112", "municipio": "VOTUPORANGA", "porte": "MICRO EMPRESA", "abertura": "09/05/2011", "natureza_juridica": "206-2 - Sociedade Empres\u00e1ria Limitada", "cnpj": "13.637.835/0001-07", "ultima_atualizacao": "2020-02-08T16:54:57.301Z", "status": "OK", "tipo": "MATRIZ", "fantasia": "", "complemento": "", "efr": "", "motivo_situacao": "", "situacao_especial": "", "data_situacao_especial": "", "capital_social": "20000.00", "extra": {}, "billing": {"free": false, "database": false}}