{"data_situacao": "26/06/2017", "motivo_situacao": "EXTINCAO P/ ENC LIQ VOLUNTARIA", "nome": "BJ DO BRASIL COMERCIO DE PRODUTOS DE TECNOLOGIA LTDA EPP", "telefone": "(48) 3012-5998", "email": "anilson.araujo@shopmegamicro.com.br", "situacao": "BAIXADA", "porte": "EMPRESA DE PEQUENO PORTE", "abertura": "02/08/2016", "natureza_juridica": "206-2 - Sociedade Empres\u00e1ria Limitada", "fantasia": "SHOP MEGAMICRO", "cnpj": "13.691.879/0002-98", "ultima_atualizacao": "2020-02-08T00:29:40.382Z", "status": "OK", "tipo": "FILIAL", "logradouro": "", "numero": "", "complemento": "", "cep": "", "bairro": "", "municipio": "", "uf": "", "efr": "", "situacao_especial": "", "data_situacao_especial": "", "atividade_principal": [{"code": "00.00-0-00", "text": "********"}], "atividades_secundarias": [{"code": "00.00-0-00", "text": "N\u00e3o informada"}], "capital_social": "0.00", "qsa": [], "extra": {}, "billing": {"free": false, "database": true}}