{"atividade_principal": [{"text": "Com\u00e9rcio varejista de mercadorias em geral, com predomin\u00e2ncia de produtos aliment\u00edcios - hipermercados", "code": "47.11-3-01"}], "data_situacao": "03/06/2011", "nome": "ALTERNATIVA COMERCIO E SERVICOS LTDA", "uf": "RJ", "telefone": "(22) 2778-1717/ (22) 2778-4400", "email": "tboliveira20@hotmail.com", "atividades_secundarias": [{"text": "Com\u00e9rcio atacadista de produtos aliment\u00edcios em geral", "code": "46.39-7-01"}], "qsa": [{"qual": "49-S\u00f3cio-Administrador", "nome": "PAULO ROBERTO CARNEIRO JUNIOR"}, {"qual": "49-S\u00f3cio-Administrador", "nome": "CONCEICAO GOMES LIMA"}], "situacao": "ATIVA", "bairro": "CENTRO", "logradouro": "R EVARISTO BOUCINHA", "numero": "95", "cep": "28.860-000", "municipio": "CASIMIRO DE ABREU", "porte": "MICRO EMPRESA", "abertura": "03/06/2011", "natureza_juridica": "206-2 - Sociedade Empres\u00e1ria Limitada", "cnpj": "13.791.068/0001-88", "ultima_atualizacao": "2020-02-08T00:26:19.779Z", "status": "OK", "tipo": "MATRIZ", "fantasia": "", "complemento": "", "efr": "", "motivo_situacao": "", "situacao_especial": "", "data_situacao_especial": "", "capital_social": "1200000.00", "extra": {}, "billing": {"free": false, "database": true}}