{"atividade_principal": [{"text": "Edi\u00e7\u00e3o de livros", "code": "58.11-5-00"}], "data_situacao": "27/05/2011", "nome": "COESMA COMERCIO E SERVICOS PARA O TRANSITO E MEIO AMBIENTE LTDA", "uf": "SP", "telefone": "(14) 3417-5255", "email": "edu@coesma.com.br", "atividades_secundarias": [{"text": "Outras atividades auxiliares dos transportes terrestres n\u00e3o especificadas anteriormente", "code": "52.29-0-99"}, {"text": "Desenvolvimento de programas de computador sob encomenda", "code": "62.01-5-01"}, {"text": "Treinamento em desenvolvimento profissional e gerencial", "code": "85.99-6-04"}, {"text": "Prepara\u00e7\u00e3o de documentos e servi\u00e7os especializados de apoio administrativo n\u00e3o especificados anteriormente", "code": "82.19-9-99"}], "qsa": [{"qual": "49-S\u00f3cio-Administrador", "nome": "EDUARDO MARQUES DE ALMEIDA JUNIOR"}, {"qual": "22-S\u00f3cio", "nome": "STELLA MARIA OLIVEIRA ALMEIDA"}], "situacao": "ATIVA", "bairro": "JARDIM APARECIDA NASSER", "logradouro": "R EGIDIO ELIAS MIGUEL", "numero": "136", "cep": "17.524-450", "municipio": "MARILIA", "porte": "MICRO EMPRESA", "abertura": "27/05/2011", "natureza_juridica": "206-2 - Sociedade Empres\u00e1ria Limitada", "cnpj": "13.815.624/0001-09", "ultima_atualizacao": "2020-02-08T17:35:24.426Z", "status": "OK", "tipo": "MATRIZ", "fantasia": "", "complemento": "", "efr": "", "motivo_situacao": "", "situacao_especial": "", "data_situacao_especial": "", "capital_social": "360000.00", "extra": {}, "billing": {"free": false, "database": false}}