{"atividade_principal": [{"text": "Instala\u00e7\u00e3o e manuten\u00e7\u00e3o de sistemas centrais de ar condicionado, de ventila\u00e7\u00e3o e refrigera\u00e7\u00e3o", "code": "43.22-3-02"}], "data_situacao": "23/08/2011", "complemento": "QUADRA070 LOTE 011 LOJA 02", "nome": "L. F. F. AFONSO REFRIGERACAO", "uf": "RJ", "telefone": "(22) 2764-3770", "email": "rr_contabil@yahoo.com.br", "atividades_secundarias": [{"text": "Com\u00e9rcio varejista especializado de eletrodom\u00e9sticos e equipamentos de \u00e1udio e v\u00eddeo", "code": "47.53-9-00"}, {"text": "Repara\u00e7\u00e3o e manuten\u00e7\u00e3o de equipamentos eletroeletr\u00f4nicos de uso pessoal e dom\u00e9stico", "code": "95.21-5-00"}], "qsa": [], "situacao": "ATIVA", "bairro": "ENSEADA DAS GAIVOTAS", "logradouro": "AV DOS BANDEIRANTES", "numero": "800", "cep": "28.897-188", "municipio": "RIO DAS OSTRAS", "porte": "MICRO EMPRESA", "abertura": "23/08/2011", "natureza_juridica": "213-5 - Empres\u00e1rio (Individual)", "fantasia": "L. F. AFONSO REFRIGERACAO", "cnpj": "14.180.634/0001-88", "ultima_atualizacao": "2020-02-08T17:36:56.023Z", "status": "OK", "tipo": "MATRIZ", "efr": "", "motivo_situacao": "", "situacao_especial": "", "data_situacao_especial": "", "capital_social": "99000.00", "extra": {}, "billing": {"free": false, "database": false}}