{"atividade_principal": [{"text": "Constru\u00e7\u00e3o de redes de abastecimento de \u00e1gua, coleta de esgoto e constru\u00e7\u00f5es correlatas, exceto obras de irriga\u00e7\u00e3o", "code": "42.22-7-01"}], "data_situacao": "28/09/2011", "nome": "CONSORCIO M.ALVES / RDR", "uf": "RJ", "telefone": "(55) 5555-5555/ (55) 5555-5555", "atividades_secundarias": [{"text": "Constru\u00e7\u00e3o de edif\u00edcios", "code": "41.20-4-00"}], "qsa": [{"qual": "20-Sociedade Consorciada", "nome": "CONSTRUTORA M. ALVES LTDA"}, {"qual": "20-Sociedade Consorciada", "nome": "RDR ENGENHARIA E EMPREENDIMENTOS S.A."}, {"qual": "05-Administrador", "nome": "MANOEL ALVES PEREIRA"}], "situacao": "ATIVA", "bairro": "JARDIM MARILEIA", "logradouro": "R SAO FIDELIS", "numero": "152", "cep": "28.890-001", "municipio": "RIO DAS OSTRAS", "porte": "DEMAIS", "abertura": "28/09/2011", "natureza_juridica": "215-1 - Cons\u00f3rcio de Sociedades", "cnpj": "14.374.149/0001-45", "ultima_atualizacao": "2020-02-08T00:29:54.538Z", "status": "OK", "tipo": "MATRIZ", "fantasia": "", "complemento": "", "email": "", "efr": "", "motivo_situacao": "", "situacao_especial": "", "data_situacao_especial": "", "capital_social": "0.00", "extra": {}, "billing": {"free": false, "database": true}}