{"atividade_principal": [{"text": "Com\u00e9rcio varejista especializado de equipamentos de telefonia e comunica\u00e7\u00e3o", "code": "47.52-1-00"}], "data_situacao": "17/11/2011", "complemento": "APT 204", "nome": "BJ LIMA SISTEMAS ELETRONICOS LTDA", "uf": "RJ", "telefone": "(21) 2625-7222", "email": "wgaichi@yahoo.com.br", "atividades_secundarias": [{"text": "Com\u00e9rcio varejista especializado de eletrodom\u00e9sticos e equipamentos de \u00e1udio e v\u00eddeo", "code": "47.53-9-00"}, {"text": "Com\u00e9rcio varejista de outros produtos n\u00e3o especificados anteriormente", "code": "47.89-0-99"}], "qsa": [{"qual": "22-S\u00f3cio", "nome": "BIANCA DE JESUS LIMA"}, {"qual": "49-S\u00f3cio-Administrador", "nome": "EDUARDO DIAS OLIVEIRA"}], "situacao": "ATIVA", "bairro": "FONSECA", "logradouro": "R SAO JOSE", "numero": "244", "cep": "24.120-325", "municipio": "NITEROI", "porte": "MICRO EMPRESA", "abertura": "17/11/2011", "natureza_juridica": "206-2 - Sociedade Empres\u00e1ria Limitada", "fantasia": "MACAE SISTEMAS ELETRONICOS", "cnpj": "14.634.726/0001-90", "ultima_atualizacao": "2020-02-07T22:55:22.773Z", "status": "OK", "tipo": "MATRIZ", "efr": "", "motivo_situacao": "", "situacao_especial": "", "data_situacao_especial": "", "capital_social": "30000.00", "extra": {}, "billing": {"free": false, "database": true}}