{"atividade_principal": [{"text": "Aluguel de palcos, coberturas e outras estruturas de uso tempor\u00e1rio, exceto andaimes", "code": "77.39-0-03"}], "data_situacao": "04/01/2012", "nome": "M. M. C. FEIJO - COMERCIO LOCACAO E SERVICOS LTDA", "uf": "RJ", "telefone": "(22) 2561-1512", "atividades_secundarias": [{"text": "Aluguel de andaimes", "code": "77.32-2-02"}, {"text": "Aluguel de m\u00e1quinas e equipamentos para constru\u00e7\u00e3o sem operador, exceto andaimes", "code": "77.32-2-01"}, {"text": "Artes c\u00eanicas, espet\u00e1culos e atividades complementares n\u00e3o especificadas anteriormente", "code": "90.01-9-99"}, {"text": "Atividades de sonoriza\u00e7\u00e3o e de ilumina\u00e7\u00e3o", "code": "90.01-9-06"}, {"text": "Com\u00e9rcio atacadista de artigos de escrit\u00f3rio e de papelaria", "code": "46.47-8-01"}, {"text": "Com\u00e9rcio atacadista de componentes eletr\u00f4nicos e equipamentos de telefonia e comunica\u00e7\u00e3o", "code": "46.52-4-00"}, {"text": "Com\u00e9rcio atacadista de equipamentos de inform\u00e1tica", "code": "46.51-6-01"}, {"text": "Com\u00e9rcio atacadista de equipamentos el\u00e9tricos de uso pessoal e dom\u00e9stico", "code": "46.49-4-01"}, {"text": "Com\u00e9rcio atacadista de ferragens e ferramentas", "code": "46.72-9-00"}, {"text": "Com\u00e9rcio atacadista de materiais de constru\u00e7\u00e3o em geral", "code": "46.79-6-99"}, {"text": "Loca\u00e7\u00e3o de autom\u00f3veis sem condutor", "code": "77.11-0-00"}, {"text": "Produ\u00e7\u00e3o de espet\u00e1culos de rodeios, vaquejadas e similares", "code": "90.01-9-05"}, {"text": "Produ\u00e7\u00e3o musical", "code": "90.01-9-02"}, {"text": "Servi\u00e7os de alimenta\u00e7\u00e3o para eventos e recep\u00e7\u00f5es - buf\u00ea", "code": "56.20-1-02"}, {"text": "Servi\u00e7os de organiza\u00e7\u00e3o de feiras, congressos, exposi\u00e7\u00f5es e festas", "code": "82.30-0-01"}, {"text": "Transporte escolar", "code": "49.24-8-00"}, {"text": "Transporte rodovi\u00e1rio de carga, exceto produtos perigosos e mudan\u00e7as, municipal.", "code": "49.30-2-01"}], "qsa": [{"qual": "49-S\u00f3cio-Administrador", "nome": "MAIKEL MAURITY DA SILVA FEIJO"}, {"qual": "22-S\u00f3cio", "nome": "IZABELA DA ROCHA GONCALVES"}], "situacao": "ATIVA", "bairro": "PARQUE ITAPORANGA", "logradouro": "R DR MANOEL VERBICARIO", "numero": "09", "cep": "28.770-000", "municipio": "SANTA MARIA MADALENA", "porte": "MICRO EMPRESA", "abertura": "04/01/2012", "natureza_juridica": "206-2 - Sociedade Empres\u00e1ria Limitada", "cnpj": "14.827.049/0001-27", "ultima_atualizacao": "2020-02-08T17:40:37.994Z", "status": "OK", "tipo": "MATRIZ", "fantasia": "", "complemento": "", "email": "", "efr": "", "motivo_situacao": "", "situacao_especial": "", "data_situacao_especial": "", "capital_social": "100000.00", "extra": {}, "billing": {"free": false, "database": false}}