{"data_situacao": "29/03/2019", "motivo_situacao": "OMISSAO DE DECLARACOES", "nome": "F. M. C. DOMINGUES COMERCIO DE EQUIPAMENTOS", "telefone": "(22) 2771-0614", "email": "ricardo@riotributario.com.br", "qsa": [], "situacao": "INAPTA", "porte": "MICRO EMPRESA", "abertura": "08/02/2012", "natureza_juridica": "213-5 - Empres\u00e1rio (Individual)", "fantasia": "ODONTO MEDICA", "cnpj": "15.221.488/0001-54", "ultima_atualizacao": "2020-02-08T17:50:10.282Z", "status": "OK", "tipo": "MATRIZ", "logradouro": "", "numero": "", "complemento": "", "cep": "", "bairro": "", "municipio": "", "uf": "", "efr": "", "situacao_especial": "", "data_situacao_especial": "", "atividade_principal": [{"code": "00.00-0-00", "text": "********"}], "atividades_secundarias": [{"code": "00.00-0-00", "text": "N\u00e3o informada"}], "capital_social": "40000.00", "extra": {}, "billing": {"free": false, "database": false}}