{"atividade_principal": [{"text": "Produ\u00e7\u00e3o musical", "code": "90.01-9-02"}], "data_situacao": "04/04/2012", "complemento": "TERREOA", "nome": "JACKSON SANTOS SILVA PRODUCOES", "uf": "BA", "telefone": "(73) 3281-1589", "email": "matrixprodutora@hotmail.com", "atividades_secundarias": [{"text": "Servi\u00e7o de poda de \u00e1rvores para lavouras", "code": "01.61-0-02"}, {"text": "Distribui\u00e7\u00e3o de \u00e1gua por caminh\u00f5es", "code": "36.00-6-02"}, {"text": "Atividades relacionadas a esgoto, exceto a gest\u00e3o de redes", "code": "37.02-9-00"}, {"text": "Coleta de res\u00edduos n\u00e3o-perigosos", "code": "38.11-4-00"}, {"text": "Coleta de res\u00edduos perigosos", "code": "38.12-2-00"}, {"text": "Constru\u00e7\u00e3o de edif\u00edcios", "code": "41.20-4-00"}, {"text": "Obras de urbaniza\u00e7\u00e3o - ruas, pra\u00e7as e cal\u00e7adas", "code": "42.13-8-00"}, {"text": "Manuten\u00e7\u00e3o de redes de distribui\u00e7\u00e3o de energia el\u00e9trica", "code": "42.21-9-03"}, {"text": "Manuten\u00e7\u00e3o de esta\u00e7\u00f5es e redes de telecomunica\u00e7\u00f5es", "code": "42.21-9-05"}, {"text": "Prepara\u00e7\u00e3o de canteiro e limpeza de terreno", "code": "43.11-8-02"}, {"text": "Obras de terraplenagem", "code": "43.13-4-00"}, {"text": "Servi\u00e7os de prepara\u00e7\u00e3o do terreno n\u00e3o especificados anteriormente", "code": "43.19-3-00"}, {"text": "Instala\u00e7\u00e3o e manuten\u00e7\u00e3o de sistemas centrais de ar condicionado, de ventila\u00e7\u00e3o e refrigera\u00e7\u00e3o", "code": "43.22-3-02"}, {"text": "Instala\u00e7\u00f5es de sistema de preven\u00e7\u00e3o contra inc\u00eandio", "code": "43.22-3-03"}, {"text": "Instala\u00e7\u00e3o de pain\u00e9is publicit\u00e1rios", "code": "43.29-1-01"}, {"text": "Montagem e instala\u00e7\u00e3o de sistemas e equipamentos de ilumina\u00e7\u00e3o e sinaliza\u00e7\u00e3o em vias p\u00fablicas, portos e aeroportos", "code": "43.29-1-04"}, {"text": "Instala\u00e7\u00e3o de portas, janelas, tetos, divis\u00f3rias e arm\u00e1rios embutidos de qualquer material", "code": "43.30-4-02"}, {"text": "Servi\u00e7os de pintura de edif\u00edcios em geral", "code": "43.30-4-04"}, {"text": "Montagem e desmontagem de andaimes e outras estruturas tempor\u00e1rias", "code": "43.99-1-02"}, {"text": "Agenciamento de espa\u00e7os para publicidade, exceto em ve\u00edculos de comunica\u00e7\u00e3o", "code": "73.12-2-00"}, {"text": "Cria\u00e7\u00e3o de estandes para feiras e exposi\u00e7\u00f5es", "code": "73.19-0-01"}, {"text": "Outras atividades de publicidade n\u00e3o especificadas anteriormente", "code": "73.19-0-99"}, {"text": "Filmagem de festas e eventos", "code": "74.20-0-04"}, {"text": "Agenciamento de profissionais para atividades esportivas, culturais e art\u00edsticas", "code": "74.90-1-05"}, {"text": "Loca\u00e7\u00e3o de autom\u00f3veis sem condutor", "code": "77.11-0-00"}, {"text": "Aluguel de m\u00e1quinas e equipamentos agr\u00edcolas sem operador", "code": "77.31-4-00"}, {"text": "Aluguel de m\u00e1quinas e equipamentos para constru\u00e7\u00e3o sem operador, exceto andaimes", "code": "77.32-2-01"}, {"text": "Aluguel de palcos, coberturas e outras estruturas de uso tempor\u00e1rio, exceto andaimes", "code": "77.39-0-03"}, {"text": "Aluguel de outras m\u00e1quinas e equipamentos comerciais e industriais n\u00e3o especificados anteriormente, sem operador", "code": "77.39-0-99"}, {"text": "Atividades de monitoramento de sistemas de seguran\u00e7a eletr\u00f4nico", "code": "80.20-0-01"}, {"text": "Atividades de limpeza n\u00e3o especificadas anteriormente", "code": "81.29-0-00"}, {"text": "Atividades paisag\u00edsticas", "code": "81.30-3-00"}, {"text": "Servi\u00e7os combinados de escrit\u00f3rio e apoio administrativo", "code": "82.11-3-00"}, {"text": "Prepara\u00e7\u00e3o de documentos e servi\u00e7os especializados de apoio administrativo n\u00e3o especificados anteriormente", "code": "82.19-9-99"}, {"text": "Servi\u00e7os de organiza\u00e7\u00e3o de feiras, congressos, exposi\u00e7\u00f5es e festas", "code": "82.30-0-01"}, {"text": "Produ\u00e7\u00e3o de espet\u00e1culos de rodeios, vaquejadas e similares", "code": "90.01-9-05"}, {"text": "Atividades de sonoriza\u00e7\u00e3o e de ilumina\u00e7\u00e3o", "code": "90.01-9-06"}, {"text": "Artes c\u00eanicas, espet\u00e1culos e atividades complementares n\u00e3o especificadas anteriormente", "code": "90.01-9-99"}, {"text": "Produ\u00e7\u00e3o e promo\u00e7\u00e3o de eventos esportivos", "code": "93.19-1-01"}, {"text": "Outras atividades de recrea\u00e7\u00e3o e lazer n\u00e3o especificadas anteriormente", "code": "93.29-8-99"}, {"text": "Outras atividades de servi\u00e7os pessoais n\u00e3o especificadas anteriormente", "code": "96.09-2-99"}], "qsa": [], "situacao": "ATIVA", "bairro": "SANTA LUCIA", "logradouro": "R SAO LOURENCO", "numero": "239", "cep": "45.822-231", "municipio": "EUNAPOLIS", "porte": "MICRO EMPRESA", "abertura": "04/04/2012", "natureza_juridica": "213-5 - Empres\u00e1rio (Individual)", "fantasia": "MATRIX PRODUTORA", "cnpj": "15.324.253/0001-98", "ultima_atualizacao": "2020-02-08T17:08:19.124Z", "status": "OK", "tipo": "MATRIZ", "efr": "", "motivo_situacao": "", "situacao_especial": "", "data_situacao_especial": "", "capital_social": "150000.00", "extra": {}, "billing": {"free": false, "database": false}}