{"atividade_principal": [{"text": "Servi\u00e7os de diagn\u00f3stico por imagem com uso de radia\u00e7\u00e3o ionizante, exceto tomografia", "code": "86.40-2-05"}], "data_situacao": "28/03/2012", "complemento": "BLOCO: 2 SALAS 140 E 141;", "nome": "IMAGEM INTEGRADA - SERVICOS MEDICOS LTDA.", "uf": "RJ", "telefone": "(21) 2288-9123", "atividades_secundarias": [{"text": "Servi\u00e7os de diagn\u00f3stico por imagem sem uso de radia\u00e7\u00e3o ionizante, exceto resson\u00e2ncia magn\u00e9tica", "code": "86.40-2-07"}], "qsa": [{"qual": "49-S\u00f3cio-Administrador", "nome": "GABRIELA MARTINS"}, {"qual": "22-S\u00f3cio", "nome": "LUCIA MARIA MARTINS E MARTINS"}], "situacao": "ATIVA", "bairro": "BARRA DA TIJUCA", "logradouro": "AV ARMANDO LOMBARDI", "numero": "1000", "cep": "22.640-000", "municipio": "RIO DE JANEIRO", "porte": "DEMAIS", "abertura": "28/03/2012", "natureza_juridica": "224-0 - Sociedade Simples Limitada", "cnpj": "15.385.382/0001-96", "ultima_atualizacao": "2020-02-08T17:23:43.127Z", "status": "OK", "tipo": "MATRIZ", "fantasia": "", "email": "", "efr": "", "motivo_situacao": "", "situacao_especial": "", "data_situacao_especial": "", "capital_social": "700000.00", "extra": {}, "billing": {"free": false, "database": false}}