{"atividade_principal": [{"text": "Com\u00e9rcio atacadista de artigos de escrit\u00f3rio e de papelaria", "code": "46.47-8-01"}], "data_situacao": "16/04/2012", "nome": "COMERCIAL REYS PAPELARIA E INFORMATICA EIRELI", "uf": "RJ", "telefone": "(21) 2605-2091/ (21) 2607-0359", "atividades_secundarias": [{"text": "Com\u00e9rcio atacadista de artigos de armarinho", "code": "46.41-9-03"}, {"text": "Fabrica\u00e7\u00e3o de papel", "code": "17.21-4-00"}, {"text": "Com\u00e9rcio atacadista de artigos do vestu\u00e1rio e acess\u00f3rios, exceto profissionais e de seguran\u00e7a", "code": "46.42-7-01"}, {"text": "Com\u00e9rcio atacadista de bolsas, malas e artigos de viagem", "code": "46.43-5-02"}, {"text": "Com\u00e9rcio atacadista de cal\u00e7ados", "code": "46.43-5-01"}, {"text": "Com\u00e9rcio atacadista de componentes eletr\u00f4nicos e equipamentos de telefonia e comunica\u00e7\u00e3o", "code": "46.52-4-00"}, {"text": "Com\u00e9rcio atacadista de cosm\u00e9ticos e produtos de perfumaria", "code": "46.46-0-01"}, {"text": "Com\u00e9rcio atacadista de embalagens", "code": "46.86-9-02"}, {"text": "Com\u00e9rcio atacadista de equipamentos el\u00e9tricos de uso pessoal e dom\u00e9stico", "code": "46.49-4-01"}, {"text": "Com\u00e9rcio atacadista de lustres, lumin\u00e1rias e abajures", "code": "46.49-4-06"}, {"text": "Com\u00e9rcio atacadista de m\u00e1quinas e equipamentos para uso comercial; partes e pe\u00e7as", "code": "46.65-6-00"}, {"text": "Com\u00e9rcio atacadista de outras m\u00e1quinas e equipamentos n\u00e3o especificados anteriormente; partes e pe\u00e7as", "code": "46.69-9-99"}, {"text": "Com\u00e9rcio atacadista de outros equipamentos e artigos de uso pessoal e dom\u00e9stico n\u00e3o especificados anteriormente", "code": "46.49-4-99"}, {"text": "Com\u00e9rcio atacadista de produtos de higiene, limpeza e conserva\u00e7\u00e3o domiciliar", "code": "46.49-4-08"}, {"text": "Com\u00e9rcio atacadista de roupas e acess\u00f3rios para uso profissional e de seguran\u00e7a do trabalho", "code": "46.42-7-02"}, {"text": "Com\u00e9rcio atacadista de suprimentos para inform\u00e1tica", "code": "46.51-6-02"}, {"text": "Com\u00e9rcio atacadista de tecidos", "code": "46.41-9-01"}, {"text": "Com\u00e9rcio atacadista especializado em outros produtos intermedi\u00e1rios n\u00e3o especificados anteriormente", "code": "46.89-3-99"}, {"text": "Com\u00e9rcio varejista de artigos de papelaria", "code": "47.61-0-03"}, {"text": "Servi\u00e7os de acabamentos gr\u00e1ficos, exceto encaderna\u00e7\u00e3o e plastifica\u00e7\u00e3o", "code": "18.22-9-99"}], "qsa": [{"qual": "65-Titular Pessoa F\u00edsica Residente ou Domiciliado no Brasil", "nome": "LEDA DE OLIVEIRA CARDOSO"}], "situacao": "ATIVA", "bairro": "MIRIAMBI", "logradouro": "R JOAQUIM TORRES", "numero": "361", "cep": "24.731-130", "municipio": "SAO GONCALO", "porte": "EMPRESA DE PEQUENO PORTE", "abertura": "16/04/2012", "natureza_juridica": "230-5 - Empresa Individual de Responsabilidade Limitada (de Natureza Empres\u00e1ria)", "fantasia": "COMERCIAL REYS PAPELARIA E INFORMATICA", "cnpj": "15.436.327/0001-88", "ultima_atualizacao": "2020-02-08T00:06:13.303Z", "status": "OK", "tipo": "MATRIZ", "complemento": "", "email": "", "efr": "", "motivo_situacao": "", "situacao_especial": "", "data_situacao_especial": "", "capital_social": "350000.00", "extra": {}, "billing": {"free": false, "database": true}}