{"atividade_principal": [{"text": "Manuten\u00e7\u00e3o e repara\u00e7\u00e3o de m\u00e1quinas e aparelhos de refrigera\u00e7\u00e3o e ventila\u00e7\u00e3o para uso industrial e comercial", "code": "33.14-7-07"}], "data_situacao": "26/04/2012", "nome": "P R DUARTE SERVICO DE REFRIGERACAO", "uf": "RJ", "telefone": "(22) 2736-0066", "qsa": [], "situacao": "ATIVA", "bairro": "JARDIM CARIOCA", "logradouro": "AV PEDRO BARROSO", "numero": "20", "cep": "28.080-600", "municipio": "CAMPOS DOS GOYTACAZES", "porte": "MICRO EMPRESA", "abertura": "26/04/2012", "natureza_juridica": "213-5 - Empres\u00e1rio (Individual)", "cnpj": "15.472.118/0001-90", "ultima_atualizacao": "2020-02-08T03:45:36.734Z", "status": "OK", "tipo": "MATRIZ", "fantasia": "", "complemento": "", "email": "", "efr": "", "motivo_situacao": "", "situacao_especial": "", "data_situacao_especial": "", "atividades_secundarias": [{"code": "00.00-0-00", "text": "N\u00e3o informada"}], "capital_social": "50000.00", "extra": {}, "billing": {"free": false, "database": true}}