{"atividade_principal": [{"text": "Com\u00e9rcio a varejo de pe\u00e7as e acess\u00f3rios novos para ve\u00edculos automotores", "code": "45.30-7-03"}], "data_situacao": "15/05/2012", "nome": "S V AR COMERCIO E SERVICOS AUTOMOTIVOS LTDA", "uf": "RJ", "telefone": "(22) 2793-2266", "atividades_secundarias": [{"text": "Servi\u00e7os de instala\u00e7\u00e3o, manuten\u00e7\u00e3o e repara\u00e7\u00e3o de acess\u00f3rios para ve\u00edculos automotores", "code": "45.20-0-07"}], "qsa": [{"qual": "22-S\u00f3cio", "nome": "SEVERINO COSTA DO NASCIMENTO"}, {"qual": "49-S\u00f3cio-Administrador", "nome": "JOELMA NERIS DE MESQUITA DO NASCIMENTO"}], "situacao": "ATIVA", "bairro": "RIVIERA FLUMINENSE", "logradouro": "AV EVALDO COSTA", "numero": "646", "cep": "27.940-410", "municipio": "MACAE", "porte": "MICRO EMPRESA", "abertura": "15/05/2012", "natureza_juridica": "206-2 - Sociedade Empres\u00e1ria Limitada", "fantasia": "S V AR CONDICIONADO", "cnpj": "15.528.710/0001-66", "ultima_atualizacao": "2020-02-08T00:22:36.571Z", "status": "OK", "tipo": "MATRIZ", "complemento": "", "email": "", "efr": "", "motivo_situacao": "", "situacao_especial": "", "data_situacao_especial": "", "capital_social": "70000.00", "extra": {}, "billing": {"free": false, "database": true}}