{"atividade_principal": [{"text": "Fabrica\u00e7\u00e3o de m\u00f3veis de outros materiais, exceto madeira e metal", "code": "31.03-9-00"}], "data_situacao": "22/05/2012", "nome": "LUZIMAR PEREIRA VALENTE 07910138717", "uf": "RJ", "telefone": "(22) 2762-9234", "email": "valente.99@hotmail.com", "qsa": [], "situacao": "ATIVA", "bairro": "VISCONDE DE ARAUJO", "logradouro": "R PREFEITO LOBO JUNIOR", "numero": "86", "cep": "27.936-110", "municipio": "MACAE", "porte": "MICRO EMPRESA", "abertura": "22/05/2012", "natureza_juridica": "213-5 - Empres\u00e1rio (Individual)", "fantasia": "LV MOVEIS PLANEJADOS", "cnpj": "15.574.517/0001-61", "ultima_atualizacao": "2020-02-08T17:39:08.298Z", "status": "OK", "tipo": "MATRIZ", "complemento": "", "efr": "", "motivo_situacao": "", "situacao_especial": "", "data_situacao_especial": "", "atividades_secundarias": [{"code": "00.00-0-00", "text": "N\u00e3o informada"}], "capital_social": "1.00", "extra": {}, "billing": {"free": false, "database": false}}