{"atividade_principal": [{"text": "Com\u00e9rcio atacadista de artigos de escrit\u00f3rio e de papelaria", "code": "46.47-8-01"}], "data_situacao": "24/04/2012", "complemento": "SALA: 301;", "nome": "JOMAR ALLIANCE PAPELARIA E INFORMATICA LTDA", "uf": "RJ", "telefone": "(21) 3101-6700", "email": "andre_nalin@hotmail.com", "atividades_secundarias": [{"text": "Atividades de consultoria em gest\u00e3o empresarial, exceto consultoria t\u00e9cnica espec\u00edfica", "code": "70.20-4-00"}, {"text": "Com\u00e9rcio atacadista de outras m\u00e1quinas e equipamentos n\u00e3o especificados anteriormente; partes e pe\u00e7as", "code": "46.69-9-99"}, {"text": "Com\u00e9rcio varejista de artigos de papelaria", "code": "47.61-0-03"}, {"text": "Com\u00e9rcio atacadista de ferragens e ferramentas", "code": "46.72-9-00"}, {"text": "Com\u00e9rcio atacadista de suprimentos para inform\u00e1tica", "code": "46.51-6-02"}], "qsa": [{"qual": "49-S\u00f3cio-Administrador", "nome": "WALLACE NASCIMENTO RODRIGUES"}, {"qual": "49-S\u00f3cio-Administrador", "nome": "DARLENE RODRIGUES"}], "situacao": "ATIVA", "bairro": "CENTRO", "logradouro": "R DOS ANDRADAS", "numero": "169", "cep": "20.080-021", "municipio": "RIO DE JANEIRO", "porte": "MICRO EMPRESA", "abertura": "24/04/2012", "natureza_juridica": "206-2 - Sociedade Empres\u00e1ria Limitada", "fantasia": "JOMAR", "cnpj": "15.677.344/0001-07", "ultima_atualizacao": "2020-02-08T00:16:30.401Z", "status": "OK", "tipo": "MATRIZ", "efr": "", "motivo_situacao": "", "situacao_especial": "", "data_situacao_especial": "", "capital_social": "2000000.00", "extra": {}, "billing": {"free": false, "database": true}}