{"atividade_principal": [{"text": "Com\u00e9rcio atacadista de produtos aliment\u00edcios em geral", "code": "46.39-7-01"}], "data_situacao": "16/06/2012", "nome": "ARTHUCELY COMERCIO E SERVICOS EIRELI", "uf": "RJ", "telefone": "(22) 2778-3863", "email": "contabilidadeventura@gmail.com", "atividades_secundarias": [{"text": "Servi\u00e7o de pulveriza\u00e7\u00e3o e controle de pragas agr\u00edcolas", "code": "01.61-0-01"}, {"text": "Fabrica\u00e7\u00e3o de conservas de frutas", "code": "10.31-7-00"}, {"text": "Fabrica\u00e7\u00e3o de conservas de legumes e outros vegetais, exceto palmito", "code": "10.32-5-99"}, {"text": "Fabrica\u00e7\u00e3o de sucos concentrados de frutas, hortali\u00e7as e legumes", "code": "10.33-3-01"}, {"text": "Confec\u00e7\u00e3o, sob medida, de roupas profissionais", "code": "14.13-4-02"}, {"text": "Impress\u00e3o de livros, revistas e outras publica\u00e7\u00f5es peri\u00f3dicas", "code": "18.11-3-02"}, {"text": "Constru\u00e7\u00e3o de edif\u00edcios", "code": "41.20-4-00"}, {"text": "Pintura para sinaliza\u00e7\u00e3o em pistas rodovi\u00e1rias e aeroportos", "code": "42.11-1-02"}, {"text": "Prepara\u00e7\u00e3o de canteiro e limpeza de terreno", "code": "43.11-8-02"}, {"text": "Perfura\u00e7\u00f5es e sondagens", "code": "43.12-6-00"}, {"text": "Servi\u00e7os de prepara\u00e7\u00e3o do terreno n\u00e3o especificados anteriormente", "code": "43.19-3-00"}, {"text": "Instala\u00e7\u00e3o e manuten\u00e7\u00e3o el\u00e9trica", "code": "43.21-5-00"}, {"text": "Instala\u00e7\u00e3o de pain\u00e9is publicit\u00e1rios", "code": "43.29-1-01"}, {"text": "Impermeabiliza\u00e7\u00e3o em obras de engenharia civil", "code": "43.30-4-01"}, {"text": "Obras de acabamento em gesso e estuque", "code": "43.30-4-03"}, {"text": "Com\u00e9rcio por atacado de autom\u00f3veis, camionetas e utilit\u00e1rios novos e usados", "code": "45.11-1-03"}, {"text": "Com\u00e9rcio a varejo de pe\u00e7as e acess\u00f3rios novos para  motocicletas e motonetas", "code": "45.41-2-06"}, {"text": "Com\u00e9rcio atacadista de cosm\u00e9ticos e produtos de perfumaria", "code": "46.46-0-01"}, {"text": "Com\u00e9rcio atacadista de artigos de escrit\u00f3rio e de papelaria", "code": "46.47-8-01"}, {"text": "Com\u00e9rcio atacadista de equipamentos de inform\u00e1tica", "code": "46.51-6-01"}, {"text": "Com\u00e9rcio atacadista de componentes eletr\u00f4nicos e equipamentos de telefonia e comunica\u00e7\u00e3o", "code": "46.52-4-00"}, {"text": "Com\u00e9rcio atacadista de m\u00e1quinas, equipamentos para terraplenagem, minera\u00e7\u00e3o e constru\u00e7\u00e3o; partes e pe\u00e7as", "code": "46.62-1-00"}, {"text": "Com\u00e9rcio atacadista de m\u00e1quinas, aparelhos e equipamentos para uso odonto-m\u00e9dico-hospitalar; partes e pe\u00e7as", "code": "46.64-8-00"}, {"text": "Com\u00e9rcio atacadista de outras m\u00e1quinas e equipamentos n\u00e3o especificados anteriormente; partes e pe\u00e7as", "code": "46.69-9-99"}, {"text": "Com\u00e9rcio atacadista de mercadorias em geral, com predomin\u00e2ncia de insumos agropecu\u00e1rios", "code": "46.92-3-00"}, {"text": "Com\u00e9rcio varejista de mercadorias em geral, com predomin\u00e2ncia de produtos aliment\u00edcios - hipermercados", "code": "47.11-3-01"}, {"text": "Lojas de departamentos ou magazines, exceto lojas francas (Duty free)", "code": "47.13-0-04"}, {"text": "Com\u00e9rcio varejista de latic\u00ednios e frios", "code": "47.21-1-03"}, {"text": "Com\u00e9rcio varejista de carnes - a\u00e7ougues", "code": "47.22-9-01"}, {"text": "Com\u00e9rcio varejista de bebidas", "code": "47.23-7-00"}, {"text": "Com\u00e9rcio varejista de hortifrutigranjeiros", "code": "47.24-5-00"}, {"text": "Com\u00e9rcio varejista de tintas e materiais para pintura", "code": "47.41-5-00"}, {"text": "Com\u00e9rcio varejista de material el\u00e9trico", "code": "47.42-3-00"}, {"text": "Com\u00e9rcio varejista de vidros", "code": "47.43-1-00"}, {"text": "Com\u00e9rcio varejista de madeira e artefatos", "code": "47.44-0-02"}, {"text": "Com\u00e9rcio varejista de materiais hidr\u00e1ulicos", "code": "47.44-0-03"}, {"text": "Com\u00e9rcio varejista de materiais de constru\u00e7\u00e3o n\u00e3o especificados anteriormente", "code": "47.44-0-05"}, {"text": "Com\u00e9rcio varejista de materiais de constru\u00e7\u00e3o em geral", "code": "47.44-0-99"}, {"text": "Com\u00e9rcio varejista especializado de equipamentos e suprimentos de inform\u00e1tica", "code": "47.51-2-01"}, {"text": "Recarga de cartuchos para equipamentos de inform\u00e1tica", "code": "47.51-2-02"}, {"text": "Com\u00e9rcio varejista especializado de equipamentos de telefonia e comunica\u00e7\u00e3o", "code": "47.52-1-00"}, {"text": "Com\u00e9rcio varejista especializado de eletrodom\u00e9sticos e equipamentos de \u00e1udio e v\u00eddeo", "code": "47.53-9-00"}, {"text": "Com\u00e9rcio varejista de m\u00f3veis", "code": "47.54-7-01"}, {"text": "Com\u00e9rcio varejista de artigos de colchoaria", "code": "47.54-7-02"}, {"text": "Com\u00e9rcio varejista de artigos de ilumina\u00e7\u00e3o", "code": "47.54-7-03"}, {"text": "Com\u00e9rcio varejista de tecidos", "code": "47.55-5-01"}, {"text": "Comercio varejista de artigos de armarinho", "code": "47.55-5-02"}, {"text": "Comercio varejista de artigos de cama, mesa e banho", "code": "47.55-5-03"}, {"text": "Com\u00e9rcio varejista especializado de instrumentos musicais e acess\u00f3rios", "code": "47.56-3-00"}, {"text": "Com\u00e9rcio varejista de outros artigos de uso pessoal e dom\u00e9stico n\u00e3o especificados anteriormente", "code": "47.59-8-99"}, {"text": "Com\u00e9rcio varejista de livros", "code": "47.61-0-01"}, {"text": "Com\u00e9rcio varejista de jornais e revistas", "code": "47.61-0-02"}, {"text": "Com\u00e9rcio varejista de artigos de papelaria", "code": "47.61-0-03"}, {"text": "Com\u00e9rcio varejista de brinquedos e artigos recreativos", "code": "47.63-6-01"}, {"text": "Com\u00e9rcio varejista de artigos de ca\u00e7a, pesca e camping", "code": "47.63-6-04"}, {"text": "Com\u00e9rcio varejista de produtos farmac\u00eauticos, sem manipula\u00e7\u00e3o de f\u00f3rmulas", "code": "47.71-7-01"}, {"text": "Com\u00e9rcio varejista de medicamentos veterin\u00e1rios", "code": "47.71-7-04"}, {"text": "Com\u00e9rcio varejista de cosm\u00e9ticos, produtos de perfumaria e de higiene pessoal", "code": "47.72-5-00"}, {"text": "Com\u00e9rcio varejista de artigos m\u00e9dicos e ortop\u00e9dicos", "code": "47.73-3-00"}, {"text": "Com\u00e9rcio varejista de artigos de \u00f3ptica", "code": "47.74-1-00"}, {"text": "Com\u00e9rcio varejista de artigos do vestu\u00e1rio e acess\u00f3rios", "code": "47.81-4-00"}, {"text": "Com\u00e9rcio varejista de artigos de relojoaria", "code": "47.83-1-02"}, {"text": "Com\u00e9rcio varejista de g\u00e1s liq\u00fcefeito de petr\u00f3leo (GLP)", "code": "47.84-9-00"}, {"text": "Com\u00e9rcio varejista de plantas e flores naturais", "code": "47.89-0-02"}, {"text": "Com\u00e9rcio varejista de animais vivos e de artigos e alimentos para animais de estima\u00e7\u00e3o", "code": "47.89-0-04"}, {"text": "Com\u00e9rcio varejista de fogos de artif\u00edcio e artigos pirot\u00e9cnicos", "code": "47.89-0-06"}, {"text": "Com\u00e9rcio varejista de equipamentos para escrit\u00f3rio", "code": "47.89-0-07"}, {"text": "Com\u00e9rcio varejista de artigos fotogr\u00e1ficos e para filmagem", "code": "47.89-0-08"}, {"text": "Com\u00e9rcio varejista de outros produtos n\u00e3o especificados anteriormente", "code": "47.89-0-99"}, {"text": "Transporte rodovi\u00e1rio de carga, exceto produtos perigosos e mudan\u00e7as, intermunicipal, interestadual e internacional", "code": "49.30-2-02"}, {"text": "Fornecimento de alimentos preparados preponderantemente para empresas", "code": "56.20-1-01"}, {"text": "Servi\u00e7os de alimenta\u00e7\u00e3o para eventos e recep\u00e7\u00f5es - buf\u00ea", "code": "56.20-1-02"}, {"text": "Provedores de acesso \u00e0s redes de comunica\u00e7\u00f5es", "code": "61.90-6-01"}, {"text": "Atividades t\u00e9cnicas relacionadas \u00e0 engenharia e arquitetura n\u00e3o especificadas anteriormente", "code": "71.19-7-99"}, {"text": "Pesquisas de mercado e de opini\u00e3o p\u00fablica", "code": "73.20-3-00"}, {"text": "Aluguel de equipamentos cient\u00edficos, m\u00e9dicos e hospitalares, sem operador", "code": "77.39-0-02"}, {"text": "Aluguel de palcos, coberturas e outras estruturas de uso tempor\u00e1rio, exceto andaimes", "code": "77.39-0-03"}, {"text": "Aluguel de outras m\u00e1quinas e equipamentos comerciais e industriais n\u00e3o especificados anteriormente, sem operador", "code": "77.39-0-99"}, {"text": "Atividades de vigil\u00e2ncia e seguran\u00e7a privada", "code": "80.11-1-01"}, {"text": "Limpeza em pr\u00e9dios e em domic\u00edlios", "code": "81.21-4-00"}, {"text": "Repara\u00e7\u00e3o e manuten\u00e7\u00e3o de computadores e de equipamentos perif\u00e9ricos", "code": "95.11-8-00"}], "qsa": [{"qual": "65-Titular Pessoa F\u00edsica Residente ou Domiciliado no Brasil", "nome": "ALEXANDRE DE ALMEIDA CARVALHO"}], "situacao": "ATIVA", "bairro": "CENTRO", "logradouro": "R MARIA DO ROSARIO RIBEIRO", "numero": "22", "cep": "28.860-000", "municipio": "CASIMIRO DE ABREU", "porte": "EMPRESA DE PEQUENO PORTE", "abertura": "16/06/2012", "natureza_juridica": "230-5 - Empresa Individual de Responsabilidade Limitada (de Natureza Empres\u00e1ria)", "fantasia": "M A X COMERCIO E SERVICOS", "cnpj": "15.727.912/0001-37", "ultima_atualizacao": "2020-02-08T17:33:42.038Z", "status": "OK", "tipo": "MATRIZ", "complemento": "", "efr": "", "motivo_situacao": "", "situacao_especial": "", "data_situacao_especial": "", "capital_social": "500000.00", "extra": {}, "billing": {"free": false, "database": false}}