{"atividade_principal": [{"text": "Com\u00e9rcio atacadista de instrumentos e materiais para uso m\u00e9dico, cir\u00fargico, hospitalar e de laborat\u00f3rios", "code": "46.45-1-01"}], "data_situacao": "05/06/2012", "nome": "CV PRODUTOS MEDICOS LTDA", "uf": "SP", "telefone": "(11) 5089-2400", "email": "valdevir@audibel.com.br", "atividades_secundarias": [{"text": "Com\u00e9rcio varejista de artigos m\u00e9dicos e ortop\u00e9dicos", "code": "47.73-3-00"}, {"text": "Manuten\u00e7\u00e3o e repara\u00e7\u00e3o de equipamentos e produtos n\u00e3o especificados anteriormente", "code": "33.19-8-00"}, {"text": "Aluguel de equipamentos cient\u00edficos, m\u00e9dicos e hospitalares, sem operador", "code": "77.39-0-02"}, {"text": "Atividades de fisioterapia", "code": "86.50-0-04"}, {"text": "Atividades de fonoaudiologia", "code": "86.50-0-06"}], "qsa": [{"qual": "49-S\u00f3cio-Administrador", "nome": "VALDEVIR FERREIRA PESSOA"}, {"qual": "49-S\u00f3cio-Administrador", "nome": "CARLOS CESAR FONSECA"}], "situacao": "ATIVA", "bairro": "VILA MARIANA", "logradouro": "R PELOTAS", "numero": "735", "cep": "04.012-002", "municipio": "SAO PAULO", "porte": "DEMAIS", "abertura": "05/06/2012", "natureza_juridica": "206-2 - Sociedade Empres\u00e1ria Limitada", "fantasia": "AUDIBEL", "cnpj": "15.768.905/0001-83", "ultima_atualizacao": "2020-02-08T17:03:22.221Z", "status": "OK", "tipo": "MATRIZ", "complemento": "", "efr": "", "motivo_situacao": "", "situacao_especial": "", "data_situacao_especial": "", "capital_social": "60000.00", "extra": {}, "billing": {"free": false, "database": false}}