{"data_situacao": "29/03/2019", "motivo_situacao": "EXTINCAO P/ ENC LIQ VOLUNTARIA", "nome": "J.V. NEWS DISTRIBUIDORA LTDA", "telefone": "(22) 2762-6775/ (22) 2773-6426", "situacao": "BAIXADA", "porte": "EMPRESA DE PEQUENO PORTE", "abertura": "27/06/2012", "natureza_juridica": "206-2 - Sociedade Empres\u00e1ria Limitada", "fantasia": "J.V. NEWS DISTRIBUIDORA", "cnpj": "15.798.656/0001-79", "ultima_atualizacao": "2020-02-08T17:20:05.840Z", "status": "OK", "tipo": "MATRIZ", "logradouro": "", "numero": "", "complemento": "", "cep": "", "bairro": "", "municipio": "", "uf": "", "email": "", "efr": "", "situacao_especial": "", "data_situacao_especial": "", "atividade_principal": [{"code": "00.00-0-00", "text": "********"}], "atividades_secundarias": [{"code": "00.00-0-00", "text": "N\u00e3o informada"}], "capital_social": "0.00", "qsa": [], "extra": {}, "billing": {"free": false, "database": false}}