{"atividade_principal": [{"text": "Laborat\u00f3rios de anatomia patol\u00f3gica e citol\u00f3gica", "code": "86.40-2-01"}], "data_situacao": "09/07/2012", "complemento": "SALA 1203", "nome": "HUMANUS MEDICINA DIAGNOSTICA LTDA.", "uf": "RJ", "telefone": "(21) 2622-3673/ (21) 2622-3673", "email": "nicolaidomus@hotmail.com", "qsa": [{"qual": "49-S\u00f3cio-Administrador", "nome": "PABLO MARQUES MACHADO"}, {"qual": "49-S\u00f3cio-Administrador", "nome": "JOSE AUGUSTO MACHADO"}, {"qual": "49-S\u00f3cio-Administrador", "nome": "RAMON DE SOUZA FERREIRA"}], "situacao": "ATIVA", "bairro": "CENTRO", "logradouro": "R CORONEL GOMES MACHADO", "numero": "130", "cep": "24.020-065", "municipio": "NITEROI", "porte": "EMPRESA DE PEQUENO PORTE", "abertura": "09/07/2012", "natureza_juridica": "206-2 - Sociedade Empres\u00e1ria Limitada", "fantasia": "HUMANUS MEDICINA DIAGNOSTICA", "cnpj": "16.383.552/0001-66", "ultima_atualizacao": "2020-02-08T17:51:45.184Z", "status": "OK", "tipo": "MATRIZ", "efr": "", "motivo_situacao": "", "situacao_especial": "", "data_situacao_especial": "", "atividades_secundarias": [{"code": "00.00-0-00", "text": "N\u00e3o informada"}], "capital_social": "30000.00", "extra": {}, "billing": {"free": false, "database": false}}