{"atividade_principal": [{"text": "Administra\u00e7\u00e3o de caixas escolares", "code": "85.50-3-01"}], "data_situacao": "08/08/2012", "nome": "CONSELHO ESCOLAR DA ESCOLA MUNICIPAL DE EDUCACAO INFANTIL THEREZINHA LOURENCO DA SILVA", "uf": "RJ", "telefone": "(22) 2793-3081", "email": "pablo_parga@hotmail.com", "atividades_secundarias": [{"text": "Educa\u00e7\u00e3o infantil - pr\u00e9-escola", "code": "85.12-1-00"}], "qsa": [{"qual": "16-Presidente", "nome": "MARGHERITA MARTINS MONEQUE"}], "situacao": "ATIVA", "bairro": "TRAPICHE", "logradouro": "R ROSALINO DE SOUZA NETO", "numero": "13", "cep": "27.973-000", "municipio": "MACAE", "porte": "DEMAIS", "abertura": "08/08/2012", "natureza_juridica": "399-9 - Associa\u00e7\u00e3o Privada", "fantasia": "CE EMEITLS", "cnpj": "16.785.415/0001-58", "ultima_atualizacao": "2020-02-07T23:26:27.834Z", "status": "OK", "tipo": "MATRIZ", "complemento": "", "efr": "", "motivo_situacao": "", "situacao_especial": "", "data_situacao_especial": "", "capital_social": "0.00", "extra": {}, "billing": {"free": false, "database": true}}