{"atividade_principal": [{"text": "Atividades de vigil\u00e2ncia e seguran\u00e7a privada", "code": "80.11-1-01"}], "data_situacao": "02/10/2012", "complemento": "GALPAO", "nome": "PRIMUS SERVICOS ESPECIALIZADOS DE SEGURANCA EIRELI", "uf": "RJ", "telefone": "(21) 2635-0139", "qsa": [{"qual": "65-Titular Pessoa F\u00edsica Residente ou Domiciliado no Brasil", "nome": "JOAO CLAUDIO DE ALCANTARA"}], "situacao": "ATIVA", "bairro": "JARDIM AMERICA", "logradouro": "R PROFESSOR FRANCA AMARAL", "numero": "84", "cep": "21.240-010", "municipio": "RIO DE JANEIRO", "porte": "DEMAIS", "abertura": "02/10/2012", "natureza_juridica": "230-5 - Empresa Individual de Responsabilidade Limitada (de Natureza Empres\u00e1ria)", "cnpj": "16.950.839/0001-20", "ultima_atualizacao": "2020-02-07T23:44:39.847Z", "status": "OK", "tipo": "MATRIZ", "fantasia": "", "email": "", "efr": "", "motivo_situacao": "", "situacao_especial": "", "data_situacao_especial": "", "atividades_secundarias": [{"code": "00.00-0-00", "text": "N\u00e3o informada"}], "capital_social": "800000.00", "extra": {}, "billing": {"free": false, "database": true}}