{"atividade_principal": [{"text": "Com\u00e9rcio varejista de artigos m\u00e9dicos e ortop\u00e9dicos", "code": "47.73-3-00"}], "data_situacao": "13/09/2012", "complemento": "SALA: 802;", "nome": "JAP - COMERCIAL LTDA", "uf": "RJ", "telefone": "(21) 2263-2230/ (21) 2253-1529", "email": "paulosergio.c@uol.com.br", "atividades_secundarias": [{"text": "Aluguel de material m\u00e9dico", "code": "77.29-2-03"}, {"text": "Com\u00e9rcio varejista de produtos farmac\u00eauticos, sem manipula\u00e7\u00e3o de f\u00f3rmulas", "code": "47.71-7-01"}, {"text": "Com\u00e9rcio atacadista de m\u00e1quinas, aparelhos e equipamentos para uso odonto-m\u00e9dico-hospitalar; partes e pe\u00e7as", "code": "46.64-8-00"}, {"text": "Com\u00e9rcio atacadista de pr\u00f3teses e artigos de ortopedia", "code": "46.45-1-02"}, {"text": "Com\u00e9rcio atacadista de instrumentos e materiais para uso m\u00e9dico, cir\u00fargico, hospitalar e de laborat\u00f3rios", "code": "46.45-1-01"}, {"text": "Com\u00e9rcio atacadista de medicamentos e drogas de uso humano", "code": "46.44-3-01"}, {"text": "Obras de alvenaria", "code": "43.99-1-03"}, {"text": "Demoli\u00e7\u00e3o de edif\u00edcios e outras estruturas", "code": "43.11-8-01"}, {"text": "Manuten\u00e7\u00e3o e repara\u00e7\u00e3o de m\u00e1quinas, aparelhos e materiais el\u00e9tricos n\u00e3o especificados anteriormente", "code": "33.13-9-99"}], "qsa": [{"qual": "49-S\u00f3cio-Administrador", "nome": "JAIRO ADALBERTO FARIAS"}, {"qual": "22-S\u00f3cio", "nome": "ANDREA OLIVEIRA DA SILVA"}], "situacao": "ATIVA", "bairro": "CENTRO", "logradouro": "R CORONEL GOMES MACHADO", "numero": "136", "cep": "24.020-107", "municipio": "NITEROI", "porte": "MICRO EMPRESA", "abertura": "13/09/2012", "natureza_juridica": "206-2 - Sociedade Empres\u00e1ria Limitada", "cnpj": "17.094.882/0001-02", "ultima_atualizacao": "2020-02-07T23:10:30.233Z", "status": "OK", "tipo": "MATRIZ", "fantasia": "", "efr": "", "motivo_situacao": "", "situacao_especial": "", "data_situacao_especial": "", "capital_social": "30000.00", "extra": {}, "billing": {"free": false, "database": true}}