{"atividade_principal": [{"text": "Administra\u00e7\u00e3o de obras", "code": "43.99-1-01"}], "data_situacao": "26/12/2012", "complemento": "PARTE", "nome": "CONSORCIO NOVA ESPERANCA", "uf": "RJ", "telefone": "(22) 2733-2200", "qsa": [{"qual": "05-Administrador", "nome": "JOMAR DE SOUZA GONCALVES"}, {"qual": "20-Sociedade Consorciada", "nome": "COFRANZA CONSTRUTORA LTDA"}, {"qual": "20-Sociedade Consorciada", "nome": "HIDROLUMEN CONSTRUTORA LTDA"}], "situacao": "ATIVA", "bairro": "DONANA", "logradouro": "R LOURIVAL MARTINS BEDA", "numero": "990", "cep": "28.022-560", "municipio": "CAMPOS DOS GOYTACAZES", "porte": "DEMAIS", "abertura": "26/12/2012", "natureza_juridica": "215-1 - Cons\u00f3rcio de Sociedades", "fantasia": "NOVA ESPERANCA", "cnpj": "17.337.462/0001-00", "ultima_atualizacao": "2020-02-07T23:56:23.305Z", "status": "OK", "tipo": "MATRIZ", "email": "", "efr": "", "motivo_situacao": "", "situacao_especial": "", "data_situacao_especial": "", "atividades_secundarias": [{"code": "00.00-0-00", "text": "N\u00e3o informada"}], "capital_social": "0.00", "extra": {}, "billing": {"free": false, "database": true}}