{"atividade_principal": [{"text": "Outras atividades de ensino n\u00e3o especificadas anteriormente", "code": "85.99-6-99"}], "data_situacao": "27/12/2012", "complemento": "SALA 504", "nome": "CASP ONLINE TREINAMENTOS LTDA", "uf": "RS", "telefone": "(51) 3237-8841/ (51) 3237-8851", "email": "diogo@casponline.com.br", "atividades_secundarias": [{"text": "Com\u00e9rcio atacadista de livros, jornais e outras publica\u00e7\u00f5es", "code": "46.47-8-02"}, {"text": "Desenvolvimento e licenciamento de programas de computador customiz\u00e1veis", "code": "62.02-3-00"}, {"text": "Desenvolvimento e licenciamento de programas de computador n\u00e3o-customiz\u00e1veis", "code": "62.03-1-00"}, {"text": "Consultoria em tecnologia da informa\u00e7\u00e3o", "code": "62.04-0-00"}, {"text": "Suporte t\u00e9cnico, manuten\u00e7\u00e3o e outros servi\u00e7os em tecnologia da informa\u00e7\u00e3o", "code": "62.09-1-00"}, {"text": "Corretagem na compra e venda e avalia\u00e7\u00e3o de im\u00f3veis", "code": "68.21-8-01"}, {"text": "Atividades de contabilidade", "code": "69.20-6-01"}, {"text": "Atividades de consultoria em gest\u00e3o empresarial, exceto consultoria t\u00e9cnica espec\u00edfica", "code": "70.20-4-00"}, {"text": "Servi\u00e7os combinados de escrit\u00f3rio e apoio administrativo", "code": "82.11-3-00"}, {"text": "Educa\u00e7\u00e3o superior - gradua\u00e7\u00e3o e p\u00f3s-gradua\u00e7\u00e3o", "code": "85.32-5-00"}], "qsa": [{"qual": "49-S\u00f3cio-Administrador", "nome": "DIOGO DUARTE BARBOSA"}, {"qual": "49-S\u00f3cio-Administrador", "nome": "SIMONE RIBEIRO NOGUEIRA DUARTE"}], "situacao": "ATIVA", "bairro": "SANTA MARIA GORETTI", "logradouro": "R PIAUI", "numero": "193", "cep": "91.030-320", "municipio": "PORTO ALEGRE", "porte": "MICRO EMPRESA", "abertura": "27/12/2012", "natureza_juridica": "206-2 - Sociedade Empres\u00e1ria Limitada", "fantasia": "CASP ONLINE", "cnpj": "17.354.297/0001-96", "ultima_atualizacao": "2020-02-07T23:45:10.072Z", "status": "OK", "tipo": "MATRIZ", "efr": "", "motivo_situacao": "", "situacao_especial": "", "data_situacao_especial": "", "capital_social": "108000.00", "extra": {}, "billing": {"free": false, "database": true}}