{"atividade_principal": [{"text": "Atividades de contabilidade", "code": "69.20-6-01"}], "data_situacao": "31/01/2013", "complemento": "ANDAR 2", "nome": "REIS ROSA ASSESSORIA CONTABIL EIRELI", "uf": "RJ", "telefone": "(22) 2778-2178", "email": "escrita.contabilidade@hotmail.com.br", "atividades_secundarias": [{"text": "Com\u00e9rcio varejista de artigos de papelaria", "code": "47.61-0-03"}], "qsa": [{"qual": "65-Titular Pessoa F\u00edsica Residente ou Domiciliado no Brasil", "nome": "EMERSON JORGE DA ROSA"}], "situacao": "ATIVA", "bairro": "VALE DAS PALMEIRAS", "logradouro": "R RAUL MARCHON DA ROSA", "numero": "726", "cep": "28.860-000", "municipio": "CASIMIRO DE ABREU", "porte": "MICRO EMPRESA", "abertura": "31/01/2013", "natureza_juridica": "230-5 - Empresa Individual de Responsabilidade Limitada (de Natureza Empres\u00e1ria)", "fantasia": "ESCRITA ASSESSORIA CONTABIL", "cnpj": "17.507.411/0001-70", "ultima_atualizacao": "2020-02-08T00:06:00.166Z", "status": "OK", "tipo": "MATRIZ", "efr": "", "motivo_situacao": "", "situacao_especial": "", "data_situacao_especial": "", "capital_social": "100000.00", "extra": {}, "billing": {"free": false, "database": true}}