{"atividade_principal": [{"text": "Fabrica\u00e7\u00e3o de m\u00f3veis com predomin\u00e2ncia de madeira", "code": "31.01-2-00"}], "data_situacao": "09/04/2013", "complemento": "CASA", "nome": "FABIO FRANCISCO DE LIMA MOURA 01154439160", "uf": "RJ", "telefone": "(22) 9876-5596", "email": "fabioflima2011@gmail.com", "atividades_secundarias": [{"text": "Servi\u00e7os de pintura de edif\u00edcios em geral", "code": "43.30-4-04"}, {"text": "Servi\u00e7os especializados para constru\u00e7\u00e3o n\u00e3o especificados anteriormente", "code": "43.99-1-99"}, {"text": "Instala\u00e7\u00e3o e manuten\u00e7\u00e3o de sistemas centrais de ar condicionado, de ventila\u00e7\u00e3o e refrigera\u00e7\u00e3o", "code": "43.22-3-02"}, {"text": "Atividades paisag\u00edsticas", "code": "81.30-3-00"}, {"text": "Obras de acabamento em gesso e estuque", "code": "43.30-4-03"}, {"text": "Instala\u00e7\u00f5es hidr\u00e1ulicas, sanit\u00e1rias e de g\u00e1s", "code": "43.22-3-01"}, {"text": "Instala\u00e7\u00e3o de portas, janelas, tetos, divis\u00f3rias e arm\u00e1rios embutidos de qualquer material", "code": "43.30-4-02"}, {"text": "Instala\u00e7\u00e3o e manuten\u00e7\u00e3o el\u00e9trica", "code": "43.21-5-00"}, {"text": "Obras de alvenaria", "code": "43.99-1-03"}, {"text": "Com\u00e9rcio varejista de madeira e artefatos", "code": "47.44-0-02"}], "qsa": [], "situacao": "ATIVA", "bairro": "PARQUE AEROPORTO", "logradouro": "R ELIS REGINA (LOT RES BARRAMARES I)", "numero": "264", "cep": "27.963-460", "municipio": "MACAE", "porte": "MICRO EMPRESA", "abertura": "09/04/2013", "natureza_juridica": "213-5 - Empres\u00e1rio (Individual)", "fantasia": "GRIFFI MOVEIS PLANEJADOS", "cnpj": "17.894.027/0001-78", "ultima_atualizacao": "2020-02-08T04:45:18.403Z", "status": "OK", "tipo": "MATRIZ", "efr": "", "motivo_situacao": "", "situacao_especial": "", "data_situacao_especial": "", "capital_social": "100000.00", "extra": {}, "billing": {"free": false, "database": true}}