{"atividade_principal": [{"text": "Prepara\u00e7\u00e3o de documentos e servi\u00e7os especializados de apoio administrativo n\u00e3o especificados anteriormente", "code": "82.19-9-99"}], "data_situacao": "20/05/2013", "complemento": "EDIF: PETRO TOWER; LOJA: 20;", "nome": "SIC CERTIFICACAO DIGITAL LTDA", "uf": "ES", "telefone": "(27) 3041-1766", "email": "administrativo@waltercon.com.br", "atividades_secundarias": [{"text": "Suporte t\u00e9cnico, manuten\u00e7\u00e3o e outros servi\u00e7os em tecnologia da informa\u00e7\u00e3o", "code": "62.09-1-00"}], "qsa": [{"qual": "49-S\u00f3cio-Administrador", "nome": "HELIO JOSE DOS SANTOS"}, {"qual": "22-S\u00f3cio", "nome": "VICTOR SANTOS DE ABREU"}], "situacao": "ATIVA", "bairro": "ENSEADA DO SUA", "logradouro": "R ANTONIO PINTO DE QUEIROZ", "numero": "52", "cep": "29.050-305", "municipio": "VITORIA", "porte": "EMPRESA DE PEQUENO PORTE", "abertura": "20/05/2013", "natureza_juridica": "206-2 - Sociedade Empres\u00e1ria Limitada", "cnpj": "18.178.945/0001-63", "ultima_atualizacao": "2020-02-08T00:11:24.502Z", "status": "OK", "tipo": "MATRIZ", "fantasia": "", "efr": "", "motivo_situacao": "", "situacao_especial": "", "data_situacao_especial": "", "capital_social": "1000000.00", "extra": {}, "billing": {"free": false, "database": true}}