{"atividade_principal": [{"text": "Administra\u00e7\u00e3o p\u00fablica em geral", "code": "84.11-6-00"}], "data_situacao": "03/11/2005", "nome": "MUNICIPIO DE JUIZ DE FORA", "efr": "MUNIC\u00cdPIO DE JUIZ DE FORA", "uf": "MG", "telefone": "(32) 3690-7731/ (32) 3690-8177", "email": "sgai@pjf.mg.gov.br", "situacao": "ATIVA", "bairro": "CENTRO", "logradouro": "AV BRASIL", "numero": "2001", "cep": "36.060-010", "municipio": "JUIZ DE FORA", "porte": "DEMAIS", "abertura": "30/12/1974", "natureza_juridica": "124-4 - Munic\u00edpio", "fantasia": "PODER EXECUTIVO MUNICIPAL", "cnpj": "18.338.178/0001-02", "ultima_atualizacao": "2020-02-08T17:37:06.236Z", "status": "OK", "tipo": "MATRIZ", "complemento": "", "motivo_situacao": "", "situacao_especial": "", "data_situacao_especial": "", "atividades_secundarias": [{"code": "00.00-0-00", "text": "N\u00e3o informada"}], "capital_social": "0.00", "qsa": [], "extra": {}, "billing": {"free": false, "database": false}}