{"atividade_principal": [{"text": "Repara\u00e7\u00e3o e manuten\u00e7\u00e3o de outros objetos e equipamentos pessoais e dom\u00e9sticos n\u00e3o especificados anteriormente", "code": "95.29-1-99"}], "data_situacao": "22/05/2013", "complemento": "LOJ A", "nome": "JC REFRIGERACAO E COMERCIO LTDA", "uf": "RJ", "telefone": "(21) 2290-0444", "email": "barrosibp@yahoo.com.br", "atividades_secundarias": [{"text": "Com\u00e9rcio varejista de material el\u00e9trico", "code": "47.42-3-00"}], "qsa": [{"qual": "49-S\u00f3cio-Administrador", "nome": "LUIS ALBERTO DA COSTA SANTOS"}, {"qual": "22-S\u00f3cio", "nome": "MARCELA BATISTA ARAUJO"}], "situacao": "ATIVA", "bairro": "CENTRO", "logradouro": "AV MEM DE SA", "numero": "00174", "cep": "20.230-152", "municipio": "RIO DE JANEIRO", "porte": "MICRO EMPRESA", "abertura": "22/05/2013", "natureza_juridica": "206-2 - Sociedade Empres\u00e1ria Limitada", "fantasia": "JC REFRIGERACAO E COMERCIO", "cnpj": "18.426.336/0001-86", "ultima_atualizacao": "2020-02-08T16:58:39.111Z", "status": "OK", "tipo": "MATRIZ", "efr": "", "motivo_situacao": "", "situacao_especial": "", "data_situacao_especial": "", "capital_social": "100000.00", "extra": {}, "billing": {"free": false, "database": false}}