{"atividade_principal": [{"text": "Com\u00e9rcio atacadista de medicamentos e drogas de uso humano", "code": "46.44-3-01"}], "data_situacao": "14/08/2013", "complemento": "LOJA 02", "nome": "REAL NUTRICAO COMERCIO E SERVICOS EIRELI", "uf": "RJ", "telefone": "(22) 2778-1056/ (22) 9760-6637", "email": "nessamiranda2010@hotmail.com", "atividades_secundarias": [{"text": "Com\u00e9rcio atacadista de produtos aliment\u00edcios em geral", "code": "46.39-7-01"}, {"text": "Com\u00e9rcio varejista de produtos aliment\u00edcios em geral ou especializado em produtos aliment\u00edcios n\u00e3o especificados anteriormente", "code": "47.29-6-99"}, {"text": "Com\u00e9rcio varejista de cosm\u00e9ticos, produtos de perfumaria e de higiene pessoal", "code": "47.72-5-00"}, {"text": "Com\u00e9rcio varejista de artigos m\u00e9dicos e ortop\u00e9dicos", "code": "47.73-3-00"}], "qsa": [{"qual": "65-Titular Pessoa F\u00edsica Residente ou Domiciliado no Brasil", "nome": "LUIS HENRIQUE SOUSA PEDRO JUNIOR"}], "situacao": "ATIVA", "bairro": "SANTA ELY", "logradouro": "R HAROLDO GASPAR", "numero": "443", "cep": "28.860-000", "municipio": "CASIMIRO DE ABREU", "porte": "MICRO EMPRESA", "abertura": "14/08/2013", "natureza_juridica": "230-5 - Empresa Individual de Responsabilidade Limitada (de Natureza Empres\u00e1ria)", "fantasia": "REAL NUTRICAO", "cnpj": "18.716.271/0001-03", "ultima_atualizacao": "2020-02-08T00:17:27.896Z", "status": "OK", "tipo": "MATRIZ", "efr": "", "motivo_situacao": "", "situacao_especial": "", "data_situacao_especial": "", "capital_social": "300000.00", "extra": {}, "billing": {"free": false, "database": true}}