{"atividade_principal": [{"text": "Produ\u00e7\u00e3o e promo\u00e7\u00e3o de eventos esportivos", "code": "93.19-1-01"}], "data_situacao": "13/09/2013", "complemento": "LOJA 33 PAVMTO3", "nome": "TANGRA EVENTOS ESPORTIVOS EIRELI", "uf": "RJ", "telefone": "(22) 2771-5432", "email": "azul@azulcontabil.cnt.br", "atividades_secundarias": [{"text": "Instala\u00e7\u00e3o e manuten\u00e7\u00e3o el\u00e9trica", "code": "43.21-5-00"}, {"text": "Com\u00e9rcio varejista especializado de equipamentos e suprimentos de inform\u00e1tica", "code": "47.51-2-01"}, {"text": "Com\u00e9rcio varejista especializado de equipamentos de telefonia e comunica\u00e7\u00e3o", "code": "47.52-1-00"}, {"text": "Com\u00e9rcio varejista de outros artigos de uso pessoal e dom\u00e9stico n\u00e3o especificados anteriormente", "code": "47.59-8-99"}, {"text": "Outras atividades de telecomunica\u00e7\u00f5es n\u00e3o especificadas anteriormente", "code": "61.90-6-99"}, {"text": "Aluguel de outras m\u00e1quinas e equipamentos comerciais e industriais n\u00e3o especificados anteriormente, sem operador", "code": "77.39-0-99"}, {"text": "Servi\u00e7os combinados de escrit\u00f3rio e apoio administrativo", "code": "82.11-3-00"}, {"text": "Ensino de esportes", "code": "85.91-1-00"}, {"text": "Treinamento em desenvolvimento profissional e gerencial", "code": "85.99-6-04"}, {"text": "Repara\u00e7\u00e3o e manuten\u00e7\u00e3o de computadores e de equipamentos perif\u00e9ricos", "code": "95.11-8-00"}, {"text": "Repara\u00e7\u00e3o e manuten\u00e7\u00e3o de equipamentos de comunica\u00e7\u00e3o", "code": "95.12-6-00"}], "qsa": [{"qual": "65-Titular Pessoa F\u00edsica Residente ou Domiciliado no Brasil", "nome": "YORDANKA NIKOLAEVA ZARKOVA"}], "situacao": "ATIVA", "bairro": "CENTRO", "logradouro": "R REGO BARROS", "numero": "141", "cep": "28.893-054", "municipio": "RIO DAS OSTRAS", "porte": "MICRO EMPRESA", "abertura": "13/09/2013", "natureza_juridica": "230-5 - Empresa Individual de Responsabilidade Limitada (de Natureza Empres\u00e1ria)", "fantasia": "TANGRA EXPRESS", "cnpj": "18.890.351/0001-80", "ultima_atualizacao": "2020-02-08T17:33:11.176Z", "status": "OK", "tipo": "MATRIZ", "efr": "", "motivo_situacao": "", "situacao_especial": "", "data_situacao_especial": "", "capital_social": "70000.00", "extra": {}, "billing": {"free": false, "database": false}}