{"atividade_principal": [{"text": "Com\u00e9rcio varejista de artigos fotogr\u00e1ficos e para filmagem", "code": "47.89-0-08"}], "data_situacao": "25/09/2013", "complemento": ": SHIN CA 05 LOTE B-1; BLOCO: B-1 SALA 306;", "nome": "FULL - BROADCAST & AUDIO - EIRELI", "uf": "DF", "telefone": "(61) 3037-2397", "atividades_secundarias": [{"text": "Repara\u00e7\u00e3o e manuten\u00e7\u00e3o de computadores e de equipamentos perif\u00e9ricos", "code": "95.11-8-00"}, {"text": "Com\u00e9rcio varejista especializado de equipamentos e suprimentos de inform\u00e1tica", "code": "47.51-2-01"}, {"text": "Com\u00e9rcio varejista de artigos de papelaria", "code": "47.61-0-03"}, {"text": "Com\u00e9rcio varejista especializado de eletrodom\u00e9sticos e equipamentos de \u00e1udio e v\u00eddeo", "code": "47.53-9-00"}], "qsa": [{"qual": "65-Titular Pessoa F\u00edsica Residente ou Domiciliado no Brasil", "nome": "REGINALDO RIBEIRO AMORIM"}], "situacao": "ATIVA", "bairro": "SETOR DE HABITACOES INDIVIDUAIS NORTE", "logradouro": "ST CA (CENTRO DE ATIVIDADES) 5", "numero": "SN", "cep": "71.503-505", "municipio": "BRASILIA", "porte": "EMPRESA DE PEQUENO PORTE", "abertura": "25/09/2013", "natureza_juridica": "230-5 - Empresa Individual de Responsabilidade Limitada (de Natureza Empres\u00e1ria)", "fantasia": "FULL - BROADCAST", "cnpj": "18.964.131/0001-54", "ultima_atualizacao": "2020-02-08T17:29:15.211Z", "status": "OK", "tipo": "MATRIZ", "email": "", "efr": "", "motivo_situacao": "", "situacao_especial": "", "data_situacao_especial": "", "capital_social": "200000.00", "extra": {}, "billing": {"free": false, "database": false}}