{"atividade_principal": [{"text": "Instala\u00e7\u00e3o e manuten\u00e7\u00e3o el\u00e9trica", "code": "43.21-5-00"}], "data_situacao": "04/10/2013", "complemento": "CASA FUNDOS QUADRA10", "nome": "PIEMONTE E OLIVEIRA SEGURANCA ELETRONICA LTDA", "uf": "RJ", "telefone": "(22) 2771-0614", "atividades_secundarias": [{"text": "Com\u00e9rcio varejista especializado de eletrodom\u00e9sticos e equipamentos de \u00e1udio e v\u00eddeo", "code": "47.53-9-00"}, {"text": "Atividades de monitoramento de sistemas de seguran\u00e7a eletr\u00f4nico", "code": "80.20-0-01"}, {"text": "Com\u00e9rcio varejista de outros artigos de uso pessoal e dom\u00e9stico n\u00e3o especificados anteriormente", "code": "47.59-8-99"}, {"text": "Outras atividades de telecomunica\u00e7\u00f5es n\u00e3o especificadas anteriormente", "code": "61.90-6-99"}, {"text": "Repara\u00e7\u00e3o e manuten\u00e7\u00e3o de equipamentos de comunica\u00e7\u00e3o", "code": "95.12-6-00"}, {"text": "Repara\u00e7\u00e3o e manuten\u00e7\u00e3o de equipamentos eletroeletr\u00f4nicos de uso pessoal e dom\u00e9stico", "code": "95.21-5-00"}], "qsa": [{"qual": "22-S\u00f3cio", "nome": "ANDERSON DE OLIVEIRA"}, {"qual": "49-S\u00f3cio-Administrador", "nome": "ANDERSON COPOLILO PIEMONTE"}], "situacao": "ATIVA", "bairro": "RESIDENCIAL PRAIA ANCORA", "logradouro": "R DAS HORTENCIAS", "numero": "14", "cep": "28.899-473", "municipio": "RIO DAS OSTRAS", "porte": "MICRO EMPRESA", "abertura": "04/10/2013", "natureza_juridica": "206-2 - Sociedade Empres\u00e1ria Limitada", "fantasia": "A C N SEGURANCA ELETRONICA", "cnpj": "19.073.906/0001-64", "ultima_atualizacao": "2020-02-08T17:59:08.870Z", "status": "OK", "tipo": "MATRIZ", "email": "", "efr": "", "motivo_situacao": "", "situacao_especial": "", "data_situacao_especial": "", "capital_social": "20000.00", "extra": {}, "billing": {"free": false, "database": false}}