{"atividade_principal": [{"text": "Com\u00e9rcio varejista de artigos m\u00e9dicos e ortop\u00e9dicos", "code": "47.73-3-00"}], "data_situacao": "20/01/2014", "complemento": "LOJA: 03 E 04;", "nome": "ANTONIO MONTEIRO DA SILVA NETO", "uf": "ES", "telefone": "(27) 3239-2621", "email": "cristianopierre@bol.com.br", "qsa": [], "situacao": "ATIVA", "bairro": "CENTRO DE VILA VELHA", "logradouro": "R SETE DE SETEMBRO", "numero": "442", "cep": "29.100-301", "municipio": "VILA VELHA", "porte": "MICRO EMPRESA", "abertura": "20/01/2014", "natureza_juridica": "213-5 - Empres\u00e1rio (Individual)", "fantasia": "ORTOPEDIA UNIAO", "cnpj": "19.548.413/0001-33", "ultima_atualizacao": "2020-02-08T17:36:12.695Z", "status": "OK", "tipo": "MATRIZ", "efr": "", "motivo_situacao": "", "situacao_especial": "", "data_situacao_especial": "", "atividades_secundarias": [{"code": "00.00-0-00", "text": "N\u00e3o informada"}], "capital_social": "30000.00", "extra": {}, "billing": {"free": false, "database": false}}