{"atividade_principal": [{"text": "Atividades de assist\u00eancia a deficientes f\u00edsicos, imunodeprimidos e convalescentes", "code": "87.11-5-03"}], "data_situacao": "04/02/2014", "nome": "CLINICA TERAPEUTICA GAIVOTA LTDA", "uf": "SP", "telefone": "(11) 4784-6817", "email": "clinicagaivota7@gmail.com", "qsa": [{"qual": "49-S\u00f3cio-Administrador", "nome": "RICARDO DOMINGUES DE OLIVEIRA"}, {"qual": "49-S\u00f3cio-Administrador", "nome": "GABRIELA MACENA DA SILVA"}], "situacao": "ATIVA", "bairro": "JARDIM SUICA PAULISTA", "logradouro": "TV BRUNO BURLINI", "numero": "101", "cep": "18.136-830", "municipio": "SAO ROQUE", "porte": "MICRO EMPRESA", "abertura": "04/02/2014", "natureza_juridica": "206-2 - Sociedade Empres\u00e1ria Limitada", "fantasia": "CLINICA TERAPEUTICA GAIVOTA", "cnpj": "19.654.898/0001-40", "ultima_atualizacao": "2020-02-08T00:27:53.145Z", "status": "OK", "tipo": "MATRIZ", "complemento": "", "efr": "", "motivo_situacao": "", "situacao_especial": "", "data_situacao_especial": "", "atividades_secundarias": [{"code": "00.00-0-00", "text": "N\u00e3o informada"}], "capital_social": "80000.00", "extra": {}, "billing": {"free": false, "database": true}}