{"atividade_principal": [{"text": "Aluguel de palcos, coberturas e outras estruturas de uso tempor\u00e1rio, exceto andaimes", "code": "77.39-0-03"}], "data_situacao": "18/02/2014", "complemento": "CASA 03", "nome": "V S SILVA LOCACAO DE ESTRUTURAS E EVENTOS", "uf": "RJ", "telefone": "(22) 2770-0921", "email": "fieltendas@gmail.com", "atividades_secundarias": [{"text": "Marketing direto", "code": "73.19-0-03"}, {"text": "Outras atividades de recrea\u00e7\u00e3o e lazer n\u00e3o especificadas anteriormente", "code": "93.29-8-99"}, {"text": "Com\u00e9rcio atacadista de outros equipamentos e artigos de uso pessoal e dom\u00e9stico n\u00e3o especificados anteriormente", "code": "46.49-4-99"}, {"text": "Transporte rodovi\u00e1rio de carga, exceto produtos perigosos e mudan\u00e7as, intermunicipal, interestadual e internacional", "code": "49.30-2-02"}], "qsa": [], "situacao": "ATIVA", "bairro": "LAGOMAR", "logradouro": "AV PARNAIBA", "numero": "54", "cep": "27.966-850", "municipio": "MACAE", "porte": "MICRO EMPRESA", "abertura": "18/02/2014", "natureza_juridica": "213-5 - Empres\u00e1rio (Individual)", "fantasia": "FIEL TENDAS.", "cnpj": "19.743.829/0001-02", "ultima_atualizacao": "2020-02-08T18:03:05.400Z", "status": "OK", "tipo": "MATRIZ", "efr": "", "motivo_situacao": "", "situacao_especial": "", "data_situacao_especial": "", "capital_social": "18000.00", "extra": {}, "billing": {"free": false, "database": false}}