{"atividade_principal": [{"text": "Instala\u00e7\u00e3o, manuten\u00e7\u00e3o e repara\u00e7\u00e3o de elevadores, escadas e esteiras rolantes", "code": "43.29-1-03"}], "data_situacao": "18/02/2014", "complemento": "LOJA 01", "nome": "VIX ELEVADORES LTDA", "uf": "ES", "telefone": "(27) 3014-1384", "email": "marcos@vixelevadores.com.br", "atividades_secundarias": [{"text": "Com\u00e9rcio varejista de outros produtos n\u00e3o especificados anteriormente", "code": "47.89-0-99"}, {"text": "Com\u00e9rcio varejista especializado de equipamentos e suprimentos de inform\u00e1tica", "code": "47.51-2-01"}, {"text": "Manuten\u00e7\u00e3o e repara\u00e7\u00e3o de aparelhos e instrumentos de medida, teste e controle", "code": "33.12-1-02"}, {"text": "Manuten\u00e7\u00e3o e repara\u00e7\u00e3o de outras m\u00e1quinas e equipamentos para usos industriais n\u00e3o especificados anteriormente", "code": "33.14-7-99"}], "qsa": [{"qual": "49-S\u00f3cio-Administrador", "nome": "ANTONIO MARCOS RODRIGUES"}, {"qual": "49-S\u00f3cio-Administrador", "nome": "WELINGTON COUTINHO RODRIGUES"}], "situacao": "ATIVA", "bairro": "SANTA CECILIA", "logradouro": "R MARIO BENEZATH", "numero": "20", "cep": "29.043-285", "municipio": "VITORIA", "porte": "MICRO EMPRESA", "abertura": "18/02/2014", "natureza_juridica": "206-2 - Sociedade Empres\u00e1ria Limitada", "fantasia": "VIX ELEVADORES", "cnpj": "19.770.349/0001-30", "ultima_atualizacao": "2020-02-08T16:58:04.828Z", "status": "OK", "tipo": "MATRIZ", "efr": "", "motivo_situacao": "", "situacao_especial": "", "data_situacao_especial": "", "capital_social": "100000.00", "extra": {}, "billing": {"free": false, "database": false}}