{"atividade_principal": [{"text": "Com\u00e9rcio atacadista de m\u00e1quinas, aparelhos e equipamentos para uso odonto-m\u00e9dico-hospitalar; partes e pe\u00e7as", "code": "46.64-8-00"}], "data_situacao": "24/09/2005", "nome": "BIOMEDICAL PRODUTOS CIENTIFICOS MEDICOS E HOSPITALARES S A", "uf": "MG", "telefone": "(31) 2129-4000", "email": "contabilbh@biomedical.com.br", "atividades_secundarias": [{"text": "Manuten\u00e7\u00e3o e repara\u00e7\u00e3o de equipamentos e produtos n\u00e3o especificados anteriormente", "code": "33.19-8-00"}, {"text": "Com\u00e9rcio atacadista de equipamentos de inform\u00e1tica", "code": "46.51-6-01"}, {"text": "Servi\u00e7os combinados de escrit\u00f3rio e apoio administrativo", "code": "82.11-3-00"}, {"text": "Com\u00e9rcio varejista de artigos m\u00e9dicos e ortop\u00e9dicos", "code": "47.73-3-00"}], "qsa": [{"qual": "16-Presidente", "nome": "LUIZ FELIPE LOPES MACHADO"}, {"qual": "10-Diretor", "nome": "BERNARDO LOPES MACHADO"}, {"qual": "10-Diretor", "nome": "MARCOS TADEU MACHADO"}], "situacao": "ATIVA", "bairro": "SAO JOAO BATISTA (VENDA NOVA)", "logradouro": "R DOUTOR ALVARO CAMARGOS", "numero": "1236", "cep": "31.515-232", "municipio": "BELO HORIZONTE", "porte": "DEMAIS", "abertura": "19/10/1984", "natureza_juridica": "205-4 - Sociedade An\u00f4nima Fechada", "fantasia": "BIOMEDICAL", "cnpj": "19.848.316/0001-66", "ultima_atualizacao": "2020-02-08T00:46:42.289Z", "status": "OK", "tipo": "MATRIZ", "complemento": "", "efr": "", "motivo_situacao": "", "situacao_especial": "", "data_situacao_especial": "", "capital_social": "19030000.00", "extra": {}, "billing": {"free": false, "database": true}}