{"atividade_principal": [{"text": "Com\u00e9rcio atacadista de instrumentos e materiais para uso m\u00e9dico, cir\u00fargico, hospitalar e de laborat\u00f3rios", "code": "46.45-1-01"}], "data_situacao": "13/03/2014", "complemento": "SALA 501", "nome": "LOGUS - COMERCIO, SERVICOS E DISTRIBUICAO DE MATERIAL HOSPITALAR EIRELI", "uf": "RJ", "telefone": "(21) 2224-2282", "email": "alexandremaia.teclab@hotmail.com", "atividades_secundarias": [{"text": "Manuten\u00e7\u00e3o e repara\u00e7\u00e3o de aparelhos e instrumentos de medida, teste e controle", "code": "33.12-1-02"}, {"text": "Manuten\u00e7\u00e3o e repara\u00e7\u00e3o de aparelhos eletrom\u00e9dicos e eletroterap\u00eauticos e equipamentos de irradia\u00e7\u00e3o", "code": "33.12-1-03"}, {"text": "Com\u00e9rcio atacadista de m\u00e1quinas, aparelhos e equipamentos para uso odonto-m\u00e9dico-hospitalar; partes e pe\u00e7as", "code": "46.64-8-00"}, {"text": "Aluguel de equipamentos cient\u00edficos, m\u00e9dicos e hospitalares, sem operador", "code": "77.39-0-02"}, {"text": "Aluguel de outras m\u00e1quinas e equipamentos comerciais e industriais n\u00e3o especificados anteriormente, sem operador", "code": "77.39-0-99"}, {"text": "Limpeza em pr\u00e9dios e em domic\u00edlios", "code": "81.21-4-00"}], "qsa": [{"qual": "65-Titular Pessoa F\u00edsica Residente ou Domiciliado no Brasil", "nome": "ROSELI MAGALHAES DE SOUZA"}, {"qual": "05-Administrador", "nome": "ALEXANDRE MAIA DO NASCIMENTO"}], "situacao": "ATIVA", "bairro": "JARDIM 25 DE AGOSTO", "logradouro": "R ELIAS FRANCISCO PARIS", "numero": "343", "cep": "25.075-110", "municipio": "DUQUE DE CAXIAS", "porte": "EMPRESA DE PEQUENO PORTE", "abertura": "13/03/2014", "natureza_juridica": "230-5 - Empresa Individual de Responsabilidade Limitada (de Natureza Empres\u00e1ria)", "fantasia": "LOGUS - COMERCIO, SERVICOS E DISTRIBUICAO", "cnpj": "19.872.248/0001-70", "ultima_atualizacao": "2020-02-08T00:48:45.338Z", "status": "OK", "tipo": "MATRIZ", "efr": "", "motivo_situacao": "", "situacao_especial": "", "data_situacao_especial": "", "capital_social": "72400.00", "extra": {}, "billing": {"free": false, "database": true}}