{"atividade_principal": [{"text": "Com\u00e9rcio atacadista de instrumentos e materiais para uso m\u00e9dico, cir\u00fargico, hospitalar e de laborat\u00f3rios", "code": "46.45-1-01"}], "data_situacao": "13/03/2014", "complemento": "LOJA 132 E 133", "nome": "PHI COMERCIO HOSPITALAR LTDA", "uf": "RJ", "telefone": "(21) 3103-4487", "email": "phi@phihospitalar.com.br", "atividades_secundarias": [{"text": "Representantes comerciais e agentes do com\u00e9rcio de mercadorias em geral n\u00e3o especializado", "code": "46.19-2-00"}, {"text": "Com\u00e9rcio atacadista de roupas e acess\u00f3rios para uso profissional e de seguran\u00e7a do trabalho", "code": "46.42-7-02"}, {"text": "Com\u00e9rcio atacadista de medicamentos e drogas de uso humano", "code": "46.44-3-01"}, {"text": "Com\u00e9rcio atacadista de cosm\u00e9ticos e produtos de perfumaria", "code": "46.46-0-01"}, {"text": "Com\u00e9rcio atacadista de produtos de higiene pessoal", "code": "46.46-0-02"}, {"text": "Com\u00e9rcio atacadista de produtos de higiene, limpeza e conserva\u00e7\u00e3o domiciliar", "code": "46.49-4-08"}, {"text": "Com\u00e9rcio atacadista de m\u00e1quinas, aparelhos e equipamentos para uso odonto-m\u00e9dico-hospitalar; partes e pe\u00e7as", "code": "46.64-8-00"}], "qsa": [{"qual": "49-S\u00f3cio-Administrador", "nome": "GABRIEL DOMINGOS VASCONCELOS COELHO"}, {"qual": "49-S\u00f3cio-Administrador", "nome": "WILTON LUIZ SOARES REIS"}], "situacao": "ATIVA", "bairro": "RECREIO DOS BANDEIRANTES", "logradouro": "AV SALVADOR ALLENDE", "numero": "6700", "cep": "22.790-714", "municipio": "RIO DE JANEIRO", "porte": "MICRO EMPRESA", "abertura": "13/03/2014", "natureza_juridica": "206-2 - Sociedade Empres\u00e1ria Limitada", "cnpj": "19.870.779/0001-24", "ultima_atualizacao": "2020-02-07T23:12:51.035Z", "status": "OK", "tipo": "MATRIZ", "fantasia": "", "efr": "", "motivo_situacao": "", "situacao_especial": "", "data_situacao_especial": "", "capital_social": "20000.00", "extra": {}, "billing": {"free": false, "database": true}}