{"atividade_principal": [{"text": "Servi\u00e7os de telecomunica\u00e7\u00f5es sem fio n\u00e3o especificados anteriormente", "code": "61.20-5-99"}], "data_situacao": "17/03/2014", "complemento": "ANDAR 2", "nome": "CONSORCIO PREF. MACAE PP 216/2013", "uf": "RJ", "telefone": "(21) 2203-2502", "qsa": [{"qual": "20-Sociedade Consorciada", "nome": "TELEMAR NORTE LESTE S/A. - EM RECUPERACAO JUDICIAL"}, {"qual": "20-Sociedade Consorciada", "nome": "TNL PCS S/A"}, {"qual": "20-Sociedade Consorciada", "nome": "OI S.A. - EM RECUPERACAO JUDICIAL"}, {"qual": "05-Administrador", "nome": "BAYARD DE PAOLI GONTIJO"}], "situacao": "ATIVA", "bairro": "CENTRO", "logradouro": "R DO LAVRADIO", "numero": "71", "cep": "20.230-070", "municipio": "RIO DE JANEIRO", "porte": "DEMAIS", "abertura": "17/03/2014", "natureza_juridica": "215-1 - Cons\u00f3rcio de Sociedades", "cnpj": "19.890.951/0001-01", "ultima_atualizacao": "2020-02-07T23:49:00.544Z", "status": "OK", "tipo": "MATRIZ", "fantasia": "", "email": "", "efr": "", "motivo_situacao": "", "situacao_especial": "", "data_situacao_especial": "", "atividades_secundarias": [{"code": "00.00-0-00", "text": "N\u00e3o informada"}], "capital_social": "0.00", "extra": {}, "billing": {"free": false, "database": true}}