{"atividade_principal": [{"text": "Servi\u00e7os de acabamentos gr\u00e1ficos, exceto encaderna\u00e7\u00e3o e plastifica\u00e7\u00e3o", "code": "18.22-9-99"}], "data_situacao": "26/03/2014", "complemento": "PARTE", "nome": "A J MUNIZ EVENTOS", "uf": "RJ", "telefone": "(21) 7159-0080", "email": "fabio_jossane@hotmail.com", "atividades_secundarias": [{"text": "Servi\u00e7os de tratamento e revestimento em metais", "code": "25.39-0-02"}, {"text": "Fundi\u00e7\u00e3o de ferro e a\u00e7o", "code": "24.51-2-00"}, {"text": "Cunhagem de moedas e medalhas", "code": "32.11-6-03"}, {"text": "Impress\u00e3o de material para uso publicit\u00e1rio", "code": "18.13-0-01"}, {"text": "Produ\u00e7\u00e3o e promo\u00e7\u00e3o de eventos esportivos", "code": "93.19-1-01"}, {"text": "Servi\u00e7os de organiza\u00e7\u00e3o de feiras, congressos, exposi\u00e7\u00f5es e festas", "code": "82.30-0-01"}, {"text": "Fabrica\u00e7\u00e3o de artefatos de material pl\u00e1stico para outros usos n\u00e3o especificados anteriormente", "code": "22.29-3-99"}, {"text": "Confec\u00e7\u00e3o de roupas profissionais, exceto sob medida", "code": "14.13-4-01"}, {"text": "Com\u00e9rcio atacadista de equipamentos de inform\u00e1tica", "code": "46.51-6-01"}, {"text": "Com\u00e9rcio atacadista de artigos de escrit\u00f3rio e de papelaria", "code": "46.47-8-01"}, {"text": "Com\u00e9rcio atacadista de outros equipamentos e artigos de uso pessoal e dom\u00e9stico n\u00e3o especificados anteriormente", "code": "46.49-4-99"}, {"text": "Com\u00e9rcio varejista de artigos esportivos", "code": "47.63-6-02"}, {"text": "Com\u00e9rcio atacadista de aparelhos eletr\u00f4nicos de uso pessoal e dom\u00e9stico", "code": "46.49-4-02"}, {"text": "Com\u00e9rcio atacadista especializado em outros produtos intermedi\u00e1rios n\u00e3o especificados anteriormente", "code": "46.89-3-99"}], "qsa": [], "situacao": "ATIVA", "bairro": "CENTRO", "logradouro": "R HENRIQUE LUIZ DE FIGUEIREDO", "numero": "9", "cep": "24.890-000", "municipio": "TANGUA", "porte": "MICRO EMPRESA", "abertura": "26/03/2014", "natureza_juridica": "213-5 - Empres\u00e1rio (Individual)", "fantasia": "BLACK TOJA PRODUCOES", "cnpj": "20.022.382/0001-61", "ultima_atualizacao": "2020-02-08T04:57:54.353Z", "status": "OK", "tipo": "MATRIZ", "efr": "", "motivo_situacao": "", "situacao_especial": "", "data_situacao_especial": "", "capital_social": "100000.00", "extra": {}, "billing": {"free": false, "database": true}}