{"atividade_principal": [{"text": "Administra\u00e7\u00e3o de caixas escolares", "code": "85.50-3-01"}], "data_situacao": "30/04/2013", "nome": "CONSELHO ESCOLAR DA ESCOLA MUNICIPAL ONILDA MARIA DA COSTA", "uf": "RJ", "telefone": "(22) 2796-1734", "email": "semed@macae.rj.gov.br", "atividades_secundarias": [{"text": "Outras atividades de ensino n\u00e3o especificadas anteriormente", "code": "85.99-6-99"}], "qsa": [{"qual": "16-Presidente", "nome": "APARICIO DA SILVA DE SOUZA"}], "situacao": "ATIVA", "bairro": "LAGOMAR", "logradouro": "R QUINZE", "numero": "S/N", "cep": "27.910-200", "municipio": "MACAE", "porte": "DEMAIS", "abertura": "30/04/2013", "natureza_juridica": "399-9 - Associa\u00e7\u00e3o Privada", "fantasia": "CE EMOMC", "cnpj": "20.194.142/0001-44", "ultima_atualizacao": "2020-02-08T00:47:05.832Z", "status": "OK", "tipo": "MATRIZ", "complemento": "", "efr": "", "motivo_situacao": "", "situacao_especial": "", "data_situacao_especial": "", "capital_social": "0.00", "extra": {}, "billing": {"free": false, "database": true}}