{"atividade_principal": [{"text": "Atividades de organiza\u00e7\u00f5es religiosas ou filos\u00f3ficas", "code": "94.91-0-00"}], "data_situacao": "20/11/2011", "nome": "IGREJA BATISTA VILA PIRACEMA", "uf": "RJ", "telefone": "(22) 9860-4902", "qsa": [{"qual": "16-Presidente", "nome": "MARQUES ANTONIO DIAS"}], "situacao": "ATIVA", "bairro": "VILA PIRACEMA", "logradouro": "R PRINCIPAL", "numero": "00", "cep": "27.910-000", "municipio": "MACAE", "porte": "DEMAIS", "abertura": "20/11/2011", "natureza_juridica": "322-0 - Organiza\u00e7\u00e3o Religiosa", "cnpj": "20.364.093/0001-40", "ultima_atualizacao": "2020-02-07T23:11:00.718Z", "status": "OK", "tipo": "MATRIZ", "fantasia": "", "complemento": "", "email": "", "efr": "", "motivo_situacao": "", "situacao_especial": "", "data_situacao_especial": "", "atividades_secundarias": [{"code": "00.00-0-00", "text": "N\u00e3o informada"}], "capital_social": "0.00", "extra": {}, "billing": {"free": false, "database": true}}