{"atividade_principal": [{"text": "Atividades de sonoriza\u00e7\u00e3o e de ilumina\u00e7\u00e3o", "code": "90.01-9-06"}], "data_situacao": "01/07/2014", "complemento": "LOJA 02", "nome": "W L CARVALHO JUNIOR", "uf": "RJ", "telefone": "(22) 9853-9022", "email": "vibeproducoes@outlook.com", "atividades_secundarias": [{"text": "Aluguel de outras m\u00e1quinas e equipamentos comerciais e industriais n\u00e3o especificados anteriormente, sem operador", "code": "77.39-0-99"}, {"text": "Aluguel de palcos, coberturas e outras estruturas de uso tempor\u00e1rio, exceto andaimes", "code": "77.39-0-03"}, {"text": "Atividades de produ\u00e7\u00e3o de fotografias, exceto a\u00e9rea e submarina", "code": "74.20-0-01"}, {"text": "Casas de festas e eventos", "code": "82.30-0-02"}, {"text": "Instala\u00e7\u00e3o de portas, janelas, tetos, divis\u00f3rias e arm\u00e1rios embutidos de qualquer material", "code": "43.30-4-02"}, {"text": "Outras atividades de recrea\u00e7\u00e3o e lazer n\u00e3o especificadas anteriormente", "code": "93.29-8-99"}, {"text": "Produ\u00e7\u00e3o musical", "code": "90.01-9-02"}, {"text": "Produ\u00e7\u00e3o teatral", "code": "90.01-9-01"}, {"text": "Servi\u00e7os de organiza\u00e7\u00e3o de feiras, congressos, exposi\u00e7\u00f5es e festas", "code": "82.30-0-01"}], "qsa": [], "situacao": "ATIVA", "bairro": "BOCAINA", "logradouro": "R PASTOR MANOEL DE BRITO", "numero": "209", "cep": "28.740-000", "municipio": "CONCEICAO DE MACABU", "porte": "MICRO EMPRESA", "abertura": "01/07/2014", "natureza_juridica": "213-5 - Empres\u00e1rio (Individual)", "fantasia": "VIBE PRODUCOES", "cnpj": "20.531.898/0001-31", "ultima_atualizacao": "2020-02-08T17:28:55.845Z", "status": "OK", "tipo": "MATRIZ", "efr": "", "motivo_situacao": "", "situacao_especial": "", "data_situacao_especial": "", "capital_social": "100000.00", "extra": {}, "billing": {"free": false, "database": false}}