{"atividade_principal": [{"text": "Outras atividades esportivas n\u00e3o especificadas anteriormente", "code": "93.19-1-99"}], "data_situacao": "28/07/2014", "nome": "ADRIANA GONCALVES FERRAZ VALENTE", "uf": "MG", "telefone": "(31) 3397-6734/ (31) 3397-7011", "email": "nandocq@gmail.com", "atividades_secundarias": [{"text": "Produ\u00e7\u00e3o e promo\u00e7\u00e3o de eventos esportivos", "code": "93.19-1-01"}], "qsa": [], "situacao": "ATIVA", "bairro": "PETROLANDIA", "logradouro": "R PROPANO", "numero": "56", "cep": "32.072-130", "municipio": "CONTAGEM", "porte": "MICRO EMPRESA", "abertura": "28/07/2014", "natureza_juridica": "213-5 - Empres\u00e1rio (Individual)", "fantasia": "CRONOTAG CRONOMETRAGEM", "cnpj": "20.718.843/0001-35", "ultima_atualizacao": "2020-02-08T17:13:02.358Z", "status": "OK", "tipo": "MATRIZ", "complemento": "", "efr": "", "motivo_situacao": "", "situacao_especial": "", "data_situacao_especial": "", "capital_social": "10000.00", "extra": {}, "billing": {"free": false, "database": false}}