{"atividade_principal": [{"text": "Com\u00e9rcio por atacado de pe\u00e7as e acess\u00f3rios novos para ve\u00edculos automotores", "code": "45.30-7-01"}], "data_situacao": "13/08/2014", "nome": "JB COMERCIO DE PECAS PARA VEICULOS EIRELI", "uf": "SP", "telefone": "(14) 3372-1063", "email": "jbpecasepneus@gmail.com", "atividades_secundarias": [{"text": "Com\u00e9rcio por atacado de pneum\u00e1ticos e c\u00e2maras-de-ar", "code": "45.30-7-02"}, {"text": "Com\u00e9rcio a varejo de pe\u00e7as e acess\u00f3rios novos para ve\u00edculos automotores", "code": "45.30-7-03"}, {"text": "Com\u00e9rcio a varejo de pneum\u00e1ticos e c\u00e2maras-de-ar", "code": "45.30-7-05"}, {"text": "Com\u00e9rcio atacadista de lubrificantes", "code": "46.81-8-05"}, {"text": "Com\u00e9rcio varejista de lubrificantes", "code": "47.32-6-00"}, {"text": "Com\u00e9rcio a varejo de autom\u00f3veis, camionetas e utilit\u00e1rios novos", "code": "45.11-1-01"}], "qsa": [{"qual": "65-Titular Pessoa F\u00edsica Residente ou Domiciliado no Brasil", "nome": "JOAO BATISTA ZILLI NETO"}], "situacao": "ATIVA", "bairro": "CENTRO", "logradouro": "AV MARIO AMARAL GURGEL", "numero": "446", "cep": "17.480-000", "municipio": "CABRALIA PAULISTA", "porte": "EMPRESA DE PEQUENO PORTE", "abertura": "13/08/2014", "natureza_juridica": "230-5 - Empresa Individual de Responsabilidade Limitada (de Natureza Empres\u00e1ria)", "cnpj": "20.831.339/0001-47", "ultima_atualizacao": "2020-02-08T04:15:31.916Z", "status": "OK", "tipo": "MATRIZ", "fantasia": "", "complemento": "", "efr": "", "motivo_situacao": "", "situacao_especial": "", "data_situacao_especial": "", "capital_social": "110000.00", "extra": {}, "billing": {"free": false, "database": true}}