{"atividade_principal": [{"text": "Administra\u00e7\u00e3o de caixas escolares", "code": "85.50-3-01"}], "data_situacao": "16/10/2014", "nome": "CONSELHO ESCOLAR DA ESCOLA MUNICIPAL PAULO FREIRE", "uf": "RJ", "telefone": "(22) 9780-6333", "atividades_secundarias": [{"text": "Outras atividades de ensino n\u00e3o especificadas anteriormente", "code": "85.99-6-99"}], "qsa": [{"qual": "16-Presidente", "nome": "JOELMA DE LIMA PEREIRA MARINS"}], "situacao": "ATIVA", "bairro": "LAGOMAR", "logradouro": "AV DOUTOR SERGIO VIEIRA DE MELLO", "numero": "S/N", "cep": "27.966-620", "municipio": "MACAE", "porte": "DEMAIS", "abertura": "16/10/2014", "natureza_juridica": "399-9 - Associa\u00e7\u00e3o Privada", "fantasia": "CE EMPF", "cnpj": "21.297.428/0001-18", "ultima_atualizacao": "2020-02-07T23:45:43.447Z", "status": "OK", "tipo": "MATRIZ", "complemento": "", "email": "", "efr": "", "motivo_situacao": "", "situacao_especial": "", "data_situacao_especial": "", "capital_social": "0.00", "extra": {}, "billing": {"free": false, "database": true}}