{"atividade_principal": [{"text": "Horticultura, exceto morango", "code": "01.21-1-01"}], "data_situacao": "13/11/2014", "complemento": "ESTRADA DO CABRAL RJ 130 KM 43 5 ESTRADA FRIBURGO TERESOPOLI S", "nome": "COOPERATIVA DE MULHERES RURAL LEGAL DE NOVA FRIBURGO", "uf": "RJ", "telefone": "(22) 7401-6063", "atividades_secundarias": [{"text": "Atividades de apoio \u00e0 agricultura n\u00e3o especificadas anteriormente", "code": "01.61-0-99"}, {"text": "Fabrica\u00e7\u00e3o de conservas de legumes e outros vegetais, exceto palmito", "code": "10.32-5-99"}, {"text": "Com\u00e9rcio varejista de produtos aliment\u00edcios em geral ou especializado em produtos aliment\u00edcios n\u00e3o especificados anteriormente", "code": "47.29-6-99"}, {"text": "Servi\u00e7os de agronomia e de consultoria \u00e0s atividades agr\u00edcolas e pecu\u00e1rias", "code": "74.90-1-03"}, {"text": "Envasamento e empacotamento sob contrato", "code": "82.92-0-00"}, {"text": "Treinamento em desenvolvimento profissional e gerencial", "code": "85.99-6-04"}], "qsa": [{"qual": "16-Presidente", "nome": "OLENDINA SALARINI FERREIRA"}, {"qual": "10-Diretor", "nome": "MARGARIDA LUBEA DA CONCEICAO TORRES MARQUY"}], "situacao": "ATIVA", "bairro": "CONQUISTA", "logradouro": "AV ANTONIO MARIO DE AZEVEDO", "numero": "S/N", "cep": "28.630-590", "municipio": "NOVA FRIBURGO", "porte": "DEMAIS", "abertura": "13/11/2014", "natureza_juridica": "214-3 - Cooperativa", "fantasia": "CRL-MULHER", "cnpj": "21.473.241/0001-28", "ultima_atualizacao": "2020-02-08T17:24:45.421Z", "status": "OK", "tipo": "MATRIZ", "email": "", "efr": "", "motivo_situacao": "", "situacao_especial": "", "data_situacao_especial": "", "capital_social": "10000.00", "extra": {}, "billing": {"free": false, "database": false}}