{"atividade_principal": [{"text": "Laborat\u00f3rios de anatomia patol\u00f3gica e citol\u00f3gica", "code": "86.40-2-01"}], "data_situacao": "29/09/2001", "complemento": "CONJ 1.009 SALA 903/1003 1004/1007/1008/1010", "nome": "LABORATORIO TAFURI DE PATOLOGIA LIMITADA", "uf": "MG", "telefone": "(31) 3273-2503", "email": "financeiro@laboratoriotafuri.com.br", "qsa": [{"qual": "22-S\u00f3cio", "nome": "CELSO PEDRO TAFURI"}, {"qual": "49-S\u00f3cio-Administrador", "nome": "ALEXANDRE TAFURI"}, {"qual": "49-S\u00f3cio-Administrador", "nome": "MARIA EUGENIA TAFURI CAMPOS"}, {"qual": "22-S\u00f3cio", "nome": "VALERIA APARECIDA DOS SANTOS GRAMISCELHI"}, {"qual": "22-S\u00f3cio", "nome": "ANTONIO ALEXANDRE LISBOA LADEIA"}], "situacao": "ATIVA", "bairro": "CENTRO", "logradouro": "R SAO PAULO", "numero": "893", "cep": "30.170-131", "municipio": "BELO HORIZONTE", "porte": "DEMAIS", "abertura": "17/07/1980", "natureza_juridica": "206-2 - Sociedade Empres\u00e1ria Limitada", "cnpj": "21.515.556/0001-90", "ultima_atualizacao": "2020-02-08T16:57:31.603Z", "status": "OK", "tipo": "MATRIZ", "fantasia": "", "efr": "", "motivo_situacao": "", "situacao_especial": "", "data_situacao_especial": "", "atividades_secundarias": [{"code": "00.00-0-00", "text": "N\u00e3o informada"}], "capital_social": "910000.00", "extra": {}, "billing": {"free": false, "database": false}}