{"atividade_principal": [{"text": "Com\u00e9rcio varejista de mercadorias em geral, com predomin\u00e2ncia de produtos aliment\u00edcios - minimercados, mercearias e armaz\u00e9ns", "code": "47.12-1-00"}], "data_situacao": "30/01/2015", "complemento": ": PARTE;", "nome": "R VIANA MERCADINHO E ACOUGUE EIRELI", "uf": "RJ", "telefone": "(22) 2770-0921", "atividades_secundarias": [{"text": "Com\u00e9rcio varejista de carnes - a\u00e7ougues", "code": "47.22-9-01"}], "qsa": [{"qual": "65-Titular Pessoa F\u00edsica Residente ou Domiciliado no Brasil", "nome": "ROMILDO VIANA"}], "situacao": "ATIVA", "bairro": "BARRA DE MACAE", "logradouro": "R CALIXTO FERNANDES DAS NEVES", "numero": "299", "cep": "27.961-068", "municipio": "MACAE", "porte": "MICRO EMPRESA", "abertura": "30/01/2015", "natureza_juridica": "230-5 - Empresa Individual de Responsabilidade Limitada (de Natureza Empres\u00e1ria)", "cnpj": "21.793.296/0001-15", "ultima_atualizacao": "2020-02-08T17:17:47.671Z", "status": "OK", "tipo": "MATRIZ", "fantasia": "", "email": "", "efr": "", "motivo_situacao": "", "situacao_especial": "", "data_situacao_especial": "", "capital_social": "100000.00", "extra": {}, "billing": {"free": false, "database": false}}