{"atividade_principal": [{"text": "Com\u00e9rcio varejista especializado de eletrodom\u00e9sticos e equipamentos de \u00e1udio e v\u00eddeo", "code": "47.53-9-00"}], "data_situacao": "11/06/2005", "complemento": "FUNDOS", "nome": "OZON LIFE BELOAR COMERCIO E INDUSTRIA BEBEDOUROS EIRELI", "uf": "MG", "telefone": "(31) 3385-1719", "email": "pongeluppeassessoria@gmail.com", "atividades_secundarias": [{"text": "Fabrica\u00e7\u00e3o de outros aparelhos eletrodom\u00e9sticos n\u00e3o especificados anteriormente, pe\u00e7as e acess\u00f3rios", "code": "27.59-7-99"}, {"text": "Fabrica\u00e7\u00e3o de m\u00e1quinas e aparelhos de refrigera\u00e7\u00e3o e ventila\u00e7\u00e3o para uso industrial e comercial, pe\u00e7as e acess\u00f3rios", "code": "28.23-2-00"}, {"text": "Instala\u00e7\u00e3o de m\u00e1quinas e equipamentos industriais", "code": "33.21-0-00"}, {"text": "Aluguel de m\u00f3veis, utens\u00edlios e aparelhos de uso dom\u00e9stico e pessoal; instrumentos musicais", "code": "77.29-2-02"}, {"text": "Repara\u00e7\u00e3o e manuten\u00e7\u00e3o de equipamentos eletroeletr\u00f4nicos de uso pessoal e dom\u00e9stico", "code": "95.21-5-00"}], "qsa": [{"qual": "65-Titular Pessoa F\u00edsica Residente ou Domiciliado no Brasil", "nome": "MADIEL ORNELA DA SILVA"}], "situacao": "ATIVA", "bairro": "LINDEIA", "logradouro": "R MARGARIDA BRANCA", "numero": "115", "cep": "30.690-160", "municipio": "BELO HORIZONTE", "porte": "EMPRESA DE PEQUENO PORTE", "abertura": "08/09/1986", "natureza_juridica": "230-5 - Empresa Individual de Responsabilidade Limitada (de Natureza Empres\u00e1ria)", "fantasia": "BELOAR BEBEDOUROS", "cnpj": "22.301.972/0001-59", "ultima_atualizacao": "2020-02-08T18:01:57.627Z", "status": "OK", "tipo": "MATRIZ", "efr": "", "motivo_situacao": "", "situacao_especial": "", "data_situacao_especial": "", "capital_social": "100000.00", "extra": {}, "billing": {"free": false, "database": false}}