{"atividade_principal": [{"text": "Com\u00e9rcio atacadista de instrumentos e materiais para uso m\u00e9dico, cir\u00fargico, hospitalar e de laborat\u00f3rios", "code": "46.45-1-01"}], "data_situacao": "16/06/2015", "nome": "RAPHAEL GONCALVES NICESIO", "uf": "SP", "telefone": "(17) 3227-5432", "email": "rhoss@rhoss.com.br", "atividades_secundarias": [{"text": "Com\u00e9rcio atacadista de pr\u00f3teses e artigos de ortopedia", "code": "46.45-1-02"}, {"text": "Com\u00e9rcio atacadista de m\u00e1quinas, aparelhos e equipamentos para uso odonto-m\u00e9dico-hospitalar; partes e pe\u00e7as", "code": "46.64-8-00"}, {"text": "Com\u00e9rcio varejista de artigos m\u00e9dicos e ortop\u00e9dicos", "code": "47.73-3-00"}], "qsa": [], "situacao": "ATIVA", "bairro": "JARDIM CONGONHAS", "logradouro": "R REINALDO ORLANDO NOGUEIRA", "numero": "749", "cep": "15.030-060", "municipio": "SAO JOSE DO RIO PRETO", "porte": "EMPRESA DE PEQUENO PORTE", "abertura": "16/06/2015", "natureza_juridica": "213-5 - Empres\u00e1rio (Individual)", "fantasia": "RHOSS", "cnpj": "22.654.814/0001-82", "ultima_atualizacao": "2020-02-08T17:49:36.473Z", "status": "OK", "tipo": "MATRIZ", "complemento": "", "efr": "", "motivo_situacao": "", "situacao_especial": "", "data_situacao_especial": "", "capital_social": "20000.00", "extra": {}, "billing": {"free": false, "database": false}}