{"atividade_principal": [{"text": "Com\u00e9rcio a varejo de autom\u00f3veis, camionetas e utilit\u00e1rios novos", "code": "45.11-1-01"}], "data_situacao": "03/11/2005", "nome": "LIDER COMERCIO E INDUSTRIA S.A.", "uf": "MG", "telefone": "(32) 3696-2017/ (32) 3696-2000", "email": "maria.vitoria@grupolider.com.br", "atividades_secundarias": [{"text": "Com\u00e9rcio a varejo de autom\u00f3veis, camionetas e utilit\u00e1rios usados", "code": "45.11-1-02"}, {"text": "Servi\u00e7os de manuten\u00e7\u00e3o e repara\u00e7\u00e3o mec\u00e2nica de ve\u00edculos automotores", "code": "45.20-0-01"}, {"text": "Servi\u00e7os de lanternagem ou funilaria e pintura de ve\u00edculos automotores", "code": "45.20-0-02"}, {"text": "Servi\u00e7os de manuten\u00e7\u00e3o e repara\u00e7\u00e3o el\u00e9trica de ve\u00edculos automotores", "code": "45.20-0-03"}, {"text": "Servi\u00e7os de alinhamento e balanceamento de ve\u00edculos automotores", "code": "45.20-0-04"}, {"text": "Servi\u00e7os de instala\u00e7\u00e3o, manuten\u00e7\u00e3o e repara\u00e7\u00e3o de acess\u00f3rios para ve\u00edculos automotores", "code": "45.20-0-07"}, {"text": "Com\u00e9rcio a varejo de pe\u00e7as e acess\u00f3rios novos para ve\u00edculos automotores", "code": "45.30-7-03"}, {"text": "Com\u00e9rcio a varejo de pneum\u00e1ticos e c\u00e2maras-de-ar", "code": "45.30-7-05"}, {"text": "Com\u00e9rcio varejista de lubrificantes", "code": "47.32-6-00"}, {"text": "Atividades de intermedia\u00e7\u00e3o e agenciamento de servi\u00e7os e neg\u00f3cios em geral, exceto imobili\u00e1rios", "code": "74.90-1-04"}], "qsa": [{"qual": "10-Diretor", "nome": "BIANCA MENDONCA BRAZ"}, {"qual": "10-Diretor", "nome": "JOAO BATISTA DIAS"}], "situacao": "ATIVA", "bairro": "BARRA", "logradouro": "ROD BR-116", "numero": "S/N", "cep": "36.884-114", "municipio": "MURIAE", "porte": "DEMAIS", "abertura": "05/10/1967", "natureza_juridica": "205-4 - Sociedade An\u00f4nima Fechada", "cnpj": "22.776.132/0001-42", "ultima_atualizacao": "2020-02-08T00:41:51.316Z", "status": "OK", "tipo": "MATRIZ", "fantasia": "", "complemento": "", "efr": "", "motivo_situacao": "", "situacao_especial": "", "data_situacao_especial": "", "capital_social": "3860000.00", "extra": {}, "billing": {"free": false, "database": true}}