{"atividade_principal": [{"text": "Com\u00e9rcio atacadista de tecidos", "code": "46.41-9-01"}], "data_situacao": "07/08/2015", "nome": "COELHO E MACHADO COMERCIAL E DISTRIBUIDORA EIRELI", "uf": "RJ", "telefone": "(21) 3864-8998", "email": "comercialviptexdistribuidora.com.br", "atividades_secundarias": [{"text": "Com\u00e9rcio atacadista de artigos do vestu\u00e1rio e acess\u00f3rios, exceto profissionais e de seguran\u00e7a", "code": "46.42-7-01"}, {"text": "Com\u00e9rcio atacadista de cal\u00e7ados", "code": "46.43-5-01"}, {"text": "Com\u00e9rcio atacadista de bolsas, malas e artigos de viagem", "code": "46.43-5-02"}, {"text": "Com\u00e9rcio atacadista de roupas e acess\u00f3rios para uso profissional e de seguran\u00e7a do trabalho", "code": "46.42-7-02"}, {"text": "Com\u00e9rcio atacadista de outras m\u00e1quinas e equipamentos n\u00e3o especificados anteriormente; partes e pe\u00e7as", "code": "46.69-9-99"}, {"text": "Com\u00e9rcio varejista de artigos esportivos", "code": "47.63-6-02"}, {"text": "Com\u00e9rcio atacadista de artigos de escrit\u00f3rio e de papelaria", "code": "46.47-8-01"}, {"text": "Com\u00e9rcio atacadista de artigos de armarinho", "code": "46.41-9-03"}, {"text": "Com\u00e9rcio atacadista de artigos de cama, mesa e banho", "code": "46.41-9-02"}, {"text": "Com\u00e9rcio atacadista de suprimentos para inform\u00e1tica", "code": "46.51-6-02"}], "qsa": [{"qual": "65-Titular Pessoa F\u00edsica Residente ou Domiciliado no Brasil", "nome": "PATRICIA GONCALVES MACHADO"}], "situacao": "ATIVA", "bairro": "BOTAFOGO", "logradouro": "R SAO CLEMENTE", "numero": "00258", "cep": "22.260-004", "municipio": "RIO DE JANEIRO", "porte": "MICRO EMPRESA", "abertura": "07/08/2015", "natureza_juridica": "230-5 - Empresa Individual de Responsabilidade Limitada (de Natureza Empres\u00e1ria)", "fantasia": "VIP TEX DISTRIBUIDORA", "cnpj": "23.027.027/0001-73", "ultima_atualizacao": "2020-02-08T17:05:30.677Z", "status": "OK", "tipo": "MATRIZ", "complemento": "", "efr": "", "motivo_situacao": "", "situacao_especial": "", "data_situacao_especial": "", "capital_social": "700000.00", "extra": {}, "billing": {"free": false, "database": false}}