{"atividade_principal": [{"text": "Constru\u00e7\u00e3o de edif\u00edcios", "code": "41.20-4-00"}], "data_situacao": "20/08/2015", "complemento": "SLJ 03", "nome": "PRAD SERVICE EIRELI", "uf": "RJ", "telefone": "(24) 2242-0331", "atividades_secundarias": [{"text": "Instala\u00e7\u00e3o e manuten\u00e7\u00e3o el\u00e9trica", "code": "43.21-5-00"}, {"text": "Instala\u00e7\u00f5es hidr\u00e1ulicas, sanit\u00e1rias e de g\u00e1s", "code": "43.22-3-01"}, {"text": "Outras obras de acabamento da constru\u00e7\u00e3o", "code": "43.30-4-99"}, {"text": "Servi\u00e7os de engenharia", "code": "71.12-0-00"}, {"text": "Servi\u00e7os especializados para constru\u00e7\u00e3o n\u00e3o especificados anteriormente", "code": "43.99-1-99"}], "qsa": [{"qual": "65-Titular Pessoa F\u00edsica Residente ou Domiciliado no Brasil", "nome": "LAIZE THEREZINHA RABELLO"}], "situacao": "ATIVA", "bairro": "CENTRO", "logradouro": "R IRMAOS D'ANGELO", "numero": "86", "cep": "25.685-330", "municipio": "PETROPOLIS", "porte": "EMPRESA DE PEQUENO PORTE", "abertura": "20/08/2015", "natureza_juridica": "230-5 - Empresa Individual de Responsabilidade Limitada (de Natureza Empres\u00e1ria)", "cnpj": "23.106.331/0001-06", "ultima_atualizacao": "2020-02-08T04:41:25.002Z", "status": "OK", "tipo": "MATRIZ", "fantasia": "", "email": "", "efr": "", "motivo_situacao": "", "situacao_especial": "", "data_situacao_especial": "", "capital_social": "78800.00", "extra": {}, "billing": {"free": false, "database": true}}