{"atividade_principal": [{"text": "Edi\u00e7\u00e3o de cadastros, listas e de outros produtos gr\u00e1ficos", "code": "58.19-1-00"}], "data_situacao": "06/10/2015", "nome": "MARCIO EVANDRO NUNES DA COSTA 04198524769", "uf": "RJ", "telefone": "(22) 2765-3424", "email": "menunesdacosta@ymail.com", "qsa": [], "situacao": "ATIVA", "bairro": "CORREGO DO OURO", "logradouro": "AV MIGUEL PEIXOTO GUIMARAES", "numero": "SN", "cep": "27.980-000", "municipio": "MACAE", "porte": "MICRO EMPRESA", "abertura": "06/10/2015", "natureza_juridica": "213-5 - Empres\u00e1rio (Individual)", "fantasia": "GRAFICA SERRANA", "cnpj": "23.422.118/0001-03", "ultima_atualizacao": "2020-02-08T17:58:51.375Z", "status": "OK", "tipo": "MATRIZ", "complemento": "", "efr": "", "motivo_situacao": "", "situacao_especial": "", "data_situacao_especial": "", "atividades_secundarias": [{"code": "00.00-0-00", "text": "N\u00e3o informada"}], "capital_social": "5000.00", "extra": {}, "billing": {"free": false, "database": false}}