{"atividade_principal": [{"text": "Outras atividades profissionais, cient\u00edficas e t\u00e9cnicas n\u00e3o especificadas anteriormente", "code": "74.90-1-99"}], "data_situacao": "23/09/2015", "complemento": "QUADRA00F LOTE 009", "nome": "FUTURA CONSULTORIA LTDA.", "uf": "RJ", "telefone": "(22) 9277-4602/ (22) 9806-1260", "email": "futura@futura-consultoria.com", "atividades_secundarias": [{"text": "Atividades de consultoria e auditoria cont\u00e1bil e tribut\u00e1ria", "code": "69.20-6-02"}], "qsa": [{"qual": "49-S\u00f3cio-Administrador", "nome": "ELAINE COSTA DA ASSUNCAO DE MELLO"}, {"qual": "22-S\u00f3cio", "nome": "LEONARDO VASCONCELOS ROSA"}], "situacao": "ATIVA", "bairro": "CANTINHO DO MAR", "logradouro": "R GRANADA", "numero": "111", "cep": "28.890-663", "municipio": "RIO DAS OSTRAS", "porte": "MICRO EMPRESA", "abertura": "23/09/2015", "natureza_juridica": "224-0 - Sociedade Simples Limitada", "fantasia": "FUTURA CONSULTORIA", "cnpj": "23.613.859/0001-71", "ultima_atualizacao": "2020-02-08T17:53:29.719Z", "status": "OK", "tipo": "MATRIZ", "efr": "", "motivo_situacao": "", "situacao_especial": "", "data_situacao_especial": "", "capital_social": "2000.00", "extra": {}, "billing": {"free": false, "database": false}}