{"atividade_principal": [{"text": "Administra\u00e7\u00e3o de cons\u00f3rcios para aquisi\u00e7\u00e3o de bens e direitos", "code": "64.93-0-00"}], "data_situacao": "21/12/2015", "complemento": "GALPAO", "nome": "CONSORCIO ESTRELA", "uf": "RJ", "telefone": "(21) 2462-2657", "qsa": [{"qual": "05-Administrador", "nome": "EDSON FREIRE DA CUNHA"}, {"qual": "20-Sociedade Consorciada", "nome": "SULDEBRAS - SUL DO BRASIL COMERCIO E INDUSTRIA LTDA"}, {"qual": "20-Sociedade Consorciada", "nome": "EMPREFOUR INDUSTRIA E COMERCIO LTDA"}], "situacao": "ATIVA", "bairro": "BONSUCESSO", "logradouro": "R JOAO TORQUATO", "numero": "151", "cep": "21.032-150", "municipio": "RIO DE JANEIRO", "porte": "DEMAIS", "abertura": "21/12/2015", "natureza_juridica": "215-1 - Cons\u00f3rcio de Sociedades", "cnpj": "23.875.031/0001-91", "ultima_atualizacao": "2020-02-08T04:42:52.036Z", "status": "OK", "tipo": "MATRIZ", "fantasia": "", "email": "", "efr": "", "motivo_situacao": "", "situacao_especial": "", "data_situacao_especial": "", "atividades_secundarias": [{"code": "00.00-0-00", "text": "N\u00e3o informada"}], "capital_social": "0.00", "extra": {}, "billing": {"free": false, "database": true}}