{"atividade_principal": [{"text": "Com\u00e9rcio varejista de produtos saneantes domissanit\u00e1rios", "code": "47.89-0-05"}], "data_situacao": "30/05/2016", "complemento": "LOJA 06", "nome": "JCP SANTOS DISTRIBUIDORA LTDA", "uf": "RJ", "telefone": "(22) 9863-6753", "atividades_secundarias": [{"text": "Com\u00e9rcio varejista de artigos de papelaria", "code": "47.61-0-03"}, {"text": "Com\u00e9rcio varejista de mercadorias em geral, com predomin\u00e2ncia de produtos aliment\u00edcios - minimercados, mercearias e armaz\u00e9ns", "code": "47.12-1-00"}, {"text": "Com\u00e9rcio varejista de outros produtos n\u00e3o especificados anteriormente", "code": "47.89-0-99"}], "qsa": [{"qual": "49-S\u00f3cio-Administrador", "nome": "CINTHIA CALDAS DOS SANTOS"}, {"qual": "22-S\u00f3cio", "nome": "MARCELO MAURICIO DOS SANTOS"}], "situacao": "ATIVA", "bairro": "ALTO CAJUEIROS", "logradouro": "AV RUI BARBOSA", "numero": "2237", "cep": "27.915-011", "municipio": "MACAE", "porte": "EMPRESA DE PEQUENO PORTE", "abertura": "30/05/2016", "natureza_juridica": "206-2 - Sociedade Empres\u00e1ria Limitada", "fantasia": "MUNDO LIMPO", "cnpj": "24.996.267/0001-49", "ultima_atualizacao": "2020-02-08T17:36:29.725Z", "status": "OK", "tipo": "MATRIZ", "email": "", "efr": "", "motivo_situacao": "", "situacao_especial": "", "data_situacao_especial": "", "capital_social": "80000.00", "extra": {}, "billing": {"free": false, "database": false}}