{"data_situacao": "19/09/2018", "motivo_situacao": "EXTINCAO P/ ENC LIQ VOLUNTARIA", "nome": "GSW IMPORTACAO E EXPORTACAO LTDA", "telefone": "(21) 3226-8040", "situacao": "BAIXADA", "porte": "EMPRESA DE PEQUENO PORTE", "abertura": "06/09/2016", "natureza_juridica": "206-2 - Sociedade Empres\u00e1ria Limitada", "cnpj": "26.117.789/0001-59", "ultima_atualizacao": "2020-02-08T16:54:50.728Z", "status": "OK", "tipo": "MATRIZ", "fantasia": "", "logradouro": "", "numero": "", "complemento": "", "cep": "", "bairro": "", "municipio": "", "uf": "", "email": "", "efr": "", "situacao_especial": "", "data_situacao_especial": "", "atividade_principal": [{"code": "00.00-0-00", "text": "********"}], "atividades_secundarias": [{"code": "00.00-0-00", "text": "N\u00e3o informada"}], "capital_social": "0.00", "qsa": [], "extra": {}, "billing": {"free": false, "database": false}}