{"atividade_principal": [{"text": "Com\u00e9rcio varejista de artigos m\u00e9dicos e ortop\u00e9dicos", "code": "47.73-3-00"}], "data_situacao": "19/03/2005", "nome": "ORTOPEDIA SAO JOSE LTDA", "uf": "RJ", "atividades_secundarias": [{"text": "Fabrica\u00e7\u00e3o de aparelhos e utens\u00edlios para corre\u00e7\u00e3o de defeitos f\u00edsicos e aparelhos ortop\u00e9dicos em geral sob encomenda", "code": "32.50-7-03"}, {"text": "Com\u00e9rcio atacadista de instrumentos e materiais para uso m\u00e9dico, cir\u00fargico, hospitalar e de laborat\u00f3rios", "code": "46.45-1-01"}, {"text": "Aluguel de material m\u00e9dico", "code": "77.29-2-03"}, {"text": "Outras atividades de servi\u00e7os pessoais n\u00e3o especificadas anteriormente", "code": "96.09-2-99"}], "qsa": [{"qual": "49-S\u00f3cio-Administrador", "nome": "VANIA CRISTINA DA SILVA CUNHA"}, {"qual": "22-S\u00f3cio", "nome": "MANOEL LUIZ DA SILVA CUNHA"}, {"qual": "22-S\u00f3cio", "nome": "CAMILA CRISTINA DA SILVA CUNHA"}], "situacao": "ATIVA", "bairro": "CENTRO", "logradouro": "R DOS ANDRADAS", "numero": "104", "cep": "28.010-300", "municipio": "CAMPOS DOS GOYTACAZES", "porte": "MICRO EMPRESA", "abertura": "22/04/1981", "natureza_juridica": "206-2 - Sociedade Empres\u00e1ria Limitada", "fantasia": "ORTOPEDIA SAO JOSE", "cnpj": "27.198.480/0001-01", "ultima_atualizacao": "2020-02-08T17:56:24.163Z", "status": "OK", "tipo": "MATRIZ", "complemento": "", "email": "", "telefone": "", "efr": "", "motivo_situacao": "", "situacao_especial": "", "data_situacao_especial": "", "capital_social": "350000.00", "extra": {}, "billing": {"free": false, "database": false}}