{"atividade_principal": [{"text": "Com\u00e9rcio varejista especializado de equipamentos de telefonia e comunica\u00e7\u00e3o", "code": "47.52-1-00"}], "data_situacao": "12/07/2003", "complemento": "SOBRADO", "nome": "INFOLITE TECNOLOGIA E SISTEMAS LTDA", "uf": "RJ", "telefone": "(21) 2533-2378/ (21) 2240-2396", "email": "comercial@infolite.com.br", "atividades_secundarias": [{"text": "Manuten\u00e7\u00e3o e repara\u00e7\u00e3o de aparelhos e instrumentos de medida, teste e controle", "code": "33.12-1-02"}, {"text": "Instala\u00e7\u00e3o de m\u00e1quinas e equipamentos industriais", "code": "33.21-0-00"}, {"text": "Manuten\u00e7\u00e3o e repara\u00e7\u00e3o de m\u00e1quinas, aparelhos e materiais el\u00e9tricos n\u00e3o especificados anteriormente", "code": "33.13-9-99"}, {"text": "Instala\u00e7\u00e3o de outros equipamentos n\u00e3o especificados anteriormente", "code": "33.29-5-99"}], "qsa": [{"qual": "49-S\u00f3cio-Administrador", "nome": "LUCIANO QUITETE POVOA"}, {"qual": "49-S\u00f3cio-Administrador", "nome": "ANTONIO JOSE DE MATOS FALCAO"}], "situacao": "ATIVA", "bairro": "SAO CRISTOVAO", "logradouro": "R SINIMBU", "numero": "387", "cep": "20.910-180", "municipio": "RIO DE JANEIRO", "porte": "EMPRESA DE PEQUENO PORTE", "abertura": "21/09/1994", "natureza_juridica": "206-2 - Sociedade Empres\u00e1ria Limitada", "cnpj": "00.204.011/0001-93", "ultima_atualizacao": "2020-02-08T21:06:05.071Z", "status": "OK", "tipo": "MATRIZ", "fantasia": "", "efr": "", "motivo_situacao": "", "situacao_especial": "", "data_situacao_especial": "", "capital_social": "110000.00", "extra": {}, "billing": {"free": false, "database": false}}