{"atividade_principal": [{"text": "Consultoria em tecnologia da informa\u00e7\u00e3o", "code": "62.04-0-00"}], "data_situacao": "03/11/2005", "complemento": "SALA 1302 E 1303", "nome": "DATAVIX INFORMATICA LTDA", "uf": "RJ", "telefone": "(21) 2222-2222", "atividades_secundarias": [{"text": "Suporte t\u00e9cnico, manuten\u00e7\u00e3o e outros servi\u00e7os em tecnologia da informa\u00e7\u00e3o", "code": "62.09-1-00"}, {"text": "Desenvolvimento e licenciamento de programas de computador customiz\u00e1veis", "code": "62.02-3-00"}, {"text": "Desenvolvimento de programas de computador sob encomenda", "code": "62.01-5-01"}, {"text": "Servi\u00e7os de microfilmagem", "code": "74.20-0-05"}, {"text": "Aluguel de outras m\u00e1quinas e equipamentos comerciais e industriais n\u00e3o especificados anteriormente, sem operador", "code": "77.39-0-99"}], "qsa": [{"qual": "49-S\u00f3cio-Administrador", "nome": "SILVANO JIRO NARITOMI"}, {"qual": "49-S\u00f3cio-Administrador", "nome": "JADER COSTA SOARES"}], "situacao": "ATIVA", "bairro": "CENTRO", "logradouro": "AV VISCONDE DO RIO BRANCO", "numero": "305", "cep": "24.020-002", "municipio": "NITEROI", "porte": "EMPRESA DE PEQUENO PORTE", "abertura": "27/10/1994", "natureza_juridica": "206-2 - Sociedade Empres\u00e1ria Limitada", "cnpj": "00.271.751/0001-42", "ultima_atualizacao": "2020-02-08T20:05:50.147Z", "status": "OK", "tipo": "MATRIZ", "fantasia": "", "email": "", "efr": "", "motivo_situacao": "", "situacao_especial": "", "data_situacao_especial": "", "capital_social": "700000.00", "extra": {}, "billing": {"free": false, "database": false}}