{"atividade_principal": [{"text": "Fabrica\u00e7\u00e3o de prepara\u00e7\u00f5es farmac\u00eauticas", "code": "21.23-8-00"}], "data_situacao": "21/01/2005", "complemento": "PROL. RUA SAO FRANCISCO", "nome": "RENYLAB - QUIMICA E FARMACEUTICA LTDA", "uf": "MG", "telefone": "(32) 3331-4489", "email": "contabilidade@renylab.ind.br", "atividades_secundarias": [{"text": "Com\u00e9rcio atacadista de instrumentos e materiais para uso m\u00e9dico, cir\u00fargico, hospitalar e de laborat\u00f3rios", "code": "46.45-1-01"}, {"text": "Com\u00e9rcio atacadista de roupas e acess\u00f3rios para uso profissional e de seguran\u00e7a do trabalho", "code": "46.42-7-02"}], "qsa": [{"qual": "49-S\u00f3cio-Administrador", "nome": "RENATA CARVALHO VAZ DE MELLO"}, {"qual": "49-S\u00f3cio-Administrador", "nome": "RENE VAZ DE MELLO"}], "situacao": "ATIVA", "bairro": "CAICARAS", "logradouro": "ROD BR 040 KM 697", "numero": "S/N", "cep": "36.205-666", "municipio": "BARBACENA", "porte": "DEMAIS", "abertura": "19/04/1995", "natureza_juridica": "206-2 - Sociedade Empres\u00e1ria Limitada", "fantasia": "RENYLAB", "cnpj": "00.562.583/0001-44", "ultima_atualizacao": "2020-02-08T20:32:43.136Z", "status": "OK", "tipo": "MATRIZ", "efr": "", "motivo_situacao": "", "situacao_especial": "", "data_situacao_especial": "", "capital_social": "200000.00", "extra": {}, "billing": {"free": false, "database": false}}