{"atividade_principal": [{"text": "Com\u00e9rcio varejista de vidros", "code": "47.43-1-00"}], "data_situacao": "27/08/2005", "nome": "J J DE CARAPEBUS AGROPECUARIA E VIDRACARIA LTDA", "uf": "RJ", "telefone": "(22) 2768-3117", "atividades_secundarias": [{"text": "Com\u00e9rcio varejista de animais vivos e de artigos e alimentos para animais de estima\u00e7\u00e3o", "code": "47.89-0-04"}, {"text": "Fabrica\u00e7\u00e3o de esquadrias de metal", "code": "25.12-8-00"}, {"text": "Com\u00e9rcio varejista de madeira e artefatos", "code": "47.44-0-02"}, {"text": "Com\u00e9rcio varejista de artigos de ca\u00e7a, pesca e camping", "code": "47.63-6-04"}, {"text": "Com\u00e9rcio varejista de medicamentos veterin\u00e1rios", "code": "47.71-7-04"}, {"text": "Com\u00e9rcio varejista de outros produtos n\u00e3o especificados anteriormente", "code": "47.89-0-99"}, {"text": "Fabrica\u00e7\u00e3o de esquadrias de madeira e de pe\u00e7as de madeira para instala\u00e7\u00f5es industriais e comerciais", "code": "16.22-6-02"}, {"text": "Outras atividades de servi\u00e7os prestados principalmente \u00e0s empresas n\u00e3o especificadas anteriormente", "code": "82.99-7-99"}], "qsa": [{"qual": "49-S\u00f3cio-Administrador", "nome": "JONES GONCALVES DOS SANTOS"}, {"qual": "22-S\u00f3cio", "nome": "JOEL GONCALVES DOS SANTOS"}], "situacao": "ATIVA", "bairro": "CENTRO", "logradouro": "AV PRESIDENTE GETULIO VARGAS", "numero": "SN", "cep": "27.998-000", "municipio": "CARAPEBUS", "porte": "MICRO EMPRESA", "abertura": "26/05/1995", "natureza_juridica": "206-2 - Sociedade Empres\u00e1ria Limitada", "fantasia": "AGROPECUARIA E VIDRACARIA CARAPEBUS", "cnpj": "00.648.930/0001-56", "ultima_atualizacao": "2020-02-08T20:23:11.827Z", "status": "OK", "tipo": "MATRIZ", "complemento": "", "email": "", "efr": "", "motivo_situacao": "", "situacao_especial": "", "data_situacao_especial": "", "capital_social": "300000.00", "extra": {}, "billing": {"free": false, "database": false}}