{"atividade_principal": [{"text": "Com\u00e9rcio varejista de produtos farmac\u00eauticos, com manipula\u00e7\u00e3o de f\u00f3rmulas", "code": "47.71-7-02"}], "data_situacao": "06/12/1999", "nome": "INTERNATIONAL PHARMACEUTICAL IMMUNOLOGY DO BRASIL LTDA", "uf": "SP", "telefone": "(11) 5579-9622", "email": "financeiro@asac.net", "atividades_secundarias": [{"text": "Com\u00e9rcio varejista de produtos farmac\u00eauticos homeop\u00e1ticos", "code": "47.71-7-03"}, {"text": "Servi\u00e7os de malote n\u00e3o realizados pelo Correio Nacional", "code": "53.20-2-01"}, {"text": "Outras sociedades de participa\u00e7\u00e3o, exceto holdings", "code": "64.63-8-00"}, {"text": "Outras atividades profissionais, cient\u00edficas e t\u00e9cnicas n\u00e3o especificadas anteriormente", "code": "74.90-1-99"}], "qsa": [{"qual": "49-S\u00f3cio-Administrador", "nome": "ELENICE APARECIDA ASSUMPCAO FUCCI MORI"}, {"qual": "38-S\u00f3cio Pessoa F\u00edsica Residente no Exterior", "pais_origem": "PORTO RICO", "nome_rep_legal": "JOSE CARLOS MORI", "qual_rep_legal": "17-Procurador", "nome": "FEDERICO JOSE MONTEALEGRE GOLCHER"}, {"qual": "38-S\u00f3cio Pessoa F\u00edsica Residente no Exterior", "pais_origem": "ESPANHA", "nome_rep_legal": "JOSE CARLOS MORI", "qual_rep_legal": "17-Procurador", "nome": "ELISEO QUINTANILLA ALMAGRO"}, {"qual": "38-S\u00f3cio Pessoa F\u00edsica Residente no Exterior", "pais_origem": "ESPANHA", "nome_rep_legal": "JOSE CARLOS MORI", "qual_rep_legal": "17-Procurador", "nome": "DEMETRIO ZORRILLA ROYO"}, {"qual": "37-S\u00f3cio Pessoa Jur\u00eddica Domiciliado no Exterior", "pais_origem": "ESPANHA", "nome_rep_legal": "JOSE CARLOS MORI", "qual_rep_legal": "17-Procurador", "nome": "ASAC PHARMACEUTICAL INMUNOLOGY, S.A"}], "situacao": "ATIVA", "bairro": "VILA CLEMENTINO", "logradouro": "R LOEFGREEN", "numero": "2455", "cep": "04.040-033", "municipio": "SAO PAULO", "porte": "DEMAIS", "abertura": "22/06/1995", "natureza_juridica": "206-2 - Sociedade Empres\u00e1ria Limitada", "fantasia": "IPI ASAC BRASIL", "cnpj": "00.662.956/0001-59", "ultima_atualizacao": "2020-02-08T20:28:55.606Z", "status": "OK", "tipo": "MATRIZ", "complemento": "", "efr": "", "motivo_situacao": "", "situacao_especial": "", "data_situacao_especial": "", "capital_social": "841191.00", "extra": {}, "billing": {"free": false, "database": false}}