{"atividade_principal": [{"text": "Educa\u00e7\u00e3o infantil - pr\u00e9-escola", "code": "85.12-1-00"}], "data_situacao": "24/09/2005", "nome": "CONSELHO ESCOLAR DA ESCOLA ESTADUAL MUNICIPALIZADA DE EDUCACAO INFANTIL ANNA BENEDICTA DA SILVA SANTOS", "uf": "RJ", "qsa": [{"qual": "16-Presidente", "nome": "GISELI ABREU DO NASCIMENTO SOUZA"}], "situacao": "ATIVA", "bairro": "CENTRO", "logradouro": "R VELHO CAMPOS", "numero": "SN", "cep": "27.910-210", "municipio": "MACAE", "porte": "DEMAIS", "abertura": "25/07/1995", "natureza_juridica": "399-9 - Associa\u00e7\u00e3o Privada", "fantasia": "CE EEMEIABSS", "cnpj": "00.724.747/0001-92", "ultima_atualizacao": "2020-02-08T20:04:48.423Z", "status": "OK", "tipo": "MATRIZ", "complemento": "", "email": "", "telefone": "", "efr": "", "motivo_situacao": "", "situacao_especial": "", "data_situacao_especial": "", "atividades_secundarias": [{"code": "00.00-0-00", "text": "N\u00e3o informada"}], "capital_social": "0.00", "extra": {}, "billing": {"free": false, "database": false}}