{"atividade_principal": [{"text": "Administra\u00e7\u00e3o de caixas escolares", "code": "85.50-3-01"}], "data_situacao": "15/06/2002", "nome": "CONSELHO ESCOLAR DO CIEP MUNICIPALIZADO PROFESSOR DARCY RIBEIRO", "uf": "RJ", "atividades_secundarias": [{"text": "Outras atividades de ensino n\u00e3o especificadas anteriormente", "code": "85.99-6-99"}], "qsa": [{"qual": "16-Presidente", "nome": "MARIA AUXILIADORA SILVA DE CARVALHO"}], "situacao": "ATIVA", "bairro": "NOVA HOLANDA", "logradouro": "R AURELIO C DA SILVA", "numero": "S/N", "cep": "27.975-150", "municipio": "MACAE", "porte": "DEMAIS", "abertura": "31/08/1995", "natureza_juridica": "399-9 - Associa\u00e7\u00e3o Privada", "fantasia": "CE CMPDR", "cnpj": "00.854.076/0001-84", "ultima_atualizacao": "2020-02-08T20:12:15.461Z", "status": "OK", "tipo": "MATRIZ", "complemento": "", "email": "", "telefone": "", "efr": "", "motivo_situacao": "", "situacao_especial": "", "data_situacao_especial": "", "capital_social": "0.00", "extra": {}, "billing": {"free": false, "database": false}}