{"atividade_principal": [{"text": "Com\u00e9rcio atacadista de medicamentos e drogas de uso humano", "code": "46.44-3-01"}], "data_situacao": "27/08/2005", "nome": "ULTRAFARMA PRODUTOS MEDICOS LTDA", "uf": "RJ", "atividades_secundarias": [{"text": "Com\u00e9rcio atacadista de produtos odontol\u00f3gicos", "code": "46.45-1-03"}, {"text": "Com\u00e9rcio atacadista de pr\u00f3teses e artigos de ortopedia", "code": "46.45-1-02"}, {"text": "Com\u00e9rcio atacadista de artigos de escrit\u00f3rio e de papelaria", "code": "46.47-8-01"}, {"text": "Com\u00e9rcio atacadista de tecidos", "code": "46.41-9-01"}, {"text": "Com\u00e9rcio atacadista de produtos de higiene, limpeza e conserva\u00e7\u00e3o domiciliar", "code": "46.49-4-08"}], "qsa": [{"qual": "49-S\u00f3cio-Administrador", "nome": "CARLOS HENRIQUE BASTOS COELHO"}, {"qual": "22-S\u00f3cio", "nome": "DIOGO VILAS BOAS OLIVEIRA ROCHA"}], "situacao": "ATIVA", "bairro": "ENGENHO NOVO", "logradouro": "R ENGENHO NOVO", "numero": "78", "cep": "20.961-100", "municipio": "RIO DE JANEIRO", "porte": "EMPRESA DE PEQUENO PORTE", "abertura": "29/03/1995", "natureza_juridica": "206-2 - Sociedade Empres\u00e1ria Limitada", "fantasia": "ULTRAFARMA", "cnpj": "00.945.806/0001-52", "ultima_atualizacao": "2020-02-08T20:24:32.872Z", "status": "OK", "tipo": "MATRIZ", "complemento": "", "email": "", "telefone": "", "efr": "", "motivo_situacao": "", "situacao_especial": "", "data_situacao_especial": "", "capital_social": "1200000.00", "extra": {}, "billing": {"free": false, "database": false}}