{"atividade_principal": [{"text": "Administra\u00e7\u00e3o p\u00fablica em geral", "code": "84.11-6-00"}], "data_situacao": "28/07/1998", "complemento": "LOTE 1", "nome": "FUNDO NACIONAL DE ASSISTENCIA SOCIAL-FNAS", "efr": "UNI\u00c3O", "uf": "DF", "telefone": "(61) 2030-1858/ (61) 2030-1770", "email": "fnas@mds.gov.br", "situacao": "ATIVA", "bairro": "SETORES COMPLEMENTARES", "logradouro": "R SMAS TRECHO", "numero": "3", "cep": "70.610-635", "municipio": "BRASILIA", "porte": "DEMAIS", "abertura": "22/12/1995", "natureza_juridica": "131-7 - Fundo P\u00fablico da Administra\u00e7\u00e3o Direta Federal", "fantasia": "FNAS", "cnpj": "01.002.940/0001-82", "ultima_atualizacao": "2020-02-08T01:04:21.520Z", "status": "OK", "tipo": "MATRIZ", "motivo_situacao": "", "situacao_especial": "", "data_situacao_especial": "", "atividades_secundarias": [{"code": "00.00-0-00", "text": "N\u00e3o informada"}], "capital_social": "0.00", "qsa": [], "extra": {}, "billing": {"free": false, "database": true}}