{"atividade_principal": [{"text": "Com\u00e9rcio atacadista de instrumentos e materiais para uso m\u00e9dico, cir\u00fargico, hospitalar e de laborat\u00f3rios", "code": "46.45-1-01"}], "data_situacao": "24/09/2005", "complemento": "SOBRELOJA 202", "nome": "ATOMED PRODUTOS MEDICOS E DE AUXILIO HUMANO LTDA", "uf": "RJ", "atividades_secundarias": [{"text": "Repara\u00e7\u00e3o e manuten\u00e7\u00e3o de equipamentos eletroeletr\u00f4nicos de uso pessoal e dom\u00e9stico", "code": "95.21-5-00"}, {"text": "Com\u00e9rcio varejista de artigos m\u00e9dicos e ortop\u00e9dicos", "code": "47.73-3-00"}], "qsa": [{"qual": "22-S\u00f3cio", "nome": "CENTRO AUDITIVO TELEX LTDA"}, {"qual": "22-S\u00f3cio", "nome": "DEMANT  PARTICIPACOES LTDA."}, {"qual": "05-Administrador", "nome": "MORTEN HELLBERG PEDERSEN"}], "situacao": "ATIVA", "bairro": "COPACABANA", "logradouro": "R XAVIER DA SILVEIRA", "numero": "45", "cep": "22.061-010", "municipio": "RIO DE JANEIRO", "porte": "DEMAIS", "abertura": "09/01/1996", "natureza_juridica": "206-2 - Sociedade Empres\u00e1ria Limitada", "cnpj": "01.035.382/0001-51", "ultima_atualizacao": "2020-02-08T20:00:16.010Z", "status": "OK", "tipo": "MATRIZ", "fantasia": "", "email": "", "telefone": "", "efr": "", "motivo_situacao": "", "situacao_especial": "", "data_situacao_especial": "", "capital_social": "0.00", "extra": {}, "billing": {"free": false, "database": false}}