{"atividade_principal": [{"text": "Administra\u00e7\u00e3o de caixas escolares", "code": "85.50-3-01"}], "data_situacao": "24/09/2005", "nome": "CONSELHO ESCOLAR DA ESCOLA ESTADUAL MUNICIPALIZADA LEONEL DE MOURA BRIZOLA", "uf": "RJ", "telefone": "(22) 2762-3649", "atividades_secundarias": [{"text": "Outras atividades de ensino n\u00e3o especificadas anteriormente", "code": "85.99-6-99"}], "qsa": [{"qual": "16-Presidente", "nome": "ELIANE DE ARAUJO SANTOS"}], "situacao": "ATIVA", "bairro": "BARRA DE MACAE", "logradouro": "EST HILDEBRANDO ALVES BARBOSA", "numero": "146", "cep": "27.961-072", "municipio": "MACAE", "porte": "DEMAIS", "abertura": "28/03/1996", "natureza_juridica": "399-9 - Associa\u00e7\u00e3o Privada", "fantasia": "CE EEMLMB", "cnpj": "01.117.937/0001-04", "ultima_atualizacao": "2020-02-08T17:37:58.961Z", "status": "OK", "tipo": "MATRIZ", "complemento": "", "email": "", "efr": "", "motivo_situacao": "", "situacao_especial": "", "data_situacao_especial": "", "capital_social": "0.00", "extra": {}, "billing": {"free": false, "database": true}}