{"atividade_principal": [{"text": "Administra\u00e7\u00e3o de caixas escolares", "code": "85.50-3-01"}], "data_situacao": "28/06/1999", "nome": "CONSELHO ESCOLAR DO CIEP 058 MUNICIPALIZADO OSCAR CORDEIRO", "uf": "RJ", "atividades_secundarias": [{"text": "Outras atividades de ensino n\u00e3o especificadas anteriormente", "code": "85.99-6-99"}], "qsa": [{"qual": "16-Presidente", "nome": "JANAINA ZIMMER FAGUNDES CALADO"}], "situacao": "ATIVA", "bairro": "PARQUE AEROPORTO", "logradouro": "AV PESTALOZZI", "numero": "481", "cep": "27.937-300", "municipio": "MACAE", "porte": "DEMAIS", "abertura": "05/10/1995", "natureza_juridica": "399-9 - Associa\u00e7\u00e3o Privada", "fantasia": "CE C058MOC", "cnpj": "01.147.320/0001-31", "ultima_atualizacao": "2020-02-08T00:32:56.489Z", "status": "OK", "tipo": "MATRIZ", "complemento": "", "email": "", "telefone": "", "efr": "", "motivo_situacao": "", "situacao_especial": "", "data_situacao_especial": "", "capital_social": "0.00", "extra": {}, "billing": {"free": false, "database": true}}