{"atividade_principal": [{"text": "Com\u00e9rcio varejista de artigos m\u00e9dicos e ortop\u00e9dicos", "code": "47.73-3-00"}], "data_situacao": "03/11/2005", "complemento": "CONJ.72 E 75", "nome": "C.T.E.A. COMERCIO E SERVICOS LTDA", "uf": "SP", "telefone": "(011) 6973-9300", "atividades_secundarias": [{"text": "Manuten\u00e7\u00e3o e repara\u00e7\u00e3o de aparelhos eletrom\u00e9dicos e eletroterap\u00eauticos e equipamentos de irradia\u00e7\u00e3o", "code": "33.12-1-03"}], "qsa": [{"qual": "49-S\u00f3cio-Administrador", "nome": "SILVIO ROGERIO DE OLIVEIRA"}, {"qual": "49-S\u00f3cio-Administrador", "nome": "VIVIANE VIEIRA DA SILVA"}], "situacao": "ATIVA", "bairro": "CENTRO", "logradouro": "R DOM JOSE DE BARROS", "numero": "17", "cep": "01.038-100", "municipio": "SAO PAULO", "porte": "MICRO EMPRESA", "abertura": "05/06/1996", "natureza_juridica": "206-2 - Sociedade Empres\u00e1ria Limitada", "cnpj": "01.247.669/0001-45", "ultima_atualizacao": "2020-02-08T19:12:38.733Z", "status": "OK", "tipo": "MATRIZ", "fantasia": "", "email": "", "efr": "", "motivo_situacao": "", "situacao_especial": "", "data_situacao_especial": "", "capital_social": "10000.00", "extra": {}, "billing": {"free": false, "database": true}}