{"atividade_principal": [{"text": "Com\u00e9rcio varejista especializado de eletrodom\u00e9sticos e equipamentos de \u00e1udio e v\u00eddeo", "code": "47.53-9-00"}], "data_situacao": "03/11/2005", "complemento": "LOJA 1", "nome": "ECR PACCASSINI COMERCIO E REPRESENTACAO", "uf": "RJ", "telefone": "(22) 2762-3675/ (22) 2762-3675", "email": "unicentercontabilidade@yahoo.com.br", "atividades_secundarias": [{"text": "Com\u00e9rcio varejista de outros artigos de uso pessoal e dom\u00e9stico n\u00e3o especificados anteriormente", "code": "47.59-8-99"}, {"text": "Com\u00e9rcio varejista de brinquedos e artigos recreativos", "code": "47.63-6-01"}, {"text": "Manuten\u00e7\u00e3o e repara\u00e7\u00e3o de m\u00e1quinas e aparelhos de refrigera\u00e7\u00e3o e ventila\u00e7\u00e3o para uso industrial e comercial", "code": "33.14-7-07"}, {"text": "Com\u00e9rcio varejista especializado de pe\u00e7as e acess\u00f3rios para aparelhos eletroeletr\u00f4nicos para uso dom\u00e9stico, exceto inform\u00e1tica e comunica\u00e7\u00e3o", "code": "47.57-1-00"}], "situacao": "ATIVA", "bairro": "CENTRO", "logradouro": "R SILVA JARDIM", "numero": "412", "cep": "27.910-340", "municipio": "MACAE", "porte": "MICRO EMPRESA", "abertura": "12/06/1996", "natureza_juridica": "213-5 - Empres\u00e1rio (Individual)", "fantasia": "SOFT MACAE", "cnpj": "01.271.471/0001-05", "ultima_atualizacao": "2020-02-07T23:02:20.032Z", "status": "OK", "tipo": "MATRIZ", "efr": "", "motivo_situacao": "", "situacao_especial": "", "data_situacao_especial": "", "capital_social": "0.00", "qsa": [], "extra": {}, "billing": {"free": false, "database": true}}