{"atividade_principal": [{"text": "Administra\u00e7\u00e3o de caixas escolares", "code": "85.50-3-01"}], "data_situacao": "28/08/1999", "nome": "CONSELHO ESCOLAR DO CIEP 455 MUNICIPALIZADO MARINGA", "uf": "RJ", "atividades_secundarias": [{"text": "Outras atividades de ensino n\u00e3o especificadas anteriormente", "code": "85.99-6-99"}], "qsa": [{"qual": "16-Presidente", "nome": "MARTA SIMONE QUEIROZ DE SOUZA"}], "situacao": "ATIVA", "bairro": "MARINGA", "logradouro": "R DINAMARCA", "numero": "72", "cep": "27.936-455", "municipio": "MACAE", "porte": "DEMAIS", "abertura": "13/05/1996", "natureza_juridica": "399-9 - Associa\u00e7\u00e3o Privada", "fantasia": "CE C455MM", "cnpj": "01.299.538/0001-01", "ultima_atualizacao": "2020-02-08T20:58:24.206Z", "status": "OK", "tipo": "MATRIZ", "complemento": "", "email": "", "telefone": "", "efr": "", "motivo_situacao": "", "situacao_especial": "", "data_situacao_especial": "", "capital_social": "0.00", "extra": {}, "billing": {"free": false, "database": false}}