{"atividade_principal": [{"text": "Fabrica\u00e7\u00e3o de aparelhos eletrom\u00e9dicos e eletroterap\u00eauticos e equipamentos de irradia\u00e7\u00e3o", "code": "26.60-4-00"}], "data_situacao": "22/04/2013", "complemento": "N. 801/831 LOTE 01 E 02 QUADRAAJ PARQUE INDUSTRIAL", "nome": "MAGNAMED TECNOLOGIA MEDICA S/A", "uf": "SP", "telefone": "(11) 4304-9761/ (11) 4304-9762", "email": "recepcao@neointelligence.com.br", "atividades_secundarias": [{"text": "Com\u00e9rcio atacadista de m\u00e1quinas, aparelhos e equipamentos para uso odonto-m\u00e9dico-hospitalar; partes e pe\u00e7as", "code": "46.64-8-00"}, {"text": "Manuten\u00e7\u00e3o e repara\u00e7\u00e3o de aparelhos eletrom\u00e9dicos e eletroterap\u00eauticos e equipamentos de irradia\u00e7\u00e3o", "code": "33.12-1-03"}, {"text": "Consultoria em tecnologia da informa\u00e7\u00e3o", "code": "62.04-0-00"}, {"text": "Desenvolvimento de programas de computador sob encomenda", "code": "62.01-5-01"}, {"text": "Desenvolvimento e licenciamento de programas de computador n\u00e3o-customiz\u00e1veis", "code": "62.03-1-00"}, {"text": "Tratamento de dados, provedores de servi\u00e7os de aplica\u00e7\u00e3o e servi\u00e7os de hospedagem na internet", "code": "63.11-9-00"}, {"text": "Aluguel de equipamentos cient\u00edficos, m\u00e9dicos e hospitalares, sem operador", "code": "77.39-0-02"}, {"text": "Fabrica\u00e7\u00e3o de aparelhos e equipamentos de medida, teste e controle", "code": "26.51-5-00"}, {"text": "Fabrica\u00e7\u00e3o de componentes eletr\u00f4nicos", "code": "26.10-8-00"}], "situacao": "ATIVA", "bairro": "CAPUAVA", "logradouro": "R SANTA MONICA", "numero": "801", "cep": "06.715-865", "municipio": "COTIA", "porte": "DEMAIS", "abertura": "22/04/2013", "natureza_juridica": "205-4 - Sociedade An\u00f4nima Fechada", "cnpj": "01.298.443/0002-54", "ultima_atualizacao": "2020-02-08T20:44:40.722Z", "status": "OK", "tipo": "FILIAL", "fantasia": "", "efr": "", "motivo_situacao": "", "situacao_especial": "", "data_situacao_especial": "", "capital_social": "0.00", "qsa": [], "extra": {}, "billing": {"free": false, "database": false}}