{"atividade_principal": [{"text": "Ag\u00eancias de publicidade", "code": "73.11-4-00"}], "data_situacao": "28/09/2002", "complemento": "ANDAR: 4;", "nome": "PUBLIKA 7 PUBLICIDADE E COMUNICACAO EIRELI", "uf": "RJ", "telefone": "(22) 2764-6455", "email": "publika7@publika7.com.br", "qsa": [{"qual": "65-Titular Pessoa F\u00edsica Residente ou Domiciliado no Brasil", "nome": "LILIAN LOBO MACHADO"}], "situacao": "ATIVA", "bairro": "BALNEARIO REMANSO", "logradouro": "ROD AMARAL PEIXOTO", "numero": "4473", "cep": "28.893-093", "municipio": "RIO DAS OSTRAS", "porte": "DEMAIS", "abertura": "29/07/1996", "natureza_juridica": "230-5 - Empresa Individual de Responsabilidade Limitada (de Natureza Empres\u00e1ria)", "fantasia": "PUBLIKA 7", "cnpj": "01.352.580/0001-49", "ultima_atualizacao": "2020-02-08T20:11:28.986Z", "status": "OK", "tipo": "MATRIZ", "efr": "", "motivo_situacao": "", "situacao_especial": "", "data_situacao_especial": "", "atividades_secundarias": [{"code": "00.00-0-00", "text": "N\u00e3o informada"}], "capital_social": "1500000.00", "extra": {}, "billing": {"free": false, "database": false}}