{"atividade_principal": [{"text": "Fabrica\u00e7\u00e3o de equipamentos de inform\u00e1tica", "code": "26.21-3-00"}], "data_situacao": "17/09/2008", "complemento": "QUADRA2 LOTE 10", "nome": "INVESTIPLAN COMPUTADORES E SISTEMAS DE REFRIGERACAO EIRELI", "uf": "BA", "telefone": "(73) 3639-3190", "email": "aderbalcf@uol.com.br", "atividades_secundarias": [{"text": "Repara\u00e7\u00e3o e manuten\u00e7\u00e3o de computadores e de equipamentos perif\u00e9ricos", "code": "95.11-8-00"}, {"text": "Aluguel de m\u00e1quinas e equipamentos para escrit\u00f3rios", "code": "77.33-1-00"}, {"text": "Aluguel de outras m\u00e1quinas e equipamentos comerciais e industriais n\u00e3o especificados anteriormente, sem operador", "code": "77.39-0-99"}, {"text": "Loca\u00e7\u00e3o de autom\u00f3veis sem condutor", "code": "77.11-0-00"}, {"text": "Aluguel de m\u00f3veis, utens\u00edlios e aparelhos de uso dom\u00e9stico e pessoal; instrumentos musicais", "code": "77.29-2-02"}, {"text": "Aluguel de m\u00e1quinas e equipamentos agr\u00edcolas sem operador", "code": "77.31-4-00"}, {"text": "Aluguel de andaimes", "code": "77.32-2-02"}, {"text": "Fornecimento e gest\u00e3o de recursos humanos para terceiros", "code": "78.30-2-00"}, {"text": "Fotoc\u00f3pias", "code": "82.19-9-01"}, {"text": "Prepara\u00e7\u00e3o de documentos e servi\u00e7os especializados de apoio administrativo n\u00e3o especificados anteriormente", "code": "82.19-9-99"}], "situacao": "ATIVA", "bairro": "JARDIM SAVOIA", "logradouro": "AV CENTRAL", "numero": "S/N", "cep": "45.658-260", "municipio": "ILHEUS", "porte": "DEMAIS", "abertura": "17/09/2008", "natureza_juridica": "230-5 - Empresa Individual de Responsabilidade Limitada (de Natureza Empres\u00e1ria)", "cnpj": "01.579.387/0007-30", "ultima_atualizacao": "2020-02-08T20:11:21.309Z", "status": "OK", "tipo": "FILIAL", "fantasia": "", "efr": "", "motivo_situacao": "", "situacao_especial": "", "data_situacao_especial": "", "capital_social": "0.00", "qsa": [], "extra": {}, "billing": {"free": false, "database": false}}