{"atividade_principal": [{"text": "Com\u00e9rcio varejista de artigos m\u00e9dicos e ortop\u00e9dicos", "code": "47.73-3-00"}], "data_situacao": "08/11/2003", "complemento": "SALA: 302;", "nome": "CENTRO AUDITIVO OUVIR MELHOR EIRELI", "uf": "RJ", "telefone": "(21) 2751-8375", "email": "jglima.contabilidade@gmail.com", "atividades_secundarias": [{"text": "Repara\u00e7\u00e3o e manuten\u00e7\u00e3o de outros objetos e equipamentos pessoais e dom\u00e9sticos n\u00e3o especificados anteriormente", "code": "95.29-1-99"}], "qsa": [{"qual": "65-Titular Pessoa F\u00edsica Residente ou Domiciliado no Brasil", "nome": "CARLOS EDUARDO DA SILVA GONCALVES"}], "situacao": "ATIVA", "bairro": "CENTRO", "logradouro": "R SETE DE SETEMBRO", "numero": "98", "cep": "20.050-002", "municipio": "RIO DE JANEIRO", "porte": "MICRO EMPRESA", "abertura": "11/12/1996", "natureza_juridica": "230-5 - Empresa Individual de Responsabilidade Limitada (de Natureza Empres\u00e1ria)", "fantasia": "CENTRO AUDITIVO POWERTOM", "cnpj": "01.590.896/0001-79", "ultima_atualizacao": "2020-02-08T18:35:58.405Z", "status": "OK", "tipo": "MATRIZ", "efr": "", "motivo_situacao": "", "situacao_especial": "", "data_situacao_especial": "", "capital_social": "95400.00", "extra": {}, "billing": {"free": false, "database": true}}