{"atividade_principal": [{"text": "Com\u00e9rcio atacadista de outros produtos qu\u00edmicos e petroqu\u00edmicos n\u00e3o especificados anteriormente", "code": "46.84-2-99"}], "data_situacao": "03/11/2005", "nome": "CALDAS QUIMICA E COMERCIO LTDA", "uf": "MG", "telefone": "(35) 3722-2080", "email": "ataide@escritoriodoataide.com.br", "atividades_secundarias": [{"text": "Transporte rodovi\u00e1rio de produtos perigosos", "code": "49.30-2-03"}], "qsa": [{"qual": "49-S\u00f3cio-Administrador", "nome": "NEUSA CLEA DE CARVALHO ZANCO"}, {"qual": "49-S\u00f3cio-Administrador", "nome": "JOSE CLAUDIO ZANCO"}], "situacao": "ATIVA", "bairro": "SANTANA DE CALDAS", "logradouro": "AV JOAO VENANCIO DE FREITAS", "numero": "360", "cep": "37.785-000", "municipio": "CALDAS", "porte": "EMPRESA DE PEQUENO PORTE", "abertura": "16/12/1996", "natureza_juridica": "206-2 - Sociedade Empres\u00e1ria Limitada", "fantasia": "CALDAS QUIMICA", "cnpj": "01.591.897/0001-38", "ultima_atualizacao": "2020-02-08T19:02:22.660Z", "status": "OK", "tipo": "MATRIZ", "complemento": "", "efr": "", "motivo_situacao": "", "situacao_especial": "", "data_situacao_especial": "", "capital_social": "560000.00", "extra": {}, "billing": {"free": false, "database": true}}