{"atividade_principal": [{"text": "Atividades de limpeza n\u00e3o especificadas anteriormente", "code": "81.29-0-00"}], "data_situacao": "03/11/2005", "complemento": "DIST.IND. I. G. SOUZA", "nome": "FGF COMERCIO E SERVICOS DE ESTERILIZACAO EM OXIDO DE ETILENO LTDA", "uf": "MG", "atividades_secundarias": [{"text": "Com\u00e9rcio varejista de outros produtos n\u00e3o especificados anteriormente", "code": "47.89-0-99"}], "qsa": [{"qual": "49-S\u00f3cio-Administrador", "nome": "FABIO CAMPOS LIMA"}, {"qual": "49-S\u00f3cio-Administrador", "nome": "GLENIO SANCHEZ FERREIRA"}, {"qual": "22-S\u00f3cio", "nome": "GUSTAVO FURLANI SANCHEZ POSTIGO"}], "situacao": "ATIVA", "bairro": "DISTRITO INDUSTRIAL", "logradouro": "ROD BR 267 S/N - KM 45", "numero": "S/N", "cep": "36.608-000", "municipio": "MARIPA DE MINAS", "porte": "DEMAIS", "abertura": "26/11/1996", "natureza_juridica": "206-2 - Sociedade Empres\u00e1ria Limitada", "cnpj": "01.805.305/0001-33", "ultima_atualizacao": "2020-02-07T23:04:03.715Z", "status": "OK", "tipo": "MATRIZ", "fantasia": "", "email": "", "telefone": "", "efr": "", "motivo_situacao": "", "situacao_especial": "", "data_situacao_especial": "", "capital_social": "900000.00", "extra": {}, "billing": {"free": false, "database": true}}