{"atividade_principal": [{"text": "Com\u00e9rcio atacadista de m\u00e1quinas, aparelhos e equipamentos para uso odonto-m\u00e9dico-hospitalar; partes e pe\u00e7as", "code": "46.64-8-00"}], "data_situacao": "25/08/2001", "complemento": "LOJA: 1;", "nome": "DILTEC COMERCIO REPRESENTACAO E SERVICOS LTDA", "uf": "RJ", "telefone": "(22) 3823-1023", "email": "assales@hotmail.com", "atividades_secundarias": [{"text": "Com\u00e9rcio atacadista de bombas e compressores; partes e pe\u00e7as", "code": "46.69-9-01"}, {"text": "Com\u00e9rcio atacadista de instrumentos e materiais para uso m\u00e9dico, cir\u00fargico, hospitalar e de laborat\u00f3rios", "code": "46.45-1-01"}, {"text": "Com\u00e9rcio atacadista de material el\u00e9trico", "code": "46.73-7-00"}, {"text": "Com\u00e9rcio atacadista de outros equipamentos e artigos de uso pessoal e dom\u00e9stico n\u00e3o especificados anteriormente", "code": "46.49-4-99"}, {"text": "Com\u00e9rcio atacadista de produtos odontol\u00f3gicos", "code": "46.45-1-03"}, {"text": "Com\u00e9rcio atacadista de pr\u00f3teses e artigos de ortopedia", "code": "46.45-1-02"}, {"text": "Com\u00e9rcio atacadista de roupas e acess\u00f3rios para uso profissional e de seguran\u00e7a do trabalho", "code": "46.42-7-02"}, {"text": "Com\u00e9rcio varejista de artigos do vestu\u00e1rio e acess\u00f3rios", "code": "47.81-4-00"}, {"text": "Com\u00e9rcio varejista de artigos m\u00e9dicos e ortop\u00e9dicos", "code": "47.73-3-00"}, {"text": "Com\u00e9rcio varejista de cosm\u00e9ticos, produtos de perfumaria e de higiene pessoal", "code": "47.72-5-00"}, {"text": "Com\u00e9rcio varejista de equipamentos para escrit\u00f3rio", "code": "47.89-0-07"}, {"text": "Com\u00e9rcio varejista de ferragens e ferramentas", "code": "47.44-0-01"}, {"text": "Com\u00e9rcio varejista de outros produtos n\u00e3o especificados anteriormente", "code": "47.89-0-99"}, {"text": "Com\u00e9rcio varejista especializado de eletrodom\u00e9sticos e equipamentos de \u00e1udio e v\u00eddeo", "code": "47.53-9-00"}, {"text": "Instala\u00e7\u00e3o e manuten\u00e7\u00e3o de sistemas centrais de ar condicionado, de ventila\u00e7\u00e3o e refrigera\u00e7\u00e3o", "code": "43.22-3-02"}, {"text": "Manuten\u00e7\u00e3o e repara\u00e7\u00e3o de aparelhos eletrom\u00e9dicos e eletroterap\u00eauticos e equipamentos de irradia\u00e7\u00e3o", "code": "33.12-1-03"}, {"text": "Manuten\u00e7\u00e3o e repara\u00e7\u00e3o de compressores", "code": "33.14-7-04"}, {"text": "Manuten\u00e7\u00e3o e repara\u00e7\u00e3o de equipamentos e produtos n\u00e3o especificados anteriormente", "code": "33.19-8-00"}, {"text": "Manuten\u00e7\u00e3o e repara\u00e7\u00e3o de m\u00e1quinas e aparelhos de refrigera\u00e7\u00e3o e ventila\u00e7\u00e3o para uso industrial e comercial", "code": "33.14-7-07"}, {"text": "Manuten\u00e7\u00e3o e repara\u00e7\u00e3o de m\u00e1quinas, aparelhos e materiais el\u00e9tricos n\u00e3o especificados anteriormente", "code": "33.13-9-99"}], "qsa": [{"qual": "49-S\u00f3cio-Administrador", "nome": "JULIA NEVES PIMENTEL"}, {"qual": "22-S\u00f3cio", "nome": "JUSSARA MONTEIRO NEVES PIMENTEL"}], "situacao": "ATIVA", "bairro": "CENTRO", "logradouro": "R BUARQUE DE NAZARETH", "numero": "373", "cep": "28.300-000", "municipio": "ITAPERUNA", "porte": "EMPRESA DE PEQUENO PORTE", "abertura": "19/05/1997", "natureza_juridica": "206-2 - Sociedade Empres\u00e1ria Limitada", "fantasia": "DILTEC", "cnpj": "01.843.331/0001-56", "ultima_atualizacao": "2020-02-08T20:35:22.118Z", "status": "OK", "tipo": "MATRIZ", "efr": "", "motivo_situacao": "", "situacao_especial": "", "data_situacao_especial": "", "capital_social": "100000.00", "extra": {}, "billing": {"free": false, "database": false}}