{"atividade_principal": [{"text": "Administra\u00e7\u00e3o de caixas escolares", "code": "85.50-3-01"}], "data_situacao": "28/06/1999", "nome": "CONSELHO ESCOLAR DO COLEGIO MUNICIPAL DR. CLAUDIO MOACYR DE AZEVEDO", "uf": "RJ", "telefone": "(22) 2773-1381", "atividades_secundarias": [{"text": "Outras atividades de ensino n\u00e3o especificadas anteriormente", "code": "85.99-6-99"}], "qsa": [{"qual": "16-Presidente", "nome": "NILTON DE OLIVEIRA CARDOSO JUNIOR"}], "situacao": "ATIVA", "bairro": "PARQUE AEROPORTO", "logradouro": "R FRANCISCO TEIXEIRA JUNIOR", "numero": "S/N", "cep": "27.963-744", "municipio": "MACAE", "porte": "DEMAIS", "abertura": "26/05/1997", "natureza_juridica": "399-9 - Associa\u00e7\u00e3o Privada", "fantasia": "CE CMDCMA", "cnpj": "01.858.371/0001-71", "ultima_atualizacao": "2020-02-08T19:42:23.191Z", "status": "OK", "tipo": "MATRIZ", "complemento": "", "email": "", "efr": "", "motivo_situacao": "", "situacao_especial": "", "data_situacao_especial": "", "capital_social": "0.00", "extra": {}, "billing": {"free": false, "database": false}}