{"atividade_principal": [{"text": "Administra\u00e7\u00e3o de caixas escolares", "code": "85.50-3-01"}], "data_situacao": "28/06/1999", "nome": "CONSELHO ESCOLAR DA ESCOLA ESTADUAL MUNICIPALIZADA CAETANO DIAS", "uf": "RJ", "atividades_secundarias": [{"text": "Outras atividades de ensino n\u00e3o especificadas anteriormente", "code": "85.99-6-99"}], "qsa": [{"qual": "16-Presidente", "nome": "ANDREA GARBELINI CUZZATTI"}], "situacao": "ATIVA", "bairro": "BARRA DE MACAE", "logradouro": "R VANILDE NATALINO MATTOS", "numero": "S/N", "cep": "27.973-450", "municipio": "MACAE", "porte": "DEMAIS", "abertura": "23/05/1997", "natureza_juridica": "399-9 - Associa\u00e7\u00e3o Privada", "fantasia": "CE EEMCD", "cnpj": "01.860.028/0001-61", "ultima_atualizacao": "2020-02-07T23:42:34.399Z", "status": "OK", "tipo": "MATRIZ", "complemento": "", "email": "", "telefone": "", "efr": "", "motivo_situacao": "", "situacao_especial": "", "data_situacao_especial": "", "capital_social": "0.00", "extra": {}, "billing": {"free": false, "database": true}}