{"atividade_principal": [{"text": "Administra\u00e7\u00e3o de caixas escolares", "code": "85.50-3-01"}], "data_situacao": "28/06/1999", "nome": "CONSELHO ESCOLAR DA ESCOLA MUNICIPAL PROFESSOR ANTONIO ALVAREZ PARADA", "uf": "RJ", "telefone": "(22) 2763-0478", "atividades_secundarias": [{"text": "Outras atividades de ensino n\u00e3o especificadas anteriormente", "code": "85.99-6-99"}], "qsa": [{"qual": "16-Presidente", "nome": "FABIANA LOPES MAGALHAES"}], "situacao": "ATIVA", "bairro": "CENTRO", "logradouro": "R DENACH LIMA", "numero": "SN", "cep": "27.915-530", "municipio": "MACAE", "porte": "DEMAIS", "abertura": "28/05/1997", "natureza_juridica": "399-9 - Associa\u00e7\u00e3o Privada", "fantasia": "CE EMPAAP", "cnpj": "01.862.512/0001-20", "ultima_atualizacao": "2020-02-08T01:01:15.553Z", "status": "OK", "tipo": "MATRIZ", "complemento": "", "email": "", "efr": "", "motivo_situacao": "", "situacao_especial": "", "data_situacao_especial": "", "capital_social": "0.00", "extra": {}, "billing": {"free": false, "database": true}}