{"atividade_principal": [{"text": "Com\u00e9rcio varejista de produtos farmac\u00eauticos, sem manipula\u00e7\u00e3o de f\u00f3rmulas", "code": "47.71-7-01"}], "data_situacao": "11/12/2004", "complemento": "LOJA 1", "nome": "DROGA JATO DE MACAE LTDA", "uf": "RJ", "qsa": [{"qual": "30-S\u00f3cio ou Acionista Menor (Assistido/Representado)", "qual_rep_legal": "15-Pai", "nome_rep_legal": "GENECI JUNIOR SILVA VARGAS", "nome": "DAVI VIEIRA FARIAS VARGAS"}, {"qual": "22-S\u00f3cio", "nome": "RODRIGO PEREIRA BORGES"}, {"qual": "05-Administrador", "nome": "GENECI JUNIOR SILVA VARGAS"}], "situacao": "ATIVA", "bairro": "CENTRO", "logradouro": "AV RUI BARBOSA", "numero": "1336", "cep": "27.910-361", "municipio": "MACAE", "porte": "EMPRESA DE PEQUENO PORTE", "abertura": "08/05/1997", "natureza_juridica": "206-2 - Sociedade Empres\u00e1ria Limitada", "cnpj": "01.876.196/0001-45", "ultima_atualizacao": "2020-02-08T20:50:16.086Z", "status": "OK", "tipo": "MATRIZ", "fantasia": "", "email": "", "telefone": "", "efr": "", "motivo_situacao": "", "situacao_especial": "", "data_situacao_especial": "", "atividades_secundarias": [{"code": "00.00-0-00", "text": "N\u00e3o informada"}], "capital_social": "20000.00", "extra": {}, "billing": {"free": false, "database": false}}