{"atividade_principal": [{"text": "Administra\u00e7\u00e3o de caixas escolares", "code": "85.50-3-01"}], "data_situacao": "28/08/1999", "complemento": "KM 8", "nome": "CONSELHO ESCOLAR DA ESCOLA ESTADUAL MUNICIPALIZADA FAZENDA SANTA MARIA", "uf": "RJ", "telefone": "(22) 9951-3032", "email": "fazendasantamaria@gmail.com", "atividades_secundarias": [{"text": "Outras atividades de ensino n\u00e3o especificadas anteriormente", "code": "85.99-6-99"}], "qsa": [{"qual": "16-Presidente", "nome": "LEANDRA CHAVES DE CARVALHO"}], "situacao": "ATIVA", "bairro": "NOVA CIDADE", "logradouro": "EST ADERSON FERREIRA FILHO", "numero": "SN", "cep": "27.949-100", "municipio": "MACAE", "porte": "DEMAIS", "abertura": "03/06/1997", "natureza_juridica": "399-9 - Associa\u00e7\u00e3o Privada", "fantasia": "CE EEMFSM", "cnpj": "01.872.454/0001-15", "ultima_atualizacao": "2020-02-08T20:20:09.984Z", "status": "OK", "tipo": "MATRIZ", "efr": "", "motivo_situacao": "", "situacao_especial": "", "data_situacao_especial": "", "capital_social": "0.00", "extra": {}, "billing": {"free": false, "database": false}}