{"atividade_principal": [{"text": "Administra\u00e7\u00e3o de caixas escolares", "code": "85.50-3-01"}], "data_situacao": "24/09/2005", "nome": "CONSELHO ESCOLAR DA ESCOLA ESTADUAL MUNICIPALIZADA COQUINHO", "uf": "RJ", "telefone": "(22) 2796-1138", "email": "gestaodasuexs@gmail.com", "atividades_secundarias": [{"text": "Outras atividades de ensino n\u00e3o especificadas anteriormente", "code": "85.99-6-99"}], "qsa": [{"qual": "16-Presidente", "nome": "SHIRLEI DA SILVA FERREIRA GOMES"}], "situacao": "ATIVA", "bairro": "PRAIA CAMPISTA", "logradouro": "R PROFESSOR GUSMAO", "numero": "400", "cep": "27.923-311", "municipio": "MACAE", "porte": "DEMAIS", "abertura": "03/06/1997", "natureza_juridica": "399-9 - Associa\u00e7\u00e3o Privada", "fantasia": "CE-EEMC", "cnpj": "01.876.190/0001-78", "ultima_atualizacao": "2020-02-08T21:07:01.032Z", "status": "OK", "tipo": "MATRIZ", "complemento": "", "efr": "", "motivo_situacao": "", "situacao_especial": "", "data_situacao_especial": "", "capital_social": "0.00", "extra": {}, "billing": {"free": false, "database": false}}