{"atividade_principal": [{"text": "Administra\u00e7\u00e3o de caixas escolares", "code": "85.50-3-01"}], "data_situacao": "28/06/1999", "nome": "CONSELHO ESCOLAR DA ESCOLA ESTADUAL MUNICIPALIZADA CAROLINA CURVELLO BENJAMIN", "uf": "RJ", "atividades_secundarias": [{"text": "Outras atividades de ensino n\u00e3o especificadas anteriormente", "code": "85.99-6-99"}], "qsa": [{"qual": "16-Presidente", "nome": "ADEMILSON DE AZEVEDO CRUZ"}], "situacao": "ATIVA", "bairro": "TRAPICHE", "logradouro": "EST SERRA DA CRUZ", "numero": "S/N", "cep": "27.973-000", "municipio": "MACAE", "porte": "DEMAIS", "abertura": "03/06/1997", "natureza_juridica": "399-9 - Associa\u00e7\u00e3o Privada", "fantasia": "CE EEMCCB", "cnpj": "01.874.575/0001-04", "ultima_atualizacao": "2020-02-08T19:17:21.200Z", "status": "OK", "tipo": "MATRIZ", "complemento": "", "email": "", "telefone": "", "efr": "", "motivo_situacao": "", "situacao_especial": "", "data_situacao_especial": "", "capital_social": "0.00", "extra": {}, "billing": {"free": false, "database": true}}