{"atividade_principal": [{"text": "Administra\u00e7\u00e3o de caixas escolares", "code": "85.50-3-01"}], "data_situacao": "28/06/1999", "nome": "CONSELHO ESCOLAR DA ESCOLA ESTADUAL MUNICIPALIZADA FANTINA DE MELLO", "uf": "RJ", "telefone": "(22) 2793-4283", "atividades_secundarias": [{"text": "Outras atividades de ensino n\u00e3o especificadas anteriormente", "code": "85.99-6-99"}], "qsa": [{"qual": "16-Presidente", "nome": "RUTHE HELENA GRATIVOL"}], "situacao": "ATIVA", "bairro": "FRADE", "logradouro": "R PRINCIPAL", "numero": "S/N", "cep": "27.987-000", "municipio": "MACAE", "porte": "DEMAIS", "abertura": "02/06/1997", "natureza_juridica": "399-9 - Associa\u00e7\u00e3o Privada", "fantasia": "CEEEMFM", "cnpj": "01.881.151/0001-69", "ultima_atualizacao": "2020-02-08T19:48:47.901Z", "status": "OK", "tipo": "MATRIZ", "complemento": "", "email": "", "efr": "", "motivo_situacao": "", "situacao_especial": "", "data_situacao_especial": "", "capital_social": "0.00", "extra": {}, "billing": {"free": false, "database": false}}