{"atividade_principal": [{"text": "Administra\u00e7\u00e3o de caixas escolares", "code": "85.50-3-01"}], "data_situacao": "28/08/1999", "nome": "CONSELHO ESCOLAR DA ESCOLA ESTADUAL MUNICIPALIZADA POLIVALENTE ANISIO TEIXEIRA", "uf": "RJ", "atividades_secundarias": [{"text": "Outras atividades de ensino n\u00e3o especificadas anteriormente", "code": "85.99-6-99"}], "qsa": [{"qual": "16-Presidente", "nome": "SONIA MARIA PEREIRA DIAS"}], "situacao": "ATIVA", "bairro": "COSTA DO SOL", "logradouro": "R JESUS SOARES PEREIRA", "numero": "S/N", "cep": "27.923-370", "municipio": "MACAE", "porte": "DEMAIS", "abertura": "02/06/1997", "natureza_juridica": "399-9 - Associa\u00e7\u00e3o Privada", "fantasia": "CE EEMPAT", "cnpj": "01.881.132/0001-32", "ultima_atualizacao": "2020-02-08T20:49:13.968Z", "status": "OK", "tipo": "MATRIZ", "complemento": "", "email": "", "telefone": "", "efr": "", "motivo_situacao": "", "situacao_especial": "", "data_situacao_especial": "", "capital_social": "0.00", "extra": {}, "billing": {"free": false, "database": false}}