{"atividade_principal": [{"text": "Administra\u00e7\u00e3o de caixas escolares", "code": "85.50-3-01"}], "data_situacao": "28/06/1999", "nome": "CONSELHO ESCOLAR DA ESCOLA MUNICIPAL IVETE SANTANA DRUMOND DE AGUIAR", "uf": "RJ", "atividades_secundarias": [{"text": "Outras atividades de ensino n\u00e3o especificadas anteriormente", "code": "85.99-6-99"}], "qsa": [{"qual": "16-Presidente", "nome": "MARCIA DOS SANTOS SILVA"}], "situacao": "ATIVA", "bairro": "FRADE", "logradouro": "R PRINCIPAL", "numero": "S/N", "cep": "27.949-360", "municipio": "MACAE", "porte": "DEMAIS", "abertura": "28/05/1997", "natureza_juridica": "399-9 - Associa\u00e7\u00e3o Privada", "fantasia": "CE EMISDA", "cnpj": "01.881.154/0001-00", "ultima_atualizacao": "2020-02-07T23:59:51.455Z", "status": "OK", "tipo": "MATRIZ", "complemento": "", "email": "", "telefone": "", "efr": "", "motivo_situacao": "", "situacao_especial": "", "data_situacao_especial": "", "capital_social": "0.00", "extra": {}, "billing": {"free": false, "database": true}}