{"atividade_principal": [{"text": "Administra\u00e7\u00e3o de caixas escolares", "code": "85.50-3-01"}], "data_situacao": "28/06/1999", "nome": "CONSELHO ESCOLAR DA ESCOLA MUNICIPAL DA AROEIRA", "uf": "RJ", "atividades_secundarias": [{"text": "Outras atividades de ensino n\u00e3o especificadas anteriormente", "code": "85.99-6-99"}], "qsa": [{"qual": "16-Presidente", "nome": "DULCINEA JOSE DA SILVA AMADO"}], "situacao": "ATIVA", "bairro": "AROEIRA", "logradouro": "R ALCEBIADES DE AZEVEDO", "numero": "186", "cep": "27.946-080", "municipio": "MACAE", "porte": "DEMAIS", "abertura": "26/05/1997", "natureza_juridica": "399-9 - Associa\u00e7\u00e3o Privada", "fantasia": "CE EMA", "cnpj": "01.898.560/0001-78", "ultima_atualizacao": "2020-02-08T20:49:26.816Z", "status": "OK", "tipo": "MATRIZ", "complemento": "", "email": "", "telefone": "", "efr": "", "motivo_situacao": "", "situacao_especial": "", "data_situacao_especial": "", "capital_social": "0.00", "extra": {}, "billing": {"free": false, "database": false}}