{"atividade_principal": [{"text": "Administra\u00e7\u00e3o de caixas escolares", "code": "85.50-3-01"}], "data_situacao": "27/06/2019", "nome": "CONSELHO ESCOLAR DA ESCOLA MUNICIPAL ZELIA DE SOUZA AGUIAR", "uf": "RJ", "telefone": "(22) 2796-1138", "email": "gestaodasuexs@gmail.com", "atividades_secundarias": [{"text": "Outras atividades de ensino n\u00e3o especificadas anteriormente", "code": "85.99-6-99"}], "qsa": [{"qual": "16-Presidente", "nome": "JOSENILDA LAURINDO SANTANA"}], "situacao": "ATIVA", "bairro": "MALVINAS", "logradouro": "R MARIA JOSE MAHON SANTOS", "numero": "SN", "cep": "27.946-240", "municipio": "MACAE", "porte": "DEMAIS", "abertura": "13/06/1997", "natureza_juridica": "399-9 - Associa\u00e7\u00e3o Privada", "fantasia": "CE - EMZSA", "cnpj": "01.897.844/0001-40", "ultima_atualizacao": "2020-02-08T20:07:17.003Z", "status": "OK", "tipo": "MATRIZ", "complemento": "", "efr": "", "motivo_situacao": "", "situacao_especial": "", "data_situacao_especial": "", "capital_social": "0.00", "extra": {}, "billing": {"free": false, "database": false}}