{"atividade_principal": [{"text": "Administra\u00e7\u00e3o de caixas escolares", "code": "85.50-3-01"}], "data_situacao": "28/08/1999", "nome": "CONSELHO ESCOLAR DO COLEGO MUNICIPAL TARCISIO PAES DE FIGUEIREDO", "uf": "RJ", "atividades_secundarias": [{"text": "Outras atividades de ensino n\u00e3o especificadas anteriormente", "code": "85.99-6-99"}], "qsa": [{"qual": "16-Presidente", "nome": "ARIMARIA BARCELOS BARBOSA"}], "situacao": "ATIVA", "bairro": "SEXTO", "logradouro": "EST PRINCIPAL DE B.GRANDE", "numero": "S/N", "cep": "27.937-300", "municipio": "MACAE", "porte": "DEMAIS", "abertura": "10/06/1997", "natureza_juridica": "399-9 - Associa\u00e7\u00e3o Privada", "fantasia": "CE CMTPF", "cnpj": "01.926.521/0001-37", "ultima_atualizacao": "2020-02-08T19:46:58.029Z", "status": "OK", "tipo": "MATRIZ", "complemento": "", "email": "", "telefone": "", "efr": "", "motivo_situacao": "", "situacao_especial": "", "data_situacao_especial": "", "capital_social": "0.00", "extra": {}, "billing": {"free": false, "database": false}}