{"atividade_principal": [{"text": "Com\u00e9rcio atacadista de produtos aliment\u00edcios em geral", "code": "46.39-7-01"}], "data_situacao": "04/10/2003", "nome": "NUTRIC - NUTRICIONAL COMERCIO LTDA", "uf": "RJ", "telefone": "(21) 3899-2554", "atividades_secundarias": [{"text": "Com\u00e9rcio atacadista de instrumentos e materiais para uso m\u00e9dico, cir\u00fargico, hospitalar e de laborat\u00f3rios", "code": "46.45-1-01"}, {"text": "Com\u00e9rcio atacadista especializado em outros produtos aliment\u00edcios n\u00e3o especificados anteriormente", "code": "46.37-1-99"}, {"text": "Com\u00e9rcio varejista de mercadorias em geral, com predomin\u00e2ncia de produtos aliment\u00edcios - supermercados", "code": "47.11-3-02"}], "qsa": [{"qual": "49-S\u00f3cio-Administrador", "nome": "SIRLEIDA FERREIRA ALVES"}, {"qual": "22-S\u00f3cio", "nome": "RICARDO LUIZ RANGEL GUIMARAES"}, {"qual": "22-S\u00f3cio", "nome": "ANA PAULA MONDAINI SAMPAIO"}, {"qual": "49-S\u00f3cio-Administrador", "nome": "JULIO PIRES ALVES"}, {"qual": "22-S\u00f3cio", "nome": "ANGELA CRISTINA FERNANDES GONCALVES"}, {"qual": "22-S\u00f3cio", "nome": "SIMONE FERREIRA ALVES"}, {"qual": "22-S\u00f3cio", "nome": "ADRIANO TROTTA"}, {"qual": "22-S\u00f3cio", "nome": "ANANIAS LENIO CAVALCANTI BARRETO"}, {"qual": "22-S\u00f3cio", "nome": "MOACIR FERREIRA"}], "situacao": "ATIVA", "bairro": "ENGENHO DE DENTRO", "logradouro": "R GOIAS", "numero": "150", "cep": "20.756-120", "municipio": "RIO DE JANEIRO", "porte": "DEMAIS", "abertura": "16/05/1997", "natureza_juridica": "206-2 - Sociedade Empres\u00e1ria Limitada", "fantasia": "NUTRIC - NUTRICIONAL", "cnpj": "01.925.587/0001-02", "ultima_atualizacao": "2020-02-07T23:46:03.544Z", "status": "OK", "tipo": "MATRIZ", "complemento": "", "email": "", "efr": "", "motivo_situacao": "", "situacao_especial": "", "data_situacao_especial": "", "capital_social": "2500000.00", "extra": {}, "billing": {"free": false, "database": true}}