{"atividade_principal": [{"text": "Com\u00e9rcio atacadista de instrumentos e materiais para uso m\u00e9dico, cir\u00fargico, hospitalar e de laborat\u00f3rios", "code": "46.45-1-01"}], "data_situacao": "30/09/2005", "nome": "DIAG PRIME COMERCIO E DISTRIBUICAO DE PRODUTOS CIENTIFICOS EIRELI", "uf": "RJ", "telefone": "(21) 3326-4950", "email": "leandro@diagprime.com.br", "qsa": [{"qual": "65-Titular Pessoa F\u00edsica Residente ou Domiciliado no Brasil", "nome": "LEANDRO SOARES ABONDANTE"}], "situacao": "ATIVA", "bairro": "BRAS DE PINA", "logradouro": "R MAESTRO HENRIQUE VOGELER", "numero": "45", "cep": "21.235-680", "municipio": "RIO DE JANEIRO", "porte": "DEMAIS", "abertura": "14/07/1997", "natureza_juridica": "230-5 - Empresa Individual de Responsabilidade Limitada (de Natureza Empres\u00e1ria)", "fantasia": "DIAG PRIME", "cnpj": "02.016.542/0001-88", "ultima_atualizacao": "2020-02-07T23:06:44.396Z", "status": "OK", "tipo": "MATRIZ", "complemento": "", "efr": "", "motivo_situacao": "", "situacao_especial": "", "data_situacao_especial": "", "atividades_secundarias": [{"code": "00.00-0-00", "text": "N\u00e3o informada"}], "capital_social": "1500000.00", "extra": {}, "billing": {"free": false, "database": true}}