{"atividade_principal": [{"text": "Aluguel de m\u00e1quinas e equipamentos para constru\u00e7\u00e3o sem operador, exceto andaimes", "code": "77.32-2-01"}], "data_situacao": "03/11/2005", "complemento": "QUADRA16 LOTE 243", "nome": "PRONTO PLAN RENTAL LTDA", "uf": "RJ", "telefone": "(22) 2757-5559", "email": "contabilidade@prontoplan.com.br", "atividades_secundarias": [{"text": "Aluguel de andaimes", "code": "77.32-2-02"}, {"text": "Aluguel de im\u00f3veis pr\u00f3prios", "code": "68.10-2-02"}, {"text": "Loca\u00e7\u00e3o de autom\u00f3veis sem condutor", "code": "77.11-0-00"}], "qsa": [{"qual": "49-S\u00f3cio-Administrador", "nome": "CLAUDIO FERNANDES DOS SANTOS"}, {"qual": "22-S\u00f3cio", "qual_rep_legal": "05-Administrador", "nome_rep_legal": "CLAUDIO FERNANDES DOS SANTOS", "nome": "PRONTO PLAN CONSTRUCOES E TERRAPLENAGENS EIRELI"}], "situacao": "ATIVA", "bairro": "JARDIM ESCURIAL", "logradouro": "R U", "numero": "S/N", "cep": "24.841-270", "municipio": "ITABORAI", "porte": "DEMAIS", "abertura": "01/07/1997", "natureza_juridica": "206-2 - Sociedade Empres\u00e1ria Limitada", "fantasia": "PRONTO PLAN RENTAL", "cnpj": "02.088.583/0001-80", "ultima_atualizacao": "2020-02-08T19:24:28.941Z", "status": "OK", "tipo": "MATRIZ", "efr": "", "motivo_situacao": "", "situacao_especial": "", "data_situacao_especial": "", "capital_social": "150000.00", "extra": {}, "billing": {"free": false, "database": true}}