{"atividade_principal": [{"text": "Com\u00e9rcio atacadista de instrumentos e materiais para uso m\u00e9dico, cir\u00fargico, hospitalar e de laborat\u00f3rios", "code": "46.45-1-01"}], "data_situacao": "03/11/2005", "nome": "MAT MED HOSPITALAR LTDA", "uf": "MG", "telefone": "(32) 3249-2773", "email": "matmedhosp@gmail.com", "atividades_secundarias": [{"text": "Com\u00e9rcio atacadista de produtos de higiene, limpeza e conserva\u00e7\u00e3o domiciliar", "code": "46.49-4-08"}, {"text": "Com\u00e9rcio atacadista de m\u00e1quinas, aparelhos e equipamentos para uso odonto-m\u00e9dico-hospitalar; partes e pe\u00e7as", "code": "46.64-8-00"}, {"text": "Com\u00e9rcio atacadista de cosm\u00e9ticos e produtos de perfumaria", "code": "46.46-0-01"}, {"text": "Com\u00e9rcio atacadista de produtos odontol\u00f3gicos", "code": "46.45-1-03"}], "qsa": [{"qual": "49-S\u00f3cio-Administrador", "nome": "ENILDA APARECIDA DE ALMEIDA PIRES"}, {"qual": "22-S\u00f3cio", "nome": "JOANA D ARC DE OLIVEIRA FERNANDES"}], "situacao": "ATIVA", "bairro": "BENFICA", "logradouro": "R PAULO GARCIA", "numero": "455", "cep": "36.090-340", "municipio": "JUIZ DE FORA", "porte": "MICRO EMPRESA", "abertura": "04/12/1997", "natureza_juridica": "206-2 - Sociedade Empres\u00e1ria Limitada", "cnpj": "02.305.767/0001-54", "ultima_atualizacao": "2020-02-08T20:58:37.552Z", "status": "OK", "tipo": "MATRIZ", "fantasia": "", "complemento": "", "efr": "", "motivo_situacao": "", "situacao_especial": "", "data_situacao_especial": "", "capital_social": "300000.00", "extra": {}, "billing": {"free": false, "database": false}}