{"atividade_principal": [{"text": "Atividades de condicionamento f\u00edsico", "code": "93.13-1-00"}], "data_situacao": "03/11/2005", "nome": "ANDRE E. S. SCHILLING", "uf": "RS", "telefone": "(51) 8055-0890", "email": "andre@ssesportes.com.br", "atividades_secundarias": [{"text": "Com\u00e9rcio varejista de artigos esportivos", "code": "47.63-6-02"}], "qsa": [], "situacao": "ATIVA", "bairro": "JARDIM BUHLER", "logradouro": "AV CAPIVARA", "numero": "1515", "cep": "93.900-000", "municipio": "IVOTI", "porte": "EMPRESA DE PEQUENO PORTE", "abertura": "25/03/1998", "natureza_juridica": "213-5 - Empres\u00e1rio (Individual)", "cnpj": "02.441.945/0001-74", "ultima_atualizacao": "2020-02-08T20:26:42.379Z", "status": "OK", "tipo": "MATRIZ", "fantasia": "", "complemento": "", "efr": "", "motivo_situacao": "", "situacao_especial": "", "data_situacao_especial": "", "capital_social": "40000.00", "extra": {}, "billing": {"free": false, "database": false}}