{"atividade_principal": [{"text": "Instala\u00e7\u00e3o, manuten\u00e7\u00e3o e repara\u00e7\u00e3o de elevadores, escadas e esteiras rolantes", "code": "43.29-1-03"}], "data_situacao": "03/11/2005", "complemento": "LOJA", "nome": "SEMARE ELEVADORES LTDA", "uf": "RJ", "telefone": "(22) 2772-0699/ (22) 2772-5508", "email": "legalizacao@contabilidadefortes.com.br", "atividades_secundarias": [{"text": "Com\u00e9rcio atacadista de outras m\u00e1quinas e equipamentos n\u00e3o especificados anteriormente; partes e pe\u00e7as", "code": "46.69-9-99"}, {"text": "Outras atividades de ensino n\u00e3o especificadas anteriormente", "code": "85.99-6-99"}], "qsa": [{"qual": "49-S\u00f3cio-Administrador", "nome": "REGINALDO VITALINO DE AZEVEDO"}, {"qual": "49-S\u00f3cio-Administrador", "nome": "ALLAN COELHO VITALINO DE AZEVEDO"}], "situacao": "ATIVA", "bairro": "COSTA DO SOL", "logradouro": "R JOSE AGUIAR FRANCO", "numero": "2070", "cep": "27.923-320", "municipio": "MACAE", "porte": "MICRO EMPRESA", "abertura": "19/03/1998", "natureza_juridica": "206-2 - Sociedade Empres\u00e1ria Limitada", "cnpj": "02.453.608/0001-05", "ultima_atualizacao": "2020-02-08T03:56:28.953Z", "status": "OK", "tipo": "MATRIZ", "fantasia": "", "efr": "", "motivo_situacao": "", "situacao_especial": "", "data_situacao_especial": "", "capital_social": "100000.00", "extra": {}, "billing": {"free": false, "database": true}}