{"atividade_principal": [{"text": "Servi\u00e7os de telefonia fixa comutada - STFC", "code": "61.10-8-01"}], "data_situacao": "30/11/2018", "nome": "TELEFONICA BRASIL S.A.", "uf": "SP", "telefone": "(11) 3430-0000", "email": "telefonica@telefonica.com", "atividades_secundarias": [{"text": "Servi\u00e7os de comunica\u00e7\u00e3o multim\u00eddia - SCM", "code": "61.10-8-03"}, {"text": "Telefonia m\u00f3vel celular", "code": "61.20-5-01"}, {"text": "Servi\u00e7os de telecomunica\u00e7\u00f5es sem fio n\u00e3o especificados anteriormente", "code": "61.20-5-99"}, {"text": "Com\u00e9rcio varejista especializado de equipamentos de telefonia e comunica\u00e7\u00e3o", "code": "47.52-1-00"}, {"text": "Gest\u00e3o de ativos intang\u00edveis n\u00e3o-financeiros", "code": "77.40-3-00"}, {"text": "Repara\u00e7\u00e3o e manuten\u00e7\u00e3o de equipamentos eletroeletr\u00f4nicos de uso pessoal e dom\u00e9stico", "code": "95.21-5-00"}, {"text": "Constru\u00e7\u00e3o de esta\u00e7\u00f5es e redes de telecomunica\u00e7\u00f5es", "code": "42.21-9-04"}, {"text": "Consultoria em tecnologia da informa\u00e7\u00e3o", "code": "62.04-0-00"}, {"text": "Tratamento de dados, provedores de servi\u00e7os de aplica\u00e7\u00e3o e servi\u00e7os de hospedagem na internet", "code": "63.11-9-00"}, {"text": "Outras atividades de presta\u00e7\u00e3o de servi\u00e7os de informa\u00e7\u00e3o n\u00e3o especificadas anteriormente", "code": "63.99-2-00"}, {"text": "Atividades de consultoria em gest\u00e3o empresarial, exceto consultoria t\u00e9cnica espec\u00edfica", "code": "70.20-4-00"}, {"text": "Outras atividades de servi\u00e7os prestados principalmente \u00e0s empresas n\u00e3o especificadas anteriormente", "code": "82.99-7-99"}, {"text": "Atividades de intermedia\u00e7\u00e3o e agenciamento de servi\u00e7os e neg\u00f3cios em geral, exceto imobili\u00e1rios", "code": "74.90-1-04"}, {"text": "Atividades de cobran\u00e7as e informa\u00e7\u00f5es cadastrais", "code": "82.91-1-00"}, {"text": "Instala\u00e7\u00e3o e manuten\u00e7\u00e3o el\u00e9trica", "code": "43.21-5-00"}, {"text": "Outras atividades de telecomunica\u00e7\u00f5es n\u00e3o especificadas anteriormente", "code": "61.90-6-99"}, {"text": "Suporte t\u00e9cnico, manuten\u00e7\u00e3o e outros servi\u00e7os em tecnologia da informa\u00e7\u00e3o", "code": "62.09-1-00"}, {"text": "Manuten\u00e7\u00e3o de esta\u00e7\u00f5es e redes de telecomunica\u00e7\u00f5es", "code": "42.21-9-05"}, {"text": "Portais, provedores de conte\u00fado e outros servi\u00e7os de informa\u00e7\u00e3o na internet", "code": "63.19-4-00"}, {"text": "Desenvolvimento e licenciamento de programas de computador n\u00e3o-customiz\u00e1veis", "code": "62.03-1-00"}, {"text": "Instala\u00e7\u00e3o de outros equipamentos n\u00e3o especificados anteriormente", "code": "33.29-5-99"}, {"text": "Repara\u00e7\u00e3o e manuten\u00e7\u00e3o de computadores e de equipamentos perif\u00e9ricos", "code": "95.11-8-00"}, {"text": "Repara\u00e7\u00e3o e manuten\u00e7\u00e3o de equipamentos de comunica\u00e7\u00e3o", "code": "95.12-6-00"}, {"text": "Atividades de monitoramento de sistemas de seguran\u00e7a eletr\u00f4nico", "code": "80.20-0-01"}, {"text": "Manuten\u00e7\u00e3o e repara\u00e7\u00e3o de m\u00e1quinas e equipamentos para uso geral n\u00e3o especificados anteriormente", "code": "33.14-7-10"}, {"text": "Com\u00e9rcio varejista especializado de equipamentos e suprimentos de inform\u00e1tica", "code": "47.51-2-01"}, {"text": "Aluguel de outras m\u00e1quinas e equipamentos comerciais e industriais n\u00e3o especificados anteriormente, sem operador", "code": "77.39-0-99"}], "qsa": [{"qual": "10-Diretor", "nome": "BRENO RODRIGO PACHECO DE OLIVEIRA"}, {"qual": "10-Diretor", "nome": "DAVID MELCON SANCHEZ FRIERA"}, {"qual": "16-Presidente", "nome": "CHRISTIAN MAUAD GEBARA"}], "situacao": "ATIVA", "bairro": "CIDADE MONCOES", "logradouro": "AV ENGENHEIRO LUIZ CARLOS BERRINI", "numero": "1376", "cep": "04.571-936", "municipio": "SAO PAULO", "porte": "DEMAIS", "abertura": "04/06/1998", "natureza_juridica": "204-6 - Sociedade An\u00f4nima Aberta", "cnpj": "02.558.157/0001-62", "ultima_atualizacao": "2020-02-08T21:07:15.709Z", "status": "OK", "tipo": "MATRIZ", "fantasia": "", "complemento": "", "efr": "", "motivo_situacao": "", "situacao_especial": "", "data_situacao_especial": "", "capital_social": "63571415865.09", "extra": {}, "billing": {"free": false, "database": false}}