{"atividade_principal": [{"text": "Confec\u00e7\u00e3o de pe\u00e7as de vestu\u00e1rio, exceto roupas \u00edntimas e as confeccionadas sob medida", "code": "14.12-6-01"}], "data_situacao": "21/04/2001", "nome": "NAYR CONFECCOES LTDA", "uf": "MS", "telefone": "(44) 3218-9200", "email": "contabilidade@nayr.com.br", "atividades_secundarias": [{"text": "Fac\u00e7\u00e3o de pe\u00e7as do vestu\u00e1rio, exceto roupas \u00edntimas", "code": "14.12-6-03"}, {"text": "Com\u00e9rcio atacadista de artigos do vestu\u00e1rio e acess\u00f3rios, exceto profissionais e de seguran\u00e7a", "code": "46.42-7-01"}, {"text": "Com\u00e9rcio atacadista de artigos de cama, mesa e banho", "code": "46.41-9-02"}, {"text": "Com\u00e9rcio atacadista de bolsas, malas e artigos de viagem", "code": "46.43-5-02"}, {"text": "Com\u00e9rcio atacadista de equipamentos el\u00e9tricos de uso pessoal e dom\u00e9stico", "code": "46.49-4-01"}, {"text": "Com\u00e9rcio atacadista de outros equipamentos e artigos de uso pessoal e dom\u00e9stico n\u00e3o especificados anteriormente", "code": "46.49-4-99"}, {"text": "Com\u00e9rcio por atacado de pneum\u00e1ticos e c\u00e2maras-de-ar", "code": "45.30-7-02"}, {"text": "Com\u00e9rcio atacadista de cal\u00e7ados", "code": "46.43-5-01"}, {"text": "Com\u00e9rcio atacadista de roupas e acess\u00f3rios para uso profissional e de seguran\u00e7a do trabalho", "code": "46.42-7-02"}, {"text": "Confec\u00e7\u00e3o de roupas \u00edntimas", "code": "14.11-8-01"}, {"text": "Transporte rodovi\u00e1rio de carga, exceto produtos perigosos e mudan\u00e7as, municipal", "code": "49.30-2-01"}, {"text": "Transporte rodovi\u00e1rio de carga, exceto produtos perigosos e mudan\u00e7as, intermunicipal, interestadual e internacional", "code": "49.30-2-02"}, {"text": "Fabrica\u00e7\u00e3o de equipamentos e acess\u00f3rios para seguran\u00e7a pessoal e profissional", "code": "32.92-2-02"}, {"text": "Servi\u00e7os combinados de escrit\u00f3rio e apoio administrativo", "code": "82.11-3-00"}, {"text": "Fabrica\u00e7\u00e3o de fraldas descart\u00e1veis", "code": "17.42-7-01"}, {"text": "Com\u00e9rcio atacadista de produtos de higiene pessoal", "code": "46.46-0-02"}, {"text": "Fabrica\u00e7\u00e3o de artefatos de material pl\u00e1stico para uso pessoal e dom\u00e9stico", "code": "22.29-3-01"}, {"text": "Fabrica\u00e7\u00e3o de m\u00f3veis com predomin\u00e2ncia de metal", "code": "31.02-1-00"}, {"text": "Fabrica\u00e7\u00e3o de canetas, l\u00e1pis e outros artigos para escrit\u00f3rio", "code": "32.99-0-02"}, {"text": "Com\u00e9rcio atacadista de artigos de escrit\u00f3rio e de papelaria", "code": "46.47-8-01"}, {"text": "Fabrica\u00e7\u00e3o de produtos de papel, cartolina, papel cart\u00e3o e papel\u00e3o ondulado para uso comercial e de escrit\u00f3rio, exceto formul\u00e1rio cont\u00ednuo", "code": "17.41-9-02"}, {"text": "Fabrica\u00e7\u00e3o de outros brinquedos e jogos recreativos n\u00e3o especificados anteriormente", "code": "32.40-0-99"}, {"text": "Com\u00e9rcio atacadista de filmes, CDs, DVDs, fitas e discos", "code": "46.49-4-07"}, {"text": "Com\u00e9rcio atacadista de equipamentos de inform\u00e1tica", "code": "46.51-6-01"}, {"text": "Com\u00e9rcio atacadista de suprimentos para inform\u00e1tica", "code": "46.51-6-02"}, {"text": "Com\u00e9rcio varejista especializado de equipamentos e suprimentos de inform\u00e1tica", "code": "47.51-2-01"}, {"text": "Servi\u00e7os de acabamentos gr\u00e1ficos, exceto encaderna\u00e7\u00e3o e plastifica\u00e7\u00e3o", "code": "18.22-9-99"}, {"text": "Impress\u00e3o de material para uso publicit\u00e1rio", "code": "18.13-0-01"}], "qsa": [{"qual": "49-S\u00f3cio-Administrador", "nome": "MARILDE REGINA MASSOCATTO DIAS"}, {"qual": "49-S\u00f3cio-Administrador", "nome": "IRINEO DIAS"}, {"qual": "49-S\u00f3cio-Administrador", "nome": "JORGE DIAS"}, {"qual": "49-S\u00f3cio-Administrador", "nome": "HENRIQUE DIAS"}], "situacao": "ATIVA", "bairro": "PARQUE INDUSTRIAL 02", "logradouro": "TV ANTONIO MENDES", "numero": "96", "cep": "79.980-000", "municipio": "MUNDO NOVO", "porte": "DEMAIS", "abertura": "27/04/1998", "natureza_juridica": "206-2 - Sociedade Empres\u00e1ria Limitada", "fantasia": "NAYR", "cnpj": "02.582.267/0001-60", "ultima_atualizacao": "2020-02-08T20:17:17.448Z", "status": "OK", "tipo": "MATRIZ", "complemento": "", "efr": "", "motivo_situacao": "", "situacao_especial": "", "data_situacao_especial": "", "capital_social": "13809699.00", "extra": {}, "billing": {"free": false, "database": false}}