{"atividade_principal": [{"text": "Com\u00e9rcio atacadista de m\u00e1quinas, aparelhos e equipamentos para uso odonto-m\u00e9dico-hospitalar; partes e pe\u00e7as", "code": "46.64-8-00"}], "data_situacao": "10/01/2001", "complemento": "SALA 105", "nome": "LINHA MEDICA COMERCIO REPRESENTACAO E IMPORTACAO LTDA", "uf": "SC", "telefone": "(48) 3223-0222", "email": "linhamedica@fastlane.com.br", "atividades_secundarias": [{"text": "Com\u00e9rcio atacadista de instrumentos e materiais para uso m\u00e9dico, cir\u00fargico, hospitalar e de laborat\u00f3rios", "code": "46.45-1-01"}, {"text": "Aluguel de equipamentos cient\u00edficos, m\u00e9dicos e hospitalares, sem operador", "code": "77.39-0-02"}], "qsa": [{"qual": "49-S\u00f3cio-Administrador", "nome": "MAURICIO LUIZ SARTORI"}, {"qual": "30-S\u00f3cio ou Acionista Menor (Assistido/Representado)", "qual_rep_legal": "15-Pai", "nome_rep_legal": "MAURICIO LUIZ SARTORI", "nome": "MARIA LUIZA JOAQUIM SARTORI"}], "situacao": "ATIVA", "bairro": "ESTREITO", "logradouro": "R FULVIO ADUCCI", "numero": "656", "cep": "88.075-000", "municipio": "FLORIANOPOLIS", "porte": "EMPRESA DE PEQUENO PORTE", "abertura": "17/06/1998", "natureza_juridica": "206-2 - Sociedade Empres\u00e1ria Limitada", "cnpj": "02.595.545/0001-13", "ultima_atualizacao": "2020-02-08T21:06:18.419Z", "status": "OK", "tipo": "MATRIZ", "fantasia": "", "efr": "", "motivo_situacao": "", "situacao_especial": "", "data_situacao_especial": "", "capital_social": "150000.00", "extra": {}, "billing": {"free": false, "database": false}}