{"atividade_principal": [{"text": "Com\u00e9rcio atacadista de outras m\u00e1quinas e equipamentos n\u00e3o especificados anteriormente; partes e pe\u00e7as", "code": "46.69-9-99"}], "data_situacao": "23/10/2004", "nome": "HIDROSUPRIMENTOS, EQUIPAMENTOS, SERVICOS, IMPORTACAO E EXPORTACAO LTDA.", "uf": "SP", "telefone": "(11) 3337-1554/ (11) 3337-1554", "email": "spcontabil@spassessoriacontabil.com.br", "atividades_secundarias": [{"text": "Fabrica\u00e7\u00e3o de m\u00e1quinas e equipamentos para saneamento b\u00e1sico e ambiental, pe\u00e7as e acess\u00f3rios", "code": "28.25-9-00"}, {"text": "Treinamento em desenvolvimento profissional e gerencial", "code": "85.99-6-04"}], "qsa": [{"qual": "49-S\u00f3cio-Administrador", "nome": "JOSE ROBERTO BIANCHI"}, {"qual": "49-S\u00f3cio-Administrador", "nome": "IRMGARD RAATZ BOTTURA"}], "situacao": "ATIVA", "bairro": "VILA JORDANOPOLIS", "logradouro": "R PINDORAMA", "numero": "622", "cep": "09.892-120", "municipio": "SAO BERNARDO DO CAMPO", "porte": "MICRO EMPRESA", "abertura": "19/06/1998", "natureza_juridica": "206-2 - Sociedade Empres\u00e1ria Limitada", "cnpj": "02.604.926/0001-11", "ultima_atualizacao": "2020-02-08T19:45:56.373Z", "status": "OK", "tipo": "MATRIZ", "fantasia": "", "complemento": "", "efr": "", "motivo_situacao": "", "situacao_especial": "", "data_situacao_especial": "", "capital_social": "30000.00", "extra": {}, "billing": {"free": false, "database": false}}