{"atividade_principal": [{"text": "Fabrica\u00e7\u00e3o de aparelhos eletrom\u00e9dicos e eletroterap\u00eauticos e equipamentos de irradia\u00e7\u00e3o", "code": "26.60-4-00"}], "data_situacao": "03/11/2005", "nome": "VMI TECNOLOGIAS LTDA.", "uf": "MG", "telefone": "(31) 3661-1910/ (31) 3661-1732", "email": "waj@wajconsultoria.com.br", "atividades_secundarias": [{"text": "Manuten\u00e7\u00e3o e repara\u00e7\u00e3o de aparelhos eletrom\u00e9dicos e eletroterap\u00eauticos e equipamentos de irradia\u00e7\u00e3o", "code": "33.12-1-03"}, {"text": "Manuten\u00e7\u00e3o e repara\u00e7\u00e3o de equipamentos e produtos n\u00e3o especificados anteriormente", "code": "33.19-8-00"}, {"text": "Instala\u00e7\u00e3o de m\u00e1quinas e equipamentos industriais", "code": "33.21-0-00"}, {"text": "Representantes comerciais e agentes do com\u00e9rcio de instrumentos e materiais odonto-m\u00e9dico-hospitalares", "code": "46.18-4-02"}, {"text": "Com\u00e9rcio atacadista de m\u00e1quinas, aparelhos e equipamentos para uso odonto-m\u00e9dico-hospitalar; partes e pe\u00e7as", "code": "46.64-8-00"}, {"text": "Com\u00e9rcio atacadista de outras m\u00e1quinas e equipamentos n\u00e3o especificados anteriormente; partes e pe\u00e7as", "code": "46.69-9-99"}, {"text": "Desenvolvimento de programas de computador sob encomenda", "code": "62.01-5-01"}, {"text": "Desenvolvimento e licenciamento de programas de computador customiz\u00e1veis", "code": "62.02-3-00"}, {"text": "Desenvolvimento e licenciamento de programas de computador n\u00e3o-customiz\u00e1veis", "code": "62.03-1-00"}, {"text": "Consultoria em tecnologia da informa\u00e7\u00e3o", "code": "62.04-0-00"}, {"text": "Atividades de consultoria em gest\u00e3o empresarial, exceto consultoria t\u00e9cnica espec\u00edfica", "code": "70.20-4-00"}, {"text": "Aluguel de material m\u00e9dico", "code": "77.29-2-03"}, {"text": "Treinamento em desenvolvimento profissional e gerencial", "code": "85.99-6-04"}], "qsa": [{"qual": "22-S\u00f3cio", "qual_rep_legal": "05-Administrador", "nome_rep_legal": "SILVIA CARVALHO DE MORAES", "nome": "PRIME HOLDING E SERVICOS LTDA"}, {"qual": "49-S\u00f3cio-Administrador", "nome": "OTAVIO VIEGAS"}, {"qual": "05-Administrador", "nome": "SILVIA CARVALHO DE MORAES"}], "situacao": "ATIVA", "bairro": "DISTRITO IND. GENESCO APARECIDO", "logradouro": "R PREFEITO ELIZEU ALVES DA SILVA", "numero": "400", "cep": "33.400-000", "municipio": "LAGOA SANTA", "porte": "DEMAIS", "abertura": "29/07/1998", "natureza_juridica": "206-2 - Sociedade Empres\u00e1ria Limitada", "fantasia": "VMI MEDICA", "cnpj": "02.659.246/0001-03", "ultima_atualizacao": "2020-02-08T19:53:30.016Z", "status": "OK", "tipo": "MATRIZ", "complemento": "", "efr": "", "motivo_situacao": "", "situacao_especial": "", "data_situacao_especial": "", "capital_social": "12500000.00", "extra": {}, "billing": {"free": false, "database": false}}