{"atividade_principal": [{"text": "Fabrica\u00e7\u00e3o de aparelhos eletrom\u00e9dicos e eletroterap\u00eauticos e equipamentos de irradia\u00e7\u00e3o", "code": "26.60-4-00"}], "data_situacao": "12/06/2004", "complemento": "COND CETIS FRACAO N 7 BRCAO 5", "nome": "LOTUS INDUSTRIA E COMERCIO LTDA.", "uf": "PR", "telefone": "(41) 3888-0242", "email": "contabilidade@merpe.com.br", "atividades_secundarias": [{"text": "Fabrica\u00e7\u00e3o de m\u00e1quinas para a ind\u00fastria metal\u00fargica, pe\u00e7as e acess\u00f3rios, exceto m\u00e1quinas-ferramenta", "code": "28.61-5-00"}, {"text": "Manuten\u00e7\u00e3o e repara\u00e7\u00e3o de m\u00e1quinas e equipamentos para uso geral n\u00e3o especificados anteriormente", "code": "33.14-7-10"}, {"text": "Tratamento de dados, provedores de servi\u00e7os de aplica\u00e7\u00e3o e servi\u00e7os de hospedagem na internet", "code": "63.11-9-00"}], "qsa": [{"qual": "30-S\u00f3cio ou Acionista Menor (Assistido/Representado)", "qual_rep_legal": "15-Pai", "nome_rep_legal": "PEDRO PAULO PISTELLI", "nome": "LUIZA MARIA SPOLADORE PISTELLI"}, {"qual": "05-Administrador", "nome": "PEDRO PAULO PISTELLI"}, {"qual": "22-S\u00f3cio", "nome": "PAULA SPOLADORE PISTELLI"}], "situacao": "ATIVA", "bairro": "FRARON", "logradouro": "AV ELISA ROSA COLLA PADOAN", "numero": "45", "cep": "85.503-380", "municipio": "PATO BRANCO", "porte": "DEMAIS", "abertura": "24/09/1998", "natureza_juridica": "206-2 - Sociedade Empres\u00e1ria Limitada", "cnpj": "02.799.882/0001-22", "ultima_atualizacao": "2020-02-08T19:15:45.416Z", "status": "OK", "tipo": "MATRIZ", "fantasia": "", "efr": "", "motivo_situacao": "", "situacao_especial": "", "data_situacao_especial": "", "capital_social": "0.00", "extra": {}, "billing": {"free": false, "database": true}}