{"atividade_principal": [{"text": "Com\u00e9rcio atacadista de instrumentos e materiais para uso m\u00e9dico, cir\u00fargico, hospitalar e de laborat\u00f3rios", "code": "46.45-1-01"}], "data_situacao": "23/04/2005", "complemento": "LOTE VIV SAO FIDELIS", "nome": "SANEWS DISTRIBUIDORA DE PRODUTOS HOSPITALARES E LABORATORIAIS LTDA", "uf": "RJ", "telefone": "(22) 2772-4399", "atividades_secundarias": [{"text": "Manuten\u00e7\u00e3o e repara\u00e7\u00e3o de aparelhos e instrumentos de medida, teste e controle", "code": "33.12-1-02"}, {"text": "Aluguel de equipamentos cient\u00edficos, m\u00e9dicos e hospitalares, sem operador", "code": "77.39-0-02"}], "qsa": [{"qual": "49-S\u00f3cio-Administrador", "nome": "MARIA AMELIA MOUZINHO VIANA"}, {"qual": "49-S\u00f3cio-Administrador", "nome": "LUIZ JORGE RIBEIRO MARQUES"}], "situacao": "ATIVA", "bairro": "RIVIERA FLUMINENSE", "logradouro": "R SEBASTIAO LOPES DA SILVA", "numero": "152", "cep": "27.937-560", "municipio": "MACAE", "porte": "DEMAIS", "abertura": "12/11/1998", "natureza_juridica": "206-2 - Sociedade Empres\u00e1ria Limitada", "fantasia": "SANEWS DISTRIBUIDORA", "cnpj": "02.842.909/0001-12", "ultima_atualizacao": "2020-02-07T23:13:37.205Z", "status": "OK", "tipo": "MATRIZ", "email": "", "efr": "", "motivo_situacao": "", "situacao_especial": "", "data_situacao_especial": "", "capital_social": "1400000.00", "extra": {}, "billing": {"free": false, "database": true}}