{"atividade_principal": [{"text": "Impress\u00e3o de material para outros usos", "code": "18.13-0-99"}], "data_situacao": "04/12/2004", "complemento": "LOJA A", "nome": "A. C. DOS SANTOS OLIVEIRA COMERCIO E SERVICOS LTDA", "uf": "RJ", "atividades_secundarias": [{"text": "Impress\u00e3o de material para uso publicit\u00e1rio", "code": "18.13-0-01"}, {"text": "Com\u00e9rcio atacadista de artigos de cama, mesa e banho", "code": "46.41-9-02"}, {"text": "Com\u00e9rcio atacadista de artigos de escrit\u00f3rio e de papelaria", "code": "46.47-8-01"}, {"text": "Com\u00e9rcio atacadista de equipamentos el\u00e9tricos de uso pessoal e dom\u00e9stico", "code": "46.49-4-01"}, {"text": "Com\u00e9rcio atacadista de equipamentos de inform\u00e1tica", "code": "46.51-6-01"}, {"text": "Com\u00e9rcio atacadista de materiais de constru\u00e7\u00e3o em geral", "code": "46.79-6-99"}, {"text": "Com\u00e9rcio atacadista de produtos de higiene, limpeza e conserva\u00e7\u00e3o domiciliar", "code": "46.49-4-08"}, {"text": "Outras atividades de publicidade n\u00e3o especificadas anteriormente", "code": "73.19-0-99"}, {"text": "Loca\u00e7\u00e3o de outros meios de transporte n\u00e3o especificados anteriormente, sem condutor", "code": "77.19-5-99"}], "qsa": [{"qual": "49-S\u00f3cio-Administrador", "nome": "ANTONIO CARLOS DOS SANTOS OLIVEIRA"}, {"qual": "49-S\u00f3cio-Administrador", "nome": "ANA MARIA SILVA DOS SANTOS OLIVEIRA"}], "situacao": "ATIVA", "bairro": "RIO DO LIMAO", "logradouro": "R JULIO CASTILHO", "numero": "1218", "cep": "28.970-000", "municipio": "ARARUAMA", "porte": "MICRO EMPRESA", "abertura": "22/10/1998", "natureza_juridica": "206-2 - Sociedade Empres\u00e1ria Limitada", "fantasia": "ANNY ARTES GRAFICAS", "cnpj": "02.844.292/0001-74", "ultima_atualizacao": "2020-02-08T18:35:20.799Z", "status": "OK", "tipo": "MATRIZ", "email": "", "telefone": "", "efr": "", "motivo_situacao": "", "situacao_especial": "", "data_situacao_especial": "", "capital_social": "300000.00", "extra": {}, "billing": {"free": false, "database": true}}