{"atividade_principal": [{"text": "Outras atividades de aten\u00e7\u00e3o \u00e0 sa\u00fade humana n\u00e3o especificadas anteriormente", "code": "86.90-9-99"}], "data_situacao": "13/02/2008", "nome": "CRSJ - CENTRO DE REABILITACAO SAO JOSE", "uf": "RJ", "telefone": "(21) 3016-4557", "email": "cltassessoriacontabil@hotmail.com", "situacao": "ATIVA", "bairro": "CAMPO GRANDE", "logradouro": "EST CAMBOTA", "numero": "505", "cep": "23.045-190", "municipio": "RIO DE JANEIRO", "porte": "DEMAIS", "abertura": "13/02/2008", "natureza_juridica": "399-9 - Associa\u00e7\u00e3o Privada", "cnpj": "02.917.379/0002-05", "ultima_atualizacao": "2020-02-08T19:10:45.020Z", "status": "OK", "tipo": "FILIAL", "fantasia": "", "complemento": "", "efr": "", "motivo_situacao": "", "situacao_especial": "", "data_situacao_especial": "", "atividades_secundarias": [{"code": "00.00-0-00", "text": "N\u00e3o informada"}], "capital_social": "0.00", "qsa": [], "extra": {}, "billing": {"free": false, "database": true}}