{"atividade_principal": [{"text": "Com\u00e9rcio atacadista de m\u00e1quinas, aparelhos e equipamentos para uso odonto-m\u00e9dico-hospitalar; partes e pe\u00e7as", "code": "46.64-8-00"}], "data_situacao": "20/02/2004", "nome": "COPTEC RIO INSTRUMENTOS CIENTIFICOS EIRELI", "uf": "RJ", "telefone": "(21) 2576-3805", "qsa": [{"qual": "65-Titular Pessoa F\u00edsica Residente ou Domiciliado no Brasil", "nome": "SANDRO ROBERTO TEIXEIRA"}], "situacao": "ATIVA", "bairro": "TAQUARA", "logradouro": "EST DO MAPUA", "numero": "750", "cep": "22.713-321", "municipio": "RIO DE JANEIRO", "porte": "EMPRESA DE PEQUENO PORTE", "abertura": "15/03/1999", "natureza_juridica": "230-5 - Empresa Individual de Responsabilidade Limitada (de Natureza Empres\u00e1ria)", "cnpj": "03.055.938/0001-05", "ultima_atualizacao": "2020-02-08T20:13:16.822Z", "status": "OK", "tipo": "MATRIZ", "fantasia": "", "complemento": "", "email": "", "efr": "", "motivo_situacao": "", "situacao_especial": "", "data_situacao_especial": "", "atividades_secundarias": [{"code": "00.00-0-00", "text": "N\u00e3o informada"}], "capital_social": "99800.00", "extra": {}, "billing": {"free": false, "database": false}}