{"atividade_principal": [{"text": "Com\u00e9rcio varejista de artigos esportivos", "code": "47.63-6-02"}], "data_situacao": "03/11/2005", "complemento": "SALA 02", "nome": "SL ARTIGOS ESPORTIVOS EIRELI", "uf": "SC", "telefone": "(47) 3202-6664", "qsa": [{"qual": "65-Titular Pessoa F\u00edsica Residente ou Domiciliado no Brasil", "nome": "ELIETE ABILIO DE SOUSA"}], "situacao": "ATIVA", "bairro": "ITAUM", "logradouro": "R FATIMA", "numero": "586", "cep": "89.210-681", "municipio": "JOINVILLE", "porte": "MICRO EMPRESA", "abertura": "07/04/1999", "natureza_juridica": "230-5 - Empresa Individual de Responsabilidade Limitada (de Natureza Empres\u00e1ria)", "fantasia": "AUTHENTIC SPORTS", "cnpj": "03.081.509/0001-02", "ultima_atualizacao": "2020-02-08T20:34:27.434Z", "status": "OK", "tipo": "MATRIZ", "email": "", "efr": "", "motivo_situacao": "", "situacao_especial": "", "data_situacao_especial": "", "atividades_secundarias": [{"code": "00.00-0-00", "text": "N\u00e3o informada"}], "capital_social": "100000.00", "extra": {}, "billing": {"free": false, "database": false}}