{"atividade_principal": [{"text": "Atividades de apoio \u00e0 educa\u00e7\u00e3o, exceto caixas escolares", "code": "85.50-3-02"}], "data_situacao": "11/05/2001", "complemento": "PARTE", "nome": "FUNDACAO EUCLIDES DA CUNHA DE APOIO INSTITUCIONAL A UFF", "uf": "RJ", "telefone": "(21) 2109-1664/ (21) 2109-1650", "email": "fec@fec.uff.br", "atividades_secundarias": [{"text": "Pesquisa e desenvolvimento experimental em ci\u00eancias f\u00edsicas e naturais", "code": "72.10-0-00"}, {"text": "Pesquisa e desenvolvimento experimental em ci\u00eancias sociais e humanas", "code": "72.20-7-00"}, {"text": "Outras atividades profissionais, cient\u00edficas e t\u00e9cnicas n\u00e3o especificadas anteriormente", "code": "74.90-1-99"}, {"text": "Servi\u00e7os combinados de escrit\u00f3rio e apoio administrativo", "code": "82.11-3-00"}, {"text": "Outras atividades de servi\u00e7os prestados principalmente \u00e0s empresas n\u00e3o especificadas anteriormente", "code": "82.99-7-99"}, {"text": "Atividades de apoio \u00e0 gest\u00e3o de sa\u00fade", "code": "86.60-7-00"}, {"text": "Produ\u00e7\u00e3o teatral", "code": "90.01-9-01"}, {"text": "Produ\u00e7\u00e3o musical", "code": "90.01-9-02"}, {"text": "Produ\u00e7\u00e3o de espet\u00e1culos de dan\u00e7a", "code": "90.01-9-03"}, {"text": "Produ\u00e7\u00e3o de espet\u00e1culos circenses, de marionetes e similares", "code": "90.01-9-04"}, {"text": "Atividades de sonoriza\u00e7\u00e3o e de ilumina\u00e7\u00e3o", "code": "90.01-9-06"}, {"text": "Artes c\u00eanicas, espet\u00e1culos e atividades complementares n\u00e3o especificadas anteriormente", "code": "90.01-9-99"}, {"text": "Atividades de artistas pl\u00e1sticos, jornalistas independentes e escritores", "code": "90.02-7-01"}, {"text": "Gest\u00e3o de espa\u00e7os para artes c\u00eanicas, espet\u00e1culos e outras atividades art\u00edsticas", "code": "90.03-5-00"}, {"text": "Atividades de bibliotecas e arquivos", "code": "91.01-5-00"}, {"text": "Atividades de museus e de explora\u00e7\u00e3o de lugares e pr\u00e9dios hist\u00f3ricos e atra\u00e7\u00f5es similares", "code": "91.02-3-01"}, {"text": "Atividades de jardins bot\u00e2nicos, zool\u00f3gicos, parques nacionais, reservas ecol\u00f3gicas e \u00e1reas de prote\u00e7\u00e3o ambiental", "code": "91.03-1-00"}, {"text": "Produ\u00e7\u00e3o e promo\u00e7\u00e3o de eventos esportivos", "code": "93.19-1-01"}], "qsa": [{"qual": "10-Diretor", "nome": "ALBERTO DI SABBATO"}], "situacao": "ATIVA", "bairro": "ICARAI", "logradouro": "R MIGUEL DE FRIAS", "numero": "123", "cep": "24.220-001", "municipio": "NITEROI", "porte": "DEMAIS", "abertura": "01/10/1999", "natureza_juridica": "306-9 - Funda\u00e7\u00e3o Privada", "fantasia": "FEC", "cnpj": "03.438.229/0001-09", "ultima_atualizacao": "2020-02-08T20:37:37.330Z", "status": "OK", "tipo": "MATRIZ", "efr": "", "motivo_situacao": "", "situacao_especial": "", "data_situacao_especial": "", "capital_social": "0.00", "extra": {}, "billing": {"free": false, "database": false}}