{"atividade_principal": [{"text": "Imuniza\u00e7\u00e3o e controle de pragas urbanas", "code": "81.22-2-00"}], "data_situacao": "27/08/2005", "nome": "IMUNE GUERRA SERVICOS EIRELI", "uf": "RJ", "telefone": "(22) 2732-0500", "email": "comercial@cesarqueiroz.com.br", "atividades_secundarias": [{"text": "Coleta de res\u00edduos n\u00e3o-perigosos", "code": "38.11-4-00"}, {"text": "Obras de urbaniza\u00e7\u00e3o - ruas, pra\u00e7as e cal\u00e7adas", "code": "42.13-8-00"}, {"text": "Prepara\u00e7\u00e3o de canteiro e limpeza de terreno", "code": "43.11-8-02"}, {"text": "Instala\u00e7\u00e3o e manuten\u00e7\u00e3o el\u00e9trica", "code": "43.21-5-00"}, {"text": "Instala\u00e7\u00f5es hidr\u00e1ulicas, sanit\u00e1rias e de g\u00e1s", "code": "43.22-3-01"}, {"text": "Transporte rodovi\u00e1rio de carga, exceto produtos perigosos e mudan\u00e7as, municipal.", "code": "49.30-2-01"}, {"text": "Aluguel de m\u00e1quinas e equipamentos para constru\u00e7\u00e3o sem operador, exceto andaimes", "code": "77.32-2-01"}, {"text": "Servi\u00e7os combinados para apoio a edif\u00edcios, exceto condom\u00ednios prediais", "code": "81.11-7-00"}, {"text": "Limpeza em pr\u00e9dios e em domic\u00edlios", "code": "81.21-4-00"}, {"text": "Atividades de limpeza n\u00e3o especificadas anteriormente", "code": "81.29-0-00"}, {"text": "Atividades paisag\u00edsticas", "code": "81.30-3-00"}], "qsa": [{"qual": "65-Titular Pessoa F\u00edsica Residente ou Domiciliado no Brasil", "nome": "ALEX DE ALMEIDA TRINDADE"}], "situacao": "ATIVA", "bairro": "PITEIRAS QUISSAMA", "logradouro": "AV AMILCAR PEREIRA DA SILVA", "numero": "1165", "cep": "28.735-000", "municipio": "QUISSAMA", "porte": "EMPRESA DE PEQUENO PORTE", "abertura": "26/01/2000", "natureza_juridica": "230-5 - Empresa Individual de Responsabilidade Limitada (de Natureza Empres\u00e1ria)", "fantasia": "IMUNE GUERRA", "cnpj": "03.617.464/0001-30", "ultima_atualizacao": "2020-02-08T00:15:31.158Z", "status": "OK", "tipo": "MATRIZ", "complemento": "", "efr": "", "motivo_situacao": "", "situacao_especial": "", "data_situacao_especial": "", "capital_social": "250000.00", "extra": {}, "billing": {"free": false, "database": true}}