{"atividade_principal": [{"text": "Fabrica\u00e7\u00e3o de pain\u00e9is e letreiros luminosos", "code": "32.99-0-04"}], "data_situacao": "24/05/2001", "nome": "VBN INDUSTRIA E COMERCIO DE PAINEIS ELETRONICOS LTDA", "uf": "SP", "telefone": "(11) 2087-4303", "email": "financeiro@vbnpaineis.com.br", "atividades_secundarias": [{"text": "Fabrica\u00e7\u00e3o de aparelhos e equipamentos de medida, teste e controle", "code": "26.51-5-00"}, {"text": "Fabrica\u00e7\u00e3o de perif\u00e9ricos para equipamentos de inform\u00e1tica", "code": "26.22-1-00"}, {"text": "Instala\u00e7\u00e3o e manuten\u00e7\u00e3o el\u00e9trica", "code": "43.21-5-00"}, {"text": "Aluguel de m\u00e1quinas e equipamentos para escrit\u00f3rios", "code": "77.33-1-00"}, {"text": "Com\u00e9rcio atacadista de material el\u00e9trico", "code": "46.73-7-00"}, {"text": "Com\u00e9rcio atacadista de materiais de constru\u00e7\u00e3o em geral", "code": "46.79-6-99"}, {"text": "Constru\u00e7\u00e3o de edif\u00edcios", "code": "41.20-4-00"}, {"text": "Manuten\u00e7\u00e3o e repara\u00e7\u00e3o de m\u00e1quinas, aparelhos e materiais el\u00e9tricos n\u00e3o especificados anteriormente", "code": "33.13-9-99"}, {"text": "Repara\u00e7\u00e3o e manuten\u00e7\u00e3o de computadores e de equipamentos perif\u00e9ricos", "code": "95.11-8-00"}], "qsa": [{"qual": "49-S\u00f3cio-Administrador", "nome": "ELIDE ZANIN BERTOLUCI"}, {"qual": "49-S\u00f3cio-Administrador", "nome": "OLIVER BERTOLUCI"}], "situacao": "ATIVA", "bairro": "MACEDO", "logradouro": "AV TIRADENTES", "numero": "2344", "cep": "07.113-001", "municipio": "GUARULHOS", "porte": "EMPRESA DE PEQUENO PORTE", "abertura": "20/03/2000", "natureza_juridica": "206-2 - Sociedade Empres\u00e1ria Limitada", "cnpj": "03.815.497/0001-94", "ultima_atualizacao": "2020-02-08T21:03:49.389Z", "status": "OK", "tipo": "MATRIZ", "fantasia": "", "complemento": "", "efr": "", "motivo_situacao": "", "situacao_especial": "", "data_situacao_especial": "", "capital_social": "60000.00", "extra": {}, "billing": {"free": false, "database": false}}