{"atividade_principal": [{"text": "Desenvolvimento de programas de computador sob encomenda", "code": "62.01-5-01"}], "data_situacao": "03/11/2005", "complemento": "BLOCO C APT 301", "nome": "MN TECNOLOGIA E TREINAMENTO LTDA", "uf": "SC", "telefone": "(48) 3333-0896", "email": "marialuiza@softconsc.com.br", "atividades_secundarias": [{"text": "Treinamento em desenvolvimento profissional e gerencial", "code": "85.99-6-04"}, {"text": "Outras atividades de publicidade n\u00e3o especificadas anteriormente", "code": "73.19-0-99"}, {"text": "Consultoria em tecnologia da informa\u00e7\u00e3o", "code": "62.04-0-00"}, {"text": "Com\u00e9rcio varejista especializado de equipamentos e suprimentos de inform\u00e1tica", "code": "47.51-2-01"}, {"text": "Cria\u00e7\u00e3o de estandes para feiras e exposi\u00e7\u00f5es", "code": "73.19-0-01"}, {"text": "Promo\u00e7\u00e3o de vendas", "code": "73.19-0-02"}, {"text": "Marketing direto", "code": "73.19-0-03"}, {"text": "Consultoria em publicidade", "code": "73.19-0-04"}], "qsa": [{"qual": "49-S\u00f3cio-Administrador", "nome": "STELLA MARIS MACIEL SEBASTIAO"}, {"qual": "22-S\u00f3cio", "nome": "MICHELLE FROTA DE ALMEIDA"}], "situacao": "ATIVA", "bairro": "CENTRO", "logradouro": "AV PREFEITO OSMAR CUNHA", "numero": "183", "cep": "88.015-100", "municipio": "FLORIANOPOLIS", "porte": "EMPRESA DE PEQUENO PORTE", "abertura": "05/06/2000", "natureza_juridica": "206-2 - Sociedade Empres\u00e1ria Limitada", "fantasia": "QISAT", "cnpj": "03.984.954/0001-74", "ultima_atualizacao": "2020-02-08T20:39:15.854Z", "status": "OK", "tipo": "MATRIZ", "efr": "", "motivo_situacao": "", "situacao_especial": "", "data_situacao_especial": "", "capital_social": "50000.00", "extra": {}, "billing": {"free": false, "database": false}}