{"atividade_principal": [{"text": "Fabrica\u00e7\u00e3o de aparelhos eletrom\u00e9dicos e eletroterap\u00eauticos e equipamentos de irradia\u00e7\u00e3o", "code": "26.60-4-00"}], "data_situacao": "29/11/2003", "nome": "SIGMED EQUIPAMENTOS ELETRONICOS LTDA", "uf": "SP", "telefone": "(16) 3630-1422/ (16) 3630-1422", "email": "sigmed@sigmed.com.br", "atividades_secundarias": [{"text": "Fabrica\u00e7\u00e3o de instrumentos n\u00e3o-eletr\u00f4nicos e utens\u00edlios para uso m\u00e9dico, cir\u00fargico, odontol\u00f3gico e de laborat\u00f3rio", "code": "32.50-7-01"}], "qsa": [{"qual": "49-S\u00f3cio-Administrador", "nome": "ROBSON LUIS MELCHIADES CARDOSO"}, {"qual": "49-S\u00f3cio-Administrador", "nome": "CARLO LUIGI BERGAMINI"}], "situacao": "ATIVA", "bairro": "IPIRANGA", "logradouro": "R RIO GRANDE DO SUL", "numero": "373", "cep": "14.055-000", "municipio": "RIBEIRAO PRETO", "porte": "EMPRESA DE PEQUENO PORTE", "abertura": "14/08/2000", "natureza_juridica": "206-2 - Sociedade Empres\u00e1ria Limitada", "cnpj": "03.993.484/0001-05", "ultima_atualizacao": "2020-02-08T20:48:54.921Z", "status": "OK", "tipo": "MATRIZ", "fantasia": "", "complemento": "", "efr": "", "motivo_situacao": "", "situacao_especial": "", "data_situacao_especial": "", "capital_social": "24000.00", "extra": {}, "billing": {"free": false, "database": false}}