{"atividade_principal": [{"text": "Edi\u00e7\u00e3o integrada \u00e0 impress\u00e3o de jornais di\u00e1rios", "code": "58.22-1-01"}], "data_situacao": "27/08/2005", "complemento": "SAL 201", "nome": "EDITORA GLOBO S/A", "uf": "RJ", "telefone": "(21) 2534-5000", "email": "tributario@infoglobo.com.br", "atividades_secundarias": [{"text": "Impress\u00e3o de jornais", "code": "18.11-3-01"}, {"text": "Impress\u00e3o de livros, revistas e outras publica\u00e7\u00f5es peri\u00f3dicas", "code": "18.11-3-02"}, {"text": "Com\u00e9rcio atacadista de energia el\u00e9trica", "code": "35.13-1-00"}, {"text": "Representantes comerciais e agentes do com\u00e9rcio de jornais, revistas e outras publica\u00e7\u00f5es", "code": "46.18-4-03"}, {"text": "Com\u00e9rcio varejista de livros", "code": "47.61-0-01"}, {"text": "Com\u00e9rcio varejista de jornais e revistas", "code": "47.61-0-02"}, {"text": "Com\u00e9rcio varejista de discos, CDs, DVDs e fitas", "code": "47.62-8-00"}, {"text": "Dep\u00f3sitos de mercadorias para terceiros, exceto armaz\u00e9ns gerais e guarda-m\u00f3veis", "code": "52.11-7-99"}, {"text": "Edi\u00e7\u00e3o de livros", "code": "58.11-5-00"}, {"text": "Edi\u00e7\u00e3o de jornais di\u00e1rios", "code": "58.12-3-01"}, {"text": "Edi\u00e7\u00e3o de revistas", "code": "58.13-1-00"}, {"text": "Portais, provedores de conte\u00fado e outros servi\u00e7os de informa\u00e7\u00e3o na internet", "code": "63.19-4-00"}, {"text": "Ag\u00eancias de not\u00edcias", "code": "63.91-7-00"}, {"text": "Holdings de institui\u00e7\u00f5es n\u00e3o-financeiras", "code": "64.62-0-00"}, {"text": "Pesquisas de mercado e de opini\u00e3o p\u00fablica", "code": "73.20-3-00"}, {"text": "Servi\u00e7os combinados de escrit\u00f3rio e apoio administrativo", "code": "82.11-3-00"}, {"text": "Servi\u00e7os de organiza\u00e7\u00e3o de feiras, congressos, exposi\u00e7\u00f5es e festas", "code": "82.30-0-01"}, {"text": "Treinamento em desenvolvimento profissional e gerencial", "code": "85.99-6-04"}, {"text": "Artes c\u00eanicas, espet\u00e1culos e atividades complementares n\u00e3o especificadas anteriormente", "code": "90.01-9-99"}, {"text": "Produ\u00e7\u00e3o e promo\u00e7\u00e3o de eventos esportivos", "code": "93.19-1-01"}], "qsa": [{"qual": "16-Presidente", "nome": "FREDERIC ZOGHAIB KACHAR"}, {"qual": "10-Diretor", "nome": "MAURO RIBEIRO PALERMO"}, {"qual": "10-Diretor", "nome": "SELMA ROCHA FERNANDES"}], "situacao": "ATIVA", "bairro": "CENTRO", "logradouro": "R MARQUES DE POMBAL", "numero": "00025", "cep": "20.230-240", "municipio": "RIO DE JANEIRO", "porte": "DEMAIS", "abertura": "05/09/2000", "natureza_juridica": "205-4 - Sociedade An\u00f4nima Fechada", "fantasia": "EDITORA GLOBO", "cnpj": "04.067.191/0001-60", "ultima_atualizacao": "2020-02-08T20:51:20.436Z", "status": "OK", "tipo": "MATRIZ", "efr": "", "motivo_situacao": "", "situacao_especial": "", "data_situacao_especial": "", "capital_social": "738332445.93", "extra": {}, "billing": {"free": false, "database": false}}