{"atividade_principal": [{"text": "Com\u00e9rcio atacadista de medicamentos e drogas de uso humano", "code": "46.44-3-01"}], "data_situacao": "27/08/2005", "complemento": "LOJA: A;", "nome": "SOGAMA DISTRIBUIDORA DE PRODUTOS FARMACEUTICOS LTDA", "uf": "RJ", "telefone": "(28) 3553-3899/ (28) 3553-1303", "email": "guacui.adm@alfacontabilidade.com", "atividades_secundarias": [{"text": "Servi\u00e7o de pulveriza\u00e7\u00e3o e controle de pragas agr\u00edcolas", "code": "01.61-0-01"}, {"text": "Servi\u00e7o de prepara\u00e7\u00e3o de terreno, cultivo e colheita", "code": "01.61-0-03"}, {"text": "Extra\u00e7\u00e3o de areia, cascalho ou pedregulho e beneficiamento associado", "code": "08.10-0-06"}, {"text": "Extra\u00e7\u00e3o de argila e beneficiamento associado", "code": "08.10-0-07"}, {"text": "Extra\u00e7\u00e3o de saibro e beneficiamento associado", "code": "08.10-0-08"}, {"text": "Extra\u00e7\u00e3o e britamento de pedras e outros materiais para constru\u00e7\u00e3o e beneficiamento associado", "code": "08.10-0-99"}, {"text": "Fabrica\u00e7\u00e3o de produtos de padaria e confeitaria com predomin\u00e2ncia de produ\u00e7\u00e3o pr\u00f3pria", "code": "10.91-1-02"}, {"text": "Fabrica\u00e7\u00e3o de componentes eletr\u00f4nicos", "code": "26.10-8-00"}, {"text": "Manuten\u00e7\u00e3o e repara\u00e7\u00e3o de tanques, reservat\u00f3rios met\u00e1licos e caldeiras, exceto para ve\u00edculos", "code": "33.11-2-00"}, {"text": "Distribui\u00e7\u00e3o de \u00e1gua por caminh\u00f5es", "code": "36.00-6-02"}, {"text": "Atividades relacionadas a esgoto, exceto a gest\u00e3o de redes", "code": "37.02-9-00"}, {"text": "Coleta de res\u00edduos n\u00e3o-perigosos", "code": "38.11-4-00"}, {"text": "Coleta de res\u00edduos perigosos", "code": "38.12-2-00"}, {"text": "Recupera\u00e7\u00e3o de materiais pl\u00e1sticos", "code": "38.32-7-00"}, {"text": "Constru\u00e7\u00e3o de edif\u00edcios", "code": "41.20-4-00"}, {"text": "Constru\u00e7\u00e3o de obras de arte especiais", "code": "42.12-0-00"}, {"text": "Obras de urbaniza\u00e7\u00e3o - ruas, pra\u00e7as e cal\u00e7adas", "code": "42.13-8-00"}, {"text": "Manuten\u00e7\u00e3o de redes de distribui\u00e7\u00e3o de energia el\u00e9trica", "code": "42.21-9-03"}, {"text": "Constru\u00e7\u00e3o de redes de abastecimento de \u00e1gua, coleta de esgoto e constru\u00e7\u00f5es correlatas, exceto obras de irriga\u00e7\u00e3o", "code": "42.22-7-01"}, {"text": "Obras portu\u00e1rias, mar\u00edtimas e fluviais", "code": "42.91-0-00"}, {"text": "Montagem de estruturas met\u00e1licas", "code": "42.92-8-01"}, {"text": "Constru\u00e7\u00e3o de instala\u00e7\u00f5es esportivas e recreativas", "code": "42.99-5-01"}, {"text": "Demoli\u00e7\u00e3o de edif\u00edcios e outras estruturas", "code": "43.11-8-01"}, {"text": "Obras de terraplenagem", "code": "43.13-4-00"}, {"text": "Servi\u00e7os de prepara\u00e7\u00e3o do terreno n\u00e3o especificados anteriormente", "code": "43.19-3-00"}, {"text": "Instala\u00e7\u00e3o e manuten\u00e7\u00e3o el\u00e9trica", "code": "43.21-5-00"}, {"text": "Instala\u00e7\u00f5es hidr\u00e1ulicas, sanit\u00e1rias e de g\u00e1s", "code": "43.22-3-01"}, {"text": "Montagem e instala\u00e7\u00e3o de sistemas e equipamentos de ilumina\u00e7\u00e3o e sinaliza\u00e7\u00e3o em vias p\u00fablicas, portos e aeroportos", "code": "43.29-1-04"}, {"text": "Obras de funda\u00e7\u00f5es", "code": "43.91-6-00"}, {"text": "Obras de alvenaria", "code": "43.99-1-03"}, {"text": "Servi\u00e7os de opera\u00e7\u00e3o e fornecimento de equipamentos para transporte e eleva\u00e7\u00e3o de cargas e pessoas para uso em obras", "code": "43.99-1-04"}, {"text": "Servi\u00e7os especializados para constru\u00e7\u00e3o n\u00e3o especificados anteriormente", "code": "43.99-1-99"}, {"text": "Com\u00e9rcio a varejo de autom\u00f3veis, camionetas e utilit\u00e1rios novos", "code": "45.11-1-01"}, {"text": "Com\u00e9rcio por atacado de autom\u00f3veis, camionetas e utilit\u00e1rios novos e usados", "code": "45.11-1-03"}, {"text": "Com\u00e9rcio por atacado de caminh\u00f5es novos e usados", "code": "45.11-1-04"}, {"text": "Com\u00e9rcio por atacado de \u00f4nibus e micro\u00f4nibus novos e usados", "code": "45.11-1-06"}, {"text": "Servi\u00e7os de manuten\u00e7\u00e3o e repara\u00e7\u00e3o mec\u00e2nica de ve\u00edculos automotores", "code": "45.20-0-01"}, {"text": "Servi\u00e7os de lanternagem ou funilaria e pintura de ve\u00edculos automotores", "code": "45.20-0-02"}, {"text": "Servi\u00e7os de lavagem, lubrifica\u00e7\u00e3o e polimento de ve\u00edculos automotores", "code": "45.20-0-05"}, {"text": "Com\u00e9rcio por atacado de pe\u00e7as e acess\u00f3rios novos para ve\u00edculos automotores", "code": "45.30-7-01"}, {"text": "Com\u00e9rcio por atacado de pneum\u00e1ticos e c\u00e2maras-de-ar", "code": "45.30-7-02"}, {"text": "Com\u00e9rcio atacadista de frutas, verduras, ra\u00edzes, tub\u00e9rculos, hortali\u00e7as e legumes frescos", "code": "46.33-8-01"}, {"text": "Com\u00e9rcio atacadista especializado em outros produtos aliment\u00edcios n\u00e3o especificados anteriormente", "code": "46.37-1-99"}, {"text": "Com\u00e9rcio atacadista de artigos do vestu\u00e1rio e acess\u00f3rios, exceto profissionais e de seguran\u00e7a", "code": "46.42-7-01"}, {"text": "Com\u00e9rcio atacadista de roupas e acess\u00f3rios para uso profissional e de seguran\u00e7a do trabalho", "code": "46.42-7-02"}, {"text": "Com\u00e9rcio atacadista de instrumentos e materiais para uso m\u00e9dico, cir\u00fargico, hospitalar e de laborat\u00f3rios", "code": "46.45-1-01"}, {"text": "Com\u00e9rcio atacadista de produtos odontol\u00f3gicos", "code": "46.45-1-03"}, {"text": "Com\u00e9rcio atacadista de cosm\u00e9ticos e produtos de perfumaria", "code": "46.46-0-01"}, {"text": "Com\u00e9rcio atacadista de produtos de higiene pessoal", "code": "46.46-0-02"}, {"text": "Com\u00e9rcio atacadista de artigos de escrit\u00f3rio e de papelaria", "code": "46.47-8-01"}, {"text": "Com\u00e9rcio atacadista de equipamentos el\u00e9tricos de uso pessoal e dom\u00e9stico", "code": "46.49-4-01"}, {"text": "Com\u00e9rcio atacadista de produtos de higiene, limpeza e conserva\u00e7\u00e3o domiciliar", "code": "46.49-4-08"}, {"text": "Com\u00e9rcio atacadista de outros equipamentos e artigos de uso pessoal e dom\u00e9stico n\u00e3o especificados anteriormente", "code": "46.49-4-99"}, {"text": "Com\u00e9rcio atacadista de equipamentos de inform\u00e1tica", "code": "46.51-6-01"}, {"text": "Com\u00e9rcio atacadista de m\u00e1quinas, aparelhos e equipamentos para uso agropecu\u00e1rio; partes e pe\u00e7as", "code": "46.61-3-00"}, {"text": "Com\u00e9rcio atacadista de M\u00e1quinas e equipamentos para uso industrial; partes e pe\u00e7as", "code": "46.63-0-00"}, {"text": "Com\u00e9rcio atacadista de m\u00e1quinas, aparelhos e equipamentos para uso odonto-m\u00e9dico-hospitalar; partes e pe\u00e7as", "code": "46.64-8-00"}, {"text": "Com\u00e9rcio atacadista de bombas e compressores; partes e pe\u00e7as", "code": "46.69-9-01"}, {"text": "Com\u00e9rcio atacadista de ferragens e ferramentas", "code": "46.72-9-00"}, {"text": "Com\u00e9rcio atacadista de materiais de constru\u00e7\u00e3o em geral", "code": "46.79-6-99"}, {"text": "Com\u00e9rcio atacadista de mercadorias em geral, com predomin\u00e2ncia de produtos aliment\u00edcios", "code": "46.91-5-00"}, {"text": "Com\u00e9rcio varejista de outros artigos de uso pessoal e dom\u00e9stico n\u00e3o especificados anteriormente", "code": "47.59-8-99"}, {"text": "Transporte rodovi\u00e1rio coletivo de passageiros, com itiner\u00e1rio fixo, municipal", "code": "49.21-3-01"}, {"text": "Servi\u00e7o de transporte de passageiros - loca\u00e7\u00e3o de autom\u00f3veis com motorista", "code": "49.23-0-02"}, {"text": "Transporte escolar", "code": "49.24-8-00"}, {"text": "Transporte rodovi\u00e1rio coletivo de passageiros, sob regime de fretamento, municipal", "code": "49.29-9-01"}, {"text": "Transporte rodovi\u00e1rio de carga, exceto produtos perigosos e mudan\u00e7as, intermunicipal, interestadual e internacional", "code": "49.30-2-02"}, {"text": "Transporte rodovi\u00e1rio de produtos perigosos", "code": "49.30-2-03"}, {"text": "Dep\u00f3sitos de mercadorias para terceiros, exceto armaz\u00e9ns gerais e guarda-m\u00f3veis", "code": "52.11-7-99"}, {"text": "Organiza\u00e7\u00e3o log\u00edstica do transporte de carga", "code": "52.50-8-04"}, {"text": "Edi\u00e7\u00e3o de livros", "code": "58.11-5-00"}, {"text": "Atividades de consultoria em gest\u00e3o empresarial, exceto consultoria t\u00e9cnica espec\u00edfica", "code": "70.20-4-00"}, {"text": "Outras atividades de publicidade n\u00e3o especificadas anteriormente", "code": "73.19-0-99"}, {"text": "Loca\u00e7\u00e3o de autom\u00f3veis sem condutor", "code": "77.11-0-00"}, {"text": "Aluguel de m\u00e1quinas e equipamentos para constru\u00e7\u00e3o sem operador, exceto andaimes", "code": "77.32-2-01"}, {"text": "Aluguel de andaimes", "code": "77.32-2-02"}, {"text": "Aluguel de palcos, coberturas e outras estruturas de uso tempor\u00e1rio, exceto andaimes", "code": "77.39-0-03"}, {"text": "Aluguel de outras m\u00e1quinas e equipamentos comerciais e industriais n\u00e3o especificados anteriormente, sem operador", "code": "77.39-0-99"}, {"text": "Ag\u00eancias de viagens", "code": "79.11-2-00"}, {"text": "Atividades de vigil\u00e2ncia e seguran\u00e7a privada", "code": "80.11-1-01"}, {"text": "Servi\u00e7os combinados para apoio a edif\u00edcios, exceto condom\u00ednios prediais", "code": "81.11-7-00"}, {"text": "Limpeza em pr\u00e9dios e em domic\u00edlios", "code": "81.21-4-00"}, {"text": "Atividades de limpeza n\u00e3o especificadas anteriormente", "code": "81.29-0-00"}, {"text": "Atividades paisag\u00edsticas", "code": "81.30-3-00"}, {"text": "Servi\u00e7os combinados de escrit\u00f3rio e apoio administrativo", "code": "82.11-3-00"}, {"text": "Servi\u00e7os de organiza\u00e7\u00e3o de feiras, congressos, exposi\u00e7\u00f5es e festas", "code": "82.30-0-01"}, {"text": "Atividades de cobran\u00e7as e informa\u00e7\u00f5es cadastrais", "code": "82.91-1-00"}, {"text": "Treinamento em desenvolvimento profissional e gerencial", "code": "85.99-6-04"}, {"text": "Produ\u00e7\u00e3o musical", "code": "90.01-9-02"}, {"text": "Atividades de sonoriza\u00e7\u00e3o e de ilumina\u00e7\u00e3o", "code": "90.01-9-06"}, {"text": "Restaura\u00e7\u00e3o de obras-de-arte", "code": "90.02-7-02"}, {"text": "Produ\u00e7\u00e3o e promo\u00e7\u00e3o de eventos esportivos", "code": "93.19-1-01"}, {"text": "Repara\u00e7\u00e3o e manuten\u00e7\u00e3o de equipamentos eletroeletr\u00f4nicos de uso pessoal e dom\u00e9stico", "code": "95.21-5-00"}], "qsa": [{"qual": "22-S\u00f3cio", "nome": "GECILENE COSENDEY ALVES"}, {"qual": "49-S\u00f3cio-Administrador", "nome": "MARCIO COSENDEY ALVES"}], "situacao": "ATIVA", "bairro": "CENTRO", "logradouro": "R JOSE PERES XIMENES", "numero": "78", "cep": "28.180-000", "municipio": "CARDOSO MOREIRA", "porte": "MICRO EMPRESA", "abertura": "30/10/2000", "natureza_juridica": "206-2 - Sociedade Empres\u00e1ria Limitada", "cnpj": "04.124.267/0001-41", "ultima_atualizacao": "2020-02-08T19:47:16.929Z", "status": "OK", "tipo": "MATRIZ", "fantasia": "", "efr": "", "motivo_situacao": "", "situacao_especial": "", "data_situacao_especial": "", "capital_social": "250000.00", "extra": {}, "billing": {"free": false, "database": false}}