{"atividade_principal": [{"text": "Transporte rodovi\u00e1rio de carga, exceto produtos perigosos e mudan\u00e7as, intermunicipal, interestadual e internacional", "code": "49.30-2-02"}], "data_situacao": "03/11/2005", "complemento": "106", "nome": "SUGA RAPIDO II LIMPEZAS INDUSTRIAIS LTDA", "uf": "RJ", "telefone": "(22) 2722-7535", "atividades_secundarias": [{"text": "Servi\u00e7o de poda de \u00e1rvores para lavouras", "code": "01.61-0-02"}, {"text": "Servi\u00e7o de prepara\u00e7\u00e3o de terreno, cultivo e colheita", "code": "01.61-0-03"}, {"text": "Atividades de apoio \u00e0 agricultura n\u00e3o especificadas anteriormente", "code": "01.61-0-99"}, {"text": "Manuten\u00e7\u00e3o e repara\u00e7\u00e3o de tanques, reservat\u00f3rios met\u00e1licos e caldeiras, exceto para ve\u00edculos", "code": "33.11-2-00"}, {"text": "Manuten\u00e7\u00e3o e repara\u00e7\u00e3o de m\u00e1quinas e equipamentos de terraplenagem, pavimenta\u00e7\u00e3o e constru\u00e7\u00e3o, exceto tratores", "code": "33.14-7-17"}, {"text": "Manuten\u00e7\u00e3o e repara\u00e7\u00e3o de outras m\u00e1quinas e equipamentos para usos industriais n\u00e3o especificados anteriormente", "code": "33.14-7-99"}, {"text": "Capta\u00e7\u00e3o, tratamento e distribui\u00e7\u00e3o de \u00e1gua", "code": "36.00-6-01"}, {"text": "Distribui\u00e7\u00e3o de \u00e1gua por caminh\u00f5es", "code": "36.00-6-02"}, {"text": "Gest\u00e3o de redes de esgoto", "code": "37.01-1-00"}, {"text": "Atividades relacionadas a esgoto, exceto a gest\u00e3o de redes", "code": "37.02-9-00"}, {"text": "Coleta de res\u00edduos n\u00e3o-perigosos", "code": "38.11-4-00"}, {"text": "Coleta de res\u00edduos perigosos", "code": "38.12-2-00"}, {"text": "Tratamento e disposi\u00e7\u00e3o de res\u00edduos n\u00e3o-perigosos", "code": "38.21-1-00"}, {"text": "Descontamina\u00e7\u00e3o e outros servi\u00e7os de gest\u00e3o de res\u00edduos", "code": "39.00-5-00"}, {"text": "Constru\u00e7\u00e3o de edif\u00edcios", "code": "41.20-4-00"}, {"text": "Obras de urbaniza\u00e7\u00e3o - ruas, pra\u00e7as e cal\u00e7adas", "code": "42.13-8-00"}, {"text": "Constru\u00e7\u00e3o de redes de abastecimento de \u00e1gua, coleta de esgoto e constru\u00e7\u00f5es correlatas, exceto obras de irriga\u00e7\u00e3o", "code": "42.22-7-01"}, {"text": "Demoli\u00e7\u00e3o de edif\u00edcios e outras estruturas", "code": "43.11-8-01"}, {"text": "Prepara\u00e7\u00e3o de canteiro e limpeza de terreno", "code": "43.11-8-02"}, {"text": "Instala\u00e7\u00e3o e manuten\u00e7\u00e3o el\u00e9trica", "code": "43.21-5-00"}, {"text": "Outras obras de acabamento da constru\u00e7\u00e3o", "code": "43.30-4-99"}, {"text": "Servi\u00e7os de lanternagem ou funilaria e pintura de ve\u00edculos automotores", "code": "45.20-0-02"}, {"text": "Servi\u00e7o de transporte de passageiros - loca\u00e7\u00e3o de autom\u00f3veis com motorista", "code": "49.23-0-02"}, {"text": "Agenciamento de cargas, exceto para o transporte mar\u00edtimo", "code": "52.50-8-03"}, {"text": "Loca\u00e7\u00e3o de autom\u00f3veis sem condutor", "code": "77.11-0-00"}, {"text": "Loca\u00e7\u00e3o de outros meios de transporte n\u00e3o especificados anteriormente, sem condutor", "code": "77.19-5-99"}, {"text": "Aluguel de m\u00e1quinas e equipamentos para constru\u00e7\u00e3o sem operador, exceto andaimes", "code": "77.32-2-01"}, {"text": "Aluguel de palcos, coberturas e outras estruturas de uso tempor\u00e1rio, exceto andaimes", "code": "77.39-0-03"}, {"text": "Loca\u00e7\u00e3o de m\u00e3o-de-obra tempor\u00e1ria", "code": "78.20-5-00"}, {"text": "Atividades de limpeza n\u00e3o especificadas anteriormente", "code": "81.29-0-00"}, {"text": "Servi\u00e7os combinados de escrit\u00f3rio e apoio administrativo", "code": "82.11-3-00"}], "qsa": [{"qual": "49-S\u00f3cio-Administrador", "nome": "PAULO SERGIO VALADARES DE SOUZA"}, {"qual": "49-S\u00f3cio-Administrador", "nome": "PAULO SERGIO VALADARES DE SOUZA FILHO"}], "situacao": "ATIVA", "bairro": "PQ CORRIENTES", "logradouro": "R DR HUGO NUNES DE CARVALHO", "numero": "102", "cep": "28.055-100", "municipio": "CAMPOS DOS GOYTACAZES", "porte": "MICRO EMPRESA", "abertura": "16/11/2000", "natureza_juridica": "206-2 - Sociedade Empres\u00e1ria Limitada", "fantasia": "SUGA RAPIDO", "cnpj": "04.144.462/0001-33", "ultima_atualizacao": "2020-02-07T23:43:17.655Z", "status": "OK", "tipo": "MATRIZ", "email": "", "efr": "", "motivo_situacao": "", "situacao_especial": "", "data_situacao_especial": "", "capital_social": "1500000.00", "extra": {}, "billing": {"free": false, "database": true}}