{"atividade_principal": [{"text": "Com\u00e9rcio varejista de produtos farmac\u00eauticos, com manipula\u00e7\u00e3o de f\u00f3rmulas", "code": "47.71-7-02"}], "data_situacao": "05/01/2002", "complemento": "210", "nome": "HEALTH TECH FARMACIA DE MANIPULACAO LTDA", "uf": "SP", "atividades_secundarias": [{"text": "Com\u00e9rcio varejista de cosm\u00e9ticos, produtos de perfumaria e de higiene pessoal", "code": "47.72-5-00"}, {"text": "Com\u00e9rcio varejista de produtos farmac\u00eauticos homeop\u00e1ticos", "code": "47.71-7-03"}, {"text": "Com\u00e9rcio varejista de produtos farmac\u00eauticos, sem manipula\u00e7\u00e3o de f\u00f3rmulas", "code": "47.71-7-01"}, {"text": "Com\u00e9rcio varejista de produtos aliment\u00edcios em geral ou especializado em produtos aliment\u00edcios n\u00e3o especificados anteriormente", "code": "47.29-6-99"}], "qsa": [{"qual": "22-S\u00f3cio", "nome": "JOAO ROBERTO NAKASONE TERUYA"}, {"qual": "49-S\u00f3cio-Administrador", "nome": "AILTON MARCOCIO"}, {"qual": "22-S\u00f3cio", "nome": "DANILO BENEDITO"}], "situacao": "ATIVA", "bairro": "VILA BERTIOGA", "logradouro": "R TERESINA", "numero": "208", "cep": "03.185-010", "municipio": "SAO PAULO", "porte": "DEMAIS", "abertura": "28/12/2000", "natureza_juridica": "206-2 - Sociedade Empres\u00e1ria Limitada", "fantasia": "HEALTH TECH LABORATORIO", "cnpj": "04.238.160/0001-24", "ultima_atualizacao": "2020-02-08T20:21:55.359Z", "status": "OK", "tipo": "MATRIZ", "email": "", "telefone": "", "efr": "", "motivo_situacao": "", "situacao_especial": "", "data_situacao_especial": "", "capital_social": "387000.00", "extra": {}, "billing": {"free": false, "database": false}}