{"atividade_principal": [{"text": "Com\u00e9rcio varejista especializado de equipamentos e suprimentos de inform\u00e1tica", "code": "47.51-2-01"}], "data_situacao": "05/03/2005", "nome": "A.Z.I. INFORMATICA COMERCIAL LTDA", "uf": "SP", "telefone": "(11) 2063-5053", "email": "contabil@jfabricontabil.com.br", "atividades_secundarias": [{"text": "Com\u00e9rcio varejista de artigos de papelaria", "code": "47.61-0-03"}, {"text": "Prepara\u00e7\u00e3o de documentos e servi\u00e7os especializados de apoio administrativo n\u00e3o especificados anteriormente", "code": "82.19-9-99"}], "qsa": [{"qual": "49-S\u00f3cio-Administrador", "nome": "AMARILDO DA SILVA SANTOS"}, {"qual": "22-S\u00f3cio", "nome": "GREICE JULIAO"}], "situacao": "ATIVA", "bairro": "CENTRO", "logradouro": "R NICOLA ADAMO (JD T MARIAS)", "numero": "257", "cep": "09.750-190", "municipio": "SAO BERNARDO DO CAMPO", "porte": "EMPRESA DE PEQUENO PORTE", "abertura": "15/01/2001", "natureza_juridica": "206-2 - Sociedade Empres\u00e1ria Limitada", "cnpj": "04.238.728/0001-07", "ultima_atualizacao": "2020-02-08T20:45:23.307Z", "status": "OK", "tipo": "MATRIZ", "fantasia": "", "complemento": "", "efr": "", "motivo_situacao": "", "situacao_especial": "", "data_situacao_especial": "", "capital_social": "20000.00", "extra": {}, "billing": {"free": false, "database": false}}