{"atividade_principal": [{"text": "Fabrica\u00e7\u00e3o de aparelhos eletrom\u00e9dicos e eletroterap\u00eauticos e equipamentos de irradia\u00e7\u00e3o", "code": "26.60-4-00"}], "data_situacao": "05/01/2001", "nome": "ENGEMED INDUSTRIA E COMERCIO LTDA", "uf": "SP", "atividades_secundarias": [{"text": "Manuten\u00e7\u00e3o e repara\u00e7\u00e3o de aparelhos eletrom\u00e9dicos e eletroterap\u00eauticos e equipamentos de irradia\u00e7\u00e3o", "code": "33.12-1-03"}, {"text": "Fabrica\u00e7\u00e3o de instrumentos n\u00e3o-eletr\u00f4nicos e utens\u00edlios para uso m\u00e9dico, cir\u00fargico, odontol\u00f3gico e de laborat\u00f3rio", "code": "32.50-7-01"}], "qsa": [{"qual": "49-S\u00f3cio-Administrador", "nome": "CARLOS JOSE PIERETI RODRIGUES"}, {"qual": "49-S\u00f3cio-Administrador", "nome": "CARLOS EPIFANIO PALACIOS PUERTAS"}, {"qual": "49-S\u00f3cio-Administrador", "nome": "RICARDO HONORIO DE ALMEIDA"}], "situacao": "ATIVA", "bairro": "VILA BELA FLOR", "logradouro": "R ANDREAS FLORIAN RIEGER", "numero": "81", "cep": "08.745-260", "municipio": "MOGI DAS CRUZES", "porte": "EMPRESA DE PEQUENO PORTE", "abertura": "05/01/2001", "natureza_juridica": "206-2 - Sociedade Empres\u00e1ria Limitada", "cnpj": "04.230.057/0001-38", "ultima_atualizacao": "2020-02-08T20:35:34.942Z", "status": "OK", "tipo": "MATRIZ", "fantasia": "", "complemento": "", "email": "", "telefone": "", "efr": "", "motivo_situacao": "", "situacao_especial": "", "data_situacao_especial": "", "capital_social": "0.00", "extra": {}, "billing": {"free": false, "database": false}}