{"atividade_principal": [{"text": "Outros representantes comerciais e agentes do com\u00e9rcio especializado em produtos n\u00e3o especificados anteriormente", "code": "46.18-4-99"}], "data_situacao": "05/02/2005", "complemento": "PAVMTO: SOBRADO;", "nome": "INTER QUALITY REPRESENTACOES EIRELI", "uf": "RJ", "telefone": "(21) 3890-0318", "email": "ctb@teledata.com.br", "atividades_secundarias": [{"text": "Manuten\u00e7\u00e3o e repara\u00e7\u00e3o de aparelhos eletrom\u00e9dicos e eletroterap\u00eauticos e equipamentos de irradia\u00e7\u00e3o", "code": "33.12-1-03"}, {"text": "Manuten\u00e7\u00e3o e repara\u00e7\u00e3o de m\u00e1quinas, aparelhos e materiais el\u00e9tricos n\u00e3o especificados anteriormente", "code": "33.13-9-99"}, {"text": "Representantes comerciais e agentes do com\u00e9rcio de mercadorias em geral n\u00e3o especializado", "code": "46.19-2-00"}, {"text": "Com\u00e9rcio atacadista de instrumentos e materiais para uso m\u00e9dico, cir\u00fargico, hospitalar e de laborat\u00f3rios", "code": "46.45-1-01"}, {"text": "Servi\u00e7os de engenharia", "code": "71.12-0-00"}, {"text": "Aluguel de equipamentos cient\u00edficos, m\u00e9dicos e hospitalares, sem operador", "code": "77.39-0-02"}], "qsa": [{"qual": "65-Titular Pessoa F\u00edsica Residente ou Domiciliado no Brasil", "nome": "OSMAR DE JESUS NUNES JUNIOR"}], "situacao": "ATIVA", "bairro": "JARDIM GUANABARA", "logradouro": "AV CORONEL LUIS OLIVEIRA SAMPAIO", "numero": "243", "cep": "21.931-010", "municipio": "RIO DE JANEIRO", "porte": "MICRO EMPRESA", "abertura": "12/03/2001", "natureza_juridica": "230-5 - Empresa Individual de Responsabilidade Limitada (de Natureza Empres\u00e1ria)", "fantasia": "INTER QUALITY REPRESENTACOES", "cnpj": "04.339.229/0001-06", "ultima_atualizacao": "2020-02-08T00:25:26.374Z", "status": "OK", "tipo": "MATRIZ", "efr": "", "motivo_situacao": "", "situacao_especial": "", "data_situacao_especial": "", "capital_social": "100000.00", "extra": {}, "billing": {"free": false, "database": true}}