{"atividade_principal": [{"text": "Administra\u00e7\u00e3o de caixas escolares", "code": "85.50-3-01"}], "data_situacao": "30/06/2000", "nome": "CONSELHO ESCOLAR DA ESCOLA MUNICIPAL DE EDUCACAO INFANTIL PROFESSOR EMILSON DE JESUS MACHADO", "uf": "RJ", "telefone": "(22) 2765-0464", "atividades_secundarias": [{"text": "Outras atividades de ensino n\u00e3o especificadas anteriormente", "code": "85.99-6-99"}], "qsa": [{"qual": "16-Presidente", "nome": "GIOCONDA ARCHANGELO ARAUJO"}], "situacao": "ATIVA", "bairro": "PARQUE AEROPORTO", "logradouro": "R ALVARO MORAES", "numero": "SN", "cep": "27.963-752", "municipio": "MACAE", "porte": "DEMAIS", "abertura": "30/06/2000", "natureza_juridica": "399-9 - Associa\u00e7\u00e3o Privada", "fantasia": "CE EMEIPEJM", "cnpj": "04.462.596/0001-00", "ultima_atualizacao": "2020-02-08T21:04:58.856Z", "status": "OK", "tipo": "MATRIZ", "complemento": "", "email": "", "efr": "", "motivo_situacao": "", "situacao_especial": "", "data_situacao_especial": "", "capital_social": "0.00", "extra": {}, "billing": {"free": false, "database": false}}