{"atividade_principal": [{"text": "Com\u00e9rcio atacadista de componentes eletr\u00f4nicos e equipamentos de telefonia e comunica\u00e7\u00e3o", "code": "46.52-4-00"}], "data_situacao": "03/11/2005", "complemento": "SALA 408 E 409", "nome": "SARTA REPRESENTACOES EIRELI", "uf": "RJ", "telefone": "(22) 2725-1692/ (22) 2733-1916", "email": "sartacom@sartacom.com.br", "atividades_secundarias": [{"text": "Aluguel de outras m\u00e1quinas e equipamentos comerciais e industriais n\u00e3o especificados anteriormente, sem operador", "code": "77.39-0-99"}, {"text": "Repara\u00e7\u00e3o e manuten\u00e7\u00e3o de equipamentos de comunica\u00e7\u00e3o", "code": "95.12-6-00"}, {"text": "Representantes comerciais e agentes do com\u00e9rcio de m\u00e1quinas, equipamentos, embarca\u00e7\u00f5es e aeronaves", "code": "46.14-1-00"}], "qsa": [{"qual": "65-Titular Pessoa F\u00edsica Residente ou Domiciliado no Brasil", "nome": "LUIZ AUGUSTO BARRETO ALVES"}], "situacao": "ATIVA", "bairro": "CENTRO", "logradouro": "R 13 DE MAIO", "numero": "110", "cep": "28.010-260", "municipio": "CAMPOS DOS GOYTACAZES", "porte": "MICRO EMPRESA", "abertura": "05/12/2001", "natureza_juridica": "230-5 - Empresa Individual de Responsabilidade Limitada (de Natureza Empres\u00e1ria)", "fantasia": "SARTACOM REPRESENTACOES", "cnpj": "04.805.306/0001-76", "ultima_atualizacao": "2020-02-08T04:28:25.681Z", "status": "OK", "tipo": "MATRIZ", "efr": "", "motivo_situacao": "", "situacao_especial": "", "data_situacao_especial": "", "capital_social": "500000.00", "extra": {}, "billing": {"free": false, "database": true}}