{"atividade_principal": [{"text": "Com\u00e9rcio atacadista de medicamentos e drogas de uso humano", "code": "46.44-3-01"}], "data_situacao": "14/10/2005", "nome": "DISTRILAF DISTRIBUIDORA DE MEDICAMENTOS LTDA", "uf": "MG", "telefone": "(31) 3764-5600/ (31) 3764-5606", "email": "distrilaf@distrilaf.com.br", "atividades_secundarias": [{"text": "Com\u00e9rcio atacadista de instrumentos e materiais para uso m\u00e9dico, cir\u00fargico, hospitalar e de laborat\u00f3rios", "code": "46.45-1-01"}, {"text": "Com\u00e9rcio atacadista de produtos odontol\u00f3gicos", "code": "46.45-1-03"}, {"text": "Com\u00e9rcio atacadista de cosm\u00e9ticos e produtos de perfumaria", "code": "46.46-0-01"}, {"text": "Com\u00e9rcio atacadista de produtos de higiene pessoal", "code": "46.46-0-02"}, {"text": "Com\u00e9rcio atacadista de produtos de higiene, limpeza e conserva\u00e7\u00e3o domiciliar", "code": "46.49-4-08"}, {"text": "Com\u00e9rcio atacadista de m\u00e1quinas, aparelhos e equipamentos para uso odonto-m\u00e9dico-hospitalar; partes e pe\u00e7as", "code": "46.64-8-00"}, {"text": "Com\u00e9rcio varejista de produtos farmac\u00eauticos, sem manipula\u00e7\u00e3o de f\u00f3rmulas", "code": "47.71-7-01"}, {"text": "Com\u00e9rcio varejista de cosm\u00e9ticos, produtos de perfumaria e de higiene pessoal", "code": "47.72-5-00"}, {"text": "Com\u00e9rcio varejista de artigos m\u00e9dicos e ortop\u00e9dicos", "code": "47.73-3-00"}], "qsa": [{"qual": "49-S\u00f3cio-Administrador", "nome": "ALDO CARLOS HENRIQUES BAETA"}, {"qual": "22-S\u00f3cio", "nome": "WELBER CAMILO HENRIQUES BAETA"}], "situacao": "ATIVA", "bairro": "SION", "logradouro": "R ALZIRA FERNANDES DE SOUZA", "numero": "76", "cep": "36.404-315", "municipio": "CONSELHEIRO LAFAIETE", "porte": "DEMAIS", "abertura": "05/02/2002", "natureza_juridica": "206-2 - Sociedade Empres\u00e1ria Limitada", "fantasia": "DISTRILAF MEDICAMENTOS", "cnpj": "04.889.013/0001-14", "ultima_atualizacao": "2020-02-08T20:34:09.395Z", "status": "OK", "tipo": "MATRIZ", "complemento": "", "efr": "", "motivo_situacao": "", "situacao_especial": "", "data_situacao_especial": "", "capital_social": "800000.00", "extra": {}, "billing": {"free": false, "database": false}}