{"atividade_principal": [{"text": "Administra\u00e7\u00e3o de caixas escolares", "code": "85.50-3-01"}], "data_situacao": "24/09/2005", "nome": "CONSELHO ESCOLAR DA ESCOLA MUNICIPAL DOLORES GARCIA RODRIGUEZ", "uf": "RJ", "atividades_secundarias": [{"text": "Outras atividades de ensino n\u00e3o especificadas anteriormente", "code": "85.99-6-99"}], "qsa": [{"qual": "16-Presidente", "nome": "KATIA CILENE DIAS DOS SANTOS"}], "situacao": "ATIVA", "bairro": "MIRANTE DA LAGOA", "logradouro": "R PROFESSORA MARCILIA PICANCO", "numero": "40", "cep": "27.925-200", "municipio": "MACAE", "porte": "DEMAIS", "abertura": "11/06/2001", "natureza_juridica": "399-9 - Associa\u00e7\u00e3o Privada", "fantasia": "CE EMDGR", "cnpj": "05.017.825/0001-32", "ultima_atualizacao": "2020-02-08T00:10:45.743Z", "status": "OK", "tipo": "MATRIZ", "complemento": "", "email": "", "telefone": "", "efr": "", "motivo_situacao": "", "situacao_especial": "", "data_situacao_especial": "", "capital_social": "0.00", "extra": {}, "billing": {"free": false, "database": true}}