{"atividade_principal": [{"text": "Constru\u00e7\u00e3o de esta\u00e7\u00f5es e redes de distribui\u00e7\u00e3o de energia el\u00e9trica", "code": "42.21-9-02"}], "data_situacao": "03/11/2005", "complemento": "BLOCO VII - TORRE C2 COND VILLAGGIO LIMOEIRO SALA 215", "nome": "ILUMITERRA CONSTRUCOES E MONTAGENS LTDA", "uf": "ES", "telefone": "(27) 3338-7054", "email": "ilumiterra@terra.com.br", "atividades_secundarias": [{"text": "Constru\u00e7\u00e3o de edif\u00edcios", "code": "41.20-4-00"}, {"text": "Constru\u00e7\u00e3o de rodovias e ferrovias", "code": "42.11-1-01"}, {"text": "Pintura para sinaliza\u00e7\u00e3o em pistas rodovi\u00e1rias e aeroportos", "code": "42.11-1-02"}, {"text": "Obras de urbaniza\u00e7\u00e3o - ruas, pra\u00e7as e cal\u00e7adas", "code": "42.13-8-00"}, {"text": "Manuten\u00e7\u00e3o de redes de distribui\u00e7\u00e3o de energia el\u00e9trica", "code": "42.21-9-03"}, {"text": "Constru\u00e7\u00e3o de esta\u00e7\u00f5es e redes de telecomunica\u00e7\u00f5es", "code": "42.21-9-04"}, {"text": "Manuten\u00e7\u00e3o de esta\u00e7\u00f5es e redes de telecomunica\u00e7\u00f5es", "code": "42.21-9-05"}, {"text": "Instala\u00e7\u00e3o e manuten\u00e7\u00e3o el\u00e9trica", "code": "43.21-5-00"}, {"text": "Montagem e instala\u00e7\u00e3o de sistemas e equipamentos de ilumina\u00e7\u00e3o e sinaliza\u00e7\u00e3o em vias p\u00fablicas, portos e aeroportos", "code": "43.29-1-04"}, {"text": "Servi\u00e7o de transporte de passageiros - loca\u00e7\u00e3o de autom\u00f3veis com motorista", "code": "49.23-0-02"}, {"text": "Transporte rodovi\u00e1rio de carga, exceto produtos perigosos e mudan\u00e7as, municipal.", "code": "49.30-2-01"}, {"text": "Loca\u00e7\u00e3o de outros meios de transporte n\u00e3o especificados anteriormente, sem condutor", "code": "77.19-5-99"}, {"text": "Gest\u00e3o e manuten\u00e7\u00e3o de cemit\u00e9rios", "code": "96.03-3-01"}], "qsa": [{"qual": "49-S\u00f3cio-Administrador", "nome": "ALEX CORREA LOUREIRO"}, {"qual": "49-S\u00f3cio-Administrador", "nome": "JOMAR ROSSMANN DA SILVA"}], "situacao": "ATIVA", "bairro": "JARDIM LIMOEIRO", "logradouro": "AV DESEMBARGADOR MARIO DA SILVA NUNES", "numero": "717", "cep": "29.164-044", "municipio": "SERRA", "porte": "EMPRESA DE PEQUENO PORTE", "abertura": "06/05/2002", "natureza_juridica": "206-2 - Sociedade Empres\u00e1ria Limitada", "fantasia": "ILUMITERRA", "cnpj": "05.035.581/0001-10", "ultima_atualizacao": "2020-02-08T20:36:20.871Z", "status": "OK", "tipo": "MATRIZ", "efr": "", "motivo_situacao": "", "situacao_especial": "", "data_situacao_especial": "", "capital_social": "1000000.00", "extra": {}, "billing": {"free": false, "database": false}}