{"atividade_principal": [{"text": "Administra\u00e7\u00e3o de caixas escolares", "code": "85.50-3-01"}], "data_situacao": "26/06/2002", "nome": "CONSELHO ESCOLAR DA ESCOLA MUNICIPAL PROFESSORA NEUZA MARIA DE ALMEIDA", "uf": "RJ", "telefone": "(22) 2796-1138", "email": "gestaodasuexs@gmail.com", "qsa": [{"qual": "16-Presidente", "nome": "ANA PAULA BARRETO RODRIGUES DA SILVA"}], "situacao": "ATIVA", "bairro": "LAGOMAR", "logradouro": "AV HULDA ALVES FERNANDES", "numero": "SN", "cep": "27.966-690", "municipio": "MACAE", "porte": "DEMAIS", "abertura": "26/06/2002", "natureza_juridica": "399-9 - Associa\u00e7\u00e3o Privada", "fantasia": "CE-EMPNMA", "cnpj": "05.145.304/0001-60", "ultima_atualizacao": "2020-02-08T20:27:37.165Z", "status": "OK", "tipo": "MATRIZ", "complemento": "", "efr": "", "motivo_situacao": "", "situacao_especial": "", "data_situacao_especial": "", "atividades_secundarias": [{"code": "00.00-0-00", "text": "N\u00e3o informada"}], "capital_social": "0.00", "extra": {}, "billing": {"free": false, "database": false}}