{"atividade_principal": [{"text": "Desenvolvimento e licenciamento de programas de computador customiz\u00e1veis", "code": "62.02-3-00"}], "data_situacao": "18/10/2003", "complemento": "APT 008", "nome": "DANIEL DOS SANTOS SOUZA", "uf": "RS", "telefone": "(51) 3661-5522/ (51) 3661-5522", "atividades_secundarias": [{"text": "Suporte t\u00e9cnico, manuten\u00e7\u00e3o e outros servi\u00e7os em tecnologia da informa\u00e7\u00e3o", "code": "62.09-1-00"}, {"text": "Portais, provedores de conte\u00fado e outros servi\u00e7os de informa\u00e7\u00e3o na internet", "code": "63.19-4-00"}, {"text": "Tratamento de dados, provedores de servi\u00e7os de aplica\u00e7\u00e3o e servi\u00e7os de hospedagem na internet", "code": "63.11-9-00"}, {"text": "Treinamento em inform\u00e1tica", "code": "85.99-6-03"}, {"text": "Treinamento em desenvolvimento profissional e gerencial", "code": "85.99-6-04"}], "qsa": [], "situacao": "ATIVA", "bairro": "CENTRO", "logradouro": "AV FLORES DA CUNHA", "numero": "2780", "cep": "95.590-000", "municipio": "TRAMANDAI", "porte": "MICRO EMPRESA", "abertura": "28/06/2002", "natureza_juridica": "213-5 - Empres\u00e1rio (Individual)", "fantasia": "LIBRE SOLUCOES DE GOVERNO", "cnpj": "05.200.012/0001-83", "ultima_atualizacao": "2020-02-08T20:50:05.748Z", "status": "OK", "tipo": "MATRIZ", "email": "", "efr": "", "motivo_situacao": "", "situacao_especial": "", "data_situacao_especial": "", "capital_social": "200000.00", "extra": {}, "billing": {"free": false, "database": false}}