{"atividade_principal": [{"text": "Laborat\u00f3rios cl\u00ednicos", "code": "86.40-2-02"}], "data_situacao": "27/08/2002", "nome": "BEDALAB LABORATORIO DE ANALISES CLINICAS LTDA", "uf": "RJ", "telefone": "(22) 2733-0790/ (22) 2737-1515", "email": "beda@imne.com.br", "qsa": [{"qual": "22-S\u00f3cio", "nome": "GABRIELA CORREA NEVES RIBEIRO"}, {"qual": "22-S\u00f3cio", "nome": "DIOGO CORREA NEVES"}, {"qual": "49-S\u00f3cio-Administrador", "nome": "HERBERT SIDNEY NEVES"}, {"qual": "22-S\u00f3cio", "qual_rep_legal": "05-Administrador", "nome_rep_legal": "HERBERT SIDNEY NEVES", "nome": "INSTITUTO DE MEDICINA NUCLEAR E ENDOCRINOLOGIA LTDA"}], "situacao": "ATIVA", "bairro": "PELINCA", "logradouro": "R BARAO DE MIRACEMA", "numero": "343", "cep": "28.035-280", "municipio": "CAMPOS DOS GOYTACAZES", "porte": "MICRO EMPRESA", "abertura": "27/08/2002", "natureza_juridica": "206-2 - Sociedade Empres\u00e1ria Limitada", "fantasia": "BEDALAB", "cnpj": "05.308.034/0001-61", "ultima_atualizacao": "2020-02-08T19:45:32.255Z", "status": "OK", "tipo": "MATRIZ", "complemento": "", "efr": "", "motivo_situacao": "", "situacao_especial": "", "data_situacao_especial": "", "atividades_secundarias": [{"code": "00.00-0-00", "text": "N\u00e3o informada"}], "capital_social": "0.00", "extra": {}, "billing": {"free": false, "database": false}}