{"atividade_principal": [{"text": "Atividades de associa\u00e7\u00f5es de defesa de direitos sociais", "code": "94.30-8-00"}], "data_situacao": "12/07/2002", "complemento": "LOJA 2", "nome": "ASSOCIACAO DAS ENTIDADES DE PREVIDENCIA MUNICIPAIS E DO ESTADO DO RIO DE JANEIRO", "uf": "RJ", "telefone": "(21) 9720-2730/ (21) 9972-0273", "email": "empremerj@yahoo.com.br", "atividades_secundarias": [{"text": "Atividades de organiza\u00e7\u00f5es associativas ligadas \u00e0 cultura e \u00e0 arte", "code": "94.93-6-00"}, {"text": "Atividades associativas n\u00e3o especificadas anteriormente", "code": "94.99-5-00"}], "qsa": [{"qual": "16-Presidente", "nome": "ROSILANE BRUM CLER CUNHA"}], "situacao": "ATIVA", "bairro": "REGINOPOLIS", "logradouro": "AV SILVA JARDIM", "numero": "305", "cep": "28.820-000", "municipio": "SILVA JARDIM", "porte": "DEMAIS", "abertura": "12/07/2002", "natureza_juridica": "399-9 - Associa\u00e7\u00e3o Privada", "fantasia": "AEPREMERJ", "cnpj": "05.309.718/0001-88", "ultima_atualizacao": "2020-02-08T04:33:25.000Z", "status": "OK", "tipo": "MATRIZ", "efr": "", "motivo_situacao": "", "situacao_especial": "", "data_situacao_especial": "", "capital_social": "0.00", "extra": {}, "billing": {"free": false, "database": true}}