{"atividade_principal": [{"text": "Outras atividades de servi\u00e7os prestados principalmente \u00e0s empresas n\u00e3o especificadas anteriormente", "code": "82.99-7-99"}], "data_situacao": "03/11/2005", "complemento": "TERREO", "nome": "EZIO MORRESI", "uf": "SP", "telefone": "(11) 2987-3033", "email": "diretoria@smart-id.com.br", "atividades_secundarias": [{"text": "Com\u00e9rcio varejista especializado de equipamentos e suprimentos de inform\u00e1tica", "code": "47.51-2-01"}], "situacao": "ATIVA", "bairro": "VILA GUSTAVO", "logradouro": "R MAJOR DANTAS CORTEZ", "numero": "351", "cep": "02.206-000", "municipio": "SAO PAULO", "porte": "EMPRESA DE PEQUENO PORTE", "abertura": "25/09/2002", "natureza_juridica": "213-5 - Empres\u00e1rio (Individual)", "fantasia": "SMART-ID", "cnpj": "05.325.275/0001-19", "ultima_atualizacao": "2020-02-08T20:35:51.947Z", "status": "OK", "tipo": "MATRIZ", "efr": "", "motivo_situacao": "", "situacao_especial": "", "data_situacao_especial": "", "capital_social": "0.00", "qsa": [], "extra": {}, "billing": {"free": false, "database": false}}