{"atividade_principal": [{"text": "Com\u00e9rcio varejista de outros produtos n\u00e3o especificados anteriormente", "code": "47.89-0-99"}], "data_situacao": "11/09/2004", "nome": "AKSO PRODUTOS ELETRONICOS LTDA", "uf": "RS", "telefone": "(51) 3406-1717/ (51) 3406-1717", "email": "akso@akso.com.br", "atividades_secundarias": [{"text": "Manuten\u00e7\u00e3o e repara\u00e7\u00e3o de aparelhos e instrumentos de medida, teste e controle", "code": "33.12-1-02"}, {"text": "Com\u00e9rcio atacadista de outras m\u00e1quinas e equipamentos n\u00e3o especificados anteriormente; partes e pe\u00e7as", "code": "46.69-9-99"}, {"text": "Testes e an\u00e1lises t\u00e9cnicas", "code": "71.20-1-00"}], "qsa": [{"qual": "49-S\u00f3cio-Administrador", "nome": "TATIANE VILANOVA SEIBEL"}, {"qual": "22-S\u00f3cio", "nome": "MATHEUS GAUDERT"}], "situacao": "ATIVA", "bairro": "JARDIM AMERICA", "logradouro": "R EMILIO H. DEXHEIMER", "numero": "357", "cep": "93.032-200", "municipio": "SAO LEOPOLDO", "porte": "DEMAIS", "abertura": "19/02/2003", "natureza_juridica": "206-2 - Sociedade Empres\u00e1ria Limitada", "cnpj": "05.545.381/0001-08", "ultima_atualizacao": "2020-02-08T20:47:28.476Z", "status": "OK", "tipo": "MATRIZ", "fantasia": "", "complemento": "", "efr": "", "motivo_situacao": "", "situacao_especial": "", "data_situacao_especial": "", "capital_social": "2286000.00", "extra": {}, "billing": {"free": false, "database": false}}