{"atividade_principal": [{"text": "Com\u00e9rcio atacadista de m\u00e1quinas, aparelhos e equipamentos para uso odonto-m\u00e9dico-hospitalar; partes e pe\u00e7as", "code": "46.64-8-00"}], "data_situacao": "03/11/2005", "complemento": "LOJA 2", "nome": "ORALTEC SERVICOS E EQUIPAMENTOS ODONTOLOGICOS EIRELI", "uf": "PR", "telefone": "(44) 3031-5060", "email": "oraltec@onda.com.br", "atividades_secundarias": [{"text": "Manuten\u00e7\u00e3o e repara\u00e7\u00e3o de equipamentos e produtos n\u00e3o especificados anteriormente", "code": "33.19-8-00"}], "qsa": [{"qual": "65-Titular Pessoa F\u00edsica Residente ou Domiciliado no Brasil", "nome": "CESAR LOPES RAYMUNDO"}], "situacao": "ATIVA", "bairro": "ZONA 4", "logradouro": "R SILVA JARDIM", "numero": "48", "cep": "87.013-010", "municipio": "MARINGA", "porte": "MICRO EMPRESA", "abertura": "18/03/2003", "natureza_juridica": "230-5 - Empresa Individual de Responsabilidade Limitada (de Natureza Empres\u00e1ria)", "fantasia": "ORALTEC", "cnpj": "05.553.020/0001-03", "ultima_atualizacao": "2020-02-08T20:10:50.553Z", "status": "OK", "tipo": "MATRIZ", "efr": "", "motivo_situacao": "", "situacao_especial": "", "data_situacao_especial": "", "capital_social": "88000.00", "extra": {}, "billing": {"free": false, "database": false}}