{"atividade_principal": [{"text": "Restaurantes e similares", "code": "56.11-2-01"}], "data_situacao": "17/01/2004", "nome": "NUNES & BORGES HOTEL LTDA", "uf": "RJ", "telefone": "(22) 2791-9101", "atividades_secundarias": [{"text": "Hot\u00e9is", "code": "55.10-8-01"}, {"text": "Bares e outros estabelecimentos especializados em servir bebidas, sem entretenimento", "code": "56.11-2-04"}, {"text": "Aluguel de im\u00f3veis pr\u00f3prios", "code": "68.10-2-02"}], "qsa": [{"qual": "49-S\u00f3cio-Administrador", "nome": "SANDRA SIMONE PAES NUNES SARDINHA"}, {"qual": "49-S\u00f3cio-Administrador", "nome": "ANTONIO CARLOS DA GLORIA SARDINHA"}], "situacao": "ATIVA", "bairro": "CENTRO", "logradouro": "R DR. TELIO BARRETO", "numero": "316 A", "cep": "27.910-060", "municipio": "MACAE", "porte": "EMPRESA DE PEQUENO PORTE", "abertura": "08/05/2003", "natureza_juridica": "206-2 - Sociedade Empres\u00e1ria Limitada", "fantasia": "BELAS ARTES HOTEL", "cnpj": "05.650.208/0001-70", "ultima_atualizacao": "2020-02-07T22:04:20.075Z", "status": "OK", "tipo": "MATRIZ", "complemento": "", "email": "", "efr": "", "motivo_situacao": "", "situacao_especial": "", "data_situacao_especial": "", "capital_social": "0.00", "extra": {}, "billing": {"free": false, "database": true}}