{"atividade_principal": [{"text": "Com\u00e9rcio atacadista de instrumentos e materiais para uso m\u00e9dico, cir\u00fargico, hospitalar e de laborat\u00f3rios", "code": "46.45-1-01"}], "data_situacao": "17/06/2003", "nome": "WEBMED SOLUCOES EM SAUDE EIRELI", "uf": "MG", "telefone": "(32) 3241-5979", "email": "distribuidora.sl@gmail.com", "atividades_secundarias": [{"text": "Manuten\u00e7\u00e3o e repara\u00e7\u00e3o de equipamentos e produtos n\u00e3o especificados anteriormente", "code": "33.19-8-00"}, {"text": "Com\u00e9rcio atacadista de medicamentos e drogas de uso humano", "code": "46.44-3-01"}, {"text": "Com\u00e9rcio atacadista de m\u00e1quinas, aparelhos e equipamentos para uso odonto-m\u00e9dico-hospitalar; partes e pe\u00e7as", "code": "46.64-8-00"}, {"text": "Aluguel de equipamentos cient\u00edficos, m\u00e9dicos e hospitalares, sem operador", "code": "77.39-0-02"}], "qsa": [{"qual": "65-Titular Pessoa F\u00edsica Residente ou Domiciliado no Brasil", "nome": "MARCELO PESSANHA DE SOUZA"}], "situacao": "ATIVA", "bairro": "SANTA TEREZINHA", "logradouro": "R PARACATU", "numero": "300", "cep": "36.046-040", "municipio": "JUIZ DE FORA", "porte": "DEMAIS", "abertura": "17/06/2003", "natureza_juridica": "230-5 - Empresa Individual de Responsabilidade Limitada (de Natureza Empres\u00e1ria)", "cnpj": "05.731.550/0001-02", "ultima_atualizacao": "2020-02-08T21:04:02.181Z", "status": "OK", "tipo": "MATRIZ", "fantasia": "", "complemento": "", "efr": "", "motivo_situacao": "", "situacao_especial": "", "data_situacao_especial": "", "capital_social": "3160000.00", "extra": {}, "billing": {"free": false, "database": false}}