{"atividade_principal": [{"text": "Administra\u00e7\u00e3o de caixas escolares", "code": "85.50-3-01"}], "data_situacao": "16/06/2003", "nome": "CONSELHO ESCOLAR DA ESCOLA MUNICIPAL INTERAGIR", "uf": "RJ", "telefone": "(22) 2772-4955", "atividades_secundarias": [{"text": "Outras atividades de ensino n\u00e3o especificadas anteriormente", "code": "85.99-6-99"}], "qsa": [{"qual": "16-Presidente", "nome": "UERLEM GUIMARAES DA COSTA"}], "situacao": "ATIVA", "bairro": "CENTRO", "logradouro": "R VEREADOR MANOEL BRAGA", "numero": "472", "cep": "27.910-350", "municipio": "MACAE", "porte": "DEMAIS", "abertura": "16/06/2003", "natureza_juridica": "399-9 - Associa\u00e7\u00e3o Privada", "fantasia": "CE EMI", "cnpj": "05.730.298/0001-09", "ultima_atualizacao": "2020-02-08T20:56:55.623Z", "status": "OK", "tipo": "MATRIZ", "complemento": "", "email": "", "efr": "", "motivo_situacao": "", "situacao_especial": "", "data_situacao_especial": "", "capital_social": "0.00", "extra": {}, "billing": {"free": false, "database": false}}