{"data_situacao": "24/05/2019", "motivo_situacao": "EXTINCAO P/ ENC LIQ VOLUNTARIA", "nome": "RIO & MAR EXTINTORA LTDA", "telefone": "(22) 2772-5533/ (22) 2762-6627", "situacao": "BAIXADA", "porte": "MICRO EMPRESA", "abertura": "04/07/2003", "natureza_juridica": "206-2 - Sociedade Empres\u00e1ria Limitada", "fantasia": "RIO MAR", "cnpj": "05.757.358/0001-87", "ultima_atualizacao": "2020-02-07T23:13:43.557Z", "status": "OK", "tipo": "MATRIZ", "logradouro": "", "numero": "", "complemento": "", "cep": "", "bairro": "", "municipio": "", "uf": "", "email": "", "efr": "", "situacao_especial": "", "data_situacao_especial": "", "atividade_principal": [{"code": "00.00-0-00", "text": "********"}], "atividades_secundarias": [{"code": "00.00-0-00", "text": "N\u00e3o informada"}], "capital_social": "0.00", "qsa": [], "extra": {}, "billing": {"free": false, "database": true}}