{"atividade_principal": [{"text": "Edi\u00e7\u00e3o de jornais di\u00e1rios", "code": "58.12-3-01"}], "data_situacao": "07/08/2003", "complemento": "7. ANDAR", "nome": "EDITORA JORNALISTICA ALBERTO LTDA", "uf": "RJ", "telefone": "(21) 2125-3002", "email": "financeiro@ofluminense.com.br", "qsa": [{"qual": "49-S\u00f3cio-Administrador", "nome": "LINDOMAR ALVES LIMA"}, {"qual": "22-S\u00f3cio", "nome": "FERNANDO CARVALHO VILELA"}], "situacao": "ATIVA", "bairro": "CENTRO", "logradouro": "R VISCONDE DE ITABORAI", "numero": "184", "cep": "24.035-900", "municipio": "NITEROI", "porte": "DEMAIS", "abertura": "07/08/2003", "natureza_juridica": "206-2 - Sociedade Empres\u00e1ria Limitada", "fantasia": "JORNAL O FLUMINENSE", "cnpj": "05.844.447/0001-60", "ultima_atualizacao": "2020-02-08T00:26:35.565Z", "status": "OK", "tipo": "MATRIZ", "efr": "", "motivo_situacao": "", "situacao_especial": "", "data_situacao_especial": "", "atividades_secundarias": [{"code": "00.00-0-00", "text": "N\u00e3o informada"}], "capital_social": "1000000.00", "extra": {}, "billing": {"free": false, "database": true}}