{"atividade_principal": [{"text": "Atividades de associa\u00e7\u00f5es de defesa de direitos sociais", "code": "94.30-8-00"}], "data_situacao": "22/11/2017", "nome": "INSTITUTO ASSISTENCIAL DE ATENCAO AO USO DE DROGAS NOVA ALIANCA", "uf": "ES", "telefone": "(27) 3134-7100", "email": "expedicao09@tecnicontabil.com.br", "atividades_secundarias": [{"text": "Ensino fundamental", "code": "85.13-9-00"}, {"text": "Educa\u00e7\u00e3o profissional de n\u00edvel t\u00e9cnico", "code": "85.41-4-00"}, {"text": "Outras atividades de ensino n\u00e3o especificadas anteriormente", "code": "85.99-6-99"}, {"text": "Atividades de assist\u00eancia psicossocial e \u00e0 sa\u00fade a portadores de dist\u00farbios ps\u00edquicos, defici\u00eancia mental e depend\u00eancia qu\u00edmica n\u00e3o especificadas anteriormente", "code": "87.20-4-99"}, {"text": "Atividades de organiza\u00e7\u00f5es associativas ligadas \u00e0 cultura e \u00e0 arte", "code": "94.93-6-00"}, {"text": "Atividades associativas n\u00e3o especificadas anteriormente", "code": "94.99-5-00"}], "situacao": "ATIVA", "bairro": "NOVA ESPERANCA", "logradouro": "ROD JORGE FERES ES 375", "numero": "S/N\u00ba", "cep": "29.285-000", "municipio": "PIUMA", "porte": "DEMAIS", "abertura": "22/11/2017", "natureza_juridica": "399-9 - Associa\u00e7\u00e3o Privada", "cnpj": "05.953.926/0003-87", "ultima_atualizacao": "2020-02-08T18:34:52.689Z", "status": "OK", "tipo": "FILIAL", "fantasia": "", "complemento": "", "efr": "", "motivo_situacao": "", "situacao_especial": "", "data_situacao_especial": "", "capital_social": "0.00", "qsa": [], "extra": {}, "billing": {"free": false, "database": true}}