{"atividade_principal": [{"text": "Imuniza\u00e7\u00e3o e controle de pragas urbanas", "code": "81.22-2-00"}], "data_situacao": "03/11/2005", "nome": "ATIVA CONTROLE AMBIENTAL LTDA", "uf": "RJ", "telefone": "(22) 2791-5172", "email": "contato@ativacontroleambiental.com.br", "atividades_secundarias": [{"text": "Atividades de limpeza n\u00e3o especificadas anteriormente", "code": "81.29-0-00"}], "qsa": [{"qual": "49-S\u00f3cio-Administrador", "nome": "CARLOS ALBERTO GOMES MANHAES"}, {"qual": "22-S\u00f3cio", "nome": "GABRIELA CASTRO MANHAES"}], "situacao": "ATIVA", "bairro": "ALTO CAJUEIROS", "logradouro": "R MARIA BRAGA LIMA DIAS", "numero": "120", "cep": "27.915-220", "municipio": "MACAE", "porte": "MICRO EMPRESA", "abertura": "19/11/2003", "natureza_juridica": "206-2 - Sociedade Empres\u00e1ria Limitada", "cnpj": "06.012.804/0001-97", "ultima_atualizacao": "2020-02-08T19:49:47.899Z", "status": "OK", "tipo": "MATRIZ", "fantasia": "", "complemento": "", "efr": "", "motivo_situacao": "", "situacao_especial": "", "data_situacao_especial": "", "capital_social": "260000.00", "extra": {}, "billing": {"free": false, "database": false}}