{"atividade_principal": [{"text": "Com\u00e9rcio varejista de ferragens e ferramentas", "code": "47.44-0-01"}], "data_situacao": "03/11/2005", "complemento": "LOJA 02", "nome": "HIDROSUPPLY COMERCIO DE MANGUEIRAS E SERVICOS LTDA", "uf": "RJ", "qsa": [{"qual": "49-S\u00f3cio-Administrador", "nome": "ROQUE TEIXEIRA DA SILVA JUNIOR"}, {"qual": "22-S\u00f3cio", "nome": "LUCIANA FERREIRA DOS SANTOS"}], "situacao": "ATIVA", "bairro": "JARDIM SOL Y MAR", "logradouro": "AV CARLOS AUGUSTO TINOCO GARCIA", "numero": "2020", "cep": "27.940-290", "municipio": "MACAE", "porte": "MICRO EMPRESA", "abertura": "04/12/2003", "natureza_juridica": "206-2 - Sociedade Empres\u00e1ria Limitada", "fantasia": "HIDROSUPPLY", "cnpj": "06.026.131/0001-24", "ultima_atualizacao": "2020-02-08T20:16:49.735Z", "status": "OK", "tipo": "MATRIZ", "email": "", "telefone": "", "efr": "", "motivo_situacao": "", "situacao_especial": "", "data_situacao_especial": "", "atividades_secundarias": [{"code": "00.00-0-00", "text": "N\u00e3o informada"}], "capital_social": "50000.00", "extra": {}, "billing": {"free": false, "database": false}}