{"atividade_principal": [{"text": "Com\u00e9rcio varejista de artigos de papelaria", "code": "47.61-0-03"}], "data_situacao": "23/10/2004", "complemento": "FUNDOS;", "nome": "LAZARO BEZERRA SOARES", "uf": "MG", "telefone": "(34) 3662-1887", "email": "lazarobsoares@hotmail.com", "atividades_secundarias": [{"text": "Com\u00e9rcio varejista de brinquedos e artigos recreativos", "code": "47.63-6-01"}, {"text": "Com\u00e9rcio varejista de artigos do vestu\u00e1rio e acess\u00f3rios", "code": "47.81-4-00"}, {"text": "Com\u00e9rcio varejista especializado de equipamentos e suprimentos de inform\u00e1tica", "code": "47.51-2-01"}, {"text": "Com\u00e9rcio varejista de outros artigos de uso pessoal e dom\u00e9stico n\u00e3o especificados anteriormente", "code": "47.59-8-99"}, {"text": "Com\u00e9rcio varejista de suvenires, bijuterias e artesanatos", "code": "47.89-0-01"}], "situacao": "ATIVA", "bairro": "CENTRO", "logradouro": "R CAPITAO JOSE PORFIRIO", "numero": "445", "cep": "38.183-038", "municipio": "ARAXA", "porte": "MICRO EMPRESA", "abertura": "28/01/2004", "natureza_juridica": "213-5 - Empres\u00e1rio (Individual)", "fantasia": "LS PAPELARIA", "cnpj": "06.088.333/0001-09", "ultima_atualizacao": "2020-02-08T19:52:06.929Z", "status": "OK", "tipo": "MATRIZ", "efr": "", "motivo_situacao": "", "situacao_especial": "", "data_situacao_especial": "", "capital_social": "0.00", "qsa": [], "extra": {}, "billing": {"free": false, "database": false}}