{"atividade_principal": [{"text": "Com\u00e9rcio varejista de outros produtos n\u00e3o especificados anteriormente", "code": "47.89-0-99"}], "data_situacao": "01/03/2004", "nome": "FAMILIA LEITE COMERCIO DE PRODUTOS DE PROTECAO RADIOLOGICA LTDA", "uf": "SP", "telefone": "(11) 4485-4362", "email": "vilson.leite@superig.com.br", "qsa": [{"qual": "49-S\u00f3cio-Administrador", "nome": "NALIA APARECIDA DOMINGUES LEITE"}, {"qual": "22-S\u00f3cio", "nome": "VILSON JUSTINO DE ALMEIDA LEITE"}], "situacao": "ATIVA", "bairro": "JARDIM FLOR DE BRAGANCA", "logradouro": "CAM UM", "numero": "29/31", "cep": "07.600-000", "municipio": "MAIRIPORA", "porte": "EMPRESA DE PEQUENO PORTE", "abertura": "01/03/2004", "natureza_juridica": "206-2 - Sociedade Empres\u00e1ria Limitada", "fantasia": "VILSON PROTECAO RADIOLOGICA", "cnpj": "06.191.412/0001-32", "ultima_atualizacao": "2020-02-08T19:46:19.343Z", "status": "OK", "tipo": "MATRIZ", "complemento": "", "efr": "", "motivo_situacao": "", "situacao_especial": "", "data_situacao_especial": "", "atividades_secundarias": [{"code": "00.00-0-00", "text": "N\u00e3o informada"}], "capital_social": "65000.00", "extra": {}, "billing": {"free": false, "database": false}}