{"atividade_principal": [{"text": "Com\u00e9rcio varejista de materiais de constru\u00e7\u00e3o em geral", "code": "47.44-0-99"}], "data_situacao": "02/04/2005", "nome": "CRISTINA E SOUZA FERRAGENS LTDA", "uf": "RJ", "atividades_secundarias": [{"text": "Com\u00e9rcio varejista de materiais de constru\u00e7\u00e3o n\u00e3o especificados anteriormente", "code": "47.44-0-05"}], "qsa": [{"qual": "22-S\u00f3cio", "nome": "MARIA CREUSA BATISTA DE SOUZA"}, {"qual": "49-S\u00f3cio-Administrador", "nome": "ELPIDIO DE SOUZA"}], "situacao": "ATIVA", "bairro": "VISCONDE DE ARAUJO", "logradouro": "AV DUQUE DE CAXIAS", "numero": "91", "cep": "27.943-031", "municipio": "MACAE", "porte": "EMPRESA DE PEQUENO PORTE", "abertura": "07/04/2004", "natureza_juridica": "206-2 - Sociedade Empres\u00e1ria Limitada", "fantasia": "MULTIFERRAGENS", "cnpj": "06.305.090/0001-05", "ultima_atualizacao": "2020-02-08T04:19:23.888Z", "status": "OK", "tipo": "MATRIZ", "complemento": "", "email": "", "telefone": "", "efr": "", "motivo_situacao": "", "situacao_especial": "", "data_situacao_especial": "", "capital_social": "0.00", "extra": {}, "billing": {"free": false, "database": true}}