{"atividade_principal": [{"text": "Com\u00e9rcio atacadista de instrumentos e materiais para uso m\u00e9dico, cir\u00fargico, hospitalar e de laborat\u00f3rios", "code": "46.45-1-01"}], "data_situacao": "14/07/2004", "complemento": "SAL 112", "nome": "BIOLIFE COMERCIO DE MATERIAL HOSPITALAR - EIRELI", "uf": "RJ", "telefone": "(21) 2454-3454", "email": "absfernando@hotmail.com", "atividades_secundarias": [{"text": "Com\u00e9rcio atacadista de pr\u00f3teses e artigos de ortopedia", "code": "46.45-1-02"}, {"text": "Com\u00e9rcio atacadista de m\u00e1quinas, aparelhos e equipamentos para uso odonto-m\u00e9dico-hospitalar; partes e pe\u00e7as", "code": "46.64-8-00"}, {"text": "Transporte rodovi\u00e1rio de carga, exceto produtos perigosos e mudan\u00e7as, intermunicipal, interestadual e internacional", "code": "49.30-2-02"}], "qsa": [{"qual": "65-Titular Pessoa F\u00edsica Residente ou Domiciliado no Brasil", "nome": "CAROLINE KELI LEITE DE MELLO SIMPLICIO"}], "situacao": "ATIVA", "bairro": "JACAREPAGUA", "logradouro": "EST DOS BANDEIRANTES", "numero": "07000", "cep": "22.780-084", "municipio": "RIO DE JANEIRO", "porte": "EMPRESA DE PEQUENO PORTE", "abertura": "14/07/2004", "natureza_juridica": "230-5 - Empresa Individual de Responsabilidade Limitada (de Natureza Empres\u00e1ria)", "fantasia": "BIOLIFE RJ", "cnpj": "06.748.657/0001-18", "ultima_atualizacao": "2020-02-08T01:03:13.945Z", "status": "OK", "tipo": "MATRIZ", "efr": "", "motivo_situacao": "", "situacao_especial": "", "data_situacao_especial": "", "capital_social": "350000.00", "extra": {}, "billing": {"free": false, "database": true}}