{"atividade_principal": [{"text": "Servi\u00e7os de assist\u00eancia social sem alojamento", "code": "88.00-6-00"}], "data_situacao": "21/07/2004", "complemento": ": E FUNDOS;", "nome": "ASSOCIACAO DE PAIS E AMIGOS DOS EXCEPCIONAIS - APAE / MACAE", "uf": "RJ", "telefone": "(22) 2796-1069/ (22) 2772-2001", "email": "apaedemacae@gmail.com", "qsa": [{"qual": "16-Presidente", "nome": "NATALI GIOVANNA PINTO DE SOUZA"}], "situacao": "ATIVA", "bairro": "CENTRO", "logradouro": "R DOUTOR FRANCISCO PORTELA", "numero": "687", "cep": "27.910-200", "municipio": "MACAE", "porte": "DEMAIS", "abertura": "21/07/2004", "natureza_juridica": "399-9 - Associa\u00e7\u00e3o Privada", "fantasia": "APAE / MACAE", "cnpj": "06.946.217/0001-75", "ultima_atualizacao": "2020-02-07T23:35:18.112Z", "status": "OK", "tipo": "MATRIZ", "efr": "", "motivo_situacao": "", "situacao_especial": "", "data_situacao_especial": "", "atividades_secundarias": [{"code": "00.00-0-00", "text": "N\u00e3o informada"}], "capital_social": "0.00", "extra": {}, "billing": {"free": false, "database": true}}