{"data_situacao": "23/12/2019", "motivo_situacao": "EXTINCAO P/ ENC LIQ VOLUNTARIA", "nome": "CRISTA CONFECCOES DE ARTIGOS DO VESTUARIO LTDA", "situacao": "BAIXADA", "porte": "MICRO EMPRESA", "abertura": "22/09/2004", "natureza_juridica": "206-2 - Sociedade Empres\u00e1ria Limitada", "fantasia": "CRISTA CONFECCOES", "cnpj": "07.005.910/0001-06", "ultima_atualizacao": "2020-02-07T23:19:12.907Z", "status": "OK", "tipo": "MATRIZ", "logradouro": "", "numero": "", "complemento": "", "cep": "", "bairro": "", "municipio": "", "uf": "", "email": "", "telefone": "", "efr": "", "situacao_especial": "", "data_situacao_especial": "", "atividade_principal": [{"code": "00.00-0-00", "text": "********"}], "atividades_secundarias": [{"code": "00.00-0-00", "text": "N\u00e3o informada"}], "capital_social": "0.00", "qsa": [], "extra": {}, "billing": {"free": false, "database": true}}