{"atividade_principal": [{"text": "Outras atividades profissionais, cient\u00edficas e t\u00e9cnicas n\u00e3o especificadas anteriormente", "code": "74.90-1-99"}], "data_situacao": "18/10/2004", "nome": "RELYON NUTEC BRASIL TREINAMENTOS LTDA", "uf": "RJ", "telefone": "(22) 2773-3361", "atividades_secundarias": [{"text": "Outras atividades de servi\u00e7os prestados principalmente \u00e0s empresas n\u00e3o especificadas anteriormente", "code": "82.99-7-99"}, {"text": "Treinamento em desenvolvimento profissional e gerencial", "code": "85.99-6-04"}], "qsa": [{"qual": "22-S\u00f3cio", "qual_rep_legal": "05-Administrador", "nome_rep_legal": "RENATO RICIERI ESCOCHI", "nome": "RELYON NUTEC BRASIL PARTICIPACOES LTDA"}, {"qual": "37-S\u00f3cio Pessoa Jur\u00eddica Domiciliado no Exterior", "pais_origem": "DINAMARCA", "nome_rep_legal": "RENATO RICIERI ESCOCHI", "qual_rep_legal": "17-Procurador", "nome": "RELYON NUTEC HOLDING A/S"}, {"qual": "05-Administrador", "nome": "JENS GAARDSVIG"}, {"qual": "05-Administrador", "nome": "RENATO RICIERI ESCOCHI"}], "situacao": "ATIVA", "bairro": "NOVO CAVALEIROS", "logradouro": "AV PREFEITO ARISTEU FERREIRA DA SILVA", "numero": "1277", "cep": "27.930-070", "municipio": "MACAE", "porte": "DEMAIS", "abertura": "18/10/2004", "natureza_juridica": "206-2 - Sociedade Empres\u00e1ria Limitada", "fantasia": "RELYON NUTEC 360 SAFETY", "cnpj": "07.070.955/0001-64", "ultima_atualizacao": "2020-02-08T17:29:51.080Z", "status": "OK", "tipo": "MATRIZ", "complemento": "", "email": "", "efr": "", "motivo_situacao": "", "situacao_especial": "", "data_situacao_especial": "", "capital_social": "8169372.00", "extra": {}, "billing": {"free": false, "database": true}}