{"atividade_principal": [{"text": "Com\u00e9rcio atacadista de instrumentos e materiais para uso m\u00e9dico, cir\u00fargico, hospitalar e de laborat\u00f3rios", "code": "46.45-1-01"}], "data_situacao": "14/12/2004", "nome": "NEWDIAG PRODUTOS MEDICOS E DIAGNOSTICOS LTDA.", "uf": "RJ", "telefone": "(21) 2565-7000", "atividades_secundarias": [{"text": "Com\u00e9rcio atacadista de m\u00e1quinas, aparelhos e equipamentos para uso odonto-m\u00e9dico-hospitalar; partes e pe\u00e7as", "code": "46.64-8-00"}, {"text": "Aluguel de equipamentos cient\u00edficos, m\u00e9dicos e hospitalares, sem operador", "code": "77.39-0-02"}, {"text": "Manuten\u00e7\u00e3o e repara\u00e7\u00e3o de aparelhos e instrumentos de medida, teste e controle", "code": "33.12-1-02"}, {"text": "Manuten\u00e7\u00e3o e repara\u00e7\u00e3o de aparelhos eletrom\u00e9dicos e eletroterap\u00eauticos e equipamentos de irradia\u00e7\u00e3o", "code": "33.12-1-03"}, {"text": "Testes e an\u00e1lises t\u00e9cnicas", "code": "71.20-1-00"}, {"text": "Outras atividades profissionais, cient\u00edficas e t\u00e9cnicas n\u00e3o especificadas anteriormente", "code": "74.90-1-99"}], "qsa": [{"qual": "22-S\u00f3cio", "nome": "JOSE LAURO DA CAMARA"}, {"qual": "49-S\u00f3cio-Administrador", "nome": "CELSO REINALDO DA SILVA"}], "situacao": "ATIVA", "bairro": "RIACHUELO", "logradouro": "R FLACK", "numero": "16", "cep": "20.960-150", "municipio": "RIO DE JANEIRO", "porte": "DEMAIS", "abertura": "14/12/2004", "natureza_juridica": "206-2 - Sociedade Empres\u00e1ria Limitada", "cnpj": "07.150.093/0001-80", "ultima_atualizacao": "2020-02-07T23:28:49.185Z", "status": "OK", "tipo": "MATRIZ", "fantasia": "", "complemento": "", "email": "", "efr": "", "motivo_situacao": "", "situacao_especial": "", "data_situacao_especial": "", "capital_social": "2100000.00", "extra": {}, "billing": {"free": false, "database": true}}