{"atividade_principal": [{"text": "Com\u00e9rcio atacadista de instrumentos e materiais para uso m\u00e9dico, cir\u00fargico, hospitalar e de laborat\u00f3rios", "code": "46.45-1-01"}], "data_situacao": "24/09/2004", "complemento": "PAVMTOTERREO LOJA 16 E 18 GALERIA 4 BLOCO F", "nome": "RIO TERUMED COMERCIO DE MATERIAL CIRURGICO LTDA", "uf": "RJ", "telefone": "(21) 3689-0006", "email": "fconnection@globo.com", "atividades_secundarias": [{"text": "Representantes comerciais e agentes do com\u00e9rcio de mercadorias em geral n\u00e3o especializado", "code": "46.19-2-00"}], "qsa": [{"qual": "49-S\u00f3cio-Administrador", "nome": "TAKESHI ARMANDO FARIA SHOJIMA"}, {"qual": "49-S\u00f3cio-Administrador", "nome": "BARBARA SILVA DE SOUSA"}], "situacao": "ATIVA", "bairro": "BENFICA", "logradouro": "R CAPITAO FELIX", "numero": "110", "cep": "20.920-310", "municipio": "RIO DE JANEIRO", "porte": "DEMAIS", "abertura": "24/09/2004", "natureza_juridica": "206-2 - Sociedade Empres\u00e1ria Limitada", "cnpj": "07.171.033/0001-43", "ultima_atualizacao": "2020-02-08T20:24:20.210Z", "status": "OK", "tipo": "MATRIZ", "fantasia": "", "efr": "", "motivo_situacao": "", "situacao_especial": "", "data_situacao_especial": "", "capital_social": "400000.00", "extra": {}, "billing": {"free": false, "database": false}}