{"atividade_principal": [{"text": "Com\u00e9rcio varejista especializado de equipamentos e suprimentos de inform\u00e1tica", "code": "47.51-2-01"}], "data_situacao": "10/01/2005", "nome": "IPONTO TECNOLOGIA EM EQUIPAMENTOS DE PONTO E ACESSO LTDA", "uf": "MG", "telefone": "(32) 3216-4063", "email": "titiresende@bol.com.br", "atividades_secundarias": [{"text": "Reprodu\u00e7\u00e3o de software em qualquer suporte", "code": "18.30-0-03"}, {"text": "Instala\u00e7\u00e3o e manuten\u00e7\u00e3o el\u00e9trica", "code": "43.21-5-00"}, {"text": "Instala\u00e7\u00e3o e manuten\u00e7\u00e3o de sistemas centrais de ar condicionado, de ventila\u00e7\u00e3o e refrigera\u00e7\u00e3o", "code": "43.22-3-02"}, {"text": "Com\u00e9rcio atacadista de equipamentos el\u00e9tricos de uso pessoal e dom\u00e9stico", "code": "46.49-4-01"}, {"text": "Com\u00e9rcio atacadista de equipamentos de inform\u00e1tica", "code": "46.51-6-01"}, {"text": "Com\u00e9rcio atacadista de suprimentos para inform\u00e1tica", "code": "46.51-6-02"}, {"text": "Com\u00e9rcio atacadista de componentes eletr\u00f4nicos e equipamentos de telefonia e comunica\u00e7\u00e3o", "code": "46.52-4-00"}, {"text": "Com\u00e9rcio atacadista de M\u00e1quinas e equipamentos para uso industrial; partes e pe\u00e7as", "code": "46.63-0-00"}, {"text": "Com\u00e9rcio atacadista de m\u00e1quinas e equipamentos para uso comercial; partes e pe\u00e7as", "code": "46.65-6-00"}, {"text": "Com\u00e9rcio atacadista de outras m\u00e1quinas e equipamentos n\u00e3o especificados anteriormente; partes e pe\u00e7as", "code": "46.69-9-99"}, {"text": "Recarga de cartuchos para equipamentos de inform\u00e1tica", "code": "47.51-2-02"}, {"text": "Com\u00e9rcio varejista especializado de equipamentos de telefonia e comunica\u00e7\u00e3o", "code": "47.52-1-00"}, {"text": "Com\u00e9rcio varejista especializado de eletrodom\u00e9sticos e equipamentos de \u00e1udio e v\u00eddeo", "code": "47.53-9-00"}, {"text": "Com\u00e9rcio varejista de artigos de papelaria", "code": "47.61-0-03"}, {"text": "Com\u00e9rcio varejista de equipamentos para escrit\u00f3rio", "code": "47.89-0-07"}, {"text": "Com\u00e9rcio varejista de artigos fotogr\u00e1ficos e para filmagem", "code": "47.89-0-08"}, {"text": "Com\u00e9rcio varejista de outros produtos n\u00e3o especificados anteriormente", "code": "47.89-0-99"}, {"text": "Servi\u00e7os de telecomunica\u00e7\u00f5es sem fio n\u00e3o especificados anteriormente", "code": "61.20-5-99"}, {"text": "Desenvolvimento de programas de computador sob encomenda", "code": "62.01-5-01"}, {"text": "Desenvolvimento e licenciamento de programas de computador customiz\u00e1veis", "code": "62.02-3-00"}, {"text": "Desenvolvimento e licenciamento de programas de computador n\u00e3o-customiz\u00e1veis", "code": "62.03-1-00"}, {"text": "Consultoria em tecnologia da informa\u00e7\u00e3o", "code": "62.04-0-00"}, {"text": "Suporte t\u00e9cnico, manuten\u00e7\u00e3o e outros servi\u00e7os em tecnologia da informa\u00e7\u00e3o", "code": "62.09-1-00"}, {"text": "Aluguel de outras m\u00e1quinas e equipamentos comerciais e industriais n\u00e3o especificados anteriormente, sem operador", "code": "77.39-0-99"}, {"text": "Atividades de monitoramento de sistemas de seguran\u00e7a eletr\u00f4nico", "code": "80.20-0-01"}, {"text": "Outras atividades de servi\u00e7os prestados principalmente \u00e0s empresas n\u00e3o especificadas anteriormente", "code": "82.99-7-99"}, {"text": "Outras atividades de ensino n\u00e3o especificadas anteriormente", "code": "85.99-6-99"}, {"text": "Repara\u00e7\u00e3o e manuten\u00e7\u00e3o de equipamentos de comunica\u00e7\u00e3o", "code": "95.12-6-00"}, {"text": "Repara\u00e7\u00e3o e manuten\u00e7\u00e3o de equipamentos eletroeletr\u00f4nicos de uso pessoal e dom\u00e9stico", "code": "95.21-5-00"}, {"text": "Repara\u00e7\u00e3o e manuten\u00e7\u00e3o de outros objetos e equipamentos pessoais e dom\u00e9sticos n\u00e3o especificados anteriormente", "code": "95.29-1-99"}], "qsa": [{"qual": "49-S\u00f3cio-Administrador", "nome": "LEONARDO DE ALMEIDA LADEIRA"}, {"qual": "22-S\u00f3cio", "nome": "ARLETE DE ALMEIDA LADEIRA"}], "situacao": "ATIVA", "bairro": "SANTA LUZIA", "logradouro": "R IBITIGUAIA", "numero": "202", "cep": "36.031-000", "municipio": "JUIZ DE FORA", "porte": "MICRO EMPRESA", "abertura": "10/01/2005", "natureza_juridica": "206-2 - Sociedade Empres\u00e1ria Limitada", "cnpj": "07.175.534/0001-06", "ultima_atualizacao": "2020-02-08T20:59:48.001Z", "status": "OK", "tipo": "MATRIZ", "fantasia": "", "complemento": "", "efr": "", "motivo_situacao": "", "situacao_especial": "", "data_situacao_especial": "", "capital_social": "20000.00", "extra": {}, "billing": {"free": false, "database": false}}