{"atividade_principal": [{"text": "Atividades de organiza\u00e7\u00f5es sindicais", "code": "94.20-1-00"}], "data_situacao": "12/05/2005", "complemento": "SALA 101", "nome": "SINDICATO DOS GUARDAS MUNICIPAIS E VIGIAS DA GUARDA MUNICIPAL DE MACAE - RJ", "uf": "RJ", "telefone": "(22) 2142-6001", "email": "sindguardamacae@bol.com.br", "situacao": "ATIVA", "bairro": "CAMPO DO OESTE", "logradouro": "AV DOUTOR HUMBERTO DE QUEIROZ MATOSO", "numero": "134", "cep": "27.936-529", "municipio": "MACAE", "porte": "DEMAIS", "abertura": "12/05/2005", "natureza_juridica": "313-1 - Entidade Sindical", "fantasia": "SINDGUARDA - MACAE", "cnpj": "07.372.558/0001-47", "ultima_atualizacao": "2020-02-08T00:43:13.822Z", "status": "OK", "tipo": "MATRIZ", "efr": "", "motivo_situacao": "", "situacao_especial": "", "data_situacao_especial": "", "atividades_secundarias": [{"code": "00.00-0-00", "text": "N\u00e3o informada"}], "capital_social": "0.00", "qsa": [], "extra": {}, "billing": {"free": false, "database": true}}