{"atividade_principal": [{"text": "Com\u00e9rcio atacadista de m\u00e1quinas, aparelhos e equipamentos para uso odonto-m\u00e9dico-hospitalar; partes e pe\u00e7as", "code": "46.64-8-00"}], "data_situacao": "07/06/2005", "nome": "VALE SUL FLUMINENSE EQUIPAMENTOS MEDICOS LTDA", "uf": "RJ", "atividades_secundarias": [{"text": "Aluguel de equipamentos cient\u00edficos, m\u00e9dicos e hospitalares, sem operador", "code": "77.39-0-02"}, {"text": "Aluguel de material m\u00e9dico", "code": "77.29-2-03"}, {"text": "Manuten\u00e7\u00e3o e repara\u00e7\u00e3o de aparelhos eletrom\u00e9dicos e eletroterap\u00eauticos e equipamentos de irradia\u00e7\u00e3o", "code": "33.12-1-03"}], "qsa": [{"qual": "49-S\u00f3cio-Administrador", "nome": "JOSE MARCOS ESTRAIHER"}, {"qual": "22-S\u00f3cio", "nome": "TANIA ALBUQUERQUE ESTRAIHER"}], "situacao": "ATIVA", "bairro": "VILA SANTA CECILIA", "logradouro": "R 41 C", "numero": "783", "cep": "27.255-435", "municipio": "VOLTA REDONDA", "porte": "MICRO EMPRESA", "abertura": "07/06/2005", "natureza_juridica": "206-2 - Sociedade Empres\u00e1ria Limitada", "cnpj": "07.425.249/0001-98", "ultima_atualizacao": "2020-02-08T19:40:50.458Z", "status": "OK", "tipo": "MATRIZ", "fantasia": "", "complemento": "", "email": "", "telefone": "", "efr": "", "motivo_situacao": "", "situacao_especial": "", "data_situacao_especial": "", "capital_social": "100000.00", "extra": {}, "billing": {"free": false, "database": false}}