{"atividade_principal": [{"text": "Administra\u00e7\u00e3o p\u00fablica em geral", "code": "84.11-6-00"}], "data_situacao": "22/06/2004", "complemento": "2 ANDAR", "nome": "CENTRO DE ESTUDOS JURIDICOS DA PROCURADORIA GERAL DO MUNICIPIO", "efr": "MUNIC\u00cdPIO DE MACAE", "uf": "RJ", "telefone": "(22) 2772-4485", "situacao": "ATIVA", "bairro": "CENTRO", "logradouro": "AV PRESIDENTE SODRE", "numero": "534", "cep": "27.913-080", "municipio": "MACAE", "porte": "DEMAIS", "abertura": "22/06/2004", "natureza_juridica": "118-0 - \u00d3rg\u00e3o P\u00fablico Aut\u00f4nomo Municipal", "fantasia": "CEJUR", "cnpj": "07.525.970/0001-50", "ultima_atualizacao": "2020-02-08T20:31:08.435Z", "status": "OK", "tipo": "MATRIZ", "email": "", "motivo_situacao": "", "situacao_especial": "", "data_situacao_especial": "", "atividades_secundarias": [{"code": "00.00-0-00", "text": "N\u00e3o informada"}], "capital_social": "0.00", "qsa": [], "extra": {}, "billing": {"free": false, "database": false}}