{"atividade_principal": [{"text": "Outras atividades de servi\u00e7os prestados principalmente \u00e0s empresas n\u00e3o especificadas anteriormente", "code": "82.99-7-99"}], "data_situacao": "18/08/2005", "complemento": "SALA 1301", "nome": "UNIVERSO LICITACOES EIRELI", "uf": "MG", "telefone": "(31) 3431-1100/ (31) 3272-7824", "email": "paulo@universolicitacoes.com.br", "atividades_secundarias": [{"text": "Outras atividades de presta\u00e7\u00e3o de servi\u00e7os de informa\u00e7\u00e3o n\u00e3o especificadas anteriormente", "code": "63.99-2-00"}, {"text": "Treinamento em desenvolvimento profissional e gerencial", "code": "85.99-6-04"}], "qsa": [{"qual": "65-Titular Pessoa F\u00edsica Residente ou Domiciliado no Brasil", "nome": "PAULO ADOLFO DOS SANTOS"}], "situacao": "ATIVA", "bairro": "LOURDES", "logradouro": "R DOS TIMBIRAS", "numero": "2072", "cep": "30.140-069", "municipio": "BELO HORIZONTE", "porte": "EMPRESA DE PEQUENO PORTE", "abertura": "18/08/2005", "natureza_juridica": "230-5 - Empresa Individual de Responsabilidade Limitada (de Natureza Empres\u00e1ria)", "fantasia": "UNIVERSO LICITACOES", "cnpj": "07.542.068/0001-41", "ultima_atualizacao": "2020-02-08T19:57:43.360Z", "status": "OK", "tipo": "MATRIZ", "efr": "", "motivo_situacao": "", "situacao_especial": "", "data_situacao_especial": "", "capital_social": "80000.00", "extra": {}, "billing": {"free": false, "database": false}}