{"atividade_principal": [{"text": "Com\u00e9rcio varejista de materiais de constru\u00e7\u00e3o em geral", "code": "47.44-0-99"}], "data_situacao": "26/07/2005", "nome": "MALURDES MATERIAIS DE CONSTRUCAO LTDA", "uf": "RJ", "telefone": "(22) 2762-3162", "qsa": [{"qual": "49-S\u00f3cio-Administrador", "nome": "WELLINGTON DO NASCIMENTO MACHADO"}, {"qual": "49-S\u00f3cio-Administrador", "nome": "MAICON DO NASCIMENTO MACHADO"}], "situacao": "ATIVA", "bairro": "LAGOMAR", "logradouro": "AV SERGIO VIEIRA MELLO", "numero": "S/N", "cep": "27.970-130", "municipio": "MACAE", "porte": "MICRO EMPRESA", "abertura": "26/07/2005", "natureza_juridica": "206-2 - Sociedade Empres\u00e1ria Limitada", "fantasia": "MALURDES MATERIAIS DE CONSTRUCAO", "cnpj": "07.549.038/0001-67", "ultima_atualizacao": "2020-02-08T20:38:52.845Z", "status": "OK", "tipo": "MATRIZ", "complemento": "", "email": "", "efr": "", "motivo_situacao": "", "situacao_especial": "", "data_situacao_especial": "", "atividades_secundarias": [{"code": "00.00-0-00", "text": "N\u00e3o informada"}], "capital_social": "0.00", "extra": {}, "billing": {"free": false, "database": false}}