{"atividade_principal": [{"text": "Seguridade social obrigat\u00f3ria", "code": "84.30-2-00"}], "data_situacao": "12/07/2005", "nome": "FUNDO DE PREVIDENCIA DOS SERVIDORES PUBLICOS DO MUNICIPIO DE SAO JOSE DE UBA", "efr": "MUNIC\u00cdPIO DE SAO JOSE DE UBA", "uf": "RJ", "telefone": "(22) 3866-1730", "email": "ubaprevi@yahoo.com.br", "situacao": "ATIVA", "bairro": "CENTRO", "logradouro": "R ALIBABA DE SOUZA LESSA", "numero": "S/N", "cep": "28.455-000", "municipio": "SAO JOSE DE UBA", "porte": "DEMAIS", "abertura": "12/07/2005", "natureza_juridica": "133-3 - Fundo P\u00fablico da Administra\u00e7\u00e3o Direta Municipal", "fantasia": "FUNDO DE PREVIDENCIA", "cnpj": "07.624.192/0001-56", "ultima_atualizacao": "2020-02-08T20:02:44.935Z", "status": "OK", "tipo": "MATRIZ", "complemento": "", "motivo_situacao": "", "situacao_especial": "", "data_situacao_especial": "", "atividades_secundarias": [{"code": "00.00-0-00", "text": "N\u00e3o informada"}], "capital_social": "0.00", "qsa": [], "extra": {}, "billing": {"free": false, "database": false}}