{"atividade_principal": [{"text": "Com\u00e9rcio varejista de material el\u00e9trico", "code": "47.42-3-00"}], "data_situacao": "02/09/2005", "complemento": "A", "nome": "CASA VOLT EQUIPAMENTOS ELETRICOS EIRELI", "uf": "RJ", "telefone": "(22) 2772-2408", "atividades_secundarias": [{"text": "Com\u00e9rcio varejista de materiais hidr\u00e1ulicos", "code": "47.44-0-03"}, {"text": "Com\u00e9rcio varejista de materiais de constru\u00e7\u00e3o em geral", "code": "47.44-0-99"}], "qsa": [{"qual": "65-Titular Pessoa F\u00edsica Residente ou Domiciliado no Brasil", "nome": "JULIANA MATTOSO CARNEIRO"}], "situacao": "ATIVA", "bairro": "CENTRO", "logradouro": "R DOUTOR TELIO BARRETO", "numero": "326", "cep": "27.910-060", "municipio": "MACAE", "porte": "EMPRESA DE PEQUENO PORTE", "abertura": "02/09/2005", "natureza_juridica": "230-5 - Empresa Individual de Responsabilidade Limitada (de Natureza Empres\u00e1ria)", "fantasia": "CASA VOLT", "cnpj": "07.628.992/0001-45", "ultima_atualizacao": "2020-02-08T00:35:31.342Z", "status": "OK", "tipo": "MATRIZ", "email": "", "efr": "", "motivo_situacao": "", "situacao_especial": "", "data_situacao_especial": "", "capital_social": "100000.00", "extra": {}, "billing": {"free": false, "database": true}}