{"atividade_principal": [{"text": "Com\u00e9rcio atacadista de instrumentos e materiais para uso m\u00e9dico, cir\u00fargico, hospitalar e de laborat\u00f3rios", "code": "46.45-1-01"}], "data_situacao": "05/12/2005", "complemento": "LOJA B", "nome": "VITALPLAST COMERCIO DE PRODUTOS HOSPITALARES LTDA", "uf": "RJ", "telefone": "(21) 3276-1748/ (21) 3274-7091", "email": "santanalyro@globo.com", "atividades_secundarias": [{"text": "Com\u00e9rcio atacadista de pr\u00f3teses e artigos de ortopedia", "code": "46.45-1-02"}, {"text": "Com\u00e9rcio atacadista de produtos odontol\u00f3gicos", "code": "46.45-1-03"}, {"text": "Com\u00e9rcio varejista de artigos m\u00e9dicos e ortop\u00e9dicos", "code": "47.73-3-00"}], "qsa": [{"qual": "49-S\u00f3cio-Administrador", "nome": "NEUSA MARIA CAIXETA MONTALVAO"}, {"qual": "49-S\u00f3cio-Administrador", "nome": "AGOSTINHO GOMES MONTALVAO"}], "situacao": "ATIVA", "bairro": "INHAUMA", "logradouro": "EST ADHEMAR BEBIANO", "numero": "3473", "cep": "20.765-170", "municipio": "RIO DE JANEIRO", "porte": "MICRO EMPRESA", "abertura": "05/12/2005", "natureza_juridica": "206-2 - Sociedade Empres\u00e1ria Limitada", "fantasia": "VITALPLAST", "cnpj": "07.744.539/0001-02", "ultima_atualizacao": "2020-02-08T19:42:37.905Z", "status": "OK", "tipo": "MATRIZ", "efr": "", "motivo_situacao": "", "situacao_especial": "", "data_situacao_especial": "", "capital_social": "80000.00", "extra": {}, "billing": {"free": false, "database": false}}