{"atividade_principal": [{"text": "Com\u00e9rcio varejista de outros produtos n\u00e3o especificados anteriormente", "code": "47.89-0-99"}], "data_situacao": "12/12/2005", "nome": "FLOPTECH COMERCIO DE EQUIPAMENTOS EIRELI", "uf": "SC", "telefone": "(48) 3035-1210", "email": "floptechme@gmail.com", "atividades_secundarias": [{"text": "Fabrica\u00e7\u00e3o de aparelhos e equipamentos de medida, teste e controle", "code": "26.51-5-00"}], "qsa": [{"qual": "65-Titular Pessoa F\u00edsica Residente ou Domiciliado no Brasil", "nome": "MIRELA ELAINE COLENETZ"}], "situacao": "ATIVA", "bairro": "FORQUILHINHAS", "logradouro": "R JOAO GUALBERTO DE OLIVEIRA", "numero": "312", "cep": "88.106-535", "municipio": "SAO JOSE", "porte": "EMPRESA DE PEQUENO PORTE", "abertura": "12/12/2005", "natureza_juridica": "230-5 - Empresa Individual de Responsabilidade Limitada (de Natureza Empres\u00e1ria)", "fantasia": "FLOPTECH", "cnpj": "07.756.105/0001-14", "ultima_atualizacao": "2020-02-08T19:32:40.989Z", "status": "OK", "tipo": "MATRIZ", "complemento": "", "efr": "", "motivo_situacao": "", "situacao_especial": "", "data_situacao_especial": "", "capital_social": "73000.00", "extra": {}, "billing": {"free": false, "database": true}}