{"atividade_principal": [{"text": "Servi\u00e7os de engenharia", "code": "71.12-0-00"}], "data_situacao": "23/06/2006", "complemento": "SALA 1106-1107-1108 SALA 1109-1111", "nome": "IMTRAFF - CONSULTORIA E PROJETOS DE ENGENHARIA LTDA", "uf": "MG", "telefone": "(31) 2516-8001", "email": "contato@imtraff.com.br", "atividades_secundarias": [{"text": "Servi\u00e7os de arquitetura", "code": "71.11-1-00"}, {"text": "Servi\u00e7os de cartografia, topografia e geod\u00e9sia", "code": "71.19-7-01"}, {"text": "Consultoria em publicidade", "code": "73.19-0-04"}, {"text": "Atividades de produ\u00e7\u00e3o de fotografias a\u00e9reas e submarinas", "code": "74.20-0-02"}, {"text": "Outras atividades profissionais, cient\u00edficas e t\u00e9cnicas n\u00e3o especificadas anteriormente", "code": "74.90-1-99"}, {"text": "Treinamento em desenvolvimento profissional e gerencial", "code": "85.99-6-04"}], "qsa": [{"qual": "49-S\u00f3cio-Administrador", "nome": "FREDERICO RODRIGUES"}, {"qual": "49-S\u00f3cio-Administrador", "nome": "VALNICE APARECIDA DE JESUS"}, {"qual": "49-S\u00f3cio-Administrador", "nome": "FABRICIO SANTHIAGO RIBEIRO"}, {"qual": "22-S\u00f3cio", "nome": "CRISTIANO CARNEIRO RESENDE"}], "situacao": "ATIVA", "bairro": "SAGRADA FAMILIA", "logradouro": "AV CRISTIANO MACHADO", "numero": "640", "cep": "31.030-514", "municipio": "BELO HORIZONTE", "porte": "EMPRESA DE PEQUENO PORTE", "abertura": "23/06/2006", "natureza_juridica": "206-2 - Sociedade Empres\u00e1ria Limitada", "fantasia": "IMTRAFF", "cnpj": "08.103.958/0001-10", "ultima_atualizacao": "2020-02-08T20:28:33.252Z", "status": "OK", "tipo": "MATRIZ", "efr": "", "motivo_situacao": "", "situacao_especial": "", "data_situacao_especial": "", "capital_social": "500000.00", "extra": {}, "billing": {"free": false, "database": false}}