{"atividade_principal": [{"text": "Com\u00e9rcio varejista de outros produtos n\u00e3o especificados anteriormente", "code": "47.89-0-99"}], "data_situacao": "11/07/2006", "complemento": "LOJA SS 104", "nome": "PODOPLUS PODOLOGIA E ESTETICA LTDA.", "uf": "RJ", "telefone": "(21) 2234-0762", "email": "podoplusrj@podoplus.com.br", "atividades_secundarias": [{"text": "Outras atividades de servi\u00e7os pessoais n\u00e3o especificadas anteriormente", "code": "96.09-2-99"}], "qsa": [{"qual": "49-S\u00f3cio-Administrador", "nome": "PRISCILA NIEDHARDT"}, {"qual": "22-S\u00f3cio", "nome": "MARILENE NIEDHARDT"}], "situacao": "ATIVA", "bairro": "TIJUCA", "logradouro": "R CONDE DE BONFIM", "numero": "00346", "cep": "20.520-054", "municipio": "RIO DE JANEIRO", "porte": "MICRO EMPRESA", "abertura": "11/07/2006", "natureza_juridica": "206-2 - Sociedade Empres\u00e1ria Limitada", "cnpj": "08.169.487/0001-42", "ultima_atualizacao": "2020-02-08T20:44:34.256Z", "status": "OK", "tipo": "MATRIZ", "fantasia": "", "efr": "", "motivo_situacao": "", "situacao_especial": "", "data_situacao_especial": "", "capital_social": "30000.00", "extra": {}, "billing": {"free": false, "database": false}}