{"atividade_principal": [{"text": "Com\u00e9rcio por atacado de pe\u00e7as e acess\u00f3rios novos para ve\u00edculos automotores", "code": "45.30-7-01"}], "data_situacao": "04/08/2006", "complemento": "LOTE 0", "nome": "BRASILSUPRI EIRELI", "uf": "RJ", "telefone": "(21) 2636-9640", "email": "comercial@brasilsupri.com.br", "atividades_secundarias": [{"text": "Impress\u00e3o de livros, revistas e outras publica\u00e7\u00f5es peri\u00f3dicas", "code": "18.11-3-02"}, {"text": "Servi\u00e7os de manuten\u00e7\u00e3o e repara\u00e7\u00e3o mec\u00e2nica de ve\u00edculos automotores", "code": "45.20-0-01"}, {"text": "Servi\u00e7os de lanternagem ou funilaria e pintura de ve\u00edculos automotores", "code": "45.20-0-02"}, {"text": "Servi\u00e7os de manuten\u00e7\u00e3o e repara\u00e7\u00e3o el\u00e9trica de ve\u00edculos automotores", "code": "45.20-0-03"}, {"text": "Servi\u00e7os de alinhamento e balanceamento de ve\u00edculos automotores", "code": "45.20-0-04"}, {"text": "Servi\u00e7os de lavagem, lubrifica\u00e7\u00e3o e polimento de ve\u00edculos automotores", "code": "45.20-0-05"}, {"text": "Servi\u00e7os de borracharia para ve\u00edculos automotores", "code": "45.20-0-06"}, {"text": "Servi\u00e7os de instala\u00e7\u00e3o, manuten\u00e7\u00e3o e repara\u00e7\u00e3o de acess\u00f3rios para ve\u00edculos automotores", "code": "45.20-0-07"}, {"text": "Servi\u00e7os de capotaria", "code": "45.20-0-08"}, {"text": "Com\u00e9rcio por atacado de pneum\u00e1ticos e c\u00e2maras-de-ar", "code": "45.30-7-02"}, {"text": "Com\u00e9rcio por atacado de pe\u00e7as e acess\u00f3rios para motocicletas e motonetas", "code": "45.41-2-02"}, {"text": "Manuten\u00e7\u00e3o e repara\u00e7\u00e3o de motocicletas e motonetas", "code": "45.43-9-00"}, {"text": "Com\u00e9rcio atacadista de artigos de escrit\u00f3rio e de papelaria", "code": "46.47-8-01"}, {"text": "Com\u00e9rcio atacadista de suprimentos para inform\u00e1tica", "code": "46.51-6-02"}, {"text": "Com\u00e9rcio atacadista de componentes eletr\u00f4nicos e equipamentos de telefonia e comunica\u00e7\u00e3o", "code": "46.52-4-00"}, {"text": "Com\u00e9rcio atacadista de m\u00e1quinas e equipamentos para uso comercial; partes e pe\u00e7as", "code": "46.65-6-00"}, {"text": "Com\u00e9rcio atacadista de material el\u00e9trico", "code": "46.73-7-00"}, {"text": "Com\u00e9rcio atacadista de lubrificantes", "code": "46.81-8-05"}, {"text": "Servi\u00e7o de transporte de passageiros - loca\u00e7\u00e3o de autom\u00f3veis com motorista", "code": "49.23-0-02"}, {"text": "Servi\u00e7os de malote n\u00e3o realizados pelo Correio Nacional", "code": "53.20-2-01"}, {"text": "Suporte t\u00e9cnico, manuten\u00e7\u00e3o e outros servi\u00e7os em tecnologia da informa\u00e7\u00e3o", "code": "62.09-1-00"}, {"text": "Loca\u00e7\u00e3o de autom\u00f3veis sem condutor", "code": "77.11-0-00"}, {"text": "Aluguel de m\u00e1quinas e equipamentos para constru\u00e7\u00e3o sem operador, exceto andaimes", "code": "77.32-2-01"}, {"text": "Aluguel de m\u00e1quinas e equipamentos para escrit\u00f3rios", "code": "77.33-1-00"}, {"text": "Aluguel de outras m\u00e1quinas e equipamentos comerciais e industriais n\u00e3o especificados anteriormente, sem operador", "code": "77.39-0-99"}], "qsa": [{"qual": "65-Titular Pessoa F\u00edsica Residente ou Domiciliado no Brasil", "nome": "PRISCILA WAIA COSTA LIMA LAZZARI"}], "situacao": "ATIVA", "bairro": "SAO JOSE DO IMBASSAI", "logradouro": "EST VELHA DE MARICA", "numero": "SN", "cep": "24.931-185", "municipio": "MARICA", "porte": "EMPRESA DE PEQUENO PORTE", "abertura": "04/08/2006", "natureza_juridica": "230-5 - Empresa Individual de Responsabilidade Limitada (de Natureza Empres\u00e1ria)", "cnpj": "08.228.656/0001-78", "ultima_atualizacao": "2020-02-08T20:30:04.742Z", "status": "OK", "tipo": "MATRIZ", "fantasia": "", "efr": "", "motivo_situacao": "", "situacao_especial": "", "data_situacao_especial": "", "capital_social": "380000.00", "extra": {}, "billing": {"free": false, "database": false}}