{"atividade_principal": [{"text": "Fabrica\u00e7\u00e3o de m\u00f3veis com predomin\u00e2ncia de madeira", "code": "31.01-2-00"}], "data_situacao": "10/08/2006", "nome": "ACHEI INDUSTRIA DE MOVEIS PARA ESCRITORIO LTDA", "uf": "MG", "telefone": "(37) 3221-5553", "email": "administrativo@achei.ind.br", "atividades_secundarias": [{"text": "Fabrica\u00e7\u00e3o de m\u00f3veis com predomin\u00e2ncia de metal", "code": "31.02-1-00"}], "qsa": [{"qual": "49-S\u00f3cio-Administrador", "nome": "ALESSANDRO DIMAS RODRIGUES"}], "situacao": "ATIVA", "bairro": "TIETE", "logradouro": "AL RIO DO SONO", "numero": "420", "cep": "35.502-473", "municipio": "DIVINOPOLIS", "porte": "EMPRESA DE PEQUENO PORTE", "abertura": "10/08/2006", "natureza_juridica": "206-2 - Sociedade Empres\u00e1ria Limitada", "cnpj": "08.221.047/0001-97", "ultima_atualizacao": "2020-02-08T20:18:06.949Z", "status": "OK", "tipo": "MATRIZ", "fantasia": "", "complemento": "", "efr": "", "motivo_situacao": "", "situacao_especial": "", "data_situacao_especial": "", "capital_social": "100000.00", "extra": {}, "billing": {"free": false, "database": false}}