{"atividade_principal": [{"text": "Com\u00e9rcio varejista de medicamentos veterin\u00e1rios", "code": "47.71-7-04"}], "data_situacao": "26/09/2006", "complemento": "LOJA: 1 KM 263;", "nome": "MULTMUNDE COMERCIO E DISTRIBUIDORA DE PRODUTOS AGROPECUARIOS EIRELI", "uf": "RJ", "telefone": "(21) 2734-7520", "atividades_secundarias": [{"text": "Com\u00e9rcio varejista de animais vivos e de artigos e alimentos para animais de estima\u00e7\u00e3o", "code": "47.89-0-04"}, {"text": "Com\u00e9rcio varejista de produtos farmac\u00eauticos, sem manipula\u00e7\u00e3o de f\u00f3rmulas", "code": "47.71-7-01"}, {"text": "Com\u00e9rcio varejista de outros produtos n\u00e3o especificados anteriormente", "code": "47.89-0-99"}, {"text": "Com\u00e9rcio atacadista de alimentos para animais", "code": "46.23-1-09"}, {"text": "Com\u00e9rcio atacadista de medicamentos e drogas de uso veterin\u00e1rio", "code": "46.44-3-02"}], "qsa": [{"qual": "65-Titular Pessoa F\u00edsica Residente ou Domiciliado no Brasil", "nome": "FABRICIO DOS SANTOS VASCONCELLOS"}], "situacao": "ATIVA", "bairro": "OLARIA", "logradouro": "ROD BR 101", "numero": "SN", "cep": "28.800-000", "municipio": "RIO BONITO", "porte": "MICRO EMPRESA", "abertura": "26/09/2006", "natureza_juridica": "230-5 - Empresa Individual de Responsabilidade Limitada (de Natureza Empres\u00e1ria)", "fantasia": "VALE DO SOL", "cnpj": "08.322.910/0001-00", "ultima_atualizacao": "2020-02-08T20:29:15.287Z", "status": "OK", "tipo": "MATRIZ", "email": "", "efr": "", "motivo_situacao": "", "situacao_especial": "", "data_situacao_especial": "", "capital_social": "88000.00", "extra": {}, "billing": {"free": false, "database": false}}