{"atividade_principal": [{"text": "Fabrica\u00e7\u00e3o de aparelhos eletrom\u00e9dicos e eletroterap\u00eauticos e equipamentos de irradia\u00e7\u00e3o", "code": "26.60-4-00"}], "data_situacao": "26/10/2006", "nome": "SERV IMAGEM MINAS SERVICOS, INDUSTRIA E COMERCIO LTDA", "uf": "MG", "telefone": "(31) 3661-1910", "email": "waj@wajconsultoria.com.br", "atividades_secundarias": [{"text": "Manuten\u00e7\u00e3o e repara\u00e7\u00e3o de aparelhos eletrom\u00e9dicos e eletroterap\u00eauticos e equipamentos de irradia\u00e7\u00e3o", "code": "33.12-1-03"}, {"text": "Representantes comerciais e agentes do com\u00e9rcio de instrumentos e materiais odonto-m\u00e9dico-hospitalares", "code": "46.18-4-02"}, {"text": "Com\u00e9rcio varejista de outros produtos n\u00e3o especificados anteriormente", "code": "47.89-0-99"}, {"text": "Desenvolvimento de programas de computador sob encomenda", "code": "62.01-5-01"}, {"text": "Desenvolvimento e licenciamento de programas de computador customiz\u00e1veis", "code": "62.02-3-00"}, {"text": "Desenvolvimento e licenciamento de programas de computador n\u00e3o-customiz\u00e1veis", "code": "62.03-1-00"}, {"text": "Aluguel de equipamentos cient\u00edficos, m\u00e9dicos e hospitalares, sem operador", "code": "77.39-0-02"}], "qsa": [{"qual": "49-S\u00f3cio-Administrador", "nome": "SILVIA CARVALHO DE MORAES"}, {"qual": "49-S\u00f3cio-Administrador", "nome": "OTAVIO VIEGAS"}], "situacao": "ATIVA", "bairro": "DISTRITO INDUSTRIAL GENESCO APARECIDO DE OLIVEIRA", "logradouro": "R 1", "numero": "80", "cep": "33.400-000", "municipio": "LAGOA SANTA", "porte": "EMPRESA DE PEQUENO PORTE", "abertura": "26/10/2006", "natureza_juridica": "206-2 - Sociedade Empres\u00e1ria Limitada", "cnpj": "08.469.783/0001-69", "ultima_atualizacao": "2020-02-08T20:50:47.173Z", "status": "OK", "tipo": "MATRIZ", "fantasia": "", "complemento": "", "efr": "", "motivo_situacao": "", "situacao_especial": "", "data_situacao_especial": "", "capital_social": "1000000.00", "extra": {}, "billing": {"free": false, "database": false}}