{"atividade_principal": [{"text": "Com\u00e9rcio varejista de mercadorias em geral, com predomin\u00e2ncia de produtos aliment\u00edcios - minimercados, mercearias e armaz\u00e9ns", "code": "47.12-1-00"}], "data_situacao": "21/11/2006", "nome": "CAMPOS PAVANI DE MACAE COMERCIO DE ALIMENTOS LTDA", "uf": "RJ", "telefone": "(22) 3823-3050", "email": "contabilidade@jpavani.com.br", "atividades_secundarias": [{"text": "Fabrica\u00e7\u00e3o de produtos de padaria e confeitaria com predomin\u00e2ncia de produ\u00e7\u00e3o pr\u00f3pria", "code": "10.91-1-02"}, {"text": "Com\u00e9rcio a varejo de pneum\u00e1ticos e c\u00e2maras-de-ar", "code": "45.30-7-05"}, {"text": "Com\u00e9rcio atacadista de m\u00e1quinas, aparelhos e equipamentos para uso odonto-m\u00e9dico-hospitalar; partes e pe\u00e7as", "code": "46.64-8-00"}, {"text": "Com\u00e9rcio varejista de latic\u00ednios e frios", "code": "47.21-1-03"}, {"text": "Com\u00e9rcio varejista de doces, balas, bombons e semelhantes", "code": "47.21-1-04"}, {"text": "Com\u00e9rcio varejista de hortifrutigranjeiros", "code": "47.24-5-00"}, {"text": "Com\u00e9rcio varejista de lubrificantes", "code": "47.32-6-00"}, {"text": "Com\u00e9rcio varejista de tintas e materiais para pintura", "code": "47.41-5-00"}, {"text": "Com\u00e9rcio varejista de materiais de constru\u00e7\u00e3o em geral", "code": "47.44-0-99"}, {"text": "Com\u00e9rcio varejista especializado de equipamentos e suprimentos de inform\u00e1tica", "code": "47.51-2-01"}, {"text": "Com\u00e9rcio varejista especializado de equipamentos de telefonia e comunica\u00e7\u00e3o", "code": "47.52-1-00"}, {"text": "Com\u00e9rcio varejista especializado de eletrodom\u00e9sticos e equipamentos de \u00e1udio e v\u00eddeo", "code": "47.53-9-00"}, {"text": "Com\u00e9rcio varejista de m\u00f3veis", "code": "47.54-7-01"}, {"text": "Com\u00e9rcio varejista de artigos de papelaria", "code": "47.61-0-03"}, {"text": "Com\u00e9rcio varejista de embarca\u00e7\u00f5es e outros ve\u00edculos recreativos; pe\u00e7as e acess\u00f3rios", "code": "47.63-6-05"}, {"text": "Com\u00e9rcio varejista de cosm\u00e9ticos, produtos de perfumaria e de higiene pessoal", "code": "47.72-5-00"}, {"text": "Com\u00e9rcio varejista de artigos do vestu\u00e1rio e acess\u00f3rios", "code": "47.81-4-00"}, {"text": "Com\u00e9rcio varejista de cal\u00e7ados", "code": "47.82-2-01"}, {"text": "Com\u00e9rcio varejista de animais vivos e de artigos e alimentos para animais de estima\u00e7\u00e3o", "code": "47.89-0-04"}, {"text": "Com\u00e9rcio varejista de produtos saneantes domissanit\u00e1rios", "code": "47.89-0-05"}, {"text": "Com\u00e9rcio varejista de outros produtos n\u00e3o especificados anteriormente", "code": "47.89-0-99"}, {"text": "Lanchonetes, casas de ch\u00e1, de sucos e similares", "code": "56.11-2-03"}], "qsa": [{"qual": "49-S\u00f3cio-Administrador", "nome": "PAULO CEZAR CAMPOS PAVANI"}, {"qual": "49-S\u00f3cio-Administrador", "nome": "ALEXANDRE DIAS LOPES"}, {"qual": "49-S\u00f3cio-Administrador", "nome": "LUIZ SERGIO CAMPOS PAVANI"}, {"qual": "49-S\u00f3cio-Administrador", "nome": "MARCILENE AMARAL E SIQUEIRA PAVANI"}], "situacao": "ATIVA", "bairro": "SOL E MAR", "logradouro": "AV EVALDO COSTA", "numero": "100", "cep": "27.940-410", "municipio": "MACAE", "porte": "DEMAIS", "abertura": "21/11/2006", "natureza_juridica": "206-2 - Sociedade Empres\u00e1ria Limitada", "fantasia": "CAMPOS PAVANI DE MACAE", "cnpj": "08.472.686/0001-25", "ultima_atualizacao": "2020-02-08T17:59:32.984Z", "status": "OK", "tipo": "MATRIZ", "complemento": "", "efr": "", "motivo_situacao": "", "situacao_especial": "", "data_situacao_especial": "", "capital_social": "900000.00", "extra": {}, "billing": {"free": false, "database": true}}