{"atividade_principal": [{"text": "Com\u00e9rcio atacadista de instrumentos e materiais para uso m\u00e9dico, cir\u00fargico, hospitalar e de laborat\u00f3rios", "code": "46.45-1-01"}], "data_situacao": "10/01/2007", "complemento": "SALA 901", "nome": "CARLA DE OLIVEIRA CORREA", "uf": "MG", "telefone": "(31) 2535-9450", "email": "carla.correa@cei-brasil.com", "atividades_secundarias": [{"text": "Manuten\u00e7\u00e3o e repara\u00e7\u00e3o de equipamentos e produtos n\u00e3o especificados anteriormente", "code": "33.19-8-00"}], "qsa": [], "situacao": "ATIVA", "bairro": "LOURDES", "logradouro": "AV ALVARES CABRAL", "numero": "982", "cep": "30.170-002", "municipio": "BELO HORIZONTE", "porte": "EMPRESA DE PEQUENO PORTE", "abertura": "10/01/2007", "natureza_juridica": "213-5 - Empres\u00e1rio (Individual)", "fantasia": "C.O.C. MATERIAL MEDICO-HOSPITALAR", "cnpj": "08.583.229/0001-08", "ultima_atualizacao": "2020-02-08T20:29:08.696Z", "status": "OK", "tipo": "MATRIZ", "efr": "", "motivo_situacao": "", "situacao_especial": "", "data_situacao_especial": "", "capital_social": "25000.00", "extra": {}, "billing": {"free": false, "database": false}}