{"atividade_principal": [{"text": "Outras obras de engenharia civil n\u00e3o especificadas anteriormente", "code": "42.99-5-99"}], "data_situacao": "09/02/2007", "complemento": "PARTE", "nome": "P P E CONSTRUCAO CIVIL - EIRELI", "uf": "RJ", "telefone": "(22) 2762-9510/ (22) 2762-2109", "email": "lhcastilhos@uol.com.br", "atividades_secundarias": [{"text": "Servi\u00e7os especializados para constru\u00e7\u00e3o n\u00e3o especificados anteriormente", "code": "43.99-1-99"}, {"text": "Com\u00e9rcio varejista de materiais de constru\u00e7\u00e3o n\u00e3o especificados anteriormente", "code": "47.44-0-05"}, {"text": "Loca\u00e7\u00e3o de autom\u00f3veis sem condutor", "code": "77.11-0-00"}], "qsa": [{"qual": "65-Titular Pessoa F\u00edsica Residente ou Domiciliado no Brasil", "nome": "OMAR AGOSTINHO MASSON"}], "situacao": "ATIVA", "bairro": "CAJUEIROS", "logradouro": "R TIRADENTES", "numero": "112", "cep": "27.915-060", "municipio": "MACAE", "porte": "MICRO EMPRESA", "abertura": "09/02/2007", "natureza_juridica": "230-5 - Empresa Individual de Responsabilidade Limitada (de Natureza Empres\u00e1ria)", "fantasia": "PPE CONSTRUCOES", "cnpj": "08.648.020/0001-85", "ultima_atualizacao": "2020-02-08T01:04:14.982Z", "status": "OK", "tipo": "MATRIZ", "efr": "", "motivo_situacao": "", "situacao_especial": "", "data_situacao_especial": "", "capital_social": "500000.00", "extra": {}, "billing": {"free": false, "database": true}}