{"atividade_principal": [{"text": "Com\u00e9rcio atacadista de instrumentos e materiais para uso m\u00e9dico, cir\u00fargico, hospitalar e de laborat\u00f3rios", "code": "46.45-1-01"}], "data_situacao": "27/12/2006", "complemento": "E", "nome": "BIOCORE COMERCIO E REPRESENTACOES DE PRODUTOS HOSPITALARES E LABORATORIAIS LTDA", "uf": "CE", "telefone": "(85) 3462-3600", "email": "contabilidade1@diagnocel.com.br", "atividades_secundarias": [{"text": "Com\u00e9rcio atacadista de m\u00e1quinas, aparelhos e equipamentos para uso odonto-m\u00e9dico-hospitalar; partes e pe\u00e7as", "code": "46.64-8-00"}, {"text": "Com\u00e9rcio varejista de artigos m\u00e9dicos e ortop\u00e9dicos", "code": "47.73-3-00"}, {"text": "Representantes comerciais e agentes do com\u00e9rcio de instrumentos e materiais odonto-m\u00e9dico-hospitalares", "code": "46.18-4-02"}, {"text": "Manuten\u00e7\u00e3o e repara\u00e7\u00e3o de equipamentos e produtos n\u00e3o especificados anteriormente", "code": "33.19-8-00"}, {"text": "Instala\u00e7\u00e3o de outros equipamentos n\u00e3o especificados anteriormente", "code": "33.29-5-99"}, {"text": "Aluguel de outras m\u00e1quinas e equipamentos comerciais e industriais n\u00e3o especificados anteriormente, sem operador", "code": "77.39-0-99"}, {"text": "Servi\u00e7os de diagn\u00f3stico por registro gr\u00e1fico - ECG, EEG e outros exames an\u00e1logos", "code": "86.40-2-08"}, {"text": "Atividades de servi\u00e7os de complementa\u00e7\u00e3o diagn\u00f3stica e terap\u00eautica n\u00e3o especificadas anteriormente", "code": "86.40-2-99"}, {"text": "Com\u00e9rcio atacadista de produtos aliment\u00edcios em geral", "code": "46.39-7-01"}, {"text": "Com\u00e9rcio varejista de produtos aliment\u00edcios em geral ou especializado em produtos aliment\u00edcios n\u00e3o especificados anteriormente", "code": "47.29-6-99"}], "qsa": [{"qual": "49-S\u00f3cio-Administrador", "nome": "EUDES JOSE BASTOS"}, {"qual": "49-S\u00f3cio-Administrador", "nome": "NEI MAGALHAES FERREIRA"}, {"qual": "22-S\u00f3cio", "nome": "FLAVIA DIAS BASTOS"}, {"qual": "49-S\u00f3cio-Administrador", "nome": "GABRIEL SIMAO FERREIRA"}, {"qual": "49-S\u00f3cio-Administrador", "nome": "EMANUELE SCHIAVOTELO MENDONCA SILVA"}, {"qual": "22-S\u00f3cio", "qual_rep_legal": "05-Administrador", "nome_rep_legal": "ALTEVIR MENDONCA SILVA", "nome": "EMA CONSULTORIA, PARTICIPACOES E EMPREENDIMENTOS LTDA"}], "situacao": "ATIVA", "bairro": "PAUPINA", "logradouro": "R DUARTE COELHO", "numero": "399", "cep": "60.873-665", "municipio": "FORTALEZA", "porte": "DEMAIS", "abertura": "27/12/2006", "natureza_juridica": "206-2 - Sociedade Empres\u00e1ria Limitada", "cnpj": "08.647.266/0001-32", "ultima_atualizacao": "2020-02-08T19:08:05.434Z", "status": "OK", "tipo": "MATRIZ", "fantasia": "", "efr": "", "motivo_situacao": "", "situacao_especial": "", "data_situacao_especial": "", "capital_social": "1200000.00", "extra": {}, "billing": {"free": false, "database": true}}