{"atividade_principal": [{"text": "Com\u00e9rcio varejista especializado de instrumentos musicais e acess\u00f3rios", "code": "47.56-3-00"}], "data_situacao": "29/01/2007", "complemento": "CASA LOTE 23 QUADRA15", "nome": "E S NEVES INSTRUMENTOS MUSICAIS EIRELI", "uf": "RJ", "telefone": "(21) 3134-5944", "email": "sdasilveira@uol.com.br", "atividades_secundarias": [{"text": "Fabrica\u00e7\u00e3o de artefatos diversos de corti\u00e7a, bambu, palha, vime e outros materiais tran\u00e7ados, exceto m\u00f3veis", "code": "16.29-3-02"}, {"text": "Com\u00e9rcio varejista especializado de eletrodom\u00e9sticos e equipamentos de \u00e1udio e v\u00eddeo", "code": "47.53-9-00"}, {"text": "Com\u00e9rcio varejista de artigos de ilumina\u00e7\u00e3o", "code": "47.54-7-03"}, {"text": "Com\u00e9rcio varejista de suvenires, bijuterias e artesanatos", "code": "47.89-0-01"}, {"text": "Com\u00e9rcio varejista de outros produtos n\u00e3o especificados anteriormente", "code": "47.89-0-99"}, {"text": "Aluguel de m\u00f3veis, utens\u00edlios e aparelhos de uso dom\u00e9stico e pessoal; instrumentos musicais", "code": "77.29-2-02"}, {"text": "Repara\u00e7\u00e3o e manuten\u00e7\u00e3o de outros objetos e equipamentos pessoais e dom\u00e9sticos n\u00e3o especificados anteriormente", "code": "95.29-1-99"}], "qsa": [{"qual": "65-Titular Pessoa F\u00edsica Residente ou Domiciliado no Brasil", "nome": "EUNICE SALLES ALEXANDRINO"}], "situacao": "ATIVA", "bairro": "SAO JOSE", "logradouro": "R LUCIA RAMALHO", "numero": "0", "cep": "26.187-670", "municipio": "BELFORD ROXO", "porte": "MICRO EMPRESA", "abertura": "29/01/2007", "natureza_juridica": "230-5 - Empresa Individual de Responsabilidade Limitada (de Natureza Empres\u00e1ria)", "fantasia": "SALLES INSTRUMENTOS MUSICAIS", "cnpj": "08.691.017/0001-44", "ultima_atualizacao": "2020-02-08T20:44:20.552Z", "status": "OK", "tipo": "MATRIZ", "efr": "", "motivo_situacao": "", "situacao_especial": "", "data_situacao_especial": "", "capital_social": "93700.00", "extra": {}, "billing": {"free": false, "database": false}}