{"atividade_principal": [{"text": "Manuten\u00e7\u00e3o e repara\u00e7\u00e3o de m\u00e1quinas e equipamentos para a prospec\u00e7\u00e3o e extra\u00e7\u00e3o de petr\u00f3leo", "code": "33.14-7-14"}], "data_situacao": "03/11/2005", "complemento": "7 ANDAR SALA 701 E 702 EMPRESARIAL CARLOS PENA FILHO", "nome": "ENGEMAN MANUTENCAO DE EQUIPAMENTOS COM E INDUSTRIA LTDA", "uf": "PE", "telefone": "(81) 3222-2222", "email": "junior.beltrao@engeman.net", "atividades_secundarias": [{"text": "Fundi\u00e7\u00e3o de ferro e a\u00e7o", "code": "24.51-2-00"}, {"text": "Fabrica\u00e7\u00e3o de estruturas met\u00e1licas", "code": "25.11-0-00"}, {"text": "Fabrica\u00e7\u00e3o de obras de caldeiraria pesada", "code": "25.13-6-00"}, {"text": "Servi\u00e7os de usinagem, tornearia e solda", "code": "25.39-0-01"}, {"text": "Servi\u00e7os de tratamento e revestimento em metais", "code": "25.39-0-02"}, {"text": "Fabrica\u00e7\u00e3o de artigos de serralheria, exceto esquadrias", "code": "25.42-0-00"}, {"text": "Fabrica\u00e7\u00e3o de aparelhos e equipamentos de medida, teste e controle", "code": "26.51-5-00"}, {"text": "Fabrica\u00e7\u00e3o de rolamentos para fins industriais", "code": "28.15-1-01"}, {"text": "Fabrica\u00e7\u00e3o de m\u00e1quinas, equipamentos e aparelhos para transporte e eleva\u00e7\u00e3o de cargas, pe\u00e7as e acess\u00f3rios", "code": "28.22-4-02"}, {"text": "Fabrica\u00e7\u00e3o de outras m\u00e1quinas e equipamentos de uso geral n\u00e3o especificados anteriormente, pe\u00e7as e acess\u00f3rios", "code": "28.29-1-99"}, {"text": "Fabrica\u00e7\u00e3o de pe\u00e7as e acess\u00f3rios para o sistema de freios de ve\u00edculos automotores", "code": "29.43-3-00"}, {"text": "Fabrica\u00e7\u00e3o de equipamentos e acess\u00f3rios para seguran\u00e7a pessoal e profissional", "code": "32.92-2-02"}, {"text": "Manuten\u00e7\u00e3o e repara\u00e7\u00e3o de tanques, reservat\u00f3rios met\u00e1licos e caldeiras, exceto para ve\u00edculos", "code": "33.11-2-00"}, {"text": "Manuten\u00e7\u00e3o e repara\u00e7\u00e3o de aparelhos e instrumentos de medida, teste e controle", "code": "33.12-1-02"}, {"text": "Manuten\u00e7\u00e3o e repara\u00e7\u00e3o de v\u00e1lvulas industriais", "code": "33.14-7-03"}, {"text": "Manuten\u00e7\u00e3o e repara\u00e7\u00e3o de compressores", "code": "33.14-7-04"}, {"text": "Manuten\u00e7\u00e3o e repara\u00e7\u00e3o de outras m\u00e1quinas e equipamentos para usos industriais n\u00e3o especificados anteriormente", "code": "33.14-7-99"}, {"text": "Instala\u00e7\u00e3o de m\u00e1quinas e equipamentos industriais", "code": "33.21-0-00"}, {"text": "Constru\u00e7\u00e3o de edif\u00edcios", "code": "41.20-4-00"}, {"text": "Obras portu\u00e1rias, mar\u00edtimas e fluviais", "code": "42.91-0-00"}, {"text": "Montagem de estruturas met\u00e1licas", "code": "42.92-8-01"}, {"text": "Obras de montagem industrial", "code": "42.92-8-02"}, {"text": "Outras obras de engenharia civil n\u00e3o especificadas anteriormente", "code": "42.99-5-99"}, {"text": "Servi\u00e7os de pintura de edif\u00edcios em geral", "code": "43.30-4-04"}, {"text": "Administra\u00e7\u00e3o de obras", "code": "43.99-1-01"}, {"text": "Montagem e desmontagem de andaimes e outras estruturas tempor\u00e1rias", "code": "43.99-1-02"}, {"text": "Obras de alvenaria", "code": "43.99-1-03"}, {"text": "Servi\u00e7os de opera\u00e7\u00e3o e fornecimento de equipamentos para transporte e eleva\u00e7\u00e3o de cargas e pessoas para uso em obras", "code": "43.99-1-04"}, {"text": "Transporte dutovi\u00e1rio", "code": "49.40-0-00"}, {"text": "Carga e descarga", "code": "52.12-5-00"}, {"text": "Aluguel de im\u00f3veis pr\u00f3prios", "code": "68.10-2-02"}, {"text": "Servi\u00e7os de engenharia", "code": "71.12-0-00"}, {"text": "Aluguel de outras m\u00e1quinas e equipamentos comerciais e industriais n\u00e3o especificados anteriormente, sem operador", "code": "77.39-0-99"}, {"text": "Loca\u00e7\u00e3o de m\u00e3o-de-obra tempor\u00e1ria", "code": "78.20-5-00"}, {"text": "Atividades de limpeza n\u00e3o especificadas anteriormente", "code": "81.29-0-00"}], "qsa": [{"qual": "49-S\u00f3cio-Administrador", "nome": "MARIO BARBOSA BELTRAO"}, {"qual": "49-S\u00f3cio-Administrador", "nome": "SEVERINO SOARES BELTRAO JUNIOR"}], "situacao": "ATIVA", "bairro": "BOA VIAGEM", "logradouro": "R PADRE CARAPUCEIRO", "numero": "706", "cep": "51.020-280", "municipio": "RECIFE", "porte": "DEMAIS", "abertura": "11/10/1983", "natureza_juridica": "206-2 - Sociedade Empres\u00e1ria Limitada", "fantasia": "ENGEMAN", "cnpj": "08.769.549/0001-57", "ultima_atualizacao": "2020-02-08T20:54:21.559Z", "status": "OK", "tipo": "MATRIZ", "efr": "", "motivo_situacao": "", "situacao_especial": "", "data_situacao_especial": "", "capital_social": "10000000.00", "extra": {}, "billing": {"free": false, "database": false}}