{"atividade_principal": [{"text": "Instala\u00e7\u00e3o e manuten\u00e7\u00e3o de sistemas centrais de ar condicionado, de ventila\u00e7\u00e3o e refrigera\u00e7\u00e3o", "code": "43.22-3-02"}], "data_situacao": "11/04/2007", "nome": "ATAC ASSISTENCIA TECNICA EM AR CONDICIONADO LTDA", "uf": "RJ", "telefone": "(21) 2622-2482", "atividades_secundarias": [{"text": "Instala\u00e7\u00e3o de portas, janelas, tetos, divis\u00f3rias e arm\u00e1rios embutidos de qualquer material", "code": "43.30-4-02"}, {"text": "Instala\u00e7\u00e3o e manuten\u00e7\u00e3o el\u00e9trica", "code": "43.21-5-00"}, {"text": "Instala\u00e7\u00f5es hidr\u00e1ulicas, sanit\u00e1rias e de g\u00e1s", "code": "43.22-3-01"}, {"text": "Obras de alvenaria", "code": "43.99-1-03"}, {"text": "Outras obras de acabamento da constru\u00e7\u00e3o", "code": "43.30-4-99"}, {"text": "Outras obras de instala\u00e7\u00f5es em constru\u00e7\u00f5es n\u00e3o especificadas anteriormente", "code": "43.29-1-99"}, {"text": "Servi\u00e7os de pintura de edif\u00edcios em geral", "code": "43.30-4-04"}], "qsa": [{"qual": "49-S\u00f3cio-Administrador", "nome": "LUIZ FERNANDO STABILE DE SOUZA"}, {"qual": "49-S\u00f3cio-Administrador", "nome": "ADRIANA DIAS GARCIA STABILE"}], "situacao": "ATIVA", "bairro": "BARRETO", "logradouro": "AV MACHADO", "numero": "23", "cep": "24.111-000", "municipio": "NITEROI", "porte": "EMPRESA DE PEQUENO PORTE", "abertura": "11/04/2007", "natureza_juridica": "206-2 - Sociedade Empres\u00e1ria Limitada", "fantasia": "ATAC ASSISTENCIA TECNICA", "cnpj": "08.794.796/0001-03", "ultima_atualizacao": "2020-02-08T19:41:17.819Z", "status": "OK", "tipo": "MATRIZ", "complemento": "", "email": "", "efr": "", "motivo_situacao": "", "situacao_especial": "", "data_situacao_especial": "", "capital_social": "370000.00", "extra": {}, "billing": {"free": false, "database": false}}