{"atividade_principal": [{"text": "Confec\u00e7\u00e3o, sob medida, de pe\u00e7as do vestu\u00e1rio, exceto roupas \u00edntimas", "code": "14.12-6-02"}], "data_situacao": "02/05/2007", "complemento": "LOTE P", "nome": "LUZA SERVICOS E COMERCIO EIRELI", "uf": "RJ", "telefone": "(22) 2778-1979", "email": "luzaconfeccao@gmail.com", "atividades_secundarias": [{"text": "Com\u00e9rcio varejista de artigos do vestu\u00e1rio e acess\u00f3rios", "code": "47.81-4-00"}, {"text": "Com\u00e9rcio varejista de mercadorias em geral, com predomin\u00e2ncia de produtos aliment\u00edcios - supermercados", "code": "47.11-3-02"}, {"text": "Com\u00e9rcio varejista de lubrificantes", "code": "47.32-6-00"}, {"text": "Com\u00e9rcio varejista de tintas e materiais para pintura", "code": "47.41-5-00"}, {"text": "Com\u00e9rcio varejista de material el\u00e9trico", "code": "47.42-3-00"}, {"text": "Com\u00e9rcio varejista de vidros", "code": "47.43-1-00"}, {"text": "Com\u00e9rcio varejista de ferragens e ferramentas", "code": "47.44-0-01"}, {"text": "Com\u00e9rcio varejista de materiais de constru\u00e7\u00e3o em geral", "code": "47.44-0-99"}, {"text": "Com\u00e9rcio varejista de madeira e artefatos", "code": "47.44-0-02"}, {"text": "Com\u00e9rcio varejista de materiais hidr\u00e1ulicos", "code": "47.44-0-03"}, {"text": "Com\u00e9rcio varejista de cal, areia, pedra britada, tijolos e telhas", "code": "47.44-0-04"}, {"text": "Com\u00e9rcio varejista de tecidos", "code": "47.55-5-01"}, {"text": "Com\u00e9rcio varejista especializado de eletrodom\u00e9sticos e equipamentos de \u00e1udio e v\u00eddeo", "code": "47.53-9-00"}, {"text": "Com\u00e9rcio varejista de m\u00f3veis", "code": "47.54-7-01"}, {"text": "Servi\u00e7os de manuten\u00e7\u00e3o e repara\u00e7\u00e3o mec\u00e2nica de ve\u00edculos automotores", "code": "45.20-0-01"}, {"text": "Servi\u00e7os de alimenta\u00e7\u00e3o para eventos e recep\u00e7\u00f5es - buf\u00ea", "code": "56.20-1-02"}, {"text": "Estamparia e texturiza\u00e7\u00e3o em fios, tecidos, artefatos t\u00eaxteis e pe\u00e7as do vestu\u00e1rio", "code": "13.40-5-01"}, {"text": "Loca\u00e7\u00e3o de autom\u00f3veis sem condutor", "code": "77.11-0-00"}, {"text": "Aluguel de equipamentos recreativos e esportivos", "code": "77.21-7-00"}, {"text": "Aluguel de fitas de v\u00eddeo, DVDs e similares", "code": "77.22-5-00"}, {"text": "Aluguel de m\u00f3veis, utens\u00edlios e aparelhos de uso dom\u00e9stico e pessoal; instrumentos musicais", "code": "77.29-2-02"}, {"text": "Aluguel de m\u00e1quinas e equipamentos agr\u00edcolas sem operador", "code": "77.31-4-00"}, {"text": "Aluguel de m\u00e1quinas e equipamentos para constru\u00e7\u00e3o sem operador, exceto andaimes", "code": "77.32-2-01"}, {"text": "Aluguel de andaimes", "code": "77.32-2-02"}, {"text": "Aluguel de m\u00e1quinas e equipamentos para escrit\u00f3rios", "code": "77.33-1-00"}, {"text": "Aluguel de palcos, coberturas e outras estruturas de uso tempor\u00e1rio, exceto andaimes", "code": "77.39-0-03"}, {"text": "Limpeza em pr\u00e9dios e em domic\u00edlios", "code": "81.21-4-00"}, {"text": "Constru\u00e7\u00e3o de edif\u00edcios", "code": "41.20-4-00"}, {"text": "Servi\u00e7os de organiza\u00e7\u00e3o de feiras, congressos, exposi\u00e7\u00f5es e festas", "code": "82.30-0-01"}, {"text": "Outras atividades de recrea\u00e7\u00e3o e lazer n\u00e3o especificadas anteriormente", "code": "93.29-8-99"}, {"text": "Atividades de sonoriza\u00e7\u00e3o e de ilumina\u00e7\u00e3o", "code": "90.01-9-06"}], "qsa": [{"qual": "65-Titular Pessoa F\u00edsica Residente ou Domiciliado no Brasil", "nome": "VITOR CORREIA SILVA"}], "situacao": "ATIVA", "bairro": "CONDOMINIO INDUSTRIAL", "logradouro": "R ERMINIO MOTTA PINTO", "numero": "S/N", "cep": "28.860-000", "municipio": "CASIMIRO DE ABREU", "porte": "MICRO EMPRESA", "abertura": "02/05/2007", "natureza_juridica": "230-5 - Empresa Individual de Responsabilidade Limitada (de Natureza Empres\u00e1ria)", "fantasia": "ART MANIA", "cnpj": "08.836.146/0001-83", "ultima_atualizacao": "2020-02-08T00:30:20.121Z", "status": "OK", "tipo": "MATRIZ", "efr": "", "motivo_situacao": "", "situacao_especial": "", "data_situacao_especial": "", "capital_social": "10000.00", "extra": {}, "billing": {"free": false, "database": true}}