{"atividade_principal": [{"text": "Com\u00e9rcio varejista de produtos farmac\u00eauticos, com manipula\u00e7\u00e3o de f\u00f3rmulas", "code": "47.71-7-02"}], "data_situacao": "14/05/2007", "nome": "TECNOBOTICA FARMACIA DE MANIPULACAO LTDA", "uf": "RJ", "telefone": "(21) 3239-7546", "email": "regularizacao@flrangel.com.br", "qsa": [{"qual": "49-S\u00f3cio-Administrador", "nome": "NAGELA DOS SANTOS ROSSI"}], "situacao": "ATIVA", "bairro": "CENTRO", "logradouro": "R DOUTOR JULIO OLIVIER", "numero": "389", "cep": "27.913-161", "municipio": "MACAE", "porte": "MICRO EMPRESA", "abertura": "14/05/2007", "natureza_juridica": "206-2 - Sociedade Empres\u00e1ria Limitada", "fantasia": "BOTICA DE ROSSI", "cnpj": "08.862.793/0001-60", "ultima_atualizacao": "2020-02-08T00:22:12.992Z", "status": "OK", "tipo": "MATRIZ", "complemento": "", "efr": "", "motivo_situacao": "", "situacao_especial": "", "data_situacao_especial": "", "atividades_secundarias": [{"code": "00.00-0-00", "text": "N\u00e3o informada"}], "capital_social": "30000.00", "extra": {}, "billing": {"free": false, "database": true}}