{"atividade_principal": [{"text": "Com\u00e9rcio varejista de outros produtos n\u00e3o especificados anteriormente", "code": "47.89-0-99"}], "data_situacao": "27/07/2007", "complemento": "SALA: 01;", "nome": "FIRETECH COMERCIO E INSTALACAO DE EQUIPAMENTOS CONTRA INCENDIO EIRELI", "uf": "RJ", "telefone": "(22) 2765-4101/ (22) 2772-0570", "email": "financeiro.firetech@terra.com.br", "atividades_secundarias": [{"text": "Instala\u00e7\u00f5es hidr\u00e1ulicas, sanit\u00e1rias e de g\u00e1s", "code": "43.22-3-01"}, {"text": "Instala\u00e7\u00f5es de sistema de preven\u00e7\u00e3o contra inc\u00eandio", "code": "43.22-3-03"}, {"text": "Aluguel de outras m\u00e1quinas e equipamentos comerciais e industriais n\u00e3o especificados anteriormente, sem operador", "code": "77.39-0-99"}, {"text": "Fotoc\u00f3pias", "code": "82.19-9-01"}, {"text": "Outras atividades de ensino n\u00e3o especificadas anteriormente", "code": "85.99-6-99"}], "qsa": [{"qual": "65-Titular Pessoa F\u00edsica Residente ou Domiciliado no Brasil", "nome": "ALOISIO ALVES SILVA"}], "situacao": "ATIVA", "bairro": "CENTRO", "logradouro": "R DE SANTANA", "numero": "105", "cep": "27.910-090", "municipio": "MACAE", "porte": "EMPRESA DE PEQUENO PORTE", "abertura": "27/07/2007", "natureza_juridica": "230-5 - Empresa Individual de Responsabilidade Limitada (de Natureza Empres\u00e1ria)", "fantasia": "FIRETECH", "cnpj": "09.022.686/0001-96", "ultima_atualizacao": "2020-02-08T19:54:54.541Z", "status": "OK", "tipo": "MATRIZ", "efr": "", "motivo_situacao": "", "situacao_especial": "", "data_situacao_especial": "", "capital_social": "100000.00", "extra": {}, "billing": {"free": false, "database": false}}