{"atividade_principal": [{"text": "Com\u00e9rcio atacadista de mercadorias em geral, com predomin\u00e2ncia de produtos aliment\u00edcios", "code": "46.91-5-00"}], "data_situacao": "20/09/2007", "complemento": "-71 A", "nome": "AJURDY DISTRIBUIDORA DE PRODUTOS LTDA", "uf": "RJ", "telefone": "(21) 2547-5640", "email": "ajurdydistribuidora@gmail.com", "atividades_secundarias": [{"text": "Com\u00e9rcio atacadista de instrumentos e materiais para uso m\u00e9dico, cir\u00fargico, hospitalar e de laborat\u00f3rios", "code": "46.45-1-01"}, {"text": "Com\u00e9rcio atacadista de produtos de higiene pessoal", "code": "46.46-0-02"}, {"text": "Com\u00e9rcio atacadista de equipamentos el\u00e9tricos de uso pessoal e dom\u00e9stico", "code": "46.49-4-01"}, {"text": "Com\u00e9rcio atacadista de m\u00f3veis e artigos de colchoaria", "code": "46.49-4-04"}, {"text": "Com\u00e9rcio atacadista de produtos de higiene, limpeza e conserva\u00e7\u00e3o domiciliar", "code": "46.49-4-08"}, {"text": "Com\u00e9rcio atacadista de outros equipamentos e artigos de uso pessoal e dom\u00e9stico n\u00e3o especificados anteriormente", "code": "46.49-4-99"}, {"text": "Com\u00e9rcio atacadista de m\u00e1quinas, aparelhos e equipamentos para uso odonto-m\u00e9dico-hospitalar; partes e pe\u00e7as", "code": "46.64-8-00"}], "qsa": [{"qual": "49-S\u00f3cio-Administrador", "nome": "ANDRE MONTEIRO AMIN"}, {"qual": "22-S\u00f3cio", "nome": "ADIB JAMIL AMIN"}], "situacao": "ATIVA", "bairro": "PENHA CIRCULAR", "logradouro": "R DA CEVADA", "numero": "71", "cep": "21.011-080", "municipio": "RIO DE JANEIRO", "porte": "DEMAIS", "abertura": "20/09/2007", "natureza_juridica": "206-2 - Sociedade Empres\u00e1ria Limitada", "cnpj": "09.102.265/0001-75", "ultima_atualizacao": "2020-02-08T19:57:53.587Z", "status": "OK", "tipo": "MATRIZ", "fantasia": "", "efr": "", "motivo_situacao": "", "situacao_especial": "", "data_situacao_especial": "", "capital_social": "500000.00", "extra": {}, "billing": {"free": false, "database": false}}