{"atividade_principal": [{"text": "Com\u00e9rcio atacadista de frutas, verduras, ra\u00edzes, tub\u00e9rculos, hortali\u00e7as e legumes frescos", "code": "46.33-8-01"}], "data_situacao": "25/09/2007", "complemento": "SALA 02 PAVMTO1", "nome": "COOPERATIVA DOS AGRICULTORES FAMILIARES DA REGIAO SERRANA DO ESPIRITO SANTO", "uf": "ES", "telefone": "(27) 3263-1861", "email": "sidcontabiladm@hotmail.com", "atividades_secundarias": [{"text": "Atividades de p\u00f3s-colheita", "code": "01.63-6-00"}, {"text": "Com\u00e9rcio atacadista de aves vivas e ovos", "code": "46.33-8-02"}, {"text": "Com\u00e9rcio atacadista de cereais e leguminosas beneficiados", "code": "46.32-0-01"}, {"text": "Com\u00e9rcio atacadista de cereais e leguminosas beneficiados, farinhas, amidos e f\u00e9culas, com atividade de fracionamento e acondicionamento associada", "code": "46.32-0-03"}, {"text": "Com\u00e9rcio atacadista de farinhas, amidos e f\u00e9culas", "code": "46.32-0-02"}, {"text": "Com\u00e9rcio atacadista de outros equipamentos e artigos de uso pessoal e dom\u00e9stico n\u00e3o especificados anteriormente", "code": "46.49-4-99"}, {"text": "Com\u00e9rcio atacadista de p\u00e3es, bolos, biscoitos e similares", "code": "46.37-1-04"}, {"text": "Com\u00e9rcio atacadista de sementes, flores, plantas e gramas", "code": "46.23-1-06"}, {"text": "Com\u00e9rcio atacadista especializado em outros produtos aliment\u00edcios n\u00e3o especificados anteriormente", "code": "46.37-1-99"}, {"text": "Com\u00e9rcio varejista de hortifrutigranjeiros", "code": "47.24-5-00"}, {"text": "Com\u00e9rcio varejista de latic\u00ednios e frios", "code": "47.21-1-03"}, {"text": "Com\u00e9rcio varejista de mercadorias em geral, com predomin\u00e2ncia de produtos aliment\u00edcios - minimercados, mercearias e armaz\u00e9ns", "code": "47.12-1-00"}, {"text": "Com\u00e9rcio varejista de produtos aliment\u00edcios em geral ou especializado em produtos aliment\u00edcios n\u00e3o especificados anteriormente", "code": "47.29-6-99"}, {"text": "Dep\u00f3sitos de mercadorias para terceiros, exceto armaz\u00e9ns gerais e guarda-m\u00f3veis", "code": "52.11-7-99"}], "qsa": [{"qual": "10-Diretor", "nome": "CLAUDIOMAR WAIANDT"}, {"qual": "16-Presidente", "nome": "SELENE HAMMER TESCH"}, {"qual": "10-Diretor", "nome": "VIVIANE JASTROW"}, {"qual": "10-Diretor", "nome": "SANDOVAL ABELDT"}, {"qual": "10-Diretor", "nome": "ENEIAS BOLDT"}, {"qual": "10-Diretor", "nome": "ALEXANDRE LEMKE BELZ"}], "situacao": "ATIVA", "bairro": "CENTRO", "logradouro": "AV FREDERICO GRULKE", "numero": "1531", "cep": "29.645-000", "municipio": "SANTA MARIA DE JETIBA", "porte": "DEMAIS", "abertura": "25/09/2007", "natureza_juridica": "214-3 - Cooperativa", "fantasia": "CAF SERRANA", "cnpj": "09.166.343/0001-03", "ultima_atualizacao": "2020-02-08T18:39:04.203Z", "status": "OK", "tipo": "MATRIZ", "efr": "", "motivo_situacao": "", "situacao_especial": "", "data_situacao_especial": "", "capital_social": "110650.00", "extra": {}, "billing": {"free": false, "database": true}}