{"atividade_principal": [{"text": "Administra\u00e7\u00e3o de caixas escolares", "code": "85.50-3-01"}], "data_situacao": "05/10/2007", "nome": "CONSELHO ESCOLAR DO COLEGIO MUNICIPAL BOTAFOGO - CE CMB", "uf": "RJ", "telefone": "(22) 2772-4955/ (22) 2762-7578", "email": "pablo-parga@hotmail.com", "atividades_secundarias": [{"text": "Outras atividades de ensino n\u00e3o especificadas anteriormente", "code": "85.99-6-99"}], "qsa": [{"qual": "16-Presidente", "nome": "LUIZIANA SIMOES DE ALMEIDA"}], "situacao": "ATIVA", "bairro": "BOTAFOGO", "logradouro": "R ANTONIO BICHARA FILHO", "numero": "S / N", "cep": "27.946-130", "municipio": "MACAE", "porte": "DEMAIS", "abertura": "05/10/2007", "natureza_juridica": "399-9 - Associa\u00e7\u00e3o Privada", "fantasia": "CE CMB", "cnpj": "09.187.364/0001-05", "ultima_atualizacao": "2020-02-08T19:27:18.447Z", "status": "OK", "tipo": "MATRIZ", "complemento": "", "efr": "", "motivo_situacao": "", "situacao_especial": "", "data_situacao_especial": "", "capital_social": "0.00", "extra": {}, "billing": {"free": false, "database": true}}