{"atividade_principal": [{"text": "Fabrica\u00e7\u00e3o de equipamentos para sinaliza\u00e7\u00e3o e alarme", "code": "27.90-2-02"}], "data_situacao": "04/12/2007", "nome": "K.C.R. INDUSTRIA E COMERCIO DE EQUIPAMENTOS EIRELI", "uf": "SP", "telefone": "(18) 3621-2782/ (18) 2102-5511", "email": "contabilidade@liderbalancas.com.br", "atividades_secundarias": [{"text": "Fabrica\u00e7\u00e3o de produtos de trefilados de metal, exceto padronizados", "code": "25.92-6-02"}, {"text": "Obras de funda\u00e7\u00f5es", "code": "43.91-6-00"}, {"text": "Com\u00e9rcio varejista de outros produtos n\u00e3o especificados anteriormente", "code": "47.89-0-99"}, {"text": "Instala\u00e7\u00e3o de m\u00e1quinas e equipamentos industriais", "code": "33.21-0-00"}, {"text": "Manuten\u00e7\u00e3o e repara\u00e7\u00e3o de m\u00e1quinas e equipamentos para uso geral n\u00e3o especificados anteriormente", "code": "33.14-7-10"}, {"text": "Com\u00e9rcio varejista de ferragens e ferramentas", "code": "47.44-0-01"}, {"text": "Com\u00e9rcio atacadista de M\u00e1quinas e equipamentos para uso industrial; partes e pe\u00e7as", "code": "46.63-0-00"}, {"text": "Com\u00e9rcio atacadista de m\u00e1quinas e equipamentos para uso comercial; partes e pe\u00e7as", "code": "46.65-6-00"}, {"text": "Com\u00e9rcio atacadista de m\u00e1quinas, aparelhos e equipamentos para uso odonto-m\u00e9dico-hospitalar; partes e pe\u00e7as", "code": "46.64-8-00"}, {"text": "Com\u00e9rcio atacadista de instrumentos e materiais para uso m\u00e9dico, cir\u00fargico, hospitalar e de laborat\u00f3rios", "code": "46.45-1-01"}], "qsa": [{"qual": "65-Titular Pessoa F\u00edsica Residente ou Domiciliado no Brasil", "nome": "MARCOS RIBEIRO JUNIOR"}], "situacao": "ATIVA", "bairro": "PQ INDUSTRIAL", "logradouro": "R MARECHAL MASCARENHAS DE MORAES", "numero": "88", "cep": "16.075-370", "municipio": "ARACATUBA", "porte": "EMPRESA DE PEQUENO PORTE", "abertura": "04/12/2007", "natureza_juridica": "230-5 - Empresa Individual de Responsabilidade Limitada (de Natureza Empres\u00e1ria)", "cnpj": "09.251.627/0001-90", "ultima_atualizacao": "2020-02-08T20:06:15.799Z", "status": "OK", "tipo": "MATRIZ", "fantasia": "", "complemento": "", "efr": "", "motivo_situacao": "", "situacao_especial": "", "data_situacao_especial": "", "capital_social": "120000.00", "extra": {}, "billing": {"free": false, "database": false}}