{"atividade_principal": [{"text": "Servi\u00e7os de manuten\u00e7\u00e3o e repara\u00e7\u00e3o mec\u00e2nica de ve\u00edculos automotores", "code": "45.20-0-01"}], "data_situacao": "04/12/2007", "complemento": "RUINA", "nome": "C B MACEDO SERVICOS AUTOMOTIVOS", "uf": "RJ", "telefone": "(22) 2762-1902", "atividades_secundarias": [{"text": "Com\u00e9rcio a varejo de pe\u00e7as e acess\u00f3rios novos para ve\u00edculos automotores", "code": "45.30-7-03"}, {"text": "Servi\u00e7os de instala\u00e7\u00e3o, manuten\u00e7\u00e3o e repara\u00e7\u00e3o de acess\u00f3rios para ve\u00edculos automotores", "code": "45.20-0-07"}, {"text": "Servi\u00e7os de alinhamento e balanceamento de ve\u00edculos automotores", "code": "45.20-0-04"}, {"text": "Servi\u00e7os de manuten\u00e7\u00e3o e repara\u00e7\u00e3o el\u00e9trica de ve\u00edculos automotores", "code": "45.20-0-03"}], "qsa": [], "situacao": "ATIVA", "bairro": "MIRAMAR", "logradouro": "AV AMARAL PEIXOTO", "numero": "255", "cep": "27.943-400", "municipio": "MACAE", "porte": "MICRO EMPRESA", "abertura": "04/12/2007", "natureza_juridica": "213-5 - Empres\u00e1rio (Individual)", "cnpj": "09.271.753/0001-06", "ultima_atualizacao": "2020-02-08T00:02:22.982Z", "status": "OK", "tipo": "MATRIZ", "fantasia": "", "email": "", "efr": "", "motivo_situacao": "", "situacao_especial": "", "data_situacao_especial": "", "capital_social": "10000.00", "extra": {}, "billing": {"free": false, "database": true}}