{"atividade_principal": [{"text": "Atividades de assist\u00eancia a deficientes f\u00edsicos, imunodeprimidos e convalescentes", "code": "87.11-5-03"}], "data_situacao": "26/03/2008", "complemento": "FUNDOS", "nome": "ASSOCIACAO BENEFICENTE DOS AMIGOS DO RECANTO RENASCER - ABARR", "uf": "SP", "telefone": "(15) 9119-0736", "email": "fabio@recantorenascer.com.br", "atividades_secundarias": [{"text": "Atividades de assist\u00eancia psicossocial e \u00e0 sa\u00fade a portadores de dist\u00farbios ps\u00edquicos, defici\u00eancia mental e depend\u00eancia qu\u00edmica e grupos similares n\u00e3o especificadas anteriormente", "code": "87.20-4-99"}, {"text": "Atividades de centros de assist\u00eancia psicossocial", "code": "87.20-4-01"}, {"text": "Servi\u00e7os de remo\u00e7\u00e3o de pacientes, exceto os servi\u00e7os m\u00f3veis de atendimento a urg\u00eancias", "code": "86.22-4-00"}, {"text": "Atividades de psicologia e psican\u00e1lise", "code": "86.50-0-03"}], "qsa": [{"qual": "16-Presidente", "nome": "FABIO DOMINGUES"}], "situacao": "ATIVA", "bairro": "JARDIM PALMIRA", "logradouro": "R FRANCISCO LOPES DE ALMEIDA", "numero": "662", "cep": "18.115-550", "municipio": "VOTORANTIM", "porte": "DEMAIS", "abertura": "26/03/2008", "natureza_juridica": "399-9 - Associa\u00e7\u00e3o Privada", "fantasia": "RECANTO RENASCER CLINICA ESPECIALIZADA", "cnpj": "09.455.850/0001-59", "ultima_atualizacao": "2020-02-08T19:42:03.107Z", "status": "OK", "tipo": "MATRIZ", "efr": "", "motivo_situacao": "", "situacao_especial": "", "data_situacao_especial": "", "capital_social": "0.00", "extra": {}, "billing": {"free": false, "database": false}}