{"atividade_principal": [{"text": "Constru\u00e7\u00e3o de redes de abastecimento de \u00e1gua, coleta de esgoto e constru\u00e7\u00f5es correlatas, exceto obras de irriga\u00e7\u00e3o", "code": "42.22-7-01"}], "data_situacao": "09/05/2008", "complemento": "SALA 1903", "nome": "CONSORCIO ZADAR-ENGETECNICA", "uf": "RJ", "telefone": "(21) 2112-1690", "email": "contabilidade-fiscal@riwasa.com.br", "atividades_secundarias": [{"text": "Obras de irriga\u00e7\u00e3o", "code": "42.22-7-02"}, {"text": "Obras de terraplenagem", "code": "43.13-4-00"}, {"text": "Servi\u00e7os de prepara\u00e7\u00e3o do terreno n\u00e3o especificados anteriormente", "code": "43.19-3-00"}], "qsa": [{"qual": "20-Sociedade Consorciada", "nome": "CONSTRUTORA ZADAR LTDA"}, {"qual": "20-Sociedade Consorciada", "nome": "ENGETECNICA SERVICOS E CONSTRUCOES LTDA"}, {"qual": "05-Administrador", "nome": "WALTER GUIMARAES DE MORAES JUNIOR"}], "situacao": "ATIVA", "bairro": "CENTRO", "logradouro": "R SENADOR DANTAS 75", "numero": "75", "cep": "20.031-914", "municipio": "RIO DE JANEIRO", "porte": "DEMAIS", "abertura": "09/05/2008", "natureza_juridica": "215-1 - Cons\u00f3rcio de Sociedades", "cnpj": "09.542.728/0001-10", "ultima_atualizacao": "2020-02-08T20:03:58.914Z", "status": "OK", "tipo": "MATRIZ", "fantasia": "", "efr": "", "motivo_situacao": "", "situacao_especial": "", "data_situacao_especial": "", "capital_social": "0.00", "extra": {}, "billing": {"free": false, "database": false}}