{"atividade_principal": [{"text": "Com\u00e9rcio atacadista de m\u00f3veis e artigos de colchoaria", "code": "46.49-4-04"}], "data_situacao": "20/05/2008", "complemento": "NT", "nome": "GE CURVELO COMERCIO E SERVICOS DE MOVEIS E DECORACOES LTDA", "uf": "RJ", "telefone": "(22) 2765-1818/ (22) 2765-1818", "email": "gecurvelo@gmail.com", "qsa": [{"qual": "49-S\u00f3cio-Administrador", "nome": "GUILLERME CURVELO DE ARAUJO"}, {"qual": "22-S\u00f3cio", "nome": "ERMELITA TEREZINHA DA SILVA CURVELO"}], "situacao": "ATIVA", "bairro": "COSTA DO SOL", "logradouro": "R JOSE DE AGUIAR FRANCO", "numero": "2030", "cep": "27.923-320", "municipio": "MACAE", "porte": "MICRO EMPRESA", "abertura": "20/05/2008", "natureza_juridica": "206-2 - Sociedade Empres\u00e1ria Limitada", "fantasia": "GE CURVELO", "cnpj": "09.571.120/0001-13", "ultima_atualizacao": "2020-02-08T20:57:22.918Z", "status": "OK", "tipo": "MATRIZ", "efr": "", "motivo_situacao": "", "situacao_especial": "", "data_situacao_especial": "", "atividades_secundarias": [{"code": "00.00-0-00", "text": "N\u00e3o informada"}], "capital_social": "100000.00", "extra": {}, "billing": {"free": false, "database": false}}