{"atividade_principal": [{"text": "Com\u00e9rcio varejista de plantas e flores naturais", "code": "47.89-0-02"}], "data_situacao": "06/05/2008", "nome": "XAME EMPREENDIMENTOS SERVICOS E COMERCIO LTDA", "uf": "RJ", "telefone": "(22) 2725-6737", "email": "floriculturaformosa@hotmail.com", "atividades_secundarias": [{"text": "Constru\u00e7\u00e3o de edif\u00edcios", "code": "41.20-4-00"}, {"text": "Obras de urbaniza\u00e7\u00e3o - ruas, pra\u00e7as e cal\u00e7adas", "code": "42.13-8-00"}, {"text": "Demoli\u00e7\u00e3o de edif\u00edcios e outras estruturas", "code": "43.11-8-01"}, {"text": "Obras de terraplenagem", "code": "43.13-4-00"}, {"text": "Instala\u00e7\u00e3o e manuten\u00e7\u00e3o el\u00e9trica", "code": "43.21-5-00"}, {"text": "Outras obras de acabamento da constru\u00e7\u00e3o", "code": "43.30-4-99"}, {"text": "Obras de alvenaria", "code": "43.99-1-03"}, {"text": "Servi\u00e7os de opera\u00e7\u00e3o e fornecimento de equipamentos para transporte e eleva\u00e7\u00e3o de cargas e pessoas para uso em obras", "code": "43.99-1-04"}, {"text": "Servi\u00e7os de alimenta\u00e7\u00e3o para eventos e recep\u00e7\u00f5es - buf\u00ea", "code": "56.20-1-02"}, {"text": "Fornecimento de alimentos preparados preponderantemente para consumo domiciliar", "code": "56.20-1-04"}, {"text": "Aluguel de palcos, coberturas e outras estruturas de uso tempor\u00e1rio, exceto andaimes", "code": "77.39-0-03"}, {"text": "Servi\u00e7os de organiza\u00e7\u00e3o de feiras, congressos, exposi\u00e7\u00f5es e festas", "code": "82.30-0-01"}, {"text": "Gest\u00e3o e manuten\u00e7\u00e3o de cemit\u00e9rios", "code": "96.03-3-01"}, {"text": "Servi\u00e7os de crema\u00e7\u00e3o", "code": "96.03-3-02"}, {"text": "Servi\u00e7os de sepultamento", "code": "96.03-3-03"}, {"text": "Servi\u00e7os de funer\u00e1rias", "code": "96.03-3-04"}, {"text": "Atividades funer\u00e1rias e servi\u00e7os relacionados n\u00e3o especificados anteriormente", "code": "96.03-3-99"}], "qsa": [{"qual": "49-S\u00f3cio-Administrador", "nome": "XAYANNA CORREA OLIVEIRA"}, {"qual": "49-S\u00f3cio-Administrador", "nome": "GUILHERME DE OLIVEIRA"}], "situacao": "ATIVA", "bairro": "CENTRO", "logradouro": "R GIL DE GOIS", "numero": "110", "cep": "28.035-642", "municipio": "CAMPOS DOS GOYTACAZES", "porte": "MICRO EMPRESA", "abertura": "06/05/2008", "natureza_juridica": "206-2 - Sociedade Empres\u00e1ria Limitada", "fantasia": "XAME", "cnpj": "09.583.343/0001-09", "ultima_atualizacao": "2020-02-08T00:10:53.211Z", "status": "OK", "tipo": "MATRIZ", "complemento": "", "efr": "", "motivo_situacao": "", "situacao_especial": "", "data_situacao_especial": "", "capital_social": "50000.00", "extra": {}, "billing": {"free": false, "database": true}}