{"atividade_principal": [{"text": "Com\u00e9rcio varejista de produtos saneantes domissanit\u00e1rios", "code": "47.89-0-05"}], "data_situacao": "03/09/2008", "complemento": "TERREO", "nome": "HIGIMAC COMERCIO LTDA", "uf": "RJ", "telefone": "(21) 3579-4109/ (21) 3215-5182", "email": "gerencia@plastercont.com.br", "atividades_secundarias": [{"text": "Lojas de variedades, exceto lojas de departamentos ou magazines", "code": "47.13-0-02"}, {"text": "Com\u00e9rcio varejista de artigos de papelaria", "code": "47.61-0-03"}, {"text": "Com\u00e9rcio varejista de outros produtos n\u00e3o especificados anteriormente", "code": "47.89-0-99"}, {"text": "Com\u00e9rcio atacadista de artigos de escrit\u00f3rio e de papelaria", "code": "46.47-8-01"}, {"text": "Com\u00e9rcio atacadista de produtos de higiene, limpeza e conserva\u00e7\u00e3o domiciliar, com atividade de fracionamento e acondicionamento associada", "code": "46.49-4-09"}], "qsa": [{"qual": "49-S\u00f3cio-Administrador", "nome": "ANDRE CAMARA GOMES"}, {"qual": "22-S\u00f3cio", "nome": "MIRIAM DE ARRUDA CAMARA"}], "situacao": "ATIVA", "bairro": "BARRA", "logradouro": "AV LUIZ LIRIO", "numero": "89", "cep": "27.961-070", "municipio": "MACAE", "porte": "MICRO EMPRESA", "abertura": "03/09/2008", "natureza_juridica": "206-2 - Sociedade Empres\u00e1ria Limitada", "fantasia": "HIGIMAC", "cnpj": "10.325.217/0001-25", "ultima_atualizacao": "2020-02-08T04:09:45.988Z", "status": "OK", "tipo": "MATRIZ", "efr": "", "motivo_situacao": "", "situacao_especial": "", "data_situacao_especial": "", "capital_social": "5000.00", "extra": {}, "billing": {"free": false, "database": true}}