{"atividade_principal": [{"text": "Com\u00e9rcio varejista de produtos farmac\u00eauticos, sem manipula\u00e7\u00e3o de f\u00f3rmulas", "code": "47.71-7-01"}], "data_situacao": "15/10/2008", "nome": "FARMACIA PORTOFARMA DE MACAE LTDA", "uf": "RJ", "telefone": "(22) 9975-5927", "atividades_secundarias": [{"text": "Com\u00e9rcio varejista de artigos m\u00e9dicos e ortop\u00e9dicos", "code": "47.73-3-00"}, {"text": "Com\u00e9rcio varejista de cosm\u00e9ticos, produtos de perfumaria e de higiene pessoal", "code": "47.72-5-00"}], "qsa": [{"qual": "49-S\u00f3cio-Administrador", "nome": "GENECI JUNIOR SILVA VARGAS"}, {"qual": "22-S\u00f3cio", "nome": "ELIZANGELA VIEIRA FARIAS VARGAS"}], "situacao": "ATIVA", "bairro": "PARQUE AEROPORTO", "logradouro": "AV PRESIDENTE TANCREDO NEVES", "numero": "238", "cep": "27.950-062", "municipio": "MACAE", "porte": "MICRO EMPRESA", "abertura": "15/10/2008", "natureza_juridica": "206-2 - Sociedade Empres\u00e1ria Limitada", "fantasia": "FARMACIA PORTOFARMA", "cnpj": "10.429.933/0001-52", "ultima_atualizacao": "2020-02-08T18:48:26.677Z", "status": "OK", "tipo": "MATRIZ", "complemento": "", "email": "", "efr": "", "motivo_situacao": "", "situacao_especial": "", "data_situacao_especial": "", "capital_social": "30000.00", "extra": {}, "billing": {"free": false, "database": true}}