{"atividade_principal": [{"text": "Com\u00e9rcio varejista de produtos farmac\u00eauticos, com manipula\u00e7\u00e3o de f\u00f3rmulas", "code": "47.71-7-02"}], "data_situacao": "14/10/2008", "nome": "FLUKKA FARMACIA DE MANIPULACAO LTDA", "uf": "SP", "telefone": "(11) 4121-9849", "email": "priscila@flukka.com.br", "qsa": [{"qual": "49-S\u00f3cio-Administrador", "nome": "PRISCILA SOARES CALIL"}, {"qual": "22-S\u00f3cio", "nome": "ERZIRA DE PAULA DA SILVA"}], "situacao": "ATIVA", "bairro": "JARDIM DO MAR", "logradouro": "AV INDICO", "numero": "857", "cep": "09.750-601", "municipio": "SAO BERNARDO DO CAMPO", "porte": "EMPRESA DE PEQUENO PORTE", "abertura": "14/10/2008", "natureza_juridica": "206-2 - Sociedade Empres\u00e1ria Limitada", "fantasia": "VULTI FARMA - FARMACIA DE MANIPULACAO", "cnpj": "10.450.805/0001-90", "ultima_atualizacao": "2020-02-08T20:23:24.773Z", "status": "OK", "tipo": "MATRIZ", "complemento": "", "efr": "", "motivo_situacao": "", "situacao_especial": "", "data_situacao_especial": "", "atividades_secundarias": [{"code": "00.00-0-00", "text": "N\u00e3o informada"}], "capital_social": "10000.00", "extra": {}, "billing": {"free": false, "database": false}}