{"atividade_principal": [{"text": "Com\u00e9rcio varejista de produtos farmac\u00eauticos, com manipula\u00e7\u00e3o de f\u00f3rmulas", "code": "47.71-7-02"}], "data_situacao": "07/11/2008", "nome": "PHARMEDICE MANIPULACOES ESPECIALIZADAS EIRELI", "uf": "MG", "telefone": "(31) 3295-3349", "email": "antluizcruz@ig.com.br", "atividades_secundarias": [{"text": "Com\u00e9rcio varejista de cosm\u00e9ticos, produtos de perfumaria e de higiene pessoal", "code": "47.72-5-00"}], "qsa": [{"qual": "65-Titular Pessoa F\u00edsica Residente ou Domiciliado no Brasil", "nome": "FABIOLA MARTINS COSTA"}], "situacao": "ATIVA", "bairro": "SERRA", "logradouro": "R MONTE ALEGRE", "numero": "208", "cep": "30.240-230", "municipio": "BELO HORIZONTE", "porte": "DEMAIS", "abertura": "07/11/2008", "natureza_juridica": "230-5 - Empresa Individual de Responsabilidade Limitada (de Natureza Empres\u00e1ria)", "fantasia": "PHARMEDICE", "cnpj": "10.461.807/0001-85", "ultima_atualizacao": "2020-02-08T20:45:41.598Z", "status": "OK", "tipo": "MATRIZ", "complemento": "", "efr": "", "motivo_situacao": "", "situacao_especial": "", "data_situacao_especial": "", "capital_social": "265000.00", "extra": {}, "billing": {"free": false, "database": false}}