{"atividade_principal": [{"text": "Impress\u00e3o de material para uso publicit\u00e1rio", "code": "18.13-0-01"}], "data_situacao": "28/10/2008", "nome": "IMPRIMEART- GRAFICA, EDITORA E PAPELARIA EIRELI", "uf": "RJ", "telefone": "(21) 3174-6215/ (21) 3822-4801", "email": "imprimeart@uol.com.br", "atividades_secundarias": [{"text": "Impress\u00e3o de livros, revistas e outras publica\u00e7\u00f5es peri\u00f3dicas", "code": "18.11-3-02"}, {"text": "Impress\u00e3o de material para outros usos", "code": "18.13-0-99"}, {"text": "Servi\u00e7os de acabamentos gr\u00e1ficos, exceto encaderna\u00e7\u00e3o e plastifica\u00e7\u00e3o", "code": "18.22-9-99"}, {"text": "Fabrica\u00e7\u00e3o de canetas, l\u00e1pis e outros artigos para escrit\u00f3rio", "code": "32.99-0-02"}, {"text": "Fabrica\u00e7\u00e3o de letras, letreiros e placas de qualquer material, exceto luminosos", "code": "32.99-0-03"}, {"text": "Fabrica\u00e7\u00e3o de pain\u00e9is e letreiros luminosos", "code": "32.99-0-04"}, {"text": "Outras obras de instala\u00e7\u00f5es em constru\u00e7\u00f5es n\u00e3o especificadas anteriormente", "code": "43.29-1-99"}, {"text": "Com\u00e9rcio atacadista de artigos de escrit\u00f3rio e de papelaria", "code": "46.47-8-01"}, {"text": "Com\u00e9rcio atacadista de outros equipamentos e artigos de uso pessoal e dom\u00e9stico n\u00e3o especificados anteriormente", "code": "46.49-4-99"}, {"text": "Com\u00e9rcio atacadista de M\u00e1quinas e equipamentos para uso industrial; partes e pe\u00e7as", "code": "46.63-0-00"}, {"text": "Servi\u00e7o de transporte de passageiros - loca\u00e7\u00e3o de autom\u00f3veis com motorista", "code": "49.23-0-02"}, {"text": "Tratamento de dados, provedores de servi\u00e7os de aplica\u00e7\u00e3o e servi\u00e7os de hospedagem na internet", "code": "63.11-9-00"}, {"text": "Atividades de consultoria em gest\u00e3o empresarial, exceto consultoria t\u00e9cnica espec\u00edfica", "code": "70.20-4-00"}, {"text": "Ag\u00eancias de publicidade", "code": "73.11-4-00"}, {"text": "Servi\u00e7os de microfilmagem", "code": "74.20-0-05"}, {"text": "Servi\u00e7os de tradu\u00e7\u00e3o, interpreta\u00e7\u00e3o e similares", "code": "74.90-1-01"}, {"text": "Aluguel de m\u00f3veis, utens\u00edlios e aparelhos de uso dom\u00e9stico e pessoal; instrumentos musicais", "code": "77.29-2-02"}, {"text": "Aluguel de outros objetos pessoais e dom\u00e9sticos n\u00e3o especificados anteriormente", "code": "77.29-2-99"}, {"text": "Aluguel de outras m\u00e1quinas e equipamentos comerciais e industriais n\u00e3o especificados anteriormente, sem operador", "code": "77.39-0-99"}, {"text": "Fotoc\u00f3pias", "code": "82.19-9-01"}, {"text": "Servi\u00e7os de organiza\u00e7\u00e3o de feiras, congressos, exposi\u00e7\u00f5es e festas", "code": "82.30-0-01"}], "qsa": [{"qual": "65-Titular Pessoa F\u00edsica Residente ou Domiciliado no Brasil", "nome": "MARIA DE FATIMA SILVA ALONSO BERRIEL"}], "situacao": "ATIVA", "bairro": "TODOS OS SANTOS", "logradouro": "R ARQUIAS CORDEIRO", "numero": "00676", "cep": "20.770-002", "municipio": "RIO DE JANEIRO", "porte": "MICRO EMPRESA", "abertura": "28/10/2008", "natureza_juridica": "230-5 - Empresa Individual de Responsabilidade Limitada (de Natureza Empres\u00e1ria)", "fantasia": "IMPRIMEART-SOLUCOES CRIATIVAS", "cnpj": "10.492.647/0001-31", "ultima_atualizacao": "2020-02-08T20:55:53.101Z", "status": "OK", "tipo": "MATRIZ", "complemento": "", "efr": "", "motivo_situacao": "", "situacao_especial": "", "data_situacao_especial": "", "capital_social": "200000.00", "extra": {}, "billing": {"free": false, "database": false}}