{"atividade_principal": [{"text": "Com\u00e9rcio varejista especializado de equipamentos e suprimentos de inform\u00e1tica", "code": "47.51-2-01"}], "data_situacao": "17/12/2008", "complemento": "30 E 32 LOJA 01 02 E 03", "nome": "MARED SUPRIMENTOS DE INFORMATICA EIRELI", "uf": "RJ", "telefone": "(22) 2772-1520", "email": "edson@edpapel.com.br", "atividades_secundarias": [{"text": "Lojas de departamentos ou magazines, exceto lojas francas (Duty free)", "code": "47.13-0-04"}, {"text": "Recarga de cartuchos para equipamentos de inform\u00e1tica", "code": "47.51-2-02"}, {"text": "Com\u00e9rcio varejista especializado de equipamentos de telefonia e comunica\u00e7\u00e3o", "code": "47.52-1-00"}, {"text": "Com\u00e9rcio varejista de livros", "code": "47.61-0-01"}, {"text": "Com\u00e9rcio varejista de artigos de papelaria", "code": "47.61-0-03"}, {"text": "Com\u00e9rcio varejista de discos, CDs, DVDs e fitas", "code": "47.62-8-00"}, {"text": "Com\u00e9rcio varejista de brinquedos e artigos recreativos", "code": "47.63-6-01"}, {"text": "Com\u00e9rcio varejista de artigos esportivos", "code": "47.63-6-02"}, {"text": "Com\u00e9rcio varejista de equipamentos para escrit\u00f3rio", "code": "47.89-0-07"}, {"text": "Com\u00e9rcio varejista de outros produtos n\u00e3o especificados anteriormente", "code": "47.89-0-99"}, {"text": "Aluguel de m\u00e1quinas e equipamentos para escrit\u00f3rios", "code": "77.33-1-00"}, {"text": "Fotoc\u00f3pias", "code": "82.19-9-01"}, {"text": "Servi\u00e7os de grava\u00e7\u00e3o de carimbos, exceto confec\u00e7\u00e3o", "code": "82.99-7-03"}, {"text": "Salas de acesso \u00e0 internet", "code": "82.99-7-07"}, {"text": "Repara\u00e7\u00e3o e manuten\u00e7\u00e3o de computadores e de equipamentos perif\u00e9ricos", "code": "95.11-8-00"}], "qsa": [{"qual": "65-Titular Pessoa F\u00edsica Residente ou Domiciliado no Brasil", "nome": "ELAINE NEVES DA SILVA"}], "situacao": "ATIVA", "bairro": "BAIRRO DA GLORIA", "logradouro": "R PROFESSORA ANNA BENEDICTA", "numero": "28", "cep": "27.933-060", "municipio": "MACAE", "porte": "MICRO EMPRESA", "abertura": "17/12/2008", "natureza_juridica": "230-5 - Empresa Individual de Responsabilidade Limitada (de Natureza Empres\u00e1ria)", "fantasia": "EDPAPEL", "cnpj": "10.541.549/0001-47", "ultima_atualizacao": "2020-02-07T23:44:48.813Z", "status": "OK", "tipo": "MATRIZ", "efr": "", "motivo_situacao": "", "situacao_especial": "", "data_situacao_especial": "", "capital_social": "95400.00", "extra": {}, "billing": {"free": false, "database": true}}