{"atividade_principal": [{"text": "Com\u00e9rcio varejista de artigos m\u00e9dicos e ortop\u00e9dicos", "code": "47.73-3-00"}], "data_situacao": "22/12/2008", "nome": "EUREKA EQUIPAMENTOS E MATERIAIS ELETRO ELETRONICOS LTDA", "uf": "RJ", "telefone": "(21) 3019-1880", "email": "rx.eureka@hotmail.com", "atividades_secundarias": [{"text": "Manuten\u00e7\u00e3o e repara\u00e7\u00e3o de aparelhos eletrom\u00e9dicos e eletroterap\u00eauticos e equipamentos de irradia\u00e7\u00e3o", "code": "33.12-1-03"}, {"text": "Manuten\u00e7\u00e3o e repara\u00e7\u00e3o de m\u00e1quinas, aparelhos e materiais el\u00e9tricos n\u00e3o especificados anteriormente", "code": "33.13-9-99"}, {"text": "Instala\u00e7\u00e3o e manuten\u00e7\u00e3o el\u00e9trica", "code": "43.21-5-00"}, {"text": "Representantes comerciais e agentes do com\u00e9rcio de instrumentos e materiais odonto-m\u00e9dico-hospitalares", "code": "46.18-4-02"}, {"text": "Com\u00e9rcio atacadista de m\u00e1quinas, aparelhos e equipamentos para uso odonto-m\u00e9dico-hospitalar; partes e pe\u00e7as", "code": "46.64-8-00"}, {"text": "Com\u00e9rcio varejista de outros produtos n\u00e3o especificados anteriormente", "code": "47.89-0-99"}, {"text": "Servi\u00e7os de engenharia", "code": "71.12-0-00"}, {"text": "Aluguel de equipamentos cient\u00edficos, m\u00e9dicos e hospitalares, sem operador", "code": "77.39-0-02"}], "qsa": [{"qual": "49-S\u00f3cio-Administrador", "nome": "DAVID DOS REIS BISPO"}, {"qual": "49-S\u00f3cio-Administrador", "nome": "ALOISIO ANTONIO DO CARMO SILVA"}, {"qual": "49-S\u00f3cio-Administrador", "nome": "LUIS CARLOS MASELLO MENEZES"}], "situacao": "ATIVA", "bairro": "DAS GRACAS", "logradouro": "AV FLORIPES ROCHA", "numero": "812", "cep": "26.113-340", "municipio": "BELFORD ROXO", "porte": "MICRO EMPRESA", "abertura": "22/12/2008", "natureza_juridica": "206-2 - Sociedade Empres\u00e1ria Limitada", "cnpj": "10.565.592/0001-42", "ultima_atualizacao": "2020-02-08T20:00:05.884Z", "status": "OK", "tipo": "MATRIZ", "fantasia": "", "complemento": "", "efr": "", "motivo_situacao": "", "situacao_especial": "", "data_situacao_especial": "", "capital_social": "150000.00", "extra": {}, "billing": {"free": false, "database": false}}