{"atividade_principal": [{"text": "Manuten\u00e7\u00e3o e repara\u00e7\u00e3o de equipamentos e produtos n\u00e3o especificados anteriormente", "code": "33.19-8-00"}], "data_situacao": "23/01/2009", "complemento": "BLOCO 01 APT 307", "nome": "A. R. SERVICE EQUIPAMENTOS MEDICOS LTDA", "uf": "RJ", "telefone": "(21) 9369-7534", "atividades_secundarias": [{"text": "Instala\u00e7\u00e3o de m\u00e1quinas e equipamentos industriais", "code": "33.21-0-00"}], "qsa": [{"qual": "49-S\u00f3cio-Administrador", "nome": "ALEXANDRE SILVA DE ALMEIDA"}, {"qual": "22-S\u00f3cio", "nome": "ROSANGELA ALVES DE ALMEIDA"}], "situacao": "ATIVA", "bairro": "CENTRO", "logradouro": "R FAGUNDES VARELLA", "numero": "123", "cep": "24.800-185", "municipio": "ITABORAI", "porte": "MICRO EMPRESA", "abertura": "23/01/2009", "natureza_juridica": "206-2 - Sociedade Empres\u00e1ria Limitada", "cnpj": "10.592.017/0001-39", "ultima_atualizacao": "2020-02-08T20:21:27.627Z", "status": "OK", "tipo": "MATRIZ", "fantasia": "", "email": "", "efr": "", "motivo_situacao": "", "situacao_especial": "", "data_situacao_especial": "", "capital_social": "10000.00", "extra": {}, "billing": {"free": false, "database": false}}