{"atividade_principal": [{"text": "Com\u00e9rcio atacadista de instrumentos e materiais para uso m\u00e9dico, cir\u00fargico, hospitalar e de laborat\u00f3rios", "code": "46.45-1-01"}], "data_situacao": "11/02/2009", "complemento": "LOJA 135", "nome": "CPH COMERCIO DE PRODUTOS HOSPITALARES EIRELI", "uf": "RJ", "telefone": "(21) 2430-6350/ (21) 7184-4094", "atividades_secundarias": [{"text": "Com\u00e9rcio atacadista de pr\u00f3teses e artigos de ortopedia", "code": "46.45-1-02"}, {"text": "Com\u00e9rcio atacadista de produtos odontol\u00f3gicos", "code": "46.45-1-03"}, {"text": "Com\u00e9rcio atacadista de m\u00e1quinas, aparelhos e equipamentos para uso odonto-m\u00e9dico-hospitalar; partes e pe\u00e7as", "code": "46.64-8-00"}, {"text": "Com\u00e9rcio atacadista de outras m\u00e1quinas e equipamentos n\u00e3o especificados anteriormente; partes e pe\u00e7as", "code": "46.69-9-99"}, {"text": "Com\u00e9rcio varejista de artigos m\u00e9dicos e ortop\u00e9dicos", "code": "47.73-3-00"}, {"text": "Com\u00e9rcio varejista de outros produtos n\u00e3o especificados anteriormente", "code": "47.89-0-99"}, {"text": "Atividades de limpeza n\u00e3o especificadas anteriormente", "code": "81.29-0-00"}, {"text": "Aluguel de material m\u00e9dico", "code": "77.29-2-03"}], "qsa": [{"qual": "65-Titular Pessoa F\u00edsica Residente ou Domiciliado no Brasil", "nome": "CRISTIANE SPALA TRANJAN WALKER"}], "situacao": "ATIVA", "bairro": "BARRA DA TIJUCA", "logradouro": "R DALCIDIO JURANDIR", "numero": "255", "cep": "22.631-250", "municipio": "RIO DE JANEIRO", "porte": "MICRO EMPRESA", "abertura": "11/02/2009", "natureza_juridica": "230-5 - Empresa Individual de Responsabilidade Limitada (de Natureza Empres\u00e1ria)", "fantasia": "C M H COMERCIO DE MATERIAIS HOSPITALARES", "cnpj": "10.630.049/0001-81", "ultima_atualizacao": "2020-02-08T19:58:16.057Z", "status": "OK", "tipo": "MATRIZ", "email": "", "efr": "", "motivo_situacao": "", "situacao_especial": "", "data_situacao_especial": "", "capital_social": "150000.00", "extra": {}, "billing": {"free": false, "database": false}}