{"atividade_principal": [{"text": "Servi\u00e7os de usinagem, tornearia e solda", "code": "25.39-0-01"}], "data_situacao": "11/03/2009", "nome": "CALE TEC GESTAO INTEGRADA DE SERVICOS EIRELI", "uf": "RJ", "telefone": "(21) 8821-8849", "atividades_secundarias": [{"text": "Aluguel de andaimes", "code": "77.32-2-02"}, {"text": "Aluguel de m\u00e1quinas e equipamentos para constru\u00e7\u00e3o sem operador, exceto andaimes", "code": "77.32-2-01"}, {"text": "Aluguel de palcos, coberturas e outras estruturas de uso tempor\u00e1rio, exceto andaimes", "code": "77.39-0-03"}, {"text": "Com\u00e9rcio varejista de artigos de colchoaria", "code": "47.54-7-02"}, {"text": "Com\u00e9rcio varejista de materiais de constru\u00e7\u00e3o em geral", "code": "47.44-0-99"}, {"text": "Com\u00e9rcio varejista de vidros", "code": "47.43-1-00"}, {"text": "Fabrica\u00e7\u00e3o de artigos de serralheria, exceto esquadrias", "code": "25.42-0-00"}, {"text": "Fabrica\u00e7\u00e3o de estruturas met\u00e1licas", "code": "25.11-0-00"}, {"text": "Fabrica\u00e7\u00e3o de m\u00f3veis com predomin\u00e2ncia de madeira", "code": "31.01-2-00"}, {"text": "Fabrica\u00e7\u00e3o de pain\u00e9is e letreiros luminosos", "code": "32.99-0-04"}, {"text": "Obras de alvenaria", "code": "43.99-1-03"}, {"text": "Repara\u00e7\u00e3o de artigos do mobili\u00e1rio", "code": "95.29-1-05"}, {"text": "Servi\u00e7o de corte e dobra de metais", "code": "25.99-3-02"}, {"text": "Servi\u00e7os de confec\u00e7\u00e3o de arma\u00e7\u00f5es met\u00e1licas para a constru\u00e7\u00e3o", "code": "25.99-3-01"}, {"text": "Servi\u00e7os de montagem de m\u00f3veis de qualquer material", "code": "33.29-5-01"}, {"text": "Transporte rodovi\u00e1rio de carga, exceto produtos perigosos e mudan\u00e7as, intermunicipal, interestadual e internacional", "code": "49.30-2-02"}], "qsa": [{"qual": "65-Titular Pessoa F\u00edsica Residente ou Domiciliado no Brasil", "nome": "ALESSANDRA NAFFA PINTO GUEDES"}], "situacao": "ATIVA", "bairro": "CENTRO", "logradouro": "R JOAO VALERIO", "numero": "1281", "cep": "25.900-001", "municipio": "MAGE", "porte": "MICRO EMPRESA", "abertura": "11/03/2009", "natureza_juridica": "230-5 - Empresa Individual de Responsabilidade Limitada (de Natureza Empres\u00e1ria)", "cnpj": "10.684.438/0001-90", "ultima_atualizacao": "2020-02-08T20:06:48.794Z", "status": "OK", "tipo": "MATRIZ", "fantasia": "", "complemento": "", "email": "", "efr": "", "motivo_situacao": "", "situacao_especial": "", "data_situacao_especial": "", "capital_social": "80000.00", "extra": {}, "billing": {"free": false, "database": false}}