{"atividade_principal": [{"text": "Com\u00e9rcio a varejo de pneum\u00e1ticos e c\u00e2maras-de-ar", "code": "45.30-7-05"}], "data_situacao": "26/03/2009", "nome": "VILLAR GUIMARAES COMERCIO DE PNEUS LTDA", "uf": "RJ", "telefone": "(24) 3348-6486", "atividades_secundarias": [{"text": "Servi\u00e7os de alinhamento e balanceamento de ve\u00edculos automotores", "code": "45.20-0-04"}, {"text": "Loca\u00e7\u00e3o de autom\u00f3veis sem condutor", "code": "77.11-0-00"}, {"text": "Servi\u00e7o de transporte de passageiros - loca\u00e7\u00e3o de autom\u00f3veis com motorista", "code": "49.23-0-02"}, {"text": "Loca\u00e7\u00e3o de outros meios de transporte n\u00e3o especificados anteriormente, sem condutor", "code": "77.19-5-99"}, {"text": "Transporte rodovi\u00e1rio de carga, exceto produtos perigosos e mudan\u00e7as, municipal", "code": "49.30-2-01"}, {"text": "Com\u00e9rcio a varejo de pe\u00e7as e acess\u00f3rios novos para ve\u00edculos automotores", "code": "45.30-7-03"}, {"text": "Servi\u00e7os de manuten\u00e7\u00e3o e repara\u00e7\u00e3o mec\u00e2nica de ve\u00edculos automotores", "code": "45.20-0-01"}, {"text": "Com\u00e9rcio varejista de lubrificantes", "code": "47.32-6-00"}, {"text": "Transporte rodovi\u00e1rio coletivo de passageiros, sob regime de fretamento, intermunicipal, interestadual e internacional", "code": "49.29-9-02"}, {"text": "Ag\u00eancias de publicidade", "code": "73.11-4-00"}, {"text": "Aluguel de m\u00e1quinas e equipamentos para constru\u00e7\u00e3o sem operador, exceto andaimes", "code": "77.32-2-01"}, {"text": "Servi\u00e7os de lanternagem ou funilaria e pintura de ve\u00edculos automotores", "code": "45.20-0-02"}, {"text": "Servi\u00e7os de manuten\u00e7\u00e3o e repara\u00e7\u00e3o el\u00e9trica de ve\u00edculos automotores", "code": "45.20-0-03"}], "qsa": [{"qual": "22-S\u00f3cio", "nome": "ALEXSANDRO RAIMUNDO"}, {"qual": "49-S\u00f3cio-Administrador", "nome": "DALVA MARIA RAIMUNDO"}], "situacao": "ATIVA", "bairro": "CONFORTO", "logradouro": "R QUATRO", "numero": "81", "cep": "27.286-680", "municipio": "VOLTA REDONDA", "porte": "EMPRESA DE PEQUENO PORTE", "abertura": "26/03/2009", "natureza_juridica": "206-2 - Sociedade Empres\u00e1ria Limitada", "cnpj": "10.753.691/0001-58", "ultima_atualizacao": "2020-02-08T00:40:08.868Z", "status": "OK", "tipo": "MATRIZ", "fantasia": "", "complemento": "", "email": "", "efr": "", "motivo_situacao": "", "situacao_especial": "", "data_situacao_especial": "", "capital_social": "280000.00", "extra": {}, "billing": {"free": false, "database": true}}