{"atividade_principal": [{"text": "Aluguel de palcos, coberturas e outras estruturas de uso tempor\u00e1rio, exceto andaimes", "code": "77.39-0-03"}], "data_situacao": "16/03/2009", "complemento": "ALTOS", "nome": "GOMES & LOPES PROMOCOES E EVENTOS COMERCIAIS LTDA", "uf": "RJ", "telefone": "(22) 2724-2156", "atividades_secundarias": [{"text": "Manuten\u00e7\u00e3o e repara\u00e7\u00e3o de aparelhos e instrumentos de medida, teste e controle", "code": "33.12-1-02"}, {"text": "Manuten\u00e7\u00e3o e repara\u00e7\u00e3o de geradores, transformadores e motores el\u00e9tricos", "code": "33.13-9-01"}, {"text": "Manuten\u00e7\u00e3o e repara\u00e7\u00e3o de equipamentos hidr\u00e1ulicos e pneum\u00e1ticos, exceto v\u00e1lvulas", "code": "33.14-7-02"}, {"text": "Instala\u00e7\u00e3o de m\u00e1quinas e equipamentos industriais", "code": "33.21-0-00"}, {"text": "Constru\u00e7\u00e3o de edif\u00edcios", "code": "41.20-4-00"}, {"text": "Obras de urbaniza\u00e7\u00e3o - ruas, pra\u00e7as e cal\u00e7adas", "code": "42.13-8-00"}, {"text": "Montagem de estruturas met\u00e1licas", "code": "42.92-8-01"}, {"text": "Obras de terraplenagem", "code": "43.13-4-00"}, {"text": "Servi\u00e7os de prepara\u00e7\u00e3o do terreno n\u00e3o especificados anteriormente", "code": "43.19-3-00"}, {"text": "Instala\u00e7\u00e3o e manuten\u00e7\u00e3o el\u00e9trica", "code": "43.21-5-00"}, {"text": "Instala\u00e7\u00e3o e manuten\u00e7\u00e3o de sistemas centrais de ar condicionado, de ventila\u00e7\u00e3o e refrigera\u00e7\u00e3o", "code": "43.22-3-02"}, {"text": "Montagem e instala\u00e7\u00e3o de sistemas e equipamentos de ilumina\u00e7\u00e3o e sinaliza\u00e7\u00e3o em vias p\u00fablicas, portos e aeroportos", "code": "43.29-1-04"}, {"text": "Montagem e desmontagem de andaimes e outras estruturas tempor\u00e1rias", "code": "43.99-1-02"}, {"text": "Servi\u00e7os especializados para constru\u00e7\u00e3o n\u00e3o especificados anteriormente", "code": "43.99-1-99"}, {"text": "Servi\u00e7os de manuten\u00e7\u00e3o e repara\u00e7\u00e3o mec\u00e2nica de ve\u00edculos automotores", "code": "45.20-0-01"}, {"text": "Com\u00e9rcio atacadista de roupas e acess\u00f3rios para uso profissional e de seguran\u00e7a do trabalho", "code": "46.42-7-02"}, {"text": "Com\u00e9rcio atacadista de instrumentos e materiais para uso m\u00e9dico, cir\u00fargico, hospitalar e de laborat\u00f3rios", "code": "46.45-1-01"}, {"text": "Com\u00e9rcio atacadista de produtos odontol\u00f3gicos", "code": "46.45-1-03"}, {"text": "Com\u00e9rcio varejista de artigos m\u00e9dicos e ortop\u00e9dicos", "code": "47.73-3-00"}, {"text": "Transporte escolar", "code": "49.24-8-00"}, {"text": "Servi\u00e7os de reboque de ve\u00edculos", "code": "52.29-0-02"}, {"text": "Loca\u00e7\u00e3o de autom\u00f3veis sem condutor", "code": "77.11-0-00"}, {"text": "Loca\u00e7\u00e3o de outros meios de transporte n\u00e3o especificados anteriormente, sem condutor", "code": "77.19-5-99"}, {"text": "Aluguel de m\u00e1quinas e equipamentos agr\u00edcolas sem operador", "code": "77.31-4-00"}, {"text": "Aluguel de m\u00e1quinas e equipamentos para constru\u00e7\u00e3o sem operador, exceto andaimes", "code": "77.32-2-01"}, {"text": "Aluguel de outras m\u00e1quinas e equipamentos comerciais e industriais n\u00e3o especificados anteriormente, sem operador", "code": "77.39-0-99"}, {"text": "Servi\u00e7os combinados para apoio a edif\u00edcios, exceto condom\u00ednios prediais", "code": "81.11-7-00"}, {"text": "Limpeza em pr\u00e9dios e em domic\u00edlios", "code": "81.21-4-00"}, {"text": "Atividades paisag\u00edsticas", "code": "81.30-3-00"}, {"text": "Servi\u00e7os de organiza\u00e7\u00e3o de feiras, congressos, exposi\u00e7\u00f5es e festas", "code": "82.30-0-01"}, {"text": "Atividades de sonoriza\u00e7\u00e3o e de ilumina\u00e7\u00e3o", "code": "90.01-9-06"}, {"text": "Repara\u00e7\u00e3o e manuten\u00e7\u00e3o de computadores e de equipamentos perif\u00e9ricos", "code": "95.11-8-00"}, {"text": "Repara\u00e7\u00e3o e manuten\u00e7\u00e3o de equipamentos eletroeletr\u00f4nicos de uso pessoal e dom\u00e9stico", "code": "95.21-5-00"}], "qsa": [{"qual": "22-S\u00f3cio", "nome": "FERNANDA GOMES DUARTE PINTO DE SOUZA"}, {"qual": "49-S\u00f3cio-Administrador", "nome": "FATIMA CRISTINA GOMES DUARTE PINTO"}], "situacao": "ATIVA", "bairro": "TRAVESSAO", "logradouro": "R HUMBERTO CLAUDIO", "numero": "5", "cep": "28.175-000", "municipio": "CAMPOS DOS GOYTACAZES", "porte": "MICRO EMPRESA", "abertura": "16/03/2009", "natureza_juridica": "206-2 - Sociedade Empres\u00e1ria Limitada", "fantasia": "GOMES & LOPES PROMOCOES E EVENTOS", "cnpj": "10.760.275/0001-87", "ultima_atualizacao": "2020-02-08T17:05:22.413Z", "status": "OK", "tipo": "MATRIZ", "email": "", "efr": "", "motivo_situacao": "", "situacao_especial": "", "data_situacao_especial": "", "capital_social": "300000.00", "extra": {}, "billing": {"free": false, "database": true}}