{"data_situacao": "11/01/2019", "motivo_situacao": "OMISSAO DE DECLARACOES", "nome": "CIA - COMERCIO DE MOVEIS E ELETRODOMESTICOS LTDA", "telefone": "(22) 3824-2324", "situacao": "INAPTA", "porte": "DEMAIS", "abertura": "09/06/2009", "natureza_juridica": "206-2 - Sociedade Empres\u00e1ria Limitada", "cnpj": "10.911.521/0002-35", "ultima_atualizacao": "2020-02-08T00:20:39.309Z", "status": "OK", "tipo": "FILIAL", "fantasia": "", "logradouro": "", "numero": "", "complemento": "", "cep": "", "bairro": "", "municipio": "", "uf": "", "email": "", "efr": "", "situacao_especial": "", "data_situacao_especial": "", "atividade_principal": [{"code": "00.00-0-00", "text": "********"}], "atividades_secundarias": [{"code": "00.00-0-00", "text": "N\u00e3o informada"}], "capital_social": "0.00", "qsa": [], "extra": {}, "billing": {"free": false, "database": true}}