{"atividade_principal": [{"text": "UTI m\u00f3vel", "code": "86.21-6-01"}], "data_situacao": "03/07/2009", "complemento": "TERREO", "nome": "UNI-SOS EMERGENCIAS MEDICAS LTDA", "uf": "SP", "telefone": "(16) 3289-8599", "email": "coordgeral@uni-sos.com.br", "atividades_secundarias": [{"text": "Servi\u00e7os de manuten\u00e7\u00e3o e repara\u00e7\u00e3o mec\u00e2nica de ve\u00edculos automotores", "code": "45.20-0-01"}, {"text": "Com\u00e9rcio a varejo de pe\u00e7as e acess\u00f3rios novos para ve\u00edculos automotores", "code": "45.30-7-03"}, {"text": "Servi\u00e7o de transporte de passageiros - loca\u00e7\u00e3o de autom\u00f3veis com motorista", "code": "49.23-0-02"}, {"text": "Loca\u00e7\u00e3o de autom\u00f3veis sem condutor", "code": "77.11-0-00"}, {"text": "Loca\u00e7\u00e3o de outros meios de transporte n\u00e3o especificados anteriormente, sem condutor", "code": "77.19-5-99"}, {"text": "Sele\u00e7\u00e3o e agenciamento de m\u00e3o-de-obra", "code": "78.10-8-00"}, {"text": "Fornecimento e gest\u00e3o de recursos humanos para terceiros", "code": "78.30-2-00"}, {"text": "Servi\u00e7os m\u00f3veis de atendimento a urg\u00eancias, exceto por UTI m\u00f3vel", "code": "86.21-6-02"}, {"text": "Servi\u00e7os de remo\u00e7\u00e3o de pacientes, exceto os servi\u00e7os m\u00f3veis de atendimento a urg\u00eancias", "code": "86.22-4-00"}, {"text": "Atividade odontol\u00f3gica", "code": "86.30-5-04"}, {"text": "Atividades de aten\u00e7\u00e3o ambulatorial n\u00e3o especificadas anteriormente", "code": "86.30-5-99"}, {"text": "Atividades de enfermagem", "code": "86.50-0-01"}, {"text": "Atividades de profissionais da nutri\u00e7\u00e3o", "code": "86.50-0-02"}, {"text": "Atividades de fisioterapia", "code": "86.50-0-04"}, {"text": "Atividades de terapia ocupacional", "code": "86.50-0-05"}, {"text": "Atividades de fonoaudiologia", "code": "86.50-0-06"}, {"text": "Atividades de profissionais da \u00e1rea de sa\u00fade n\u00e3o especificadas anteriormente", "code": "86.50-0-99"}, {"text": "Atividades de apoio \u00e0 gest\u00e3o de sa\u00fade", "code": "86.60-7-00"}, {"text": "Outras atividades de aten\u00e7\u00e3o \u00e0 sa\u00fade humana n\u00e3o especificadas anteriormente", "code": "86.90-9-99"}, {"text": "Atividades de fornecimento de infra-estrutura de apoio e assist\u00eancia a paciente no domic\u00edlio", "code": "87.12-3-00"}, {"text": "Servi\u00e7os de assist\u00eancia social sem alojamento", "code": "88.00-6-00"}, {"text": "Atividades de condicionamento f\u00edsico", "code": "93.13-1-00"}], "qsa": [{"qual": "49-S\u00f3cio-Administrador", "nome": "EVALDO CALIL PEREIRA JARDIM"}, {"qual": "49-S\u00f3cio-Administrador", "nome": "MARCIA DE ALMEIDA JARDIM"}], "situacao": "ATIVA", "bairro": "JARDIM SUMARE", "logradouro": "AV INDEPENDENCIA", "numero": "2447", "cep": "14.025-390", "municipio": "RIBEIRAO PRETO", "porte": "DEMAIS", "abertura": "03/07/2009", "natureza_juridica": "206-2 - Sociedade Empres\u00e1ria Limitada", "fantasia": "UNI-SOS", "cnpj": "10.957.463/0001-08", "ultima_atualizacao": "2020-02-08T21:04:49.964Z", "status": "OK", "tipo": "MATRIZ", "efr": "", "motivo_situacao": "", "situacao_especial": "", "data_situacao_especial": "", "capital_social": "3200000.00", "extra": {}, "billing": {"free": false, "database": false}}