{"atividade_principal": [{"text": "Com\u00e9rcio atacadista de medicamentos e drogas de uso humano", "code": "46.44-3-01"}], "data_situacao": "10/07/2009", "nome": "A L COMERCIO E SERVICOS LTDA", "uf": "RJ", "telefone": "(22) 2778-1420", "atividades_secundarias": [{"text": "Confec\u00e7\u00e3o de roupas profissionais, exceto sob medida", "code": "14.13-4-01"}, {"text": "Coleta de res\u00edduos n\u00e3o-perigosos", "code": "38.11-4-00"}, {"text": "Pintura para sinaliza\u00e7\u00e3o em pistas rodovi\u00e1rias e aeroportos", "code": "42.11-1-02"}, {"text": "Montagem de estruturas met\u00e1licas", "code": "42.92-8-01"}, {"text": "Montagem e instala\u00e7\u00e3o de sistemas e equipamentos de ilumina\u00e7\u00e3o e sinaliza\u00e7\u00e3o em vias p\u00fablicas, portos e aeroportos", "code": "43.29-1-04"}, {"text": "Montagem e desmontagem de andaimes e outras estruturas tempor\u00e1rias", "code": "43.99-1-02"}, {"text": "Com\u00e9rcio a varejo de autom\u00f3veis, camionetas e utilit\u00e1rios novos", "code": "45.11-1-01"}, {"text": "Com\u00e9rcio por atacado de pe\u00e7as e acess\u00f3rios novos para ve\u00edculos automotores", "code": "45.30-7-01"}, {"text": "Com\u00e9rcio a varejo de pneum\u00e1ticos e c\u00e2maras-de-ar", "code": "45.30-7-05"}, {"text": "Com\u00e9rcio atacadista de alimentos para animais", "code": "46.23-1-09"}, {"text": "Com\u00e9rcio atacadista de frutas, verduras, ra\u00edzes, tub\u00e9rculos, hortali\u00e7as e legumes frescos", "code": "46.33-8-01"}, {"text": "Com\u00e9rcio atacadista especializado em outros produtos aliment\u00edcios n\u00e3o especificados anteriormente", "code": "46.37-1-99"}, {"text": "Com\u00e9rcio atacadista de produtos aliment\u00edcios em geral", "code": "46.39-7-01"}, {"text": "Com\u00e9rcio atacadista de roupas e acess\u00f3rios para uso profissional e de seguran\u00e7a do trabalho", "code": "46.42-7-02"}, {"text": "Com\u00e9rcio atacadista de instrumentos e materiais para uso m\u00e9dico, cir\u00fargico, hospitalar e de laborat\u00f3rios", "code": "46.45-1-01"}, {"text": "Com\u00e9rcio atacadista de pr\u00f3teses e artigos de ortopedia", "code": "46.45-1-02"}, {"text": "Com\u00e9rcio atacadista de produtos odontol\u00f3gicos", "code": "46.45-1-03"}, {"text": "Com\u00e9rcio atacadista de aparelhos eletr\u00f4nicos de uso pessoal e dom\u00e9stico", "code": "46.49-4-02"}, {"text": "Com\u00e9rcio atacadista de m\u00f3veis e artigos de colchoaria", "code": "46.49-4-04"}, {"text": "Com\u00e9rcio atacadista de m\u00e1quinas, aparelhos e equipamentos para uso odonto-m\u00e9dico-hospitalar; partes e pe\u00e7as", "code": "46.64-8-00"}, {"text": "Com\u00e9rcio atacadista de outras m\u00e1quinas e equipamentos n\u00e3o especificados anteriormente; partes e pe\u00e7as", "code": "46.69-9-99"}, {"text": "Com\u00e9rcio atacadista especializado de materiais de constru\u00e7\u00e3o n\u00e3o especificados anteriormente", "code": "46.79-6-04"}, {"text": "Com\u00e9rcio varejista de mercadorias em geral, com predomin\u00e2ncia de produtos aliment\u00edcios - minimercados, mercearias e armaz\u00e9ns", "code": "47.12-1-00"}, {"text": "Com\u00e9rcio varejista de produtos aliment\u00edcios em geral ou especializado em produtos aliment\u00edcios n\u00e3o especificados anteriormente", "code": "47.29-6-99"}, {"text": "Com\u00e9rcio varejista de lubrificantes", "code": "47.32-6-00"}, {"text": "Com\u00e9rcio varejista de material el\u00e9trico", "code": "47.42-3-00"}, {"text": "Com\u00e9rcio varejista de ferragens e ferramentas", "code": "47.44-0-01"}, {"text": "Com\u00e9rcio varejista de materiais de constru\u00e7\u00e3o n\u00e3o especificados anteriormente", "code": "47.44-0-05"}, {"text": "Com\u00e9rcio varejista de materiais de constru\u00e7\u00e3o em geral", "code": "47.44-0-99"}, {"text": "Com\u00e9rcio varejista especializado de equipamentos e suprimentos de inform\u00e1tica", "code": "47.51-2-01"}, {"text": "Com\u00e9rcio varejista especializado de equipamentos de telefonia e comunica\u00e7\u00e3o", "code": "47.52-1-00"}, {"text": "Com\u00e9rcio varejista especializado de eletrodom\u00e9sticos e equipamentos de \u00e1udio e v\u00eddeo", "code": "47.53-9-00"}, {"text": "Com\u00e9rcio varejista de m\u00f3veis", "code": "47.54-7-01"}, {"text": "Comercio varejista de artigos de cama, mesa e banho", "code": "47.55-5-03"}, {"text": "Com\u00e9rcio varejista especializado de instrumentos musicais e acess\u00f3rios", "code": "47.56-3-00"}, {"text": "Com\u00e9rcio varejista de artigos de tape\u00e7aria, cortinas e persianas", "code": "47.59-8-01"}, {"text": "Com\u00e9rcio varejista de outros artigos de uso pessoal e dom\u00e9stico n\u00e3o especificados anteriormente", "code": "47.59-8-99"}, {"text": "Com\u00e9rcio varejista de artigos de papelaria", "code": "47.61-0-03"}, {"text": "Com\u00e9rcio varejista de brinquedos e artigos recreativos", "code": "47.63-6-01"}, {"text": "Com\u00e9rcio varejista de artigos esportivos", "code": "47.63-6-02"}, {"text": "Com\u00e9rcio varejista de bicicletas e triciclos; pe\u00e7as e acess\u00f3rios", "code": "47.63-6-03"}, {"text": "Com\u00e9rcio varejista de artigos de ca\u00e7a, pesca e camping", "code": "47.63-6-04"}, {"text": "Com\u00e9rcio varejista de embarca\u00e7\u00f5es e outros ve\u00edculos recreativos; pe\u00e7as e acess\u00f3rios", "code": "47.63-6-05"}, {"text": "Com\u00e9rcio varejista de cosm\u00e9ticos, produtos de perfumaria e de higiene pessoal", "code": "47.72-5-00"}, {"text": "Com\u00e9rcio varejista de artigos m\u00e9dicos e ortop\u00e9dicos", "code": "47.73-3-00"}, {"text": "Com\u00e9rcio varejista de artigos do vestu\u00e1rio e acess\u00f3rios", "code": "47.81-4-00"}, {"text": "Com\u00e9rcio varejista de cal\u00e7ados", "code": "47.82-2-01"}, {"text": "Com\u00e9rcio varejista de produtos saneantes domissanit\u00e1rios", "code": "47.89-0-05"}, {"text": "Servi\u00e7o de transporte de passageiros - loca\u00e7\u00e3o de autom\u00f3veis com motorista", "code": "49.23-0-02"}, {"text": "Servi\u00e7os de alimenta\u00e7\u00e3o para eventos e recep\u00e7\u00f5es - buf\u00ea", "code": "56.20-1-02"}, {"text": "Outras atividades de publicidade n\u00e3o especificadas anteriormente", "code": "73.19-0-99"}, {"text": "Loca\u00e7\u00e3o de outros meios de transporte n\u00e3o especificados anteriormente, sem condutor", "code": "77.19-5-99"}, {"text": "Aluguel de equipamentos recreativos e esportivos", "code": "77.21-7-00"}, {"text": "Aluguel de palcos, coberturas e outras estruturas de uso tempor\u00e1rio, exceto andaimes", "code": "77.39-0-03"}, {"text": "Aluguel de outras m\u00e1quinas e equipamentos comerciais e industriais n\u00e3o especificados anteriormente, sem operador", "code": "77.39-0-99"}, {"text": "Ag\u00eancias de viagens", "code": "79.11-2-00"}, {"text": "Atividades de limpeza n\u00e3o especificadas anteriormente", "code": "81.29-0-00"}, {"text": "Servi\u00e7os de organiza\u00e7\u00e3o de feiras, congressos, exposi\u00e7\u00f5es e festas", "code": "82.30-0-01"}], "qsa": [{"qual": "49-S\u00f3cio-Administrador", "nome": "ALDIR COTTA FROES"}, {"qual": "49-S\u00f3cio-Administrador", "nome": "ROSANGELA DA SILVA FROES"}], "situacao": "ATIVA", "bairro": "CENTRO", "logradouro": "R MARIO COSTA", "numero": "189", "cep": "28.860-000", "municipio": "CASIMIRO DE ABREU", "porte": "EMPRESA DE PEQUENO PORTE", "abertura": "10/07/2009", "natureza_juridica": "206-2 - Sociedade Empres\u00e1ria Limitada", "fantasia": "A. L. LTDA", "cnpj": "10.980.954/0001-61", "ultima_atualizacao": "2020-02-07T23:51:35.350Z", "status": "OK", "tipo": "MATRIZ", "complemento": "", "email": "", "efr": "", "motivo_situacao": "", "situacao_especial": "", "data_situacao_especial": "", "capital_social": "1680000.00", "extra": {}, "billing": {"free": false, "database": true}}