{"atividade_principal": [{"text": "Com\u00e9rcio atacadista de medicamentos e drogas de uso humano", "code": "46.44-3-01"}], "data_situacao": "29/06/2009", "complemento": "TERREO", "nome": "GOLDEN FARM DISTRIBUIDORA LTDA", "uf": "ES", "telefone": "(27) 3340-7972", "email": "registro@vrcontabil.com.br", "atividades_secundarias": [{"text": "Com\u00e9rcio atacadista de instrumentos e materiais para uso m\u00e9dico, cir\u00fargico, hospitalar e de laborat\u00f3rios", "code": "46.45-1-01"}, {"text": "Com\u00e9rcio atacadista de m\u00e1quinas, aparelhos e equipamentos para uso odonto-m\u00e9dico-hospitalar; partes e pe\u00e7as", "code": "46.64-8-00"}, {"text": "Com\u00e9rcio atacadista de medicamentos e drogas de uso veterin\u00e1rio", "code": "46.44-3-02"}], "qsa": [{"qual": "49-S\u00f3cio-Administrador", "nome": "JOSE MILTON RODRIGUES"}], "situacao": "ATIVA", "bairro": "BRISAMAR", "logradouro": "R FRANCISCO ASSUMPCAO DE CARVALHO", "numero": "86", "cep": "29.109-170", "municipio": "VILA VELHA", "porte": "DEMAIS", "abertura": "29/06/2009", "natureza_juridica": "206-2 - Sociedade Empres\u00e1ria Limitada", "fantasia": "GOLDEN FARM", "cnpj": "11.044.066/0001-08", "ultima_atualizacao": "2020-02-08T19:25:08.676Z", "status": "OK", "tipo": "MATRIZ", "efr": "", "motivo_situacao": "", "situacao_especial": "", "data_situacao_especial": "", "capital_social": "700000.00", "extra": {}, "billing": {"free": false, "database": true}}