{"atividade_principal": [{"text": "Fabrica\u00e7\u00e3o de v\u00e1lvulas, registros e dispositivos semelhantes, pe\u00e7as e acess\u00f3rios", "code": "28.13-5-00"}], "data_situacao": "03/09/2009", "nome": "RODRIGO MESEGUER CARDOSO", "uf": "SP", "telefone": "(15) 3228-2783", "email": "rodrigo@fauzimetais.net", "atividades_secundarias": [{"text": "Fabrica\u00e7\u00e3o de artefatos de borracha n\u00e3o especificados anteriormente", "code": "22.19-6-00"}, {"text": "Fabrica\u00e7\u00e3o de artefatos de material pl\u00e1stico para outros usos n\u00e3o especificados anteriormente", "code": "22.29-3-99"}, {"text": "Com\u00e9rcio varejista de materiais hidr\u00e1ulicos", "code": "47.44-0-03"}], "qsa": [], "situacao": "ATIVA", "bairro": "JARDIM IBITI DO PACO", "logradouro": "AV COMENDADOR CAMILLO JULIO", "numero": "1930", "cep": "18.086-000", "municipio": "SOROCABA", "porte": "EMPRESA DE PEQUENO PORTE", "abertura": "03/09/2009", "natureza_juridica": "213-5 - Empres\u00e1rio (Individual)", "fantasia": "SINERGIA PRODUTOS INDUSTRIAIS", "cnpj": "11.146.393/0001-62", "ultima_atualizacao": "2020-02-08T01:11:43.907Z", "status": "OK", "tipo": "MATRIZ", "complemento": "", "efr": "", "motivo_situacao": "", "situacao_especial": "", "data_situacao_especial": "", "capital_social": "5000.00", "extra": {}, "billing": {"free": false, "database": true}}