{"atividade_principal": [{"text": "Com\u00e9rcio atacadista de mercadorias em geral, com predomin\u00e2ncia de produtos aliment\u00edcios", "code": "46.91-5-00"}], "data_situacao": "15/09/2009", "complemento": "LOJ A LOJ C GLP", "nome": "BELINUTRI DISTRIBUIDORA DE MEDICAMENTOS LTDA", "uf": "RJ", "telefone": "(21) 3528-7861", "atividades_secundarias": [{"text": "Representantes comerciais e agentes do com\u00e9rcio de mercadorias em geral n\u00e3o especializado", "code": "46.19-2-00"}, {"text": "Com\u00e9rcio atacadista de medicamentos e drogas de uso humano", "code": "46.44-3-01"}, {"text": "Com\u00e9rcio atacadista de produtos de higiene pessoal", "code": "46.46-0-02"}, {"text": "Com\u00e9rcio atacadista de m\u00e1quinas, aparelhos e equipamentos para uso odonto-m\u00e9dico-hospitalar; partes e pe\u00e7as", "code": "46.64-8-00"}, {"text": "Com\u00e9rcio varejista de produtos aliment\u00edcios em geral ou especializado em produtos aliment\u00edcios n\u00e3o especificados anteriormente", "code": "47.29-6-99"}, {"text": "Com\u00e9rcio varejista de cosm\u00e9ticos, produtos de perfumaria e de higiene pessoal", "code": "47.72-5-00"}, {"text": "Transporte rodovi\u00e1rio de carga, exceto produtos perigosos e mudan\u00e7as, municipal", "code": "49.30-2-01"}, {"text": "Transporte rodovi\u00e1rio de carga, exceto produtos perigosos e mudan\u00e7as, intermunicipal, interestadual e internacional", "code": "49.30-2-02"}, {"text": "Outras sociedades de participa\u00e7\u00e3o, exceto holdings", "code": "64.63-8-00"}, {"text": "Outras atividades profissionais, cient\u00edficas e t\u00e9cnicas n\u00e3o especificadas anteriormente", "code": "74.90-1-99"}], "qsa": [{"qual": "49-S\u00f3cio-Administrador", "nome": "FRANCISCO CARLOS BELINGER"}, {"qual": "49-S\u00f3cio-Administrador", "nome": "BRUNO SALGADO BELINGER"}], "situacao": "ATIVA", "bairro": "BONSUCESSO", "logradouro": "R JOAO TORQUATO", "numero": "00203", "cep": "21.032-150", "municipio": "RIO DE JANEIRO", "porte": "DEMAIS", "abertura": "15/09/2009", "natureza_juridica": "206-2 - Sociedade Empres\u00e1ria Limitada", "fantasia": "BELINUTRI DISTRIBUIDORA DE MEDICAMENTOS", "cnpj": "11.142.575/0001-65", "ultima_atualizacao": "2020-02-08T17:06:53.104Z", "status": "OK", "tipo": "MATRIZ", "email": "", "efr": "", "motivo_situacao": "", "situacao_especial": "", "data_situacao_especial": "", "capital_social": "300000.00", "extra": {}, "billing": {"free": false, "database": true}}