{"atividade_principal": [{"text": "Com\u00e9rcio varejista de outros produtos n\u00e3o especificados anteriormente", "code": "47.89-0-99"}], "data_situacao": "03/01/2010", "nome": "J I DOS SANTOS TOTAL FILTROS", "uf": "ES", "telefone": "(27) 3052-1343", "email": "contato@totalfiltros.com.br", "atividades_secundarias": [{"text": "Com\u00e9rcio varejista de materiais hidr\u00e1ulicos", "code": "47.44-0-03"}], "qsa": [], "situacao": "ATIVA", "bairro": "ARACAS", "logradouro": "R AMSTERDAM", "numero": "87", "cep": "29.103-098", "municipio": "VILA VELHA", "porte": "EMPRESA DE PEQUENO PORTE", "abertura": "03/01/2010", "natureza_juridica": "213-5 - Empres\u00e1rio (Individual)", "fantasia": "TOTAL FILTROS", "cnpj": "11.433.068/0001-80", "ultima_atualizacao": "2020-02-08T21:08:13.291Z", "status": "OK", "tipo": "MATRIZ", "complemento": "", "efr": "", "motivo_situacao": "", "situacao_especial": "", "data_situacao_especial": "", "capital_social": "25000.00", "extra": {}, "billing": {"free": false, "database": false}}