{"atividade_principal": [{"text": "Administra\u00e7\u00e3o de caixas escolares", "code": "85.50-3-01"}], "data_situacao": "05/11/2009", "nome": "CONSELHO ESCOLAR DA ESCOLA MUNICIPAL DE EDUCACAO INFANTIL PROFESSORA MARIA LIRA BERALDINI CAMPOS", "uf": "RJ", "telefone": "(22) 2794-1136", "email": "gestaodasuexs@gmail.com", "atividades_secundarias": [{"text": "Outras atividades de ensino n\u00e3o especificadas anteriormente", "code": "85.99-6-99"}], "qsa": [{"qual": "16-Presidente", "nome": "CAROLINE MARTINS CIBOTTO"}], "situacao": "ATIVA", "bairro": "JARDIM VITORIA", "logradouro": "R SANTA BARBARA", "numero": "106", "cep": "27.944-711", "municipio": "MACAE", "porte": "DEMAIS", "abertura": "05/11/2009", "natureza_juridica": "399-9 - Associa\u00e7\u00e3o Privada", "fantasia": "CE EMEIPMLBC", "cnpj": "11.505.296/0001-19", "ultima_atualizacao": "2020-02-08T19:16:37.472Z", "status": "OK", "tipo": "MATRIZ", "complemento": "", "efr": "", "motivo_situacao": "", "situacao_especial": "", "data_situacao_especial": "", "capital_social": "0.00", "extra": {}, "billing": {"free": false, "database": true}}