{"atividade_principal": [{"text": "Com\u00e9rcio varejista de materiais de constru\u00e7\u00e3o n\u00e3o especificados anteriormente", "code": "47.44-0-05"}], "data_situacao": "05/02/2010", "complemento": "LOJA 2", "nome": "M C MELO DOS SANTOS COMERCIO E SERVICOS", "uf": "RJ", "telefone": "(22) 2759-7186", "email": "sapotecbombas@yahoo.com.br", "atividades_secundarias": [{"text": "Com\u00e9rcio varejista de material el\u00e9trico", "code": "47.42-3-00"}, {"text": "Com\u00e9rcio varejista de materiais hidr\u00e1ulicos", "code": "47.44-0-03"}, {"text": "Com\u00e9rcio varejista de outros produtos n\u00e3o especificados anteriormente", "code": "47.89-0-99"}, {"text": "Instala\u00e7\u00e3o e manuten\u00e7\u00e3o el\u00e9trica", "code": "43.21-5-00"}, {"text": "Instala\u00e7\u00f5es hidr\u00e1ulicas, sanit\u00e1rias e de g\u00e1s", "code": "43.22-3-01"}], "qsa": [], "situacao": "ATIVA", "bairro": "BARRA DE MACAE", "logradouro": "AV LUIZ LIRIO", "numero": "181", "cep": "27.961-070", "municipio": "MACAE", "porte": "MICRO EMPRESA", "abertura": "05/02/2010", "natureza_juridica": "213-5 - Empres\u00e1rio (Individual)", "fantasia": "SAPOTEC", "cnpj": "11.516.276/0001-43", "ultima_atualizacao": "2020-02-08T00:00:59.533Z", "status": "OK", "tipo": "MATRIZ", "efr": "", "motivo_situacao": "", "situacao_especial": "", "data_situacao_especial": "", "capital_social": "10000.00", "extra": {}, "billing": {"free": false, "database": true}}