{"atividade_principal": [{"text": "Com\u00e9rcio atacadista de mercadorias em geral, sem predomin\u00e2ncia de alimentos ou de insumos agropecu\u00e1rios", "code": "46.93-1-00"}], "data_situacao": "18/01/2010", "complemento": "SOBRADO", "nome": "CONSIGGA COMERCIO E SERVICOS EIRELI", "uf": "RJ", "telefone": "(22) 2778-3863", "email": "tboliveira20@hotmail.com", "atividades_secundarias": [{"text": "Com\u00e9rcio varejista de artigos de papelaria", "code": "47.61-0-03"}, {"text": "Com\u00e9rcio varejista de outros produtos n\u00e3o especificados anteriormente", "code": "47.89-0-99"}, {"text": "Aluguel de outras m\u00e1quinas e equipamentos comerciais e industriais n\u00e3o especificados anteriormente, sem operador", "code": "77.39-0-99"}], "qsa": [{"qual": "65-Titular Pessoa F\u00edsica Residente ou Domiciliado no Brasil", "nome": "MARCO AUGUSTO RODRIGUES"}], "situacao": "ATIVA", "bairro": "PARQUE AEROPORTO", "logradouro": "R PROFESSOR ANTONIO ALVARES PARADA", "numero": "500", "cep": "27.955-002", "municipio": "MACAE", "porte": "MICRO EMPRESA", "abertura": "18/01/2010", "natureza_juridica": "230-5 - Empresa Individual de Responsabilidade Limitada (de Natureza Empres\u00e1ria)", "cnpj": "11.522.373/0001-49", "ultima_atualizacao": "2020-02-07T23:46:33.096Z", "status": "OK", "tipo": "MATRIZ", "fantasia": "", "efr": "", "motivo_situacao": "", "situacao_especial": "", "data_situacao_especial": "", "capital_social": "1200000.00", "extra": {}, "billing": {"free": false, "database": true}}