{"atividade_principal": [{"text": "Confec\u00e7\u00e3o de roupas profissionais, exceto sob medida (Dispensada *)", "code": "14.13-4-01"}], "data_situacao": "03/02/2010", "complemento": "100/114 ANDAR 3", "nome": "DSP CONFECCOES EIRELI", "uf": "ES", "telefone": "(28) 3522-0846", "email": "barbozaprozaprocessos@hotmail.com", "atividades_secundarias": [{"text": "Estamparia e texturiza\u00e7\u00e3o em fios, tecidos, artefatos t\u00eaxteis e pe\u00e7as do vestu\u00e1rio", "code": "13.40-5-01"}, {"text": "Outros servi\u00e7os de acabamento em fios, tecidos, artefatos t\u00eaxteis e pe\u00e7as do vestu\u00e1rio (Dispensada *)", "code": "13.40-5-99"}, {"text": "Fabrica\u00e7\u00e3o de artefatos t\u00eaxteis para uso dom\u00e9stico (Dispensada *)", "code": "13.51-1-00"}, {"text": "Fabrica\u00e7\u00e3o de artefatos de tape\u00e7aria", "code": "13.52-9-00"}, {"text": "Fabrica\u00e7\u00e3o de outros produtos t\u00eaxteis n\u00e3o especificados anteriormente (Dispensada *)", "code": "13.59-6-00"}, {"text": "Confec\u00e7\u00e3o de roupas \u00edntimas (Dispensada *)", "code": "14.11-8-01"}, {"text": "Fac\u00e7\u00e3o de roupas \u00edntimas (Dispensada *)", "code": "14.11-8-02"}, {"text": "Confec\u00e7\u00e3o de pe\u00e7as de vestu\u00e1rio, exceto roupas \u00edntimas e as confeccionadas sob medida (Dispensada *)", "code": "14.12-6-01"}, {"text": "Confec\u00e7\u00e3o, sob medida, de pe\u00e7as do vestu\u00e1rio, exceto roupas \u00edntimas", "code": "14.12-6-02"}, {"text": "Fac\u00e7\u00e3o de pe\u00e7as do vestu\u00e1rio, exceto roupas \u00edntimas (Dispensada *)", "code": "14.12-6-03"}, {"text": "Confec\u00e7\u00e3o, sob medida, de roupas profissionais (Dispensada *)", "code": "14.13-4-02"}, {"text": "Fac\u00e7\u00e3o de roupas profissionais (Dispensada *)", "code": "14.13-4-03"}, {"text": "Fabrica\u00e7\u00e3o de acess\u00f3rios do vestu\u00e1rio, exceto para seguran\u00e7a e prote\u00e7\u00e3o (Dispensada *)", "code": "14.14-2-00"}, {"text": "Fabrica\u00e7\u00e3o de meias (Dispensada *)", "code": "14.21-5-00"}, {"text": "Fabrica\u00e7\u00e3o de artigos do vestu\u00e1rio, produzidos em malharias e tricotagens, exceto meias (Dispensada *)", "code": "14.22-3-00"}, {"text": "Fabrica\u00e7\u00e3o de artigos para viagem, bolsas e semelhantes de qualquer material (Dispensada *)", "code": "15.21-1-00"}, {"text": "Com\u00e9rcio varejista especializado de equipamentos e suprimentos de inform\u00e1tica (Dispensada *)", "code": "47.51-2-01"}, {"text": "Com\u00e9rcio varejista especializado de equipamentos de telefonia e comunica\u00e7\u00e3o (Dispensada *)", "code": "47.52-1-00"}, {"text": "Com\u00e9rcio varejista de artigos de ilumina\u00e7\u00e3o (Dispensada *)", "code": "47.54-7-03"}, {"text": "Com\u00e9rcio varejista de tecidos (Dispensada *)", "code": "47.55-5-01"}, {"text": "Comercio varejista de artigos de armarinho (Dispensada *)", "code": "47.55-5-02"}, {"text": "Comercio varejista de artigos de cama, mesa e banho (Dispensada *)", "code": "47.55-5-03"}, {"text": "Com\u00e9rcio varejista especializado de instrumentos musicais e acess\u00f3rios (Dispensada *)", "code": "47.56-3-00"}, {"text": "Com\u00e9rcio varejista especializado de pe\u00e7as e acess\u00f3rios para aparelhos eletroeletr\u00f4nicos para uso dom\u00e9stico, exceto inform\u00e1tica e comunica\u00e7\u00e3o (Dispensada *)", "code": "47.57-1-00"}, {"text": "Com\u00e9rcio varejista de artigos de tape\u00e7aria, cortinas e persianas (Dispensada *)", "code": "47.59-8-01"}, {"text": "Com\u00e9rcio varejista de outros artigos de uso pessoal e dom\u00e9stico n\u00e3o especificados anteriormente (Dispensada *)", "code": "47.59-8-99"}, {"text": "Com\u00e9rcio varejista de livros (Dispensada *)", "code": "47.61-0-01"}, {"text": "Com\u00e9rcio varejista de jornais e revistas (Dispensada *)", "code": "47.61-0-02"}, {"text": "Com\u00e9rcio varejista de artigos de papelaria (Dispensada *)", "code": "47.61-0-03"}, {"text": "Com\u00e9rcio varejista de discos, CDs, DVDs e fitas (Dispensada *)", "code": "47.62-8-00"}, {"text": "Com\u00e9rcio varejista de brinquedos e artigos recreativos (Dispensada *)", "code": "47.63-6-01"}, {"text": "Com\u00e9rcio varejista de artigos esportivos (Dispensada *)", "code": "47.63-6-02"}, {"text": "Com\u00e9rcio varejista de cosm\u00e9ticos, produtos de perfumaria e de higiene pessoal", "code": "47.72-5-00"}, {"text": "Com\u00e9rcio varejista de artigos de \u00f3ptica (Dispensada *)", "code": "47.74-1-00"}, {"text": "Com\u00e9rcio varejista de artigos do vestu\u00e1rio e acess\u00f3rios (Dispensada *)", "code": "47.81-4-00"}, {"text": "Com\u00e9rcio varejista de cal\u00e7ados (Dispensada *)", "code": "47.82-2-01"}, {"text": "Com\u00e9rcio varejista de artigos de viagem (Dispensada *)", "code": "47.82-2-02"}, {"text": "Com\u00e9rcio varejista de artigos de joalheria (Dispensada *)", "code": "47.83-1-01"}, {"text": "Com\u00e9rcio varejista de artigos de relojoaria (Dispensada *)", "code": "47.83-1-02"}, {"text": "Com\u00e9rcio varejista de suvenires, bijuterias e artesanatos (Dispensada *)", "code": "47.89-0-01"}, {"text": "Com\u00e9rcio varejista de plantas e flores naturais (Dispensada *)", "code": "47.89-0-02"}, {"text": "Com\u00e9rcio varejista de objetos de arte (Dispensada *)", "code": "47.89-0-03"}, {"text": "Com\u00e9rcio varejista de artigos fotogr\u00e1ficos e para filmagem (Dispensada *)", "code": "47.89-0-08"}, {"text": "Marketing direto (Dispensada *)", "code": "73.19-0-03"}, {"text": "Outras atividades de publicidade n\u00e3o especificadas anteriormente", "code": "73.19-0-99"}, {"text": "atividades de design n\u00e3o especificadas anteriormente (Dispensada *)", "code": "74.10-2-99"}], "qsa": [{"qual": "65-Titular Pessoa F\u00edsica Residente ou Domiciliado no Brasil", "nome": "DAIANA SILVA PAULA"}], "situacao": "ATIVA", "bairro": "CAMPO DA LEOPOLDINA", "logradouro": "R AUREA BISPO DEPES", "numero": "100", "cep": "29.305-378", "municipio": "CACHOEIRO DE ITAPEMIRIM", "porte": "MICRO EMPRESA", "abertura": "03/02/2010", "natureza_juridica": "230-5 - Empresa Individual de Responsabilidade Limitada (de Natureza Empres\u00e1ria)", "cnpj": "11.540.122/0001-97", "ultima_atualizacao": "2020-02-08T20:55:30.226Z", "status": "OK", "tipo": "MATRIZ", "fantasia": "", "efr": "", "motivo_situacao": "", "situacao_especial": "", "data_situacao_especial": "", "capital_social": "200000.00", "extra": {}, "billing": {"free": false, "database": false}}