{"atividade_principal": [{"text": "Administra\u00e7\u00e3o de caixas escolares", "code": "85.50-3-01"}], "data_situacao": "07/01/2010", "complemento": "CASA ESCOLA", "nome": "CONSELHO ESCOLAR DA ESCOLA MUNICIPAL DE EDUCACAO INFANTIL PROFESSORA MARLI VASCONCELOS LEMOS", "uf": "RJ", "telefone": "(22) 3084-5532/ (22) 9264-5694", "email": "pablo_parga@hotmail.com", "atividades_secundarias": [{"text": "Outras atividades de ensino n\u00e3o especificadas anteriormente", "code": "85.99-6-99"}], "qsa": [{"qual": "16-Presidente", "nome": "CLAUDIA MARCIA TOMAZ CARNEIRO"}], "situacao": "ATIVA", "bairro": "BOTAFOGO", "logradouro": "R VEREADOR DJALMA SALES PESSANHA", "numero": "S/N", "cep": "27.947-670", "municipio": "MACAE", "porte": "DEMAIS", "abertura": "07/01/2010", "natureza_juridica": "399-9 - Associa\u00e7\u00e3o Privada", "fantasia": "CE EMEIPMVL", "cnpj": "11.571.482/0001-56", "ultima_atualizacao": "2020-02-08T19:32:25.150Z", "status": "OK", "tipo": "MATRIZ", "efr": "", "motivo_situacao": "", "situacao_especial": "", "data_situacao_especial": "", "capital_social": "0.00", "extra": {}, "billing": {"free": false, "database": true}}