{"atividade_principal": [{"text": "Com\u00e9rcio atacadista de instrumentos e materiais para uso m\u00e9dico, cir\u00fargico, hospitalar e de laborat\u00f3rios", "code": "46.45-1-01"}], "data_situacao": "04/03/2010", "complemento": "LOJA G LOJA H", "nome": "PROMOVENDO COMERCIO E REPRESENTACOES DE MATERIAL HOSPITALAR LTDA", "uf": "RJ", "telefone": "(21) 2486-0161", "email": "promovendo@promovendobrasil.com.br", "atividades_secundarias": [{"text": "Manuten\u00e7\u00e3o e repara\u00e7\u00e3o de aparelhos e instrumentos de medida, teste e controle", "code": "33.12-1-02"}, {"text": "Representantes comerciais e agentes do com\u00e9rcio de mercadorias em geral n\u00e3o especializado", "code": "46.19-2-00"}, {"text": "Com\u00e9rcio atacadista de m\u00e1quinas, aparelhos e equipamentos para uso odonto-m\u00e9dico-hospitalar; partes e pe\u00e7as", "code": "46.64-8-00"}, {"text": "Transporte rodovi\u00e1rio de carga, exceto produtos perigosos e mudan\u00e7as, intermunicipal, interestadual e internacional", "code": "49.30-2-02"}, {"text": "Estacionamento de ve\u00edculos", "code": "52.23-1-00"}, {"text": "Atividades de consultoria em gest\u00e3o empresarial, exceto consultoria t\u00e9cnica espec\u00edfica", "code": "70.20-4-00"}, {"text": "Aluguel de equipamentos cient\u00edficos, m\u00e9dicos e hospitalares, sem operador", "code": "77.39-0-02"}], "qsa": [{"qual": "49-S\u00f3cio-Administrador", "nome": "CARLOS JOSE MURY DE FIGUEIREDO"}, {"qual": "49-S\u00f3cio-Administrador", "nome": "SIDNEY EMYGDIO RIBEIRO"}, {"qual": "49-S\u00f3cio-Administrador", "nome": "JULIO CESAR GONCALVES MARTINS"}], "situacao": "ATIVA", "bairro": "BARRA DA TIJUCA", "logradouro": "R RUY PORTO", "numero": "50", "cep": "22.793-077", "municipio": "RIO DE JANEIRO", "porte": "DEMAIS", "abertura": "04/03/2010", "natureza_juridica": "206-2 - Sociedade Empres\u00e1ria Limitada", "cnpj": "11.637.221/0001-91", "ultima_atualizacao": "2020-02-08T19:54:10.253Z", "status": "OK", "tipo": "MATRIZ", "fantasia": "", "efr": "", "motivo_situacao": "", "situacao_especial": "", "data_situacao_especial": "", "capital_social": "900000.00", "extra": {}, "billing": {"free": false, "database": false}}