{"atividade_principal": [{"text": "Administra\u00e7\u00e3o de caixas escolares", "code": "85.50-3-01"}], "data_situacao": "02/12/2009", "nome": "CONSELHO ESCOLAR DA ESCOLA MUNICIPAL DE EDUCACAO INFANTIL MAI MARIA CECILIA TOURINHO FURTADO", "uf": "RJ", "telefone": "(22) 9940-3391", "email": "emeimaimcecilia@hotmail.com", "atividades_secundarias": [{"text": "Outras atividades de ensino n\u00e3o especificadas anteriormente", "code": "85.99-6-99"}], "qsa": [{"qual": "16-Presidente", "nome": "JANE VALERIA RAMOS"}], "situacao": "ATIVA", "bairro": "FRONTEIRA", "logradouro": "R BENEDITO FERNANDES COUTINHO", "numero": "501", "cep": "27.961-212", "municipio": "MACAE", "porte": "DEMAIS", "abertura": "02/12/2009", "natureza_juridica": "399-9 - Associa\u00e7\u00e3o Privada", "fantasia": "CE EMEIMMCTF", "cnpj": "11.652.785/0001-01", "ultima_atualizacao": "2020-02-07T23:55:56.162Z", "status": "OK", "tipo": "MATRIZ", "complemento": "", "efr": "", "motivo_situacao": "", "situacao_especial": "", "data_situacao_especial": "", "capital_social": "0.00", "extra": {}, "billing": {"free": false, "database": true}}