{"atividade_principal": [{"text": "Com\u00e9rcio atacadista de produtos de higiene, limpeza e conserva\u00e7\u00e3o domiciliar", "code": "46.49-4-08"}], "data_situacao": "05/04/2010", "complemento": "SALA 104", "nome": "COMEPI PRODUTOS COMERCIAIS EIRELI", "uf": "RJ", "telefone": "(21) 3755-2168/ (21) 9700-4410", "email": "comepi.rio@gmail.com", "atividades_secundarias": [{"text": "Com\u00e9rcio atacadista de sementes, flores, plantas e gramas", "code": "46.23-1-06"}, {"text": "Com\u00e9rcio atacadista de roupas e acess\u00f3rios para uso profissional e de seguran\u00e7a do trabalho", "code": "46.42-7-02"}, {"text": "Com\u00e9rcio atacadista de bolsas, malas e artigos de viagem", "code": "46.43-5-02"}, {"text": "Com\u00e9rcio atacadista de cosm\u00e9ticos e produtos de perfumaria", "code": "46.46-0-01"}, {"text": "Com\u00e9rcio atacadista de equipamentos el\u00e9tricos de uso pessoal e dom\u00e9stico", "code": "46.49-4-01"}, {"text": "Com\u00e9rcio atacadista de aparelhos eletr\u00f4nicos de uso pessoal e dom\u00e9stico", "code": "46.49-4-02"}, {"text": "Com\u00e9rcio atacadista de bicicletas, triciclos e outros ve\u00edculos recreativos", "code": "46.49-4-03"}, {"text": "Com\u00e9rcio atacadista de m\u00f3veis e artigos de colchoaria", "code": "46.49-4-04"}, {"text": "Com\u00e9rcio atacadista de produtos de higiene, limpeza e conserva\u00e7\u00e3o domiciliar, com atividade de fracionamento e acondicionamento associada", "code": "46.49-4-09"}, {"text": "Com\u00e9rcio atacadista de outros equipamentos e artigos de uso pessoal e dom\u00e9stico n\u00e3o especificados anteriormente", "code": "46.49-4-99"}, {"text": "Com\u00e9rcio atacadista de m\u00e1quinas, aparelhos e equipamentos para uso odonto-m\u00e9dico-hospitalar; partes e pe\u00e7as", "code": "46.64-8-00"}, {"text": "Com\u00e9rcio atacadista de madeira e produtos derivados", "code": "46.71-1-00"}, {"text": "Com\u00e9rcio atacadista de ferragens e ferramentas", "code": "46.72-9-00"}, {"text": "Com\u00e9rcio atacadista de tintas, vernizes e similares", "code": "46.79-6-01"}, {"text": "Com\u00e9rcio atacadista de embalagens", "code": "46.86-9-02"}], "qsa": [{"qual": "65-Titular Pessoa F\u00edsica Residente ou Domiciliado no Brasil", "nome": "GABRIEL DE CARVALHO ALVES"}], "situacao": "ATIVA", "bairro": "VILAR DOS TELES", "logradouro": "R LUIZ ALVES CAVALCANTE", "numero": "689", "cep": "25.561-140", "municipio": "SAO JOAO DE MERITI", "porte": "EMPRESA DE PEQUENO PORTE", "abertura": "05/04/2010", "natureza_juridica": "230-5 - Empresa Individual de Responsabilidade Limitada (de Natureza Empres\u00e1ria)", "fantasia": "COMEPI", "cnpj": "11.768.299/0001-45", "ultima_atualizacao": "2020-02-08T17:12:05.425Z", "status": "OK", "tipo": "MATRIZ", "efr": "", "motivo_situacao": "", "situacao_especial": "", "data_situacao_especial": "", "capital_social": "110000.00", "extra": {}, "billing": {"free": false, "database": true}}