{"atividade_principal": [{"text": "Administra\u00e7\u00e3o de caixas escolares", "code": "85.50-3-01"}], "data_situacao": "01/12/2009", "nome": "CONSELHO ESCOLAR DA ESCOLA MUNICIPAL DE EDUCACAO INFANTIL NOSSA SENHORA DA CONCEICAO", "uf": "RJ", "telefone": "(22) 9856-9625", "email": "crechens_conceicao@hotmail.com", "atividades_secundarias": [{"text": "Outras atividades de ensino n\u00e3o especificadas anteriormente", "code": "85.99-6-99"}], "qsa": [{"qual": "16-Presidente", "nome": "ALINE MARIA BITTENCOURT SILVA"}], "situacao": "ATIVA", "bairro": "PARQUE AEROPORTO", "logradouro": "R CURUNKANGO", "numero": "SN", "cep": "27.963-676", "municipio": "MACAE", "porte": "DEMAIS", "abertura": "01/12/2009", "natureza_juridica": "399-9 - Associa\u00e7\u00e3o Privada", "fantasia": "CE EMEINSC", "cnpj": "11.763.283/0001-40", "ultima_atualizacao": "2020-02-08T00:45:38.780Z", "status": "OK", "tipo": "MATRIZ", "complemento": "", "efr": "", "motivo_situacao": "", "situacao_especial": "", "data_situacao_especial": "", "capital_social": "0.00", "extra": {}, "billing": {"free": false, "database": true}}