{"atividade_principal": [{"text": "Administra\u00e7\u00e3o de caixas escolares", "code": "85.50-3-01"}], "data_situacao": "26/11/2009", "nome": "CONSELHO ESCOLAR DA ESCOLA MUNICIPAL DE EDUCACAO INFANTIL PROFESSORA LIA KOPP FRANCO", "uf": "RJ", "telefone": "(22) 9836-8182", "email": "proinfancia.liakopp@gmail.com", "atividades_secundarias": [{"text": "Outras atividades de ensino n\u00e3o especificadas anteriormente", "code": "85.99-6-99"}], "qsa": [{"qual": "16-Presidente", "nome": "VANUZA FERNANDES DA SILVA"}], "situacao": "ATIVA", "bairro": "PARQUE AEROPORTO", "logradouro": "R WILDE BRANDAO WILLEMEN", "numero": "SN", "cep": "27.963-812", "municipio": "MACAE", "porte": "DEMAIS", "abertura": "26/11/2009", "natureza_juridica": "399-9 - Associa\u00e7\u00e3o Privada", "fantasia": "CE EMEIPLKF", "cnpj": "11.809.176/0001-05", "ultima_atualizacao": "2020-02-08T18:59:41.934Z", "status": "OK", "tipo": "MATRIZ", "complemento": "", "efr": "", "motivo_situacao": "", "situacao_especial": "", "data_situacao_especial": "", "capital_social": "0.00", "extra": {}, "billing": {"free": false, "database": true}}