{"atividade_principal": [{"text": "Administra\u00e7\u00e3o de caixas escolares", "code": "85.50-3-01"}], "data_situacao": "14/01/2010", "nome": "CONSELHO ESCOLAR DA ESCOLA MUNICIPAL DE EDUCACAO INFANTIL PROFESSORA GESIA DE OLIVEIRA", "uf": "RJ", "telefone": "(22) 9999-8762", "email": "pablo_parga@hotmail.com", "atividades_secundarias": [{"text": "Outras atividades de ensino n\u00e3o especificadas anteriormente", "code": "85.99-6-99"}], "qsa": [{"qual": "16-Presidente", "nome": "MERY DE PAULA VIEIRA"}], "situacao": "ATIVA", "bairro": "SAO JOSE DO BARRETO", "logradouro": "R ARNALDO SUSSEKIIND", "numero": "60", "cep": "27.965-042", "municipio": "MACAE", "porte": "DEMAIS", "abertura": "14/01/2010", "natureza_juridica": "399-9 - Associa\u00e7\u00e3o Privada", "fantasia": "CE EMEIPGO", "cnpj": "11.819.049/0001-97", "ultima_atualizacao": "2020-02-08T18:43:51.489Z", "status": "OK", "tipo": "MATRIZ", "complemento": "", "efr": "", "motivo_situacao": "", "situacao_especial": "", "data_situacao_especial": "", "capital_social": "0.00", "extra": {}, "billing": {"free": false, "database": true}}