{"atividade_principal": [{"text": "Administra\u00e7\u00e3o de caixas escolares", "code": "85.50-3-01"}], "data_situacao": "11/03/2010", "nome": "CONSELHO ESCOLAR DA ESCOLA MUNICIPAL DE EDUCACAO INFANTIL PROFESSORA THEREZINHA CARVALHO MOREIRA", "uf": "RJ", "telefone": "(22) 9993-3896", "email": "emeitherezinhacarvalho@gmail.com", "atividades_secundarias": [{"text": "Outras atividades de ensino n\u00e3o especificadas anteriormente", "code": "85.99-6-99"}], "qsa": [{"qual": "16-Presidente", "nome": "CHRISTIANE TAVARES LOBO"}], "situacao": "ATIVA", "bairro": "PRAIA CAMPISTA", "logradouro": "AV ATLANTICA", "numero": "1334", "cep": "27.920-325", "municipio": "MACAE", "porte": "DEMAIS", "abertura": "11/03/2010", "natureza_juridica": "399-9 - Associa\u00e7\u00e3o Privada", "fantasia": "CE EMEIPTCM", "cnpj": "11.821.399/0001-98", "ultima_atualizacao": "2020-02-08T01:08:42.378Z", "status": "OK", "tipo": "MATRIZ", "complemento": "", "efr": "", "motivo_situacao": "", "situacao_especial": "", "data_situacao_especial": "", "capital_social": "0.00", "extra": {}, "billing": {"free": false, "database": true}}