{"atividade_principal": [{"text": "Administra\u00e7\u00e3o de caixas escolares", "code": "85.50-3-01"}], "data_situacao": "16/04/2010", "nome": "CONSELHO ESCOLAR DA ESCOLA MUNICIPAL DE EDUCACAO INFANTIL CLEIDE CANELA DE SOUZA", "uf": "RJ", "telefone": "(22) 2772-4955/ (22) 9264-5694", "email": "pablo_parga@hotmail.com", "atividades_secundarias": [{"text": "Outras atividades de ensino n\u00e3o especificadas anteriormente", "code": "85.99-6-99"}], "qsa": [{"qual": "16-Presidente", "nome": "EDSON DAUDT ALMEIDA"}], "situacao": "ATIVA", "bairro": "CORREGO DO OURO", "logradouro": "AV MIGUEL PEIXOTO GUIMARAES", "numero": "S/N", "cep": "27.910-000", "municipio": "MACAE", "porte": "DEMAIS", "abertura": "16/04/2010", "natureza_juridica": "399-9 - Associa\u00e7\u00e3o Privada", "fantasia": "CE EMEICCS", "cnpj": "11.886.240/0001-51", "ultima_atualizacao": "2020-02-08T18:40:40.568Z", "status": "OK", "tipo": "MATRIZ", "complemento": "", "efr": "", "motivo_situacao": "", "situacao_especial": "", "data_situacao_especial": "", "capital_social": "0.00", "extra": {}, "billing": {"free": false, "database": true}}