{"atividade_principal": [{"text": "Administra\u00e7\u00e3o de caixas escolares", "code": "85.50-3-01"}], "data_situacao": "10/12/2009", "complemento": "KM 2", "nome": "CONSELHO ESCOLAR DA ESCOLA MUNICIPAL DE EDUCACAO INFANTIL AMCORIN", "uf": "RJ", "telefone": "(22) 9973-9717", "email": "emeimcorin@gmail.com", "atividades_secundarias": [{"text": "Outras atividades de ensino n\u00e3o especificadas anteriormente", "code": "85.99-6-99"}], "qsa": [{"qual": "16-Presidente", "nome": "LIDIANA DA SILVA MONTEIRO"}], "situacao": "ATIVA", "bairro": "AJUDA DE BAIXO", "logradouro": "EST HILDEBRANDO ALVES BARBOSA", "numero": "SN", "cep": "27.963-774", "municipio": "MACAE", "porte": "DEMAIS", "abertura": "10/12/2009", "natureza_juridica": "399-9 - Associa\u00e7\u00e3o Privada", "fantasia": "CE EMEIA", "cnpj": "11.990.554/0001-08", "ultima_atualizacao": "2020-02-08T19:33:51.099Z", "status": "OK", "tipo": "MATRIZ", "efr": "", "motivo_situacao": "", "situacao_especial": "", "data_situacao_especial": "", "capital_social": "0.00", "extra": {}, "billing": {"free": false, "database": true}}