{"atividade_principal": [{"text": "Administra\u00e7\u00e3o de caixas escolares", "code": "85.50-3-01"}], "data_situacao": "29/01/2010", "nome": "CONSELHO ESCOLAR DA ESCOLA ESTADUAL MUNICIPALIZADA DE EDUCACAO INFANTIL PROFESSORA MARIA MAGDALA AGOSTINHO CIPRIANI", "uf": "RJ", "telefone": "(22) 9953-1410", "email": "emariamagdala@gmail.com", "atividades_secundarias": [{"text": "Outras atividades de ensino n\u00e3o especificadas anteriormente", "code": "85.99-6-99"}], "qsa": [{"qual": "16-Presidente", "nome": "ANA CELIA VITORINO DA SILVA"}], "situacao": "ATIVA", "bairro": "AJUDA DE CIMA", "logradouro": "EST HILDEBRANDO ALVES BARBOSA", "numero": "SN", "cep": "27.963-840", "municipio": "MACAE", "porte": "DEMAIS", "abertura": "29/01/2010", "natureza_juridica": "399-9 - Associa\u00e7\u00e3o Privada", "fantasia": "CE EEMEIPMMAC", "cnpj": "11.990.545/0001-09", "ultima_atualizacao": "2020-02-08T19:12:29.420Z", "status": "OK", "tipo": "MATRIZ", "complemento": "", "efr": "", "motivo_situacao": "", "situacao_especial": "", "data_situacao_especial": "", "capital_social": "0.00", "extra": {}, "billing": {"free": false, "database": true}}