{"atividade_principal": [{"text": "Administra\u00e7\u00e3o de caixas escolares", "code": "85.50-3-01"}], "data_situacao": "14/12/2009", "nome": "CONSELHO ESCOLAR DA ESCOLA MUNICIPAL DE EDUCACAO INFANTIL PROFESSORA MARIA JOSE FERREIRA BARROS", "uf": "RJ", "telefone": "(22) 2772-4955/ (22) 2772-2381", "email": "pablo_parga@hotmail.com", "atividades_secundarias": [{"text": "Outras atividades de ensino n\u00e3o especificadas anteriormente", "code": "85.99-6-99"}], "qsa": [{"qual": "16-Presidente", "nome": "SHIRLEI GONCALVES DA SILVA ESTEVES"}], "situacao": "ATIVA", "bairro": "VISCONDE DE ARAUJO", "logradouro": "R PREFEITO ANTONIO CURVELO BENJAMIM", "numero": "459", "cep": "27.940-390", "municipio": "MACAE", "porte": "DEMAIS", "abertura": "14/12/2009", "natureza_juridica": "399-9 - Associa\u00e7\u00e3o Privada", "fantasia": "CE EMEIPMJFB", "cnpj": "12.058.960/0001-91", "ultima_atualizacao": "2020-02-08T19:43:13.110Z", "status": "OK", "tipo": "MATRIZ", "complemento": "", "efr": "", "motivo_situacao": "", "situacao_especial": "", "data_situacao_especial": "", "capital_social": "0.00", "extra": {}, "billing": {"free": false, "database": false}}