{"atividade_principal": [{"text": "Administra\u00e7\u00e3o de caixas escolares", "code": "85.50-3-01"}], "data_situacao": "19/11/2009", "nome": "CONSELHO ESCOLAR DA ESCOLA MUNICIPAL DE EDUCACAO INFANTIL ALCINA MUZZY DE JESUS", "uf": "RJ", "telefone": "(22) 2772-4955/ (22) 9264-5694", "email": "pablo_parga@hotmail.com", "atividades_secundarias": [{"text": "Outras atividades de ensino n\u00e3o especificadas anteriormente", "code": "85.99-6-99"}], "qsa": [{"qual": "16-Presidente", "nome": "SONIA REGINA HARDOIM CURVELO"}], "situacao": "ATIVA", "bairro": "SANA", "logradouro": "R PRINCIPAL", "numero": "S/N", "cep": "27.995-000", "municipio": "MACAE", "porte": "DEMAIS", "abertura": "19/11/2009", "natureza_juridica": "399-9 - Associa\u00e7\u00e3o Privada", "fantasia": "CE EMEIAMJ", "cnpj": "12.136.882/0001-04", "ultima_atualizacao": "2020-02-08T19:06:16.412Z", "status": "OK", "tipo": "MATRIZ", "complemento": "", "efr": "", "motivo_situacao": "", "situacao_especial": "", "data_situacao_especial": "", "capital_social": "0.00", "extra": {}, "billing": {"free": false, "database": true}}