{"atividade_principal": [{"text": "Com\u00e9rcio varejista de ferragens e ferramentas", "code": "47.44-0-01"}], "data_situacao": "23/08/2010", "complemento": "SALA 3", "nome": "CARBO COMERCIO EIRELI", "uf": "RJ", "telefone": "(22) 8126-1785", "atividades_secundarias": [{"text": "Com\u00e9rcio a varejo de pe\u00e7as e acess\u00f3rios usados para ve\u00edculos automotores", "code": "45.30-7-04"}, {"text": "Com\u00e9rcio atacadista de bombas e compressores; partes e pe\u00e7as", "code": "46.69-9-01"}, {"text": "Com\u00e9rcio atacadista de equipamentos de inform\u00e1tica", "code": "46.51-6-01"}, {"text": "Com\u00e9rcio atacadista de material el\u00e9trico", "code": "46.73-7-00"}, {"text": "Com\u00e9rcio atacadista de outras m\u00e1quinas e equipamentos n\u00e3o especificados anteriormente; partes e pe\u00e7as", "code": "46.69-9-99"}, {"text": "Com\u00e9rcio atacadista de roupas e acess\u00f3rios para uso profissional e de seguran\u00e7a do trabalho", "code": "46.42-7-02"}, {"text": "Com\u00e9rcio atacadista de suprimentos para inform\u00e1tica", "code": "46.51-6-02"}, {"text": "Com\u00e9rcio por atacado de pe\u00e7as e acess\u00f3rios novos para ve\u00edculos automotores", "code": "45.30-7-01"}, {"text": "Com\u00e9rcio varejista de materiais hidr\u00e1ulicos", "code": "47.44-0-03"}, {"text": "Com\u00e9rcio varejista de material el\u00e9trico", "code": "47.42-3-00"}], "qsa": [{"qual": "65-Titular Pessoa F\u00edsica Residente ou Domiciliado no Brasil", "nome": "JOSE ANTONIO CHAVES CARDOSO"}], "situacao": "ATIVA", "bairro": "NOVO CAVALEIROS", "logradouro": "R JUPITER", "numero": "10", "cep": "27.930-150", "municipio": "MACAE", "porte": "MICRO EMPRESA", "abertura": "23/08/2010", "natureza_juridica": "230-5 - Empresa Individual de Responsabilidade Limitada (de Natureza Empres\u00e1ria)", "cnpj": "12.530.951/0001-51", "ultima_atualizacao": "2020-02-08T20:20:18.644Z", "status": "OK", "tipo": "MATRIZ", "fantasia": "", "email": "", "efr": "", "motivo_situacao": "", "situacao_especial": "", "data_situacao_especial": "", "capital_social": "100000.00", "extra": {}, "billing": {"free": false, "database": false}}