{"atividade_principal": [{"text": "Treinamento em desenvolvimento profissional e gerencial", "code": "85.99-6-04"}], "data_situacao": "29/09/2010", "complemento": "ANDAR 2 SALA 203", "nome": "LICIDATA CAPACITACAO E TREINAMENTOS EIRELI", "uf": "PR", "telefone": "(41) 3087-6666", "email": "contato@licidata.com.br", "atividades_secundarias": [{"text": "Com\u00e9rcio varejista de livros", "code": "47.61-0-01"}, {"text": "Servi\u00e7os de organiza\u00e7\u00e3o de feiras, congressos, exposi\u00e7\u00f5es e festas", "code": "82.30-0-01"}, {"text": "Prepara\u00e7\u00e3o de documentos e servi\u00e7os especializados de apoio administrativo n\u00e3o especificados anteriormente", "code": "82.19-9-99"}, {"text": "Com\u00e9rcio varejista especializado de equipamentos e suprimentos de inform\u00e1tica", "code": "47.51-2-01"}, {"text": "Edi\u00e7\u00e3o de livros", "code": "58.11-5-00"}], "qsa": [{"qual": "65-Titular Pessoa F\u00edsica Residente ou Domiciliado no Brasil", "nome": "RUBEMAR BARBOSA DOS REIS"}], "situacao": "ATIVA", "bairro": "CENTRO", "logradouro": "R PRESIDENTE FARIA", "numero": "51", "cep": "80.020-290", "municipio": "CURITIBA", "porte": "MICRO EMPRESA", "abertura": "29/09/2010", "natureza_juridica": "230-5 - Empresa Individual de Responsabilidade Limitada (de Natureza Empres\u00e1ria)", "cnpj": "12.623.750/0001-07", "ultima_atualizacao": "2020-02-08T17:02:34.501Z", "status": "OK", "tipo": "MATRIZ", "fantasia": "", "efr": "", "motivo_situacao": "", "situacao_especial": "", "data_situacao_especial": "", "capital_social": "78800.00", "extra": {}, "billing": {"free": false, "database": true}}