{"atividade_principal": [{"text": "Servi\u00e7os advocat\u00edcios", "code": "69.11-7-01"}], "data_situacao": "01/12/2016", "complemento": "LOJA 16", "nome": "ASSOCIACAO DOS PROCURADORES MUNICIPAIS DE MACAE - APMM", "uf": "RJ", "telefone": "(22) 9855-8399/ (22) 2772-6533", "email": "apm.macae@gmail.com", "qsa": [{"qual": "10-Diretor", "nome": "CLAUDIO MUNIZ LOPES RAMALHO"}, {"qual": "10-Diretor", "nome": "SERGIO TOLLEDO DE OLIVEIRA"}, {"qual": "16-Presidente", "nome": "RONALDO BATISTA DA SILVA"}, {"qual": "10-Diretor", "nome": "TULIO MARCO CASTRO BARRETO"}, {"qual": "10-Diretor", "nome": "ELCIO DO NASCIMENTO PONTES"}, {"qual": "10-Diretor", "nome": "JEAN FRANCO MANHAES DE CARVALHO"}], "situacao": "ATIVA", "bairro": "CENTRO", "logradouro": "AV RUI BARBOSA", "numero": "264", "cep": "27.910-362", "municipio": "MACAE", "porte": "DEMAIS", "abertura": "18/12/2007", "natureza_juridica": "399-9 - Associa\u00e7\u00e3o Privada", "fantasia": "ASSOCIACAO DOS PROCURADORES MUNICIPAIS DE MACAE - APMM", "cnpj": "12.657.344/0001-57", "ultima_atualizacao": "2020-02-08T20:54:10.122Z", "status": "OK", "tipo": "MATRIZ", "efr": "", "motivo_situacao": "", "situacao_especial": "", "data_situacao_especial": "", "atividades_secundarias": [{"code": "00.00-0-00", "text": "N\u00e3o informada"}], "capital_social": "0.00", "extra": {}, "billing": {"free": false, "database": false}}