{"atividade_principal": [{"text": "Administra\u00e7\u00e3o de caixas escolares", "code": "85.50-3-01"}], "data_situacao": "30/08/2010", "nome": "CONSELHO ESCOLAR DA ESCOLA MUNICIPAL DE EDUCACAO INFANTIL PROFESSORA IRACY PINHEIRO MARQUES", "uf": "RJ", "telefone": "(22) 9778-2170", "email": "pablo_parga@hotmail.com", "atividades_secundarias": [{"text": "Outras atividades de ensino n\u00e3o especificadas anteriormente", "code": "85.99-6-99"}], "qsa": [{"qual": "16-Presidente", "nome": "LILIANA MESQUITA DE SOUZA"}], "situacao": "ATIVA", "bairro": "LAGOMAR", "logradouro": "AV DOS BANDEIRANTES", "numero": "50", "cep": "27.966-540", "municipio": "MACAE", "porte": "DEMAIS", "abertura": "30/08/2010", "natureza_juridica": "399-9 - Associa\u00e7\u00e3o Privada", "fantasia": "CE EMEIPIPM", "cnpj": "12.674.571/0001-90", "ultima_atualizacao": "2020-02-08T17:57:05.936Z", "status": "OK", "tipo": "MATRIZ", "complemento": "", "efr": "", "motivo_situacao": "", "situacao_especial": "", "data_situacao_especial": "", "capital_social": "0.00", "extra": {}, "billing": {"free": false, "database": true}}