{"atividade_principal": [{"text": "Administra\u00e7\u00e3o de caixas escolares", "code": "85.50-3-01"}], "data_situacao": "18/06/2010", "nome": "CONSELHO ESCOLAR DA ESCOLA MUNICIPAL DE EDUCACAO INFANTIL PROFESSOR JOSE BRUNO DE AZEVEDO", "uf": "RJ", "telefone": "(22) 9964-0962", "email": "pablo_parga@hotmail.com", "atividades_secundarias": [{"text": "Outras atividades de ensino n\u00e3o especificadas anteriormente", "code": "85.99-6-99"}], "qsa": [{"qual": "16-Presidente", "nome": "ADRIANA ANGELO PINHEIRO GREGORIO"}], "situacao": "ATIVA", "bairro": "MALVINAS", "logradouro": "R MARIA JOSE MAHON SANTOS", "numero": "1256", "cep": "27.946-240", "municipio": "MACAE", "porte": "DEMAIS", "abertura": "18/06/2010", "natureza_juridica": "399-9 - Associa\u00e7\u00e3o Privada", "fantasia": "CE EMEIPJBA", "cnpj": "12.674.528/0001-25", "ultima_atualizacao": "2020-02-08T17:40:35.112Z", "status": "OK", "tipo": "MATRIZ", "complemento": "", "efr": "", "motivo_situacao": "", "situacao_especial": "", "data_situacao_especial": "", "capital_social": "0.00", "extra": {}, "billing": {"free": false, "database": true}}