{"atividade_principal": [{"text": "Fabrica\u00e7\u00e3o de m\u00f3veis com predomin\u00e2ncia de metal", "code": "31.02-1-00"}], "data_situacao": "28/10/2010", "nome": "RCK COMERCIAL DE EQUIPAMENTOS TECNOLOGICOS LTDA", "uf": "PR", "telefone": "(41) 3282-0072", "atividades_secundarias": [{"text": "Fabrica\u00e7\u00e3o de artefatos de material pl\u00e1stico para usos industriais", "code": "22.29-3-02"}, {"text": "Manuten\u00e7\u00e3o e repara\u00e7\u00e3o de equipamentos e produtos n\u00e3o especificados anteriormente", "code": "33.19-8-00"}], "qsa": [{"qual": "49-S\u00f3cio-Administrador", "nome": "ALIETE PEREIRA DE ALMEIDA KLAESIUS"}, {"qual": "22-S\u00f3cio", "nome": "ROMULO CESAR KLAESIUS"}], "situacao": "ATIVA", "bairro": "CRUZEIRO", "logradouro": "R CASTRO", "numero": "127", "cep": "83.010-080", "municipio": "SAO JOSE DOS PINHAIS", "porte": "EMPRESA DE PEQUENO PORTE", "abertura": "28/10/2010", "natureza_juridica": "206-2 - Sociedade Empres\u00e1ria Limitada", "cnpj": "13.007.666/0001-13", "ultima_atualizacao": "2020-02-08T20:09:00.231Z", "status": "OK", "tipo": "MATRIZ", "fantasia": "", "complemento": "", "email": "", "efr": "", "motivo_situacao": "", "situacao_especial": "", "data_situacao_especial": "", "capital_social": "50000.00", "extra": {}, "billing": {"free": false, "database": false}}