{"atividade_principal": [{"text": "Servi\u00e7os de engenharia", "code": "71.12-0-00"}], "data_situacao": "08/12/2010", "complemento": "ANDAR 9", "nome": "AVALOR ENGENHARIA DE AVALIACOES LTDA", "uf": "SP", "telefone": "(11) 2476-5152/ (11) 5631-2062", "email": "contato@acalor.com.br", "atividades_secundarias": [{"text": "Servi\u00e7os de desenho t\u00e9cnico relacionados \u00e0 arquitetura e engenharia", "code": "71.19-7-03"}], "qsa": [{"qual": "49-S\u00f3cio-Administrador", "nome": "BRENO JARDIM KUHN"}, {"qual": "22-S\u00f3cio", "nome": "MARTA HELENA OLIANO DE CARVALHO"}], "situacao": "ATIVA", "bairro": "CAMPO BELO", "logradouro": "AV VEREADOR JOSE DINIZ", "numero": "3720", "cep": "04.604-007", "municipio": "SAO PAULO", "porte": "DEMAIS", "abertura": "08/12/2010", "natureza_juridica": "224-0 - Sociedade Simples Limitada", "fantasia": "AVALOR", "cnpj": "13.016.939/0001-96", "ultima_atualizacao": "2020-02-08T19:30:58.872Z", "status": "OK", "tipo": "MATRIZ", "efr": "", "motivo_situacao": "", "situacao_especial": "", "data_situacao_especial": "", "capital_social": "80000.00", "extra": {}, "billing": {"free": false, "database": true}}