{"atividade_principal": [{"text": "Produ\u00e7\u00e3o teatral", "code": "90.01-9-01"}], "data_situacao": "27/12/2010", "complemento": "APT 201", "nome": "CASA POEMA PRODUCAO E EDUCACAO CULTURAL LTDA", "uf": "RJ", "telefone": "(21) 3579-3445", "atividades_secundarias": [{"text": "Ensino de artes c\u00eanicas, exceto dan\u00e7a", "code": "85.92-9-02"}], "qsa": [{"qual": "49-S\u00f3cio-Administrador", "nome": "ELISA LUCINDA CAMPOS GOMES"}, {"qual": "49-S\u00f3cio-Administrador", "nome": "GEOVANA PIRES DA SILVA"}], "situacao": "ATIVA", "bairro": "LAGOA", "logradouro": "R SACOPA", "numero": "159", "cep": "22.471-180", "municipio": "RIO DE JANEIRO", "porte": "MICRO EMPRESA", "abertura": "27/12/2010", "natureza_juridica": "206-2 - Sociedade Empres\u00e1ria Limitada", "fantasia": "COMPANHIA DA OUTRA", "cnpj": "13.113.544/0001-01", "ultima_atualizacao": "2020-02-08T20:34:39.122Z", "status": "OK", "tipo": "MATRIZ", "email": "", "efr": "", "motivo_situacao": "", "situacao_especial": "", "data_situacao_especial": "", "capital_social": "30000.00", "extra": {}, "billing": {"free": false, "database": false}}