{"atividade_principal": [{"text": "Desenvolvimento e licenciamento de programas de computador n\u00e3o-customiz\u00e1veis", "code": "62.03-1-00"}], "data_situacao": "03/03/2011", "complemento": "ANDAR 5 SALA 512-A", "nome": "HIS TECNOLOGIA E SISTEMAS LTDA.", "uf": "SP", "telefone": "(21) 3298-2600", "email": "luis.cruz@histecnologia.com", "atividades_secundarias": [{"text": "Instala\u00e7\u00e3o de outros equipamentos n\u00e3o especificados anteriormente", "code": "33.29-5-99"}, {"text": "Repara\u00e7\u00e3o e manuten\u00e7\u00e3o de computadores e de equipamentos perif\u00e9ricos", "code": "95.11-8-00"}, {"text": "Consultoria em tecnologia da informa\u00e7\u00e3o", "code": "62.04-0-00"}, {"text": "Atividades de teleatendimento", "code": "82.20-2-00"}, {"text": "Atividades de intermedia\u00e7\u00e3o e agenciamento de servi\u00e7os e neg\u00f3cios em geral, exceto imobili\u00e1rios", "code": "74.90-1-04"}, {"text": "Treinamento em desenvolvimento profissional e gerencial", "code": "85.99-6-04"}, {"text": "Com\u00e9rcio atacadista de equipamentos de inform\u00e1tica", "code": "46.51-6-01"}, {"text": "Outras sociedades de participa\u00e7\u00e3o, exceto holdings", "code": "64.63-8-00"}, {"text": "Tratamento de dados, provedores de servi\u00e7os de aplica\u00e7\u00e3o e servi\u00e7os de hospedagem na internet", "code": "63.11-9-00"}, {"text": "Aluguel de im\u00f3veis pr\u00f3prios", "code": "68.10-2-02"}], "qsa": [{"qual": "22-S\u00f3cio", "nome": "RAFAEL LUIS MORA FUNES"}, {"qual": "05-Administrador", "nome": "GILBERTO HENRIQUE VALENTE MARTINS"}, {"qual": "05-Administrador", "nome": "NUNO MIGUEL GUERREIRO DIAS"}, {"qual": "05-Administrador", "nome": "NUNO ROCHA DOS SANTOS DE ALMEIDA E VASCONCELLOS"}, {"qual": "37-S\u00f3cio Pessoa Jur\u00eddica Domiciliado no Exterior", "pais_origem": "PANAM\u00c1", "nome_rep_legal": "JOSE ANTONIO BASSI FERNANDES", "qual_rep_legal": "17-Procurador", "nome": "AFFERA S.A."}], "situacao": "ATIVA", "bairro": "SANTO AMARO", "logradouro": "R BENEDITO FERNANDES", "numero": "545", "cep": "04.746-110", "municipio": "SAO PAULO", "porte": "DEMAIS", "abertura": "03/03/2011", "natureza_juridica": "206-2 - Sociedade Empres\u00e1ria Limitada", "cnpj": "13.382.260/0001-10", "ultima_atualizacao": "2020-02-08T21:00:15.214Z", "status": "OK", "tipo": "MATRIZ", "fantasia": "", "efr": "", "motivo_situacao": "", "situacao_especial": "", "data_situacao_especial": "", "capital_social": "756340.00", "extra": {}, "billing": {"free": false, "database": false}}