{"atividade_principal": [{"text": "Com\u00e9rcio atacadista de instrumentos e materiais para uso m\u00e9dico, cir\u00fargico, hospitalar e de laborat\u00f3rios", "code": "46.45-1-01"}], "data_situacao": "24/03/2011", "complemento": "SAL 501", "nome": "TECHMED COMERCIO DE MATERIAL HOSPITALAR LTDA", "uf": "RJ", "telefone": "(21) 2557-8590/ (21) 2557-3057", "email": "cleber@techmedrj.com.br", "atividades_secundarias": [{"text": "Manuten\u00e7\u00e3o e repara\u00e7\u00e3o de aparelhos eletrom\u00e9dicos e eletroterap\u00eauticos e equipamentos de irradia\u00e7\u00e3o", "code": "33.12-1-03"}, {"text": "Manuten\u00e7\u00e3o e repara\u00e7\u00e3o de equipamentos e produtos n\u00e3o especificados anteriormente", "code": "33.19-8-00"}, {"text": "Representantes comerciais e agentes do com\u00e9rcio de mercadorias em geral n\u00e3o especializado", "code": "46.19-2-00"}, {"text": "Com\u00e9rcio atacadista de m\u00e1quinas, aparelhos e equipamentos para uso odonto-m\u00e9dico-hospitalar; partes e pe\u00e7as", "code": "46.64-8-00"}, {"text": "Aluguel de material m\u00e9dico", "code": "77.29-2-03"}, {"text": "Aluguel de equipamentos cient\u00edficos, m\u00e9dicos e hospitalares, sem operador", "code": "77.39-0-02"}], "qsa": [{"qual": "49-S\u00f3cio-Administrador", "nome": "PAULO ROBERTO SANTANNA JUNIOR"}, {"qual": "49-S\u00f3cio-Administrador", "nome": "TATIANA VIEIRA SANT ANNA"}], "situacao": "ATIVA", "bairro": "FLAMENGO", "logradouro": "R BARAO DO FLAMENGO", "numero": "00022", "cep": "22.220-080", "municipio": "RIO DE JANEIRO", "porte": "DEMAIS", "abertura": "24/03/2011", "natureza_juridica": "206-2 - Sociedade Empres\u00e1ria Limitada", "cnpj": "13.416.394/0001-05", "ultima_atualizacao": "2020-02-08T00:02:12.027Z", "status": "OK", "tipo": "MATRIZ", "fantasia": "", "efr": "", "motivo_situacao": "", "situacao_especial": "", "data_situacao_especial": "", "capital_social": "1000000.00", "extra": {}, "billing": {"free": false, "database": true}}