{"atividade_principal": [{"text": "Com\u00e9rcio varejista de materiais de constru\u00e7\u00e3o n\u00e3o especificados anteriormente", "code": "47.44-0-05"}], "data_situacao": "12/04/2011", "complemento": "LOJA 05", "nome": "COMERCIAL DMA AUTO PECAS LTDA", "uf": "RJ", "telefone": "(22) 2772-5706", "atividades_secundarias": [{"text": "Manuten\u00e7\u00e3o e repara\u00e7\u00e3o de m\u00e1quinas, aparelhos e materiais el\u00e9tricos n\u00e3o especificados anteriormente", "code": "33.13-9-99"}, {"text": "Manuten\u00e7\u00e3o e repara\u00e7\u00e3o de m\u00e1quinas motrizes n\u00e3o-el\u00e9tricas", "code": "33.14-7-01"}, {"text": "Manuten\u00e7\u00e3o e repara\u00e7\u00e3o de equipamentos hidr\u00e1ulicos e pneum\u00e1ticos, exceto v\u00e1lvulas", "code": "33.14-7-02"}, {"text": "Representantes comerciais e agentes do com\u00e9rcio de m\u00e1quinas, equipamentos, embarca\u00e7\u00f5es e aeronaves", "code": "46.14-1-00"}, {"text": "Com\u00e9rcio varejista de material el\u00e9trico", "code": "47.42-3-00"}, {"text": "Com\u00e9rcio varejista de ferragens e ferramentas", "code": "47.44-0-01"}], "qsa": [{"qual": "49-S\u00f3cio-Administrador", "nome": "ROGERIO SILVA DE OLIVEIRA"}, {"qual": "22-S\u00f3cio", "nome": "GERALDA MARIA MANHAES DA SILVA"}], "situacao": "ATIVA", "bairro": "CENTRO", "logradouro": "R DA IGUALDADE", "numero": "289", "cep": "27.913-140", "municipio": "MACAE", "porte": "MICRO EMPRESA", "abertura": "12/04/2011", "natureza_juridica": "206-2 - Sociedade Empres\u00e1ria Limitada", "cnpj": "13.499.923/0001-81", "ultima_atualizacao": "2020-02-08T20:25:06.057Z", "status": "OK", "tipo": "MATRIZ", "fantasia": "", "email": "", "efr": "", "motivo_situacao": "", "situacao_especial": "", "data_situacao_especial": "", "capital_social": "400000.00", "extra": {}, "billing": {"free": false, "database": false}}