{"atividade_principal": [{"text": "Com\u00e9rcio atacadista de instrumentos e materiais para uso m\u00e9dico, cir\u00fargico, hospitalar e de laborat\u00f3rios", "code": "46.45-1-01"}], "data_situacao": "27/04/2011", "nome": "MHS COMERCIO E SERVICOS DE INFORMATICA EIRELI", "uf": "RJ", "telefone": "(21) 3488-9858", "email": "presidencia@grupomhs.com.br", "atividades_secundarias": [{"text": "Fabrica\u00e7\u00e3o de produtos de papel para uso dom\u00e9stico e higi\u00eanico-sanit\u00e1rio n\u00e3o especificados anteriormente", "code": "17.42-7-99"}, {"text": "Constru\u00e7\u00e3o de edif\u00edcios", "code": "41.20-4-00"}, {"text": "Obras de terraplenagem", "code": "43.13-4-00"}, {"text": "Com\u00e9rcio atacadista de roupas e acess\u00f3rios para uso profissional e de seguran\u00e7a do trabalho", "code": "46.42-7-02"}, {"text": "Com\u00e9rcio atacadista de produtos de higiene pessoal", "code": "46.46-0-02"}, {"text": "Com\u00e9rcio atacadista de artigos de escrit\u00f3rio e de papelaria", "code": "46.47-8-01"}, {"text": "Com\u00e9rcio atacadista de equipamentos el\u00e9tricos de uso pessoal e dom\u00e9stico", "code": "46.49-4-01"}, {"text": "Com\u00e9rcio atacadista de produtos de higiene, limpeza e conserva\u00e7\u00e3o domiciliar", "code": "46.49-4-08"}, {"text": "Com\u00e9rcio atacadista de outros equipamentos e artigos de uso pessoal e dom\u00e9stico n\u00e3o especificados anteriormente", "code": "46.49-4-99"}, {"text": "Com\u00e9rcio atacadista de equipamentos de inform\u00e1tica", "code": "46.51-6-01"}, {"text": "Transporte rodovi\u00e1rio de carga, exceto produtos perigosos e mudan\u00e7as, intermunicipal, interestadual e internacional", "code": "49.30-2-02"}, {"text": "Transporte rodovi\u00e1rio de produtos perigosos", "code": "49.30-2-03"}, {"text": "Atividades de monitoramento de sistemas de seguran\u00e7a eletr\u00f4nico", "code": "80.20-0-01"}, {"text": "Repara\u00e7\u00e3o e manuten\u00e7\u00e3o de computadores e de equipamentos perif\u00e9ricos", "code": "95.11-8-00"}, {"text": "Repara\u00e7\u00e3o e manuten\u00e7\u00e3o de outros objetos e equipamentos pessoais e dom\u00e9sticos n\u00e3o especificados anteriormente", "code": "95.29-1-99"}], "qsa": [{"qual": "65-Titular Pessoa F\u00edsica Residente ou Domiciliado no Brasil", "nome": "ROSILENE VICTORIO SANTOS"}], "situacao": "ATIVA", "bairro": "ROCHA SOBRINHO", "logradouro": "R MAGALHAES PINTO", "numero": "91", "cep": "26.572-310", "municipio": "MESQUITA", "porte": "MICRO EMPRESA", "abertura": "27/04/2011", "natureza_juridica": "230-5 - Empresa Individual de Responsabilidade Limitada (de Natureza Empres\u00e1ria)", "fantasia": "GRUPO MHS", "cnpj": "13.561.135/0001-78", "ultima_atualizacao": "2020-02-08T20:27:28.684Z", "status": "OK", "tipo": "MATRIZ", "complemento": "", "efr": "", "motivo_situacao": "", "situacao_especial": "", "data_situacao_especial": "", "capital_social": "700000.00", "extra": {}, "billing": {"free": false, "database": false}}