{"atividade_principal": [{"text": "Loca\u00e7\u00e3o de outros meios de transporte n\u00e3o especificados anteriormente, sem condutor", "code": "77.19-5-99"}], "data_situacao": "02/05/2011", "complemento": "LOJA 02", "nome": "AATR - LOCACAO DE VEICULOS ESPECIAIS LTDA", "uf": "MG", "telefone": "(31) 3274-8180/ (31) 3274-7015", "email": "contabilidade_lara@yahoo.com.br", "atividades_secundarias": [{"text": "Servi\u00e7o de transporte de passageiros - loca\u00e7\u00e3o de autom\u00f3veis com motorista", "code": "49.23-0-02"}, {"text": "Loca\u00e7\u00e3o de autom\u00f3veis sem condutor", "code": "77.11-0-00"}, {"text": "Loca\u00e7\u00e3o de embarca\u00e7\u00f5es sem tripula\u00e7\u00e3o, exceto para fins recreativos", "code": "77.19-5-01"}, {"text": "Aluguel de equipamentos cient\u00edficos, m\u00e9dicos e hospitalares, sem operador", "code": "77.39-0-02"}], "qsa": [{"qual": "22-S\u00f3cio", "nome": "ALEXSANDRA DE OLIVEIRA GONCALVES"}, {"qual": "49-S\u00f3cio-Administrador", "nome": "ALEXANDRE ANTONIO DA SILVA JOSE"}], "situacao": "ATIVA", "bairro": "IPIRANGA", "logradouro": "R JACUI", "numero": "3340", "cep": "31.160-190", "municipio": "BELO HORIZONTE", "porte": "MICRO EMPRESA", "abertura": "02/05/2011", "natureza_juridica": "206-2 - Sociedade Empres\u00e1ria Limitada", "fantasia": "AATR - LOCADORA DE VEICULOS ESPECIAIS", "cnpj": "13.588.203/0001-92", "ultima_atualizacao": "2020-02-08T20:02:19.511Z", "status": "OK", "tipo": "MATRIZ", "efr": "", "motivo_situacao": "", "situacao_especial": "", "data_situacao_especial": "", "capital_social": "250000.00", "extra": {}, "billing": {"free": false, "database": false}}