{"atividade_principal": [{"text": "Fabrica\u00e7\u00e3o de conservas de frutas", "code": "10.31-7-00"}], "data_situacao": "27/04/2011", "complemento": "KM 27", "nome": "COOPERATIVA AGROINDUSTRIAL DE GARRAFAO", "uf": "ES", "telefone": "(27) 3263-1861", "email": "sidcontabiladm@pomernet.com.br", "atividades_secundarias": [{"text": "Fabrica\u00e7\u00e3o de sucos de frutas, hortali\u00e7as e legumes, exceto concentrados", "code": "10.33-3-02"}, {"text": "Fabrica\u00e7\u00e3o de conservas de legumes e outros vegetais, exceto palmito", "code": "10.32-5-99"}, {"text": "Fabrica\u00e7\u00e3o de sucos concentrados de frutas, hortali\u00e7as e legumes", "code": "10.33-3-01"}, {"text": "Com\u00e9rcio atacadista de frutas, verduras, ra\u00edzes, tub\u00e9rculos, hortali\u00e7as e legumes frescos", "code": "46.33-8-01"}, {"text": "Com\u00e9rcio atacadista de cereais e leguminosas beneficiados", "code": "46.32-0-01"}, {"text": "Com\u00e9rcio varejista de hortifrutigranjeiros", "code": "47.24-5-00"}, {"text": "Com\u00e9rcio atacadista de defensivos agr\u00edcolas, adubos, fertilizantes e corretivos do solo", "code": "46.83-4-00"}, {"text": "Servi\u00e7o de prepara\u00e7\u00e3o de terreno, cultivo e colheita", "code": "01.61-0-03"}], "qsa": [{"qual": "16-Presidente", "nome": "WASHINGTON HENRIQUE MACHADO"}, {"qual": "10-Diretor", "nome": "ADILSON BRAUN"}, {"qual": "10-Diretor", "nome": "RONE JANUTH"}, {"qual": "10-Diretor", "nome": "LUZINETE CHAVES DE CARVALHO"}], "situacao": "ATIVA", "bairro": "GARRAFAO", "logradouro": "ROD DALMACIO ESPINDULA", "numero": "S/N", "cep": "29.645-000", "municipio": "SANTA MARIA DE JETIBA", "porte": "DEMAIS", "abertura": "27/04/2011", "natureza_juridica": "214-3 - Cooperativa", "fantasia": "GARRAFAOFRUIT", "cnpj": "13.597.960/0001-22", "ultima_atualizacao": "2020-02-07T23:04:10.709Z", "status": "OK", "tipo": "MATRIZ", "efr": "", "motivo_situacao": "", "situacao_especial": "", "data_situacao_especial": "", "capital_social": "1700.00", "extra": {}, "billing": {"free": false, "database": true}}