{"atividade_principal": [{"text": "Fabrica\u00e7\u00e3o de tintas, vernizes, esmaltes e lacas", "code": "20.71-1-00"}], "data_situacao": "11/05/2011", "nome": "LUZCOLOR INDUSTRIA E COMERCIO LTDA", "uf": "MG", "telefone": "(32) 3721-0795/ (32) 3753-1150", "email": "valdir.luzcolor@gmail.com", "atividades_secundarias": [{"text": "Fabrica\u00e7\u00e3o de impermeabilizantes, solventes e produtos afins", "code": "20.73-8-00"}, {"text": "Com\u00e9rcio varejista de tintas e materiais para pintura", "code": "47.41-5-00"}, {"text": "Transporte rodovi\u00e1rio de carga, exceto produtos perigosos e mudan\u00e7as, intermunicipal, interestadual e internacional", "code": "49.30-2-02"}], "qsa": [{"qual": "49-S\u00f3cio-Administrador", "nome": "KEILA CRISTINA DE SOUZA DA MATTA"}, {"qual": "49-S\u00f3cio-Administrador", "nome": "VALDIR LUZIA DE SOUZA JUNIOR"}], "situacao": "ATIVA", "bairro": "VILA CONCEICAO", "logradouro": "R DOMICIANO MARTINS DE ANDRADE", "numero": "140", "cep": "36.889-190", "municipio": "MURIAE", "porte": "EMPRESA DE PEQUENO PORTE", "abertura": "11/05/2011", "natureza_juridica": "206-2 - Sociedade Empres\u00e1ria Limitada", "cnpj": "13.628.137/0001-37", "ultima_atualizacao": "2020-02-08T19:18:57.001Z", "status": "OK", "tipo": "MATRIZ", "fantasia": "", "complemento": "", "efr": "", "motivo_situacao": "", "situacao_especial": "", "data_situacao_especial": "", "capital_social": "60000.00", "extra": {}, "billing": {"free": false, "database": true}}