{"atividade_principal": [{"text": "Servi\u00e7os de alimenta\u00e7\u00e3o para eventos e recep\u00e7\u00f5es - buf\u00ea", "code": "56.20-1-02"}], "data_situacao": "08/09/2011", "nome": "VALDELICIA R.DA SILVA SERVICOS DE BUFFET", "uf": "RJ", "telefone": "(22) 2759-8581", "atividades_secundarias": [{"text": "Com\u00e9rcio varejista de bebidas", "code": "47.23-7-00"}, {"text": "Com\u00e9rcio varejista de produtos aliment\u00edcios em geral ou especializado em produtos aliment\u00edcios n\u00e3o especificados anteriormente", "code": "47.29-6-99"}, {"text": "Fabrica\u00e7\u00e3o de alimentos e pratos prontos", "code": "10.96-1-00"}, {"text": "Servi\u00e7os de organiza\u00e7\u00e3o de feiras, congressos, exposi\u00e7\u00f5es e festas", "code": "82.30-0-01"}], "qsa": [], "situacao": "ATIVA", "bairro": "SOL E MAR", "logradouro": "R AZEVICHE", "numero": "50", "cep": "27.940-170", "municipio": "MACAE", "porte": "MICRO EMPRESA", "abertura": "08/09/2011", "natureza_juridica": "213-5 - Empres\u00e1rio (Individual)", "fantasia": "FIA FESTAS", "cnpj": "14.310.562/0001-46", "ultima_atualizacao": "2020-02-07T23:46:48.393Z", "status": "OK", "tipo": "MATRIZ", "complemento": "", "email": "", "efr": "", "motivo_situacao": "", "situacao_especial": "", "data_situacao_especial": "", "capital_social": "40000.00", "extra": {}, "billing": {"free": false, "database": true}}