{"atividade_principal": [{"text": "Manuten\u00e7\u00e3o e repara\u00e7\u00e3o de equipamentos e produtos n\u00e3o especificados anteriormente", "code": "33.19-8-00"}], "data_situacao": "30/08/2011", "nome": "M C DE SOUZA EQUIPAMENTOS MEDICOS", "uf": "RJ", "telefone": "(21) 3629-4562", "email": "financeiro@ultech.com.br", "atividades_secundarias": [{"text": "Aluguel de equipamentos cient\u00edficos, m\u00e9dicos e hospitalares, sem operador", "code": "77.39-0-02"}, {"text": "Com\u00e9rcio atacadista de instrumentos e materiais para uso m\u00e9dico, cir\u00fargico, hospitalar e de laborat\u00f3rios", "code": "46.45-1-01"}, {"text": "Com\u00e9rcio atacadista de m\u00e1quinas, aparelhos e equipamentos para uso odonto-m\u00e9dico-hospitalar; partes e pe\u00e7as", "code": "46.64-8-00"}, {"text": "Instala\u00e7\u00e3o de outros equipamentos n\u00e3o especificados anteriormente", "code": "33.29-5-99"}, {"text": "Repara\u00e7\u00e3o e manuten\u00e7\u00e3o de computadores e de equipamentos perif\u00e9ricos", "code": "95.11-8-00"}, {"text": "Representantes comerciais e agentes do com\u00e9rcio de instrumentos e materiais odonto-m\u00e9dico-hospitalares", "code": "46.18-4-02"}], "qsa": [], "situacao": "ATIVA", "bairro": "CENTRO", "logradouro": "R EVARISTO DA VEIGA", "numero": "13", "cep": "24.020-280", "municipio": "NITEROI", "porte": "MICRO EMPRESA", "abertura": "30/08/2011", "natureza_juridica": "213-5 - Empres\u00e1rio (Individual)", "fantasia": "ULTECH", "cnpj": "14.481.558/0001-40", "ultima_atualizacao": "2020-02-08T20:26:55.656Z", "status": "OK", "tipo": "MATRIZ", "complemento": "", "efr": "", "motivo_situacao": "", "situacao_especial": "", "data_situacao_especial": "", "capital_social": "12000.00", "extra": {}, "billing": {"free": false, "database": false}}