{"atividade_principal": [{"text": "Fabrica\u00e7\u00e3o de instrumentos n\u00e3o-eletr\u00f4nicos e utens\u00edlios para uso m\u00e9dico, cir\u00fargico, odontol\u00f3gico e de laborat\u00f3rio", "code": "32.50-7-01"}], "data_situacao": "11/06/2012", "nome": "ECO DIAGNOSTICA LTDA", "uf": "MG", "telefone": "(31) 3212-6157", "email": "fortcontabil@hotmail.com", "atividades_secundarias": [{"text": "Manuten\u00e7\u00e3o e repara\u00e7\u00e3o de aparelhos e instrumentos de medida, teste e controle", "code": "33.12-1-02"}, {"text": "Com\u00e9rcio atacadista de instrumentos e materiais para uso m\u00e9dico, cir\u00fargico, hospitalar e de laborat\u00f3rios", "code": "46.45-1-01"}, {"text": "Com\u00e9rcio atacadista de produtos de higiene, limpeza e conserva\u00e7\u00e3o domiciliar", "code": "46.49-4-08"}, {"text": "Outras atividades profissionais, cient\u00edficas e t\u00e9cnicas n\u00e3o especificadas anteriormente", "code": "74.90-1-99"}, {"text": "Aluguel de equipamentos cient\u00edficos, m\u00e9dicos e hospitalares, sem operador", "code": "77.39-0-02"}, {"text": "Laborat\u00f3rios cl\u00ednicos", "code": "86.40-2-02"}], "situacao": "ATIVA", "bairro": "OLIVEIRA", "logradouro": "AV AMARANTE RIBEIRO DE CASTRO", "numero": "551", "cep": "39.200-000", "municipio": "CORINTO", "porte": "DEMAIS", "abertura": "11/06/2012", "natureza_juridica": "206-2 - Sociedade Empres\u00e1ria Limitada", "cnpj": "14.633.154/0002-06", "ultima_atualizacao": "2020-02-08T20:39:42.495Z", "status": "OK", "tipo": "FILIAL", "fantasia": "", "complemento": "", "efr": "", "motivo_situacao": "", "situacao_especial": "", "data_situacao_especial": "", "capital_social": "0.00", "qsa": [], "extra": {}, "billing": {"free": false, "database": false}}