{"atividade_principal": [{"text": "Com\u00e9rcio varejista de m\u00f3veis", "code": "47.54-7-01"}], "data_situacao": "29/11/2011", "complemento": "SALA 02", "nome": "GREGORIO'S COMERCIO DE MOVEIS LTDA", "uf": "SP", "telefone": "(11) 2359-2204", "email": "gregorios.com@hotmail.com", "atividades_secundarias": [{"text": "Com\u00e9rcio varejista de material el\u00e9trico", "code": "47.42-3-00"}, {"text": "Comercio varejista de artigos de cama, mesa e banho", "code": "47.55-5-03"}, {"text": "Com\u00e9rcio varejista de artigos de viagem", "code": "47.82-2-02"}, {"text": "Com\u00e9rcio varejista de artigos de ilumina\u00e7\u00e3o", "code": "47.54-7-03"}, {"text": "Com\u00e9rcio varejista especializado de equipamentos de telefonia e comunica\u00e7\u00e3o", "code": "47.52-1-00"}, {"text": "Com\u00e9rcio varejista de materiais hidr\u00e1ulicos", "code": "47.44-0-03"}, {"text": "Com\u00e9rcio varejista de artigos de papelaria", "code": "47.61-0-03"}, {"text": "Com\u00e9rcio varejista de artigos do vestu\u00e1rio e acess\u00f3rios", "code": "47.81-4-00"}, {"text": "Com\u00e9rcio varejista especializado de equipamentos e suprimentos de inform\u00e1tica", "code": "47.51-2-01"}, {"text": "Com\u00e9rcio varejista de materiais de constru\u00e7\u00e3o em geral", "code": "47.44-0-99"}, {"text": "Com\u00e9rcio varejista de outros artigos de uso pessoal e dom\u00e9stico n\u00e3o especificados anteriormente", "code": "47.59-8-99"}, {"text": "Montagem e instala\u00e7\u00e3o de sistemas e equipamentos de ilumina\u00e7\u00e3o e sinaliza\u00e7\u00e3o em vias p\u00fablicas, portos e aeroportos", "code": "43.29-1-04"}], "qsa": [{"qual": "49-S\u00f3cio-Administrador", "nome": "LUCINEIDE BEZERRA DOS SANTOS"}, {"qual": "49-S\u00f3cio-Administrador", "nome": "ANDRESSA PANINI ALBISSU"}], "situacao": "ATIVA", "bairro": "JARDIM IMPERADOR (ZONA LESTE)", "logradouro": "R SAO JOAO DO PARAISO", "numero": "422", "cep": "03.934-000", "municipio": "SAO PAULO", "porte": "EMPRESA DE PEQUENO PORTE", "abertura": "29/11/2011", "natureza_juridica": "206-2 - Sociedade Empres\u00e1ria Limitada", "cnpj": "14.700.761/0001-60", "ultima_atualizacao": "2020-02-08T18:59:31.872Z", "status": "OK", "tipo": "MATRIZ", "fantasia": "", "efr": "", "motivo_situacao": "", "situacao_especial": "", "data_situacao_especial": "", "capital_social": "1300000.00", "extra": {}, "billing": {"free": false, "database": true}}