{"atividade_principal": [{"text": "Com\u00e9rcio varejista de artigos de papelaria", "code": "47.61-0-03"}], "data_situacao": "08/09/2011", "nome": "BAZAR E PAPELARIA MN LTDA", "uf": "RJ", "telefone": "(21) 2201-4070", "atividades_secundarias": [{"text": "Com\u00e9rcio varejista de material el\u00e9trico", "code": "47.42-3-00"}, {"text": "Com\u00e9rcio varejista especializado de pe\u00e7as e acess\u00f3rios para aparelhos eletroeletr\u00f4nicos para uso dom\u00e9stico, exceto inform\u00e1tica e comunica\u00e7\u00e3o", "code": "47.57-1-00"}, {"text": "Com\u00e9rcio varejista de m\u00f3veis", "code": "47.54-7-01"}, {"text": "Com\u00e9rcio varejista de artigos do vestu\u00e1rio e acess\u00f3rios", "code": "47.81-4-00"}, {"text": "Com\u00e9rcio varejista de cal\u00e7ados", "code": "47.82-2-01"}, {"text": "Com\u00e9rcio varejista especializado de equipamentos e suprimentos de inform\u00e1tica", "code": "47.51-2-01"}, {"text": "Com\u00e9rcio varejista de artigos m\u00e9dicos e ortop\u00e9dicos", "code": "47.73-3-00"}, {"text": "Com\u00e9rcio varejista de produtos saneantes domissanit\u00e1rios", "code": "47.89-0-05"}, {"text": "Representantes comerciais e agentes do com\u00e9rcio de mercadorias em geral n\u00e3o especializado", "code": "46.19-2-00"}, {"text": "Atividades de consultoria em gest\u00e3o empresarial, exceto consultoria t\u00e9cnica espec\u00edfica", "code": "70.20-4-00"}], "qsa": [{"qual": "49-S\u00f3cio-Administrador", "nome": "PATRICIA NOVAES SOARES"}, {"qual": "49-S\u00f3cio-Administrador", "nome": "KARINA BARBOSA MAZZONI TAMPASCO"}], "situacao": "ATIVA", "bairro": "OLARIA", "logradouro": "R URANOS", "numero": "1477", "cep": "21.060-070", "municipio": "RIO DE JANEIRO", "porte": "MICRO EMPRESA", "abertura": "08/09/2011", "natureza_juridica": "206-2 - Sociedade Empres\u00e1ria Limitada", "cnpj": "14.702.169/0001-06", "ultima_atualizacao": "2020-02-08T19:41:32.789Z", "status": "OK", "tipo": "MATRIZ", "fantasia": "", "complemento": "", "email": "", "efr": "", "motivo_situacao": "", "situacao_especial": "", "data_situacao_especial": "", "capital_social": "130000.00", "extra": {}, "billing": {"free": false, "database": false}}