{"atividade_principal": [{"text": "Com\u00e9rcio atacadista de frutas, verduras, ra\u00edzes, tub\u00e9rculos, hortali\u00e7as e legumes frescos", "code": "46.33-8-01"}], "data_situacao": "06/12/2011", "complemento": "PAVMTO1", "nome": "COOPERATIVA DOS AGRICULTORES FAMILIARES DE AFONSO CLAUDIO", "uf": "ES", "telefone": "(27) 3735-2780", "email": "caf.afonsoclaudio@yahoo.com.br", "atividades_secundarias": [{"text": "Com\u00e9rcio atacadista de cereais e leguminosas beneficiados", "code": "46.32-0-01"}, {"text": "Com\u00e9rcio atacadista de defensivos agr\u00edcolas, adubos, fertilizantes e corretivos do solo", "code": "46.83-4-00"}, {"text": "Fabrica\u00e7\u00e3o de conservas de frutas", "code": "10.31-7-00"}, {"text": "Fabrica\u00e7\u00e3o de sucos de frutas, hortali\u00e7as e legumes, exceto concentrados", "code": "10.33-3-02"}, {"text": "Fabrica\u00e7\u00e3o de conservas de legumes e outros vegetais, exceto palmito", "code": "10.32-5-99"}, {"text": "Fabrica\u00e7\u00e3o de sucos concentrados de frutas, hortali\u00e7as e legumes", "code": "10.33-3-01"}, {"text": "Beneficiamento de caf\u00e9", "code": "10.81-3-01"}, {"text": "Com\u00e9rcio atacadista de caf\u00e9 em gr\u00e3o", "code": "46.21-4-00"}, {"text": "Com\u00e9rcio atacadista de animais vivos", "code": "46.23-1-01"}, {"text": "Com\u00e9rcio atacadista de leite e latic\u00ednios", "code": "46.31-1-00"}, {"text": "Com\u00e9rcio atacadista de aves vivas e ovos", "code": "46.33-8-02"}, {"text": "Com\u00e9rcio atacadista de outros equipamentos e artigos de uso pessoal e dom\u00e9stico n\u00e3o especificados anteriormente", "code": "46.49-4-99"}, {"text": "Com\u00e9rcio varejista de hortifrutigranjeiros", "code": "47.24-5-00"}, {"text": "Com\u00e9rcio varejista de suvenires, bijuterias e artesanatos", "code": "47.89-0-01"}, {"text": "Com\u00e9rcio varejista de outros produtos n\u00e3o especificados anteriormente", "code": "47.89-0-99"}], "qsa": [{"qual": "16-Presidente", "nome": "GELSON FIORIO ZUIN"}, {"qual": "10-Diretor", "nome": "JAMILSON DELUCAS LAMAS"}, {"qual": "10-Diretor", "nome": "MARILZA DUTRA PAGOTTO PAIXAO"}, {"qual": "10-Diretor", "nome": "PEDRO VILL"}], "situacao": "ATIVA", "bairro": "CENTRO", "logradouro": "R RAMIRO DE BARROS", "numero": "40", "cep": "29.600-000", "municipio": "AFONSO CLAUDIO", "porte": "DEMAIS", "abertura": "06/12/2011", "natureza_juridica": "214-3 - Cooperativa", "fantasia": "CAFAC", "cnpj": "14.799.034/0001-00", "ultima_atualizacao": "2020-02-08T17:42:59.980Z", "status": "OK", "tipo": "MATRIZ", "efr": "", "motivo_situacao": "", "situacao_especial": "", "data_situacao_especial": "", "capital_social": "17700.00", "extra": {}, "billing": {"free": false, "database": true}}