{"atividade_principal": [{"text": "Administra\u00e7\u00e3o p\u00fablica em geral", "code": "84.11-6-00"}], "data_situacao": "15/12/2011", "complemento": "ANDAR 23", "nome": "CONSELHO DE ARQUITETURA E URBANISMO DO RIO DE JANEIRO - CAU/RJ", "efr": "UNI\u00c3O", "uf": "RJ", "telefone": "(21) 3916-3914/ (21) 3916-3904", "email": "tatiana.moura@caurj.gov.br", "situacao": "ATIVA", "bairro": "CENTRO", "logradouro": "AV REPUBLICA DO CHILE", "numero": "230", "cep": "20.031-919", "municipio": "RIO DE JANEIRO", "porte": "DEMAIS", "abertura": "15/12/2011", "natureza_juridica": "110-4 - Autarquia Federal", "cnpj": "14.892.247/0001-74", "ultima_atualizacao": "2020-02-08T01:00:35.574Z", "status": "OK", "tipo": "MATRIZ", "fantasia": "", "motivo_situacao": "", "situacao_especial": "", "data_situacao_especial": "", "atividades_secundarias": [{"code": "00.00-0-00", "text": "N\u00e3o informada"}], "capital_social": "0.00", "qsa": [], "extra": {}, "billing": {"free": false, "database": true}}