{"atividade_principal": [{"text": "Corretagem na compra e venda e avalia\u00e7\u00e3o de im\u00f3veis", "code": "68.21-8-01"}], "data_situacao": "14/03/2012", "complemento": ": RESIDENCIA; : PARTE;", "nome": "COSTALAR IMOVEIS LTDA", "uf": "RJ", "telefone": "(22) 2762-4412", "atividades_secundarias": [{"text": "Gest\u00e3o e administra\u00e7\u00e3o da propriedade imobili\u00e1ria", "code": "68.22-6-00"}, {"text": "Corretagem no aluguel de im\u00f3veis", "code": "68.21-8-02"}], "qsa": [{"qual": "49-S\u00f3cio-Administrador", "nome": "EMERSON DE MATTOS COSTA"}, {"qual": "22-S\u00f3cio", "nome": "ELENIR DE MATTOS COSTA"}], "situacao": "ATIVA", "bairro": "RIVIERA FLUMINENSE", "logradouro": "AL MANOEL P.CARNEIRO DA SILVA", "numero": "375", "cep": "27.937-180", "municipio": "MACAE", "porte": "MICRO EMPRESA", "abertura": "14/03/2012", "natureza_juridica": "206-2 - Sociedade Empres\u00e1ria Limitada", "fantasia": "COSTALAR IMOVEIS", "cnpj": "15.202.766/0001-26", "ultima_atualizacao": "2020-02-08T01:03:31.785Z", "status": "OK", "tipo": "MATRIZ", "email": "", "efr": "", "motivo_situacao": "", "situacao_especial": "", "data_situacao_especial": "", "capital_social": "270000.00", "extra": {}, "billing": {"free": false, "database": true}}