{"atividade_principal": [{"text": "Servi\u00e7os de comunica\u00e7\u00e3o multim\u00eddia - SCM", "code": "61.10-8-03"}], "data_situacao": "13/06/2012", "nome": "LACK SERVICOS DE COMUNICACAO MULTIMIDIA LTDA", "uf": "SP", "telefone": "(11) 2878-4777", "email": "c.contabilassessoria@uol.com.br", "atividades_secundarias": [{"text": "Marketing direto", "code": "73.19-0-03"}], "qsa": [{"qual": "49-S\u00f3cio-Administrador", "nome": "HUGO LACK DOS SANTOS"}, {"qual": "49-S\u00f3cio-Administrador", "nome": "LUCIVANE BARBOSA DOS SANTOS"}], "situacao": "ATIVA", "bairro": "PARQUE CONTINENTAL", "logradouro": "R GERALDO AUGUSTO DA SILVA", "numero": "280", "cep": "07.077-065", "municipio": "GUARULHOS", "porte": "MICRO EMPRESA", "abertura": "13/06/2012", "natureza_juridica": "206-2 - Sociedade Empres\u00e1ria Limitada", "fantasia": "LACK INFLAVEIS", "cnpj": "16.534.997/0001-08", "ultima_atualizacao": "2020-02-08T20:32:49.538Z", "status": "OK", "tipo": "MATRIZ", "complemento": "", "efr": "", "motivo_situacao": "", "situacao_especial": "", "data_situacao_especial": "", "capital_social": "10000.00", "extra": {}, "billing": {"free": false, "database": false}}