{"atividade_principal": [{"text": "Com\u00e9rcio varejista de artigos de papelaria", "code": "47.61-0-03"}], "data_situacao": "24/07/2012", "nome": "ETIBRASIL ETIQUETAS LTDA", "uf": "SP", "telefone": "(11) 2291-0900", "email": "contserv@bol.com.br", "atividades_secundarias": [{"text": "Comercio varejista de artigos de armarinho", "code": "47.55-5-02"}], "qsa": [{"qual": "49-S\u00f3cio-Administrador", "nome": "MARIA CRISTINA DE AGUILAR MONTONE"}, {"qual": "49-S\u00f3cio-Administrador", "nome": "KAREN AGUILAR MONTONE"}], "situacao": "ATIVA", "bairro": "BRAS", "logradouro": "R BRIGADEIRO MACHADO", "numero": "228", "cep": "03.050-050", "municipio": "SAO PAULO", "porte": "EMPRESA DE PEQUENO PORTE", "abertura": "24/07/2012", "natureza_juridica": "206-2 - Sociedade Empres\u00e1ria Limitada", "fantasia": "ETIBRASIL ETIQUETAS", "cnpj": "16.689.811/0001-81", "ultima_atualizacao": "2020-02-08T21:04:23.898Z", "status": "OK", "tipo": "MATRIZ", "complemento": "", "efr": "", "motivo_situacao": "", "situacao_especial": "", "data_situacao_especial": "", "capital_social": "10000.00", "extra": {}, "billing": {"free": false, "database": false}}