{"atividade_principal": [{"text": "Com\u00e9rcio atacadista de outras m\u00e1quinas e equipamentos n\u00e3o especificados anteriormente; partes e pe\u00e7as", "code": "46.69-9-99"}], "data_situacao": "24/08/2012", "nome": "POWERTOP - GEO TECNOLOGIAS LTDA.", "uf": "SP", "telefone": "(11) 5018-1790", "email": "margaridagr@uol.com.br", "atividades_secundarias": [{"text": "Aluguel de outras m\u00e1quinas e equipamentos comerciais e industriais n\u00e3o especificados anteriormente, sem operador", "code": "77.39-0-99"}, {"text": "Desenvolvimento e licenciamento de programas de computador customiz\u00e1veis", "code": "62.02-3-00"}, {"text": "Treinamento em desenvolvimento profissional e gerencial", "code": "85.99-6-04"}], "qsa": [{"qual": "49-S\u00f3cio-Administrador", "nome": "PATRICIA MENDES CHAVES"}, {"qual": "49-S\u00f3cio-Administrador", "nome": "THAIS RIBEIRO RAINHA"}, {"qual": "49-S\u00f3cio-Administrador", "nome": "CLELIA IKEHARA TAYRA"}], "situacao": "ATIVA", "bairro": "VILA MONTE ALEGRE", "logradouro": "R GALEAZZO ALESSI", "numero": "0132", "cep": "04.305-050", "municipio": "SAO PAULO", "porte": "EMPRESA DE PEQUENO PORTE", "abertura": "24/08/2012", "natureza_juridica": "206-2 - Sociedade Empres\u00e1ria Limitada", "cnpj": "16.847.452/0001-43", "ultima_atualizacao": "2020-02-08T19:41:55.196Z", "status": "OK", "tipo": "MATRIZ", "fantasia": "", "complemento": "", "efr": "", "motivo_situacao": "", "situacao_especial": "", "data_situacao_especial": "", "capital_social": "20000.00", "extra": {}, "billing": {"free": false, "database": false}}