{"atividade_principal": [{"text": "Com\u00e9rcio varejista de artigos m\u00e9dicos e ortop\u00e9dicos", "code": "47.73-3-00"}], "data_situacao": "28/06/2012", "complemento": "SALA 103/104", "nome": "CSH COMERCIO E SERVICOS HOSPITALARES LTDA", "uf": "RJ", "telefone": "(21) 3909-9011/ (21) 6477-4277", "email": "financeiro@csh.eng.br", "atividades_secundarias": [{"text": "Manuten\u00e7\u00e3o e repara\u00e7\u00e3o de aparelhos e instrumentos de medida, teste e controle", "code": "33.12-1-02"}, {"text": "Manuten\u00e7\u00e3o e repara\u00e7\u00e3o de aparelhos eletrom\u00e9dicos e eletroterap\u00eauticos e equipamentos de irradia\u00e7\u00e3o", "code": "33.12-1-03"}, {"text": "Manuten\u00e7\u00e3o e repara\u00e7\u00e3o de m\u00e1quinas e aparelhos de refrigera\u00e7\u00e3o e ventila\u00e7\u00e3o para uso industrial e comercial", "code": "33.14-7-07"}, {"text": "Manuten\u00e7\u00e3o e repara\u00e7\u00e3o de equipamentos e instrumentos \u00f3pticos", "code": "33.12-1-04"}, {"text": "Outras atividades de servi\u00e7os prestados principalmente \u00e0s empresas n\u00e3o especificadas anteriormente", "code": "82.99-7-99"}, {"text": "Manuten\u00e7\u00e3o e repara\u00e7\u00e3o de m\u00e1quinas, aparelhos e equipamentos para instala\u00e7\u00f5es t\u00e9rmicas", "code": "33.14-7-06"}], "qsa": [{"qual": "49-S\u00f3cio-Administrador", "nome": "EDGAR FRANCISCO ALVES JANUARIO"}, {"qual": "22-S\u00f3cio", "nome": "PRISCILLA REGIS MOREIRA"}], "situacao": "ATIVA", "bairro": "VILA IARA", "logradouro": "AV PRESIDENTE KENNEDY", "numero": "323", "cep": "24.465-018", "municipio": "SAO GONCALO", "porte": "MICRO EMPRESA", "abertura": "28/06/2012", "natureza_juridica": "206-2 - Sociedade Empres\u00e1ria Limitada", "fantasia": "CSH", "cnpj": "16.881.610/0001-81", "ultima_atualizacao": "2020-02-08T19:50:33.516Z", "status": "OK", "tipo": "MATRIZ", "efr": "", "motivo_situacao": "", "situacao_especial": "", "data_situacao_especial": "", "capital_social": "30000.00", "extra": {}, "billing": {"free": false, "database": false}}