{"atividade_principal": [{"text": "Treinamento em desenvolvimento profissional e gerencial", "code": "85.99-6-04"}], "data_situacao": "09/08/2012", "complemento": "SALA: 1;", "nome": "ASEA - CORPORACOES E DESENVOLVIMENTO LTDA", "uf": "SP", "telefone": "(18) 3301-0991", "email": "escritoriocodep@uol.com.br", "atividades_secundarias": [{"text": "Atividades de consultoria em gest\u00e3o empresarial, exceto consultoria t\u00e9cnica espec\u00edfica", "code": "70.20-4-00"}, {"text": "Portais, provedores de conte\u00fado e outros servi\u00e7os de informa\u00e7\u00e3o na internet", "code": "63.19-4-00"}, {"text": "Holdings de institui\u00e7\u00f5es n\u00e3o-financeiras", "code": "64.62-0-00"}, {"text": "Gest\u00e3o de ativos intang\u00edveis n\u00e3o-financeiros", "code": "77.40-3-00"}, {"text": "Com\u00e9rcio varejista de artigos de \u00f3ptica", "code": "47.74-1-00"}, {"text": "Com\u00e9rcio varejista de artigos de joalheria", "code": "47.83-1-01"}, {"text": "Com\u00e9rcio varejista de artigos de papelaria", "code": "47.61-0-03"}, {"text": "Com\u00e9rcio varejista de materiais de constru\u00e7\u00e3o em geral", "code": "47.44-0-99"}, {"text": "Com\u00e9rcio varejista especializado de equipamentos e suprimentos de inform\u00e1tica", "code": "47.51-2-01"}, {"text": "Com\u00e9rcio varejista de bebidas", "code": "47.23-7-00"}, {"text": "Com\u00e9rcio varejista de m\u00f3veis", "code": "47.54-7-01"}, {"text": "Prepara\u00e7\u00e3o de documentos e servi\u00e7os especializados de apoio administrativo n\u00e3o especificados anteriormente", "code": "82.19-9-99"}, {"text": "Atividades de consultoria e auditoria cont\u00e1bil e tribut\u00e1ria", "code": "69.20-6-02"}, {"text": "Lojas de variedades, exceto lojas de departamentos ou magazines", "code": "47.13-0-02"}, {"text": "Representantes comerciais e agentes do com\u00e9rcio de mercadorias em geral n\u00e3o especializado", "code": "46.19-2-00"}, {"text": "Auditoria e consultoria atuarial", "code": "66.21-5-02"}, {"text": "Com\u00e9rcio varejista de cosm\u00e9ticos, produtos de perfumaria e de higiene pessoal", "code": "47.72-5-00"}], "qsa": [{"qual": "49-S\u00f3cio-Administrador", "nome": "OSMAR ANTONIO DA SILVA"}, {"qual": "49-S\u00f3cio-Administrador", "nome": "GABRIEL TREVELIN DE VASCONCELLOS LORENA E SILVA"}], "situacao": "ATIVA", "bairro": "JARDIM ELDORADO", "logradouro": "R ANGELO TACHINARDI", "numero": "114", "cep": "13.343-801", "municipio": "INDAIATUBA", "porte": "MICRO EMPRESA", "abertura": "09/08/2012", "natureza_juridica": "206-2 - Sociedade Empres\u00e1ria Limitada", "fantasia": "ASEA GROUP", "cnpj": "16.962.818/0001-25", "ultima_atualizacao": "2020-02-08T20:18:44.848Z", "status": "OK", "tipo": "MATRIZ", "efr": "", "motivo_situacao": "", "situacao_especial": "", "data_situacao_especial": "", "capital_social": "50000.00", "extra": {}, "billing": {"free": false, "database": false}}