{"atividade_principal": [{"text": "Gest\u00e3o de redes de esgoto", "code": "37.01-1-00"}], "data_situacao": "15/10/2012", "complemento": ": COBERTURA; APT: 601;", "nome": "BRK AMBIENTAL - MACAE S/A", "uf": "RJ", "telefone": "(22) 2772-2555", "atividades_secundarias": [{"text": "Medi\u00e7\u00e3o de consumo de energia el\u00e9trica, g\u00e1s e \u00e1gua", "code": "82.99-7-01"}], "qsa": [{"qual": "10-Diretor", "nome": "MARIO JORGE ALLEM NUNES"}, {"qual": "16-Presidente", "nome": "RENATO AMAURY DE MEDEIROS"}, {"qual": "05-Administrador", "nome": "FERNANDO FERNANDES MEIAS BESSA"}, {"qual": "10-Diretor", "nome": "JUCELIO JOAO BISSOLI"}, {"qual": "10-Diretor", "nome": "SERGIO TRENTINI MAGALHAES"}, {"qual": "10-Diretor", "nome": "JORGE AUGUSTO REGIS GOMES"}], "situacao": "ATIVA", "bairro": "CENTRO", "logradouro": "AV RUI BARBOSA", "numero": "1011", "cep": "27.910-362", "municipio": "MACAE", "porte": "DEMAIS", "abertura": "15/10/2012", "natureza_juridica": "205-4 - Sociedade An\u00f4nima Fechada", "cnpj": "17.002.138/0001-22", "ultima_atualizacao": "2020-02-07T23:52:57.477Z", "status": "OK", "tipo": "MATRIZ", "fantasia": "", "email": "", "efr": "", "motivo_situacao": "", "situacao_especial": "", "data_situacao_especial": "", "capital_social": "5000000.00", "extra": {}, "billing": {"free": false, "database": true}}