{"atividade_principal": [{"text": "Com\u00e9rcio varejista especializado de equipamentos e suprimentos de inform\u00e1tica", "code": "47.51-2-01"}], "data_situacao": "19/10/2012", "nome": "COSTA DO SOL COMERCIO E SERVICOS EMPRESARIAIS EIRELI", "uf": "RJ", "telefone": "(22) 2760-5220", "email": "costadosol17@yahool.com.br", "atividades_secundarias": [{"text": "Com\u00e9rcio varejista de vidros", "code": "47.43-1-00"}, {"text": "Com\u00e9rcio varejista de ferragens e ferramentas", "code": "47.44-0-01"}, {"text": "Com\u00e9rcio varejista especializado de instrumentos musicais e acess\u00f3rios", "code": "47.56-3-00"}, {"text": "Com\u00e9rcio varejista de artigos esportivos", "code": "47.63-6-02"}, {"text": "Com\u00e9rcio varejista de produtos farmac\u00eauticos homeop\u00e1ticos", "code": "47.71-7-03"}, {"text": "Com\u00e9rcio varejista de fogos de artif\u00edcio e artigos pirot\u00e9cnicos", "code": "47.89-0-06"}, {"text": "Com\u00e9rcio varejista de produtos aliment\u00edcios em geral ou especializado em produtos aliment\u00edcios n\u00e3o especificados anteriormente", "code": "47.29-6-99"}, {"text": "Com\u00e9rcio atacadista de m\u00e1quinas, aparelhos e equipamentos para uso agropecu\u00e1rio; partes e pe\u00e7as", "code": "46.61-3-00"}, {"text": "Com\u00e9rcio atacadista de produtos de higiene, limpeza e conserva\u00e7\u00e3o domiciliar", "code": "46.49-4-08"}, {"text": "Com\u00e9rcio atacadista de m\u00f3veis e artigos de colchoaria", "code": "46.49-4-04"}, {"text": "Com\u00e9rcio atacadista de aparelhos eletr\u00f4nicos de uso pessoal e dom\u00e9stico", "code": "46.49-4-02"}, {"text": "Com\u00e9rcio atacadista de artigos de escrit\u00f3rio e de papelaria", "code": "46.47-8-01"}, {"text": "Com\u00e9rcio atacadista de roupas e acess\u00f3rios para uso profissional e de seguran\u00e7a do trabalho", "code": "46.42-7-02"}, {"text": "Com\u00e9rcio atacadista de artigos de cama, mesa e banho", "code": "46.41-9-02"}, {"text": "Com\u00e9rcio atacadista de alimentos para animais", "code": "46.23-1-09"}, {"text": "Montagem e instala\u00e7\u00e3o de sistemas e equipamentos de ilumina\u00e7\u00e3o e sinaliza\u00e7\u00e3o em vias p\u00fablicas, portos e aeroportos", "code": "43.29-1-04"}, {"text": "Constru\u00e7\u00e3o de edif\u00edcios", "code": "41.20-4-00"}, {"text": "Fabrica\u00e7\u00e3o de artefatos de material pl\u00e1stico para outros usos n\u00e3o especificados anteriormente", "code": "22.29-3-99"}, {"text": "Com\u00e9rcio atacadista de bebidas com atividade de fracionamento e acondicionamento associada", "code": "46.35-4-03"}, {"text": "Aluguel de outras m\u00e1quinas e equipamentos comerciais e industriais n\u00e3o especificados anteriormente, sem operador", "code": "77.39-0-99"}, {"text": "Servi\u00e7os de organiza\u00e7\u00e3o de feiras, congressos, exposi\u00e7\u00f5es e festas", "code": "82.30-0-01"}, {"text": "Fabrica\u00e7\u00e3o de laminados planos e tubulares de material pl\u00e1stico", "code": "22.21-8-00"}], "qsa": [{"qual": "65-Titular Pessoa F\u00edsica Residente ou Domiciliado no Brasil", "nome": "MATHEUS MOSSER RODRIGUES"}], "situacao": "ATIVA", "bairro": "NOVO RIO DAS OSTRAS", "logradouro": "R BANGU", "numero": "43", "cep": "28.890-001", "municipio": "RIO DAS OSTRAS", "porte": "MICRO EMPRESA", "abertura": "19/10/2012", "natureza_juridica": "230-5 - Empresa Individual de Responsabilidade Limitada (de Natureza Empres\u00e1ria)", "fantasia": "COSTA DO SOL", "cnpj": "17.336.502/0001-90", "ultima_atualizacao": "2020-02-08T20:12:49.389Z", "status": "OK", "tipo": "MATRIZ", "complemento": "", "efr": "", "motivo_situacao": "", "situacao_especial": "", "data_situacao_especial": "", "capital_social": "500000.00", "extra": {}, "billing": {"free": false, "database": false}}