{"atividade_principal": [{"text": "Com\u00e9rcio atacadista de outros produtos qu\u00edmicos e petroqu\u00edmicos n\u00e3o especificados anteriormente", "code": "46.84-2-99"}], "data_situacao": "02/01/2013", "complemento": "QUADRA1 LOTE 11", "nome": "MLX COMERCIO DE GASES LTDA", "uf": "RJ", "telefone": "(21) 2496-3888", "email": "comercial@mlxgases.com.br", "atividades_secundarias": [{"text": "Manuten\u00e7\u00e3o e repara\u00e7\u00e3o de tanques, reservat\u00f3rios met\u00e1licos e caldeiras, exceto para ve\u00edculos", "code": "33.11-2-00"}, {"text": "Instala\u00e7\u00f5es hidr\u00e1ulicas, sanit\u00e1rias e de g\u00e1s", "code": "43.22-3-01"}, {"text": "Representantes comerciais e agentes do com\u00e9rcio de mercadorias em geral n\u00e3o especializado", "code": "46.19-2-00"}, {"text": "Com\u00e9rcio atacadista de instrumentos e materiais para uso m\u00e9dico, cir\u00fargico, hospitalar e de laborat\u00f3rios", "code": "46.45-1-01"}, {"text": "Com\u00e9rcio atacadista de mercadorias em geral, sem predomin\u00e2ncia de alimentos ou de insumos agropecu\u00e1rios", "code": "46.93-1-00"}, {"text": "Transporte rodovi\u00e1rio de produtos perigosos", "code": "49.30-2-03"}, {"text": "Testes e an\u00e1lises t\u00e9cnicas", "code": "71.20-1-00"}, {"text": "Aluguel de outras m\u00e1quinas e equipamentos comerciais e industriais n\u00e3o especificados anteriormente, sem operador", "code": "77.39-0-99"}, {"text": "Atividades de fornecimento de infra-estrutura de apoio e assist\u00eancia a paciente no domic\u00edlio", "code": "87.12-3-00"}], "qsa": [{"qual": "49-S\u00f3cio-Administrador", "nome": "EDIVALDO MEZINE COELHO"}, {"qual": "22-S\u00f3cio", "nome": "VALDINEY MEZINE COELHO"}], "situacao": "ATIVA", "bairro": "ALDEIA DA PRATA", "logradouro": "ROD GOVERNADOR MARIO COVAS BR 101", "numero": "S/N", "cep": "24.858-088", "municipio": "ITABORAI", "porte": "MICRO EMPRESA", "abertura": "02/01/2013", "natureza_juridica": "206-2 - Sociedade Empres\u00e1ria Limitada", "cnpj": "17.352.435/0001-06", "ultima_atualizacao": "2020-02-08T20:45:31.691Z", "status": "OK", "tipo": "MATRIZ", "fantasia": "", "efr": "", "motivo_situacao": "", "situacao_especial": "", "data_situacao_especial": "", "capital_social": "500000.00", "extra": {}, "billing": {"free": false, "database": false}}