{"atividade_principal": [{"text": "Fabrica\u00e7\u00e3o de aparelhos e equipamentos de ar condicionado para uso n\u00e3o-industrial", "code": "28.24-1-02"}], "data_situacao": "16/01/2013", "nome": "VENTISOL DA AMAZONIA INDUSTRIA DE APARELHOS ELETRICOS LTDA", "uf": "AM", "telefone": "(92) 3029-1000", "atividades_secundarias": [{"text": "Fabrica\u00e7\u00e3o de outros equipamentos e aparelhos el\u00e9tricos n\u00e3o especificados anteriormente", "code": "27.90-2-99"}, {"text": "Fabrica\u00e7\u00e3o de aparelhos e equipamentos de ar condicionado para uso industrial", "code": "28.24-1-01"}, {"text": "Instala\u00e7\u00e3o de m\u00e1quinas e equipamentos industriais", "code": "33.21-0-00"}, {"text": "Com\u00e9rcio atacadista de equipamentos el\u00e9tricos de uso pessoal e dom\u00e9stico", "code": "46.49-4-01"}, {"text": "Com\u00e9rcio atacadista de outras m\u00e1quinas e equipamentos n\u00e3o especificados anteriormente; partes e pe\u00e7as", "code": "46.69-9-99"}], "qsa": [{"qual": "22-S\u00f3cio", "qual_rep_legal": "05-Administrador", "nome_rep_legal": "ALEXIS SUREN TCHOLAKIAN MORALES", "nome": "VENTISOL INDUSTRIA E COMERCIO S.A."}, {"qual": "49-S\u00f3cio-Administrador", "nome": "ALEXIS SUREN TCHOLAKIAN MORALES"}], "situacao": "ATIVA", "bairro": "DISTRITO INDUSTRIAL II", "logradouro": "R AZALEIA", "numero": "2421", "cep": "69.075-845", "municipio": "MANAUS", "porte": "DEMAIS", "abertura": "16/01/2013", "natureza_juridica": "206-2 - Sociedade Empres\u00e1ria Limitada", "fantasia": "VENTISOL", "cnpj": "17.417.928/0001-79", "ultima_atualizacao": "2020-02-08T20:59:39.960Z", "status": "OK", "tipo": "MATRIZ", "complemento": "", "email": "", "efr": "", "motivo_situacao": "", "situacao_especial": "", "data_situacao_especial": "", "capital_social": "30000000.00", "extra": {}, "billing": {"free": false, "database": false}}