{"atividade_principal": [{"text": "Produ\u00e7\u00e3o e promo\u00e7\u00e3o de eventos esportivos", "code": "93.19-1-01"}], "data_situacao": "18/12/2012", "nome": "PRIME SOLUCOES EMPRESARIAIS DO BRASIL EIRELI", "uf": "RJ", "telefone": "(22) 2762-5622", "email": "adm@primebra.com.br", "atividades_secundarias": [{"text": "Manuten\u00e7\u00e3o e repara\u00e7\u00e3o de m\u00e1quinas e equipamentos para a prospec\u00e7\u00e3o e extra\u00e7\u00e3o de petr\u00f3leo", "code": "33.14-7-14"}, {"text": "Constru\u00e7\u00e3o de edif\u00edcios", "code": "41.20-4-00"}, {"text": "Constru\u00e7\u00e3o de rodovias e ferrovias", "code": "42.11-1-01"}, {"text": "Pintura para sinaliza\u00e7\u00e3o em pistas rodovi\u00e1rias e aeroportos", "code": "42.11-1-02"}, {"text": "Manuten\u00e7\u00e3o de esta\u00e7\u00f5es e redes de telecomunica\u00e7\u00f5es", "code": "42.21-9-05"}, {"text": "Obras de terraplenagem", "code": "43.13-4-00"}, {"text": "Instala\u00e7\u00e3o e manuten\u00e7\u00e3o el\u00e9trica", "code": "43.21-5-00"}, {"text": "Instala\u00e7\u00e3o de equipamentos para orienta\u00e7\u00e3o \u00e0 navega\u00e7\u00e3o mar\u00edtima fluvial e lacustre", "code": "43.29-1-02"}, {"text": "Com\u00e9rcio a varejo de autom\u00f3veis, camionetas e utilit\u00e1rios novos", "code": "45.11-1-01"}, {"text": "Com\u00e9rcio a varejo de autom\u00f3veis, camionetas e utilit\u00e1rios usados", "code": "45.11-1-02"}, {"text": "Com\u00e9rcio por atacado de autom\u00f3veis, camionetas e utilit\u00e1rios novos e usados", "code": "45.11-1-03"}, {"text": "Com\u00e9rcio por atacado de caminh\u00f5es novos e usados", "code": "45.11-1-04"}, {"text": "Com\u00e9rcio por atacado de reboques e semi-reboques novos e usados", "code": "45.11-1-05"}, {"text": "Com\u00e9rcio por atacado de \u00f4nibus e micro\u00f4nibus novos e usados", "code": "45.11-1-06"}, {"text": "Com\u00e9rcio atacadista de instrumentos e materiais para uso m\u00e9dico, cir\u00fargico, hospitalar e de laborat\u00f3rios", "code": "46.45-1-01"}, {"text": "Com\u00e9rcio atacadista de artigos de escrit\u00f3rio e de papelaria", "code": "46.47-8-01"}, {"text": "Com\u00e9rcio atacadista de aparelhos eletr\u00f4nicos de uso pessoal e dom\u00e9stico", "code": "46.49-4-02"}, {"text": "Com\u00e9rcio atacadista de suprimentos para inform\u00e1tica", "code": "46.51-6-02"}, {"text": "Com\u00e9rcio atacadista de m\u00e1quinas, aparelhos e equipamentos para uso odonto-m\u00e9dico-hospitalar; partes e pe\u00e7as", "code": "46.64-8-00"}, {"text": "Com\u00e9rcio atacadista de outras m\u00e1quinas e equipamentos n\u00e3o especificados anteriormente; partes e pe\u00e7as", "code": "46.69-9-99"}, {"text": "Com\u00e9rcio varejista de artigos esportivos", "code": "47.63-6-02"}, {"text": "Servi\u00e7o de transporte de passageiros - loca\u00e7\u00e3o de autom\u00f3veis com motorista", "code": "49.23-0-02"}, {"text": "Transporte escolar", "code": "49.24-8-00"}, {"text": "Servi\u00e7os de redes de transportes de telecomunica\u00e7\u00f5es - SRTT", "code": "61.10-8-02"}, {"text": "Telecomunica\u00e7\u00f5es por sat\u00e9lite", "code": "61.30-2-00"}, {"text": "Provedores de acesso \u00e0s redes de comunica\u00e7\u00f5es", "code": "61.90-6-01"}, {"text": "Provedores de voz sobre protocolo internet - VOIP", "code": "61.90-6-02"}, {"text": "Suporte t\u00e9cnico, manuten\u00e7\u00e3o e outros servi\u00e7os em tecnologia da informa\u00e7\u00e3o", "code": "62.09-1-00"}, {"text": "Tratamento de dados, provedores de servi\u00e7os de aplica\u00e7\u00e3o e servi\u00e7os de hospedagem na internet", "code": "63.11-9-00"}, {"text": "Loca\u00e7\u00e3o de autom\u00f3veis sem condutor", "code": "77.11-0-00"}, {"text": "Aluguel de material m\u00e9dico", "code": "77.29-2-03"}, {"text": "Aluguel de m\u00e1quinas e equipamentos para extra\u00e7\u00e3o de min\u00e9rios e petr\u00f3leo, sem operador", "code": "77.39-0-01"}, {"text": "Aluguel de palcos, coberturas e outras estruturas de uso tempor\u00e1rio, exceto andaimes", "code": "77.39-0-03"}, {"text": "Servi\u00e7os de organiza\u00e7\u00e3o de feiras, congressos, exposi\u00e7\u00f5es e festas", "code": "82.30-0-01"}, {"text": "Casas de festas e eventos", "code": "82.30-0-02"}, {"text": "Atividades de sonoriza\u00e7\u00e3o e de ilumina\u00e7\u00e3o", "code": "90.01-9-06"}], "qsa": [{"qual": "49-S\u00f3cio-Administrador", "nome": "FAGNER TROINA COIMBRA"}, {"qual": "22-S\u00f3cio", "nome": "PAULO GAVINA TROINA"}], "situacao": "ATIVA", "bairro": "CENTRO", "logradouro": "TV DOS FERROVIARIOS", "numero": "35", "cep": "27.913-460", "municipio": "MACAE", "porte": "MICRO EMPRESA", "abertura": "18/12/2012", "natureza_juridica": "206-2 - Sociedade Empres\u00e1ria Limitada", "fantasia": "PRIME DO BRASIL", "cnpj": "17.542.815/0001-03", "ultima_atualizacao": "2020-02-07T22:55:03.206Z", "status": "OK", "tipo": "MATRIZ", "complemento": "", "efr": "", "motivo_situacao": "", "situacao_especial": "", "data_situacao_especial": "", "capital_social": "770000.00", "extra": {}, "billing": {"free": false, "database": true}}