{"atividade_principal": [{"text": "Com\u00e9rcio varejista especializado de eletrodom\u00e9sticos e equipamentos de \u00e1udio e v\u00eddeo", "code": "47.53-9-00"}], "data_situacao": "18/03/2013", "complemento": "CASA 01", "nome": "J C F M RODRIGUES AJAX SUPPLY", "uf": "RJ", "telefone": "(22) 9797-7902", "email": "comercial@ajaxtecnologia.net.br", "atividades_secundarias": [{"text": "Com\u00e9rcio varejista de tintas e materiais para pintura", "code": "47.41-5-00"}, {"text": "Com\u00e9rcio varejista de material el\u00e9trico", "code": "47.42-3-00"}, {"text": "Com\u00e9rcio varejista de ferragens e ferramentas", "code": "47.44-0-01"}, {"text": "Com\u00e9rcio varejista especializado de equipamentos e suprimentos de inform\u00e1tica", "code": "47.51-2-01"}, {"text": "Com\u00e9rcio varejista especializado de equipamentos de telefonia e comunica\u00e7\u00e3o", "code": "47.52-1-00"}, {"text": "Com\u00e9rcio varejista de outros artigos de uso pessoal e dom\u00e9stico n\u00e3o especificados anteriormente", "code": "47.59-8-99"}, {"text": "Com\u00e9rcio varejista de equipamentos para escrit\u00f3rio", "code": "47.89-0-07"}], "qsa": [], "situacao": "ATIVA", "bairro": "PARQUE AEROPORTO", "logradouro": "AV HUMAITA", "numero": "154", "cep": "27.963-055", "municipio": "MACAE", "porte": "MICRO EMPRESA", "abertura": "18/03/2013", "natureza_juridica": "213-5 - Empres\u00e1rio (Individual)", "fantasia": "AJAX SUPPLY", "cnpj": "17.770.193/0001-62", "ultima_atualizacao": "2020-02-08T19:05:49.012Z", "status": "OK", "tipo": "MATRIZ", "efr": "", "motivo_situacao": "", "situacao_especial": "", "data_situacao_especial": "", "capital_social": "30000.00", "extra": {}, "billing": {"free": false, "database": true}}