{"atividade_principal": [{"text": "Com\u00e9rcio atacadista especializado em outros produtos intermedi\u00e1rios n\u00e3o especificados anteriormente", "code": "46.89-3-99"}], "data_situacao": "22/04/2013", "nome": "PODOCENTER MATERIAIS PARA PODOLOGIA E ESTETICA EIRELI", "uf": "SP", "telefone": "(11) 2947-6099", "email": "fabricio_ghidinim@yahoo.com.br", "atividades_secundarias": [{"text": "Com\u00e9rcio varejista de cosm\u00e9ticos, produtos de perfumaria e de higiene pessoal", "code": "47.72-5-00"}, {"text": "Com\u00e9rcio atacadista de produtos odontol\u00f3gicos", "code": "46.45-1-03"}, {"text": "Com\u00e9rcio atacadista de mercadorias em geral, sem predomin\u00e2ncia de alimentos ou de insumos agropecu\u00e1rios", "code": "46.93-1-00"}], "qsa": [{"qual": "65-Titular Pessoa F\u00edsica Residente ou Domiciliado no Brasil", "nome": "FABRICIO GHIDINI MUNERATO"}], "situacao": "ATIVA", "bairro": "TATUAPE", "logradouro": "R TIJUCO PRETO", "numero": "1142", "cep": "03.316-000", "municipio": "SAO PAULO", "porte": "EMPRESA DE PEQUENO PORTE", "abertura": "22/04/2013", "natureza_juridica": "230-5 - Empresa Individual de Responsabilidade Limitada (de Natureza Empres\u00e1ria)", "cnpj": "17.975.959/0001-45", "ultima_atualizacao": "2020-02-08T20:06:25.530Z", "status": "OK", "tipo": "MATRIZ", "fantasia": "", "complemento": "", "efr": "", "motivo_situacao": "", "situacao_especial": "", "data_situacao_especial": "", "capital_social": "94000.00", "extra": {}, "billing": {"free": false, "database": false}}