{"atividade_principal": [{"text": "Constru\u00e7\u00e3o de redes de abastecimento de \u00e1gua, coleta de esgoto e constru\u00e7\u00f5es correlatas, exceto obras de irriga\u00e7\u00e3o", "code": "42.22-7-01"}], "data_situacao": "15/05/2013", "complemento": "ANDAR 19 PARTE", "nome": "CONSORCIO VALE ENCANTADO", "uf": "RJ", "telefone": "(21) 2112-1647/ (21) 2112-1690", "email": "lubruconstrucoes@gmail.com", "qsa": [{"qual": "20-Sociedade Consorciada", "nome": "LUBRU CONSTRUCOES EIRELI"}, {"qual": "20-Sociedade Consorciada", "nome": "ENGETECNICA SERVICOS E CONSTRUCOES LTDA"}, {"qual": "05-Administrador", "nome": "WALTER GUIMARAES DE MORAES JUNIOR"}], "situacao": "ATIVA", "bairro": "CENTRO", "logradouro": "R SENADOR DANTAS", "numero": "75", "cep": "20.031-914", "municipio": "RIO DE JANEIRO", "porte": "DEMAIS", "abertura": "15/05/2013", "natureza_juridica": "215-1 - Cons\u00f3rcio de Sociedades", "fantasia": "CONSORCIO LUBRU-ENGETECNICA", "cnpj": "18.369.062/0001-30", "ultima_atualizacao": "2020-02-08T01:10:46.156Z", "status": "OK", "tipo": "MATRIZ", "efr": "", "motivo_situacao": "", "situacao_especial": "", "data_situacao_especial": "", "atividades_secundarias": [{"code": "00.00-0-00", "text": "N\u00e3o informada"}], "capital_social": "0.00", "extra": {}, "billing": {"free": false, "database": true}}