{"atividade_principal": [{"text": "Com\u00e9rcio varejista de outros artigos de uso pessoal e dom\u00e9stico n\u00e3o especificados anteriormente", "code": "47.59-8-99"}], "data_situacao": "31/07/2013", "nome": "SOMAR RIO DISTRIBUIDORA LTDA", "uf": "RJ", "telefone": "(21) 3608-7833", "email": "somarrio.distribuidora@gmail.com", "atividades_secundarias": [{"text": "Fabrica\u00e7\u00e3o de artigos para viagem, bolsas e semelhantes de qualquer material", "code": "15.21-1-00"}, {"text": "Fabrica\u00e7\u00e3o de artefatos de material pl\u00e1stico para outros usos n\u00e3o especificados anteriormente", "code": "22.29-3-99"}, {"text": "Fabrica\u00e7\u00e3o de m\u00e1quinas e equipamentos para uso industrial espec\u00edfico n\u00e3o especificados anteriormente, pe\u00e7as e acess\u00f3rios", "code": "28.69-1-00"}, {"text": "Fabrica\u00e7\u00e3o de m\u00f3veis com predomin\u00e2ncia de madeira", "code": "31.01-2-00"}, {"text": "Com\u00e9rcio atacadista de artigos de armarinho", "code": "46.41-9-03"}, {"text": "Com\u00e9rcio atacadista de artigos de escrit\u00f3rio e de papelaria", "code": "46.47-8-01"}, {"text": "Com\u00e9rcio atacadista de equipamentos el\u00e9tricos de uso pessoal e dom\u00e9stico", "code": "46.49-4-01"}, {"text": "Com\u00e9rcio atacadista de aparelhos eletr\u00f4nicos de uso pessoal e dom\u00e9stico", "code": "46.49-4-02"}, {"text": "Com\u00e9rcio atacadista de equipamentos de inform\u00e1tica", "code": "46.51-6-01"}, {"text": "Com\u00e9rcio atacadista de componentes eletr\u00f4nicos e equipamentos de telefonia e comunica\u00e7\u00e3o", "code": "46.52-4-00"}, {"text": "Com\u00e9rcio atacadista de outras m\u00e1quinas e equipamentos n\u00e3o especificados anteriormente; partes e pe\u00e7as", "code": "46.69-9-99"}, {"text": "Com\u00e9rcio varejista especializado de equipamentos e suprimentos de inform\u00e1tica", "code": "47.51-2-01"}, {"text": "Comercio varejista de artigos de armarinho", "code": "47.55-5-02"}, {"text": "Com\u00e9rcio varejista de livros", "code": "47.61-0-01"}, {"text": "Com\u00e9rcio varejista de brinquedos e artigos recreativos", "code": "47.63-6-01"}, {"text": "Edi\u00e7\u00e3o de livros", "code": "58.11-5-00"}], "qsa": [{"qual": "49-S\u00f3cio-Administrador", "nome": "EVELYN MARQUES DE SOUZA"}, {"qual": "22-S\u00f3cio", "nome": "STHEFANY ALVES MARQUES"}], "situacao": "ATIVA", "bairro": "FONSECA", "logradouro": "R CARLOS MAXIMIANO", "numero": "18", "cep": "24.120-000", "municipio": "NITEROI", "porte": "EMPRESA DE PEQUENO PORTE", "abertura": "31/07/2013", "natureza_juridica": "206-2 - Sociedade Empres\u00e1ria Limitada", "cnpj": "18.589.619/0001-49", "ultima_atualizacao": "2020-02-08T20:29:27.023Z", "status": "OK", "tipo": "MATRIZ", "fantasia": "", "complemento": "", "efr": "", "motivo_situacao": "", "situacao_especial": "", "data_situacao_especial": "", "capital_social": "180000.00", "extra": {}, "billing": {"free": false, "database": false}}