{"atividade_principal": [{"text": "Outras obras de acabamento da constru\u00e7\u00e3o", "code": "43.30-4-99"}], "data_situacao": "31/07/2013", "complemento": "QUADRA012 LOTE 017", "nome": "CONSTRUNOBRE CONSTRUCOES LTDA", "uf": "RJ", "telefone": "(22) 9253-8610", "email": "adm@construnobre.com.br", "atividades_secundarias": [{"text": "Fabrica\u00e7\u00e3o de artigos de serralheria, exceto esquadrias", "code": "25.42-0-00"}, {"text": "Manuten\u00e7\u00e3o e repara\u00e7\u00e3o de tanques, reservat\u00f3rios met\u00e1licos e caldeiras, exceto para ve\u00edculos", "code": "33.11-2-00"}, {"text": "Manuten\u00e7\u00e3o e repara\u00e7\u00e3o de m\u00e1quinas e equipamentos para uso geral n\u00e3o especificados anteriormente", "code": "33.14-7-10"}, {"text": "Manuten\u00e7\u00e3o e repara\u00e7\u00e3o de outras m\u00e1quinas e equipamentos para usos industriais n\u00e3o especificados anteriormente", "code": "33.14-7-99"}, {"text": "Manuten\u00e7\u00e3o de redes de distribui\u00e7\u00e3o de energia el\u00e9trica", "code": "42.21-9-03"}, {"text": "Obras de terraplenagem", "code": "43.13-4-00"}, {"text": "Servi\u00e7os de prepara\u00e7\u00e3o do terreno n\u00e3o especificados anteriormente", "code": "43.19-3-00"}, {"text": "Instala\u00e7\u00e3o e manuten\u00e7\u00e3o de sistemas centrais de ar condicionado, de ventila\u00e7\u00e3o e refrigera\u00e7\u00e3o", "code": "43.22-3-02"}, {"text": "Outras obras de instala\u00e7\u00f5es em constru\u00e7\u00f5es n\u00e3o especificadas anteriormente", "code": "43.29-1-99"}, {"text": "Servi\u00e7os de pintura de edif\u00edcios em geral", "code": "43.30-4-04"}, {"text": "Montagem e desmontagem de andaimes e outras estruturas tempor\u00e1rias", "code": "43.99-1-02"}, {"text": "Obras de alvenaria", "code": "43.99-1-03"}, {"text": "Aluguel de m\u00e1quinas e equipamentos para constru\u00e7\u00e3o sem operador, exceto andaimes", "code": "77.32-2-01"}, {"text": "Servi\u00e7os combinados para apoio a edif\u00edcios, exceto condom\u00ednios prediais", "code": "81.11-7-00"}, {"text": "Atividades paisag\u00edsticas", "code": "81.30-3-00"}], "qsa": [{"qual": "49-S\u00f3cio-Administrador", "nome": "ADEMIR DE OLIVEIRA JUNIOR"}, {"qual": "49-S\u00f3cio-Administrador", "nome": "MAURO SERGIO DE BARROS"}], "situacao": "ATIVA", "bairro": "EXTENSAO DO SERRAMAR", "logradouro": "AL DO CANAL", "numero": "SN", "cep": "28.890-001", "municipio": "RIO DAS OSTRAS", "porte": "EMPRESA DE PEQUENO PORTE", "abertura": "31/07/2013", "natureza_juridica": "206-2 - Sociedade Empres\u00e1ria Limitada", "fantasia": "CONSTRUNOBRE PROJETOS GERENCIAMENTOS E SERVICOS", "cnpj": "18.702.572/0001-88", "ultima_atualizacao": "2020-02-08T20:05:03.214Z", "status": "OK", "tipo": "MATRIZ", "efr": "", "motivo_situacao": "", "situacao_especial": "", "data_situacao_especial": "", "capital_social": "100000.00", "extra": {}, "billing": {"free": false, "database": false}}