{"atividade_principal": [{"text": "Fabrica\u00e7\u00e3o de letras, letreiros e placas de qualquer material, exceto luminosos", "code": "32.99-0-03"}], "data_situacao": "18/09/2013", "complemento": "LOJA 5", "nome": "JLG SERVICOS E COMERCIO VAREJISTA DE PLACAS LTDA", "uf": "RJ", "telefone": "(22) 2762-6813/ (22) 2763-0792", "atividades_secundarias": [{"text": "Agenciamento de espa\u00e7os para publicidade, exceto em ve\u00edculos de comunica\u00e7\u00e3o", "code": "73.12-2-00"}, {"text": "Aluguel de andaimes", "code": "77.32-2-02"}, {"text": "Aluguel de outras m\u00e1quinas e equipamentos comerciais e industriais n\u00e3o especificados anteriormente, sem operador", "code": "77.39-0-99"}, {"text": "Instala\u00e7\u00e3o de pain\u00e9is publicit\u00e1rios", "code": "43.29-1-01"}, {"text": "Montagem e instala\u00e7\u00e3o de sistemas e equipamentos de ilumina\u00e7\u00e3o e sinaliza\u00e7\u00e3o em vias p\u00fablicas, portos e aeroportos", "code": "43.29-1-04"}, {"text": "Com\u00e9rcio varejista de outros artigos de uso pessoal e dom\u00e9stico n\u00e3o especificados anteriormente", "code": "47.59-8-99"}], "qsa": [{"qual": "49-S\u00f3cio-Administrador", "nome": "ARMSTRONG PECANHA MAIA"}, {"qual": "22-S\u00f3cio", "nome": "JULIANA CARVALHO DE BARCELOS"}], "situacao": "ATIVA", "bairro": "CENTRO", "logradouro": "AV PAPA JOAO XXIII", "numero": "6", "cep": "27.913-200", "municipio": "MACAE", "porte": "MICRO EMPRESA", "abertura": "18/09/2013", "natureza_juridica": "206-2 - Sociedade Empres\u00e1ria Limitada", "fantasia": "PLACA E ARTE", "cnpj": "18.909.072/0001-11", "ultima_atualizacao": "2020-02-07T23:44:22.406Z", "status": "OK", "tipo": "MATRIZ", "email": "", "efr": "", "motivo_situacao": "", "situacao_especial": "", "data_situacao_especial": "", "capital_social": "50000.00", "extra": {}, "billing": {"free": false, "database": true}}