{"atividade_principal": [{"text": "Edi\u00e7\u00e3o de livros", "code": "58.11-5-00"}], "data_situacao": "19/09/2013", "nome": "Z-CARD DO BRASIL EDITORA LTDA", "uf": "SP", "telefone": "(19) 3623-3099/ (19) 3623-5854", "email": "jmtonizza@hotmail.com", "atividades_secundarias": [{"text": "Edi\u00e7\u00e3o de revistas", "code": "58.13-1-00"}, {"text": "Edi\u00e7\u00e3o de cadastros, listas e de outros produtos gr\u00e1ficos", "code": "58.19-1-00"}, {"text": "Atividades de artistas pl\u00e1sticos, jornalistas independentes e escritores", "code": "90.02-7-01"}], "qsa": [{"qual": "49-S\u00f3cio-Administrador", "nome": "JOSE UMBELINO DE ANDRADE"}, {"qual": "22-S\u00f3cio", "nome": "CRISTHIANE GONCALVES SANTOS"}], "situacao": "ATIVA", "bairro": "VILA CONRADO", "logradouro": "AV JOAO OSORIO", "numero": "319", "cep": "13.870-251", "municipio": "SAO JOAO DA BOA VISTA", "porte": "MICRO EMPRESA", "abertura": "19/09/2013", "natureza_juridica": "206-2 - Sociedade Empres\u00e1ria Limitada", "fantasia": "Z-CARD DO BRASIL EDITORA", "cnpj": "18.915.137/0001-31", "ultima_atualizacao": "2020-02-08T20:41:34.440Z", "status": "OK", "tipo": "MATRIZ", "complemento": "", "efr": "", "motivo_situacao": "", "situacao_especial": "", "data_situacao_especial": "", "capital_social": "20000.00", "extra": {}, "billing": {"free": false, "database": false}}