{"atividade_principal": [{"text": "Com\u00e9rcio varejista de outros produtos n\u00e3o especificados anteriormente", "code": "47.89-0-99"}], "data_situacao": "08/10/2013", "complemento": "SALA: 01;", "nome": "AUTOMX SOLUCOES EIRELI", "uf": "SP", "telefone": "(11) 4229-7900", "email": "autom@autom.ind.br", "atividades_secundarias": [{"text": "Manuten\u00e7\u00e3o e repara\u00e7\u00e3o de equipamentos e produtos n\u00e3o especificados anteriormente", "code": "33.19-8-00"}, {"text": "Com\u00e9rcio varejista de artigos m\u00e9dicos e ortop\u00e9dicos", "code": "47.73-3-00"}], "qsa": [{"qual": "65-Titular Pessoa F\u00edsica Residente ou Domiciliado no Brasil", "nome": "GABRIEL LORENTE MITSUMOTO"}], "situacao": "ATIVA", "bairro": "OLIMPICO", "logradouro": "R DOUTOR DANTE GLAUCUS DELEO", "numero": "16", "cep": "09.570-340", "municipio": "SAO CAETANO DO SUL", "porte": "MICRO EMPRESA", "abertura": "08/10/2013", "natureza_juridica": "230-5 - Empresa Individual de Responsabilidade Limitada (de Natureza Empres\u00e1ria)", "fantasia": "AUTOMX SOLUCOES", "cnpj": "19.031.878/0001-12", "ultima_atualizacao": "2020-02-08T21:08:03.874Z", "status": "OK", "tipo": "MATRIZ", "efr": "", "motivo_situacao": "", "situacao_especial": "", "data_situacao_especial": "", "capital_social": "79000.00", "extra": {}, "billing": {"free": false, "database": false}}