{"atividade_principal": [{"text": "Com\u00e9rcio atacadista de embalagens", "code": "46.86-9-02"}], "data_situacao": "14/11/2013", "complemento": "TERREO1 PISO", "nome": "PLASKOM COMERCIO DE PRODUTOS PLASTICOS E EQUIPAMENTOS LTDA", "uf": "RS", "telefone": "(54) 9127-2286", "email": "saahrojahn@gmail.com", "atividades_secundarias": [{"text": "Fabrica\u00e7\u00e3o de embalagens de material pl\u00e1stico", "code": "22.22-6-00"}, {"text": "Com\u00e9rcio atacadista de outros equipamentos e artigos de uso pessoal e dom\u00e9stico n\u00e3o especificados anteriormente", "code": "46.49-4-99"}, {"text": "Com\u00e9rcio varejista de ferragens e ferramentas", "code": "47.44-0-01"}, {"text": "Com\u00e9rcio varejista de m\u00f3veis", "code": "47.54-7-01"}, {"text": "Com\u00e9rcio varejista de outros artigos de uso pessoal e dom\u00e9stico n\u00e3o especificados anteriormente", "code": "47.59-8-99"}], "qsa": [{"qual": "49-S\u00f3cio-Administrador", "nome": "SAMANTHA ROJAHN"}, {"qual": "49-S\u00f3cio-Administrador", "nome": "ELACI PLETSCH"}], "situacao": "ATIVA", "bairro": "UNIVERSITARIO", "logradouro": "AV RUBEN BENTO ALVES", "numero": "2740", "cep": "95.041-028", "municipio": "CAXIAS DO SUL", "porte": "MICRO EMPRESA", "abertura": "14/11/2013", "natureza_juridica": "206-2 - Sociedade Empres\u00e1ria Limitada", "fantasia": "PLASKOM", "cnpj": "19.268.450/0001-98", "ultima_atualizacao": "2020-02-08T20:41:15.275Z", "status": "OK", "tipo": "MATRIZ", "efr": "", "motivo_situacao": "", "situacao_especial": "", "data_situacao_especial": "", "capital_social": "20000.00", "extra": {}, "billing": {"free": false, "database": false}}