{"data_situacao": "31/12/2014", "motivo_situacao": "INCORPORACAO", "nome": "NET SERVICOS DE COMUNICACAO S/A", "telefone": "(11) 2111-2161/ (11) 2111-3073", "email": "deise.fagundes@netservicos.com.br", "situacao": "BAIXADA", "porte": "DEMAIS", "abertura": "07/07/1994", "natureza_juridica": "204-6 - Sociedade An\u00f4nima Aberta", "cnpj": "00.108.786/0001-65", "ultima_atualizacao": "2020-02-07T22:22:49.064Z", "status": "OK", "tipo": "MATRIZ", "fantasia": "", "logradouro": "", "numero": "", "complemento": "", "cep": "", "bairro": "", "municipio": "", "uf": "", "efr": "", "situacao_especial": "", "data_situacao_especial": "", "atividade_principal": [{"code": "00.00-0-00", "text": "********"}], "atividades_secundarias": [{"code": "00.00-0-00", "text": "N\u00e3o informada"}], "capital_social": "0.00", "qsa": [], "extra": {}, "billing": {"free": false, "database": true}}