{"atividade_principal": [{"text": "Transporte rodovi\u00e1rio coletivo de passageiros, sob regime de fretamento, intermunicipal, interestadual e internacional", "code": "49.29-9-02"}], "data_situacao": "20/08/2009", "nome": "CANOA DA SERRA TURISMO E VIAGENS LTDA", "uf": "RJ", "telefone": "(22) 2522-6325", "email": "contabilis@contabilis.com", "atividades_secundarias": [{"text": "Loca\u00e7\u00e3o de autom\u00f3veis sem condutor", "code": "77.11-0-00"}, {"text": "Servi\u00e7o de transporte de passageiros - loca\u00e7\u00e3o de autom\u00f3veis com motorista", "code": "49.23-0-02"}, {"text": "Ag\u00eancias de viagens", "code": "79.11-2-00"}, {"text": "Transporte escolar", "code": "49.24-8-00"}, {"text": "Atividades de consultoria em gest\u00e3o empresarial, exceto consultoria t\u00e9cnica espec\u00edfica", "code": "70.20-4-00"}], "situacao": "ATIVA", "bairro": "AJUDA DE BAIXO", "logradouro": "AV JOSE ALVES DE AZEVEDO", "numero": "30", "cep": "27.950-000", "municipio": "MACAE", "porte": "EMPRESA DE PEQUENO PORTE", "abertura": "20/08/2009", "natureza_juridica": "206-2 - Sociedade Empres\u00e1ria Limitada", "cnpj": "00.834.294/0003-19", "ultima_atualizacao": "2020-02-07T22:23:56.955Z", "status": "OK", "tipo": "FILIAL", "fantasia": "", "complemento": "", "efr": "", "motivo_situacao": "", "situacao_especial": "", "data_situacao_especial": "", "capital_social": "0.00", "qsa": [], "extra": {}, "billing": {"free": false, "database": true}}