{"atividade_principal": [{"text": "Com\u00e9rcio varejista de combust\u00edveis para ve\u00edculos automotores", "code": "47.31-8-00"}], "data_situacao": "22/09/2001", "nome": "POSTO PRINCESINHA DO ATLANTICO LTDA", "uf": "RJ", "telefone": "(0247) 6207-46", "atividades_secundarias": [{"text": "Com\u00e9rcio varejista de lubrificantes", "code": "47.32-6-00"}], "qsa": [{"qual": "49-S\u00f3cio-Administrador", "nome": "LUCIANA XAVIER DE MOURA"}, {"qual": "22-S\u00f3cio", "nome": "LEONARDO MOURA DA SILVA"}], "situacao": "ATIVA", "bairro": "CENTRO", "logradouro": "AV RUI BARBOSA", "numero": "1.291", "cep": "27.910-361", "municipio": "MACAE", "porte": "DEMAIS", "abertura": "24/04/1997", "natureza_juridica": "206-2 - Sociedade Empres\u00e1ria Limitada", "fantasia": "POSTO PRINCESINHA DO ATLANTICO", "cnpj": "01.824.593/0001-73", "ultima_atualizacao": "2020-02-07T22:24:08.193Z", "status": "OK", "tipo": "MATRIZ", "complemento": "", "email": "", "efr": "", "motivo_situacao": "", "situacao_especial": "", "data_situacao_especial": "", "capital_social": "40000.00", "extra": {}, "billing": {"free": false, "database": true}}