{"atividade_principal": [{"text": "Com\u00e9rcio varejista de artigos de papelaria", "code": "47.61-0-03"}], "data_situacao": "10/07/2004", "complemento": "A - LOJA", "nome": "V.M. DE MACAE - DISTRIBUIDORA DE MATERIAIS DIDATICOS E ESCRITORIOS LTDA", "uf": "RJ", "atividades_secundarias": [{"text": "Com\u00e9rcio varejista de brinquedos e artigos recreativos", "code": "47.63-6-01"}, {"text": "Com\u00e9rcio varejista de cosm\u00e9ticos, produtos de perfumaria e de higiene pessoal", "code": "47.72-5-00"}, {"text": "Com\u00e9rcio varejista de livros", "code": "47.61-0-01"}, {"text": "Com\u00e9rcio varejista de m\u00f3veis", "code": "47.54-7-01"}, {"text": "Com\u00e9rcio varejista de produtos saneantes domissanit\u00e1rios", "code": "47.89-0-05"}, {"text": "Com\u00e9rcio varejista especializado de equipamentos e suprimentos de inform\u00e1tica", "code": "47.51-2-01"}, {"text": "Fotoc\u00f3pias", "code": "82.19-9-01"}], "qsa": [{"qual": "49-S\u00f3cio-Administrador", "nome": "VERA LUCIA ORNELAS LOUREIRO"}, {"qual": "22-S\u00f3cio", "nome": "FABRICIO ORNELLAS LOUREIRO"}], "situacao": "ATIVA", "bairro": "CENTRO", "logradouro": "AV RUI BARBOSA", "numero": "467", "cep": "27.910-361", "municipio": "MACAE", "porte": "EMPRESA DE PEQUENO PORTE", "abertura": "03/06/1997", "natureza_juridica": "206-2 - Sociedade Empres\u00e1ria Limitada", "fantasia": "V. M. DE MACAE", "cnpj": "01.964.922/0001-81", "ultima_atualizacao": "2020-02-07T22:25:30.498Z", "status": "OK", "tipo": "MATRIZ", "email": "", "telefone": "", "efr": "", "motivo_situacao": "", "situacao_especial": "", "data_situacao_especial": "", "capital_social": "80000.00", "extra": {}, "billing": {"free": false, "database": true}}