{"atividade_principal": [{"text": "Tratamento de dados, provedores de servi\u00e7os de aplica\u00e7\u00e3o e servi\u00e7os de hospedagem na internet", "code": "63.11-9-00"}], "data_situacao": "27/08/2005", "nome": "LOCAWEB SERVICOS DE INTERNET S.A.", "uf": "SP", "telefone": "(11) 3544-0444", "email": "contabilidade_email@locaweb.com.br", "atividades_secundarias": [{"text": "Consultoria em tecnologia da informa\u00e7\u00e3o", "code": "62.04-0-00"}, {"text": "Suporte t\u00e9cnico, manuten\u00e7\u00e3o e outros servi\u00e7os em tecnologia da informa\u00e7\u00e3o", "code": "62.09-1-00"}, {"text": "Servi\u00e7os de organiza\u00e7\u00e3o de feiras, congressos, exposi\u00e7\u00f5es e festas", "code": "82.30-0-01"}, {"text": "Desenvolvimento e licenciamento de programas de computador n\u00e3o-customiz\u00e1veis", "code": "62.03-1-00"}, {"text": "Desenvolvimento e licenciamento de programas de computador customiz\u00e1veis", "code": "62.02-3-00"}, {"text": "Ag\u00eancias de publicidade", "code": "73.11-4-00"}, {"text": "Consultoria em publicidade", "code": "73.19-0-04"}, {"text": "Atividades de intermedia\u00e7\u00e3o e agenciamento de servi\u00e7os e neg\u00f3cios em geral, exceto imobili\u00e1rios", "code": "74.90-1-04"}, {"text": "Holdings de institui\u00e7\u00f5es n\u00e3o-financeiras", "code": "64.62-0-00"}], "qsa": [{"qual": "05-Administrador", "nome": "RICARDO GORA"}, {"qual": "16-Presidente", "nome": "FERNANDO BIANCARDI CIRNE"}, {"qual": "10-Diretor", "nome": "ALEXANDRE AMARANTE CADAVAL"}, {"qual": "10-Diretor", "nome": "RAFAEL CHAMAS ALVES"}, {"qual": "10-Diretor", "nome": "HIGOR DE ARAUJO FRANCO"}, {"qual": "10-Diretor", "nome": "GUILHERME ANTONIO BARREIRO"}], "situacao": "ATIVA", "bairro": "VILA ANDRADE", "logradouro": "R ITAPAIUNA", "numero": "2434", "cep": "05.707-001", "municipio": "SAO PAULO", "porte": "DEMAIS", "abertura": "23/12/1997", "natureza_juridica": "205-4 - Sociedade An\u00f4nima Fechada", "fantasia": "LOCAWEB", "cnpj": "02.351.877/0001-52", "ultima_atualizacao": "2020-02-07T22:27:48.696Z", "status": "OK", "tipo": "MATRIZ", "complemento": "", "efr": "", "motivo_situacao": "", "situacao_especial": "", "data_situacao_especial": "", "capital_social": "54088476.39", "extra": {}, "billing": {"free": false, "database": true}}