{"data_situacao": "21/07/2016", "motivo_situacao": "EXTINCAO P/ ENC LIQ VOLUNTARIA", "nome": "V S CORTEZ CONFECCOES", "situacao": "BAIXADA", "porte": "MICRO EMPRESA", "abertura": "13/10/1997", "natureza_juridica": "213-5 - Empres\u00e1rio (Individual)", "cnpj": "02.403.264/0001-11", "ultima_atualizacao": "2020-02-07T22:22:26.060Z", "status": "OK", "tipo": "MATRIZ", "fantasia": "", "logradouro": "", "numero": "", "complemento": "", "cep": "", "bairro": "", "municipio": "", "uf": "", "email": "", "telefone": "", "efr": "", "situacao_especial": "", "data_situacao_especial": "", "atividade_principal": [{"code": "00.00-0-00", "text": "********"}], "atividades_secundarias": [{"code": "00.00-0-00", "text": "N\u00e3o informada"}], "capital_social": "0.00", "qsa": [], "extra": {}, "billing": {"free": false, "database": true}}