{"atividade_principal": [{"text": "Servi\u00e7os de pr\u00e9-impress\u00e3o", "code": "18.21-1-00"}], "data_situacao": "07/10/2005", "complemento": "GLP", "nome": "MAVI ARTES GRAFICAS EIRELI", "uf": "RJ", "telefone": "(21) 2263-4433", "atividades_secundarias": [{"text": "Impress\u00e3o de livros, revistas e outras publica\u00e7\u00f5es peri\u00f3dicas", "code": "18.11-3-02"}, {"text": "Impress\u00e3o de material para uso publicit\u00e1rio", "code": "18.13-0-01"}, {"text": "Impress\u00e3o de material para outros usos", "code": "18.13-0-99"}, {"text": "Servi\u00e7os de encaderna\u00e7\u00e3o e plastifica\u00e7\u00e3o", "code": "18.22-9-01"}, {"text": "Reprodu\u00e7\u00e3o de software em qualquer suporte", "code": "18.30-0-03"}, {"text": "Com\u00e9rcio atacadista de livros, jornais e outras publica\u00e7\u00f5es", "code": "46.47-8-02"}, {"text": "Edi\u00e7\u00e3o de livros", "code": "58.11-5-00"}, {"text": "Edi\u00e7\u00e3o integrada \u00e0 impress\u00e3o de livros", "code": "58.21-2-00"}, {"text": "Produ\u00e7\u00e3o de filmes para publicidade", "code": "59.11-1-02"}, {"text": "Atividades de produ\u00e7\u00e3o cinematogr\u00e1fica, de v\u00eddeos e de programas de televis\u00e3o n\u00e3o especificadas anteriormente", "code": "59.11-1-99"}, {"text": "Desenvolvimento de programas de computador sob encomenda", "code": "62.01-5-01"}, {"text": "Web design", "code": "62.01-5-02"}, {"text": "Desenvolvimento e licenciamento de programas de computador n\u00e3o-customiz\u00e1veis", "code": "62.03-1-00"}, {"text": "Agenciamento de espa\u00e7os para publicidade, exceto em ve\u00edculos de comunica\u00e7\u00e3o", "code": "73.12-2-00"}, {"text": "atividades de design n\u00e3o especificadas anteriormente", "code": "74.10-2-99"}, {"text": "Servi\u00e7os de tradu\u00e7\u00e3o, interpreta\u00e7\u00e3o e similares", "code": "74.90-1-01"}], "qsa": [{"qual": "65-Titular Pessoa F\u00edsica Residente ou Domiciliado no Brasil", "nome": "MARCELO HENRIQUES FERREIRA"}], "situacao": "ATIVA", "bairro": "ROCHA", "logradouro": "R DOUTOR GARNIER", "numero": "00686", "cep": "20.975-000", "municipio": "RIO DE JANEIRO", "porte": "MICRO EMPRESA", "abertura": "29/10/1998", "natureza_juridica": "231-3 - Empresa Individual de Responsabilidade Limitada (de Natureza Simples)", "fantasia": "MAVI EDITORA", "cnpj": "02.822.810/0001-59", "ultima_atualizacao": "2020-02-07T22:27:54.162Z", "status": "OK", "tipo": "MATRIZ", "email": "", "efr": "", "motivo_situacao": "", "situacao_especial": "", "data_situacao_especial": "", "capital_social": "100000.00", "extra": {}, "billing": {"free": false, "database": true}}