{"atividade_principal": [{"text": "Fabrica\u00e7\u00e3o de outras m\u00e1quinas e equipamentos de uso geral n\u00e3o especificados anteriormente, pe\u00e7as e acess\u00f3rios", "code": "28.29-1-99"}], "data_situacao": "03/11/2005", "complemento": "LOJA 02", "nome": "NEW PAYOLO COMERCIAL E DISTRIBUIDORA EIRELI", "uf": "RJ", "telefone": "(21) 2605-9362", "atividades_secundarias": [{"text": "Com\u00e9rcio atacadista de equipamentos de inform\u00e1tica", "code": "46.51-6-01"}, {"text": "Com\u00e9rcio atacadista de componentes eletr\u00f4nicos e equipamentos de telefonia e comunica\u00e7\u00e3o", "code": "46.52-4-00"}, {"text": "Com\u00e9rcio atacadista de M\u00e1quinas e equipamentos para uso industrial; partes e pe\u00e7as", "code": "46.63-0-00"}, {"text": "Com\u00e9rcio atacadista de artigos de escrit\u00f3rio e de papelaria", "code": "46.47-8-01"}, {"text": "Com\u00e9rcio varejista de artigos de papelaria", "code": "47.61-0-03"}, {"text": "Com\u00e9rcio atacadista de materiais de constru\u00e7\u00e3o em geral", "code": "46.79-6-99"}, {"text": "Com\u00e9rcio varejista de materiais de constru\u00e7\u00e3o em geral", "code": "47.44-0-99"}, {"text": "Com\u00e9rcio atacadista de roupas e acess\u00f3rios para uso profissional e de seguran\u00e7a do trabalho", "code": "46.42-7-02"}, {"text": "Com\u00e9rcio varejista de artigos do vestu\u00e1rio e acess\u00f3rios", "code": "47.81-4-00"}, {"text": "Com\u00e9rcio atacadista de m\u00e1quinas, aparelhos e equipamentos para uso odonto-m\u00e9dico-hospitalar; partes e pe\u00e7as", "code": "46.64-8-00"}], "qsa": [{"qual": "65-Titular Pessoa F\u00edsica Residente ou Domiciliado no Brasil", "nome": "YORRAN FURLANI ROSA"}], "situacao": "ATIVA", "bairro": "BARRETO", "logradouro": "R GENERAL CASTRIOTO", "numero": "504", "cep": "24.110-256", "municipio": "NITEROI", "porte": "MICRO EMPRESA", "abertura": "06/01/2000", "natureza_juridica": "230-5 - Empresa Individual de Responsabilidade Limitada (de Natureza Empres\u00e1ria)", "cnpj": "03.582.702/0001-19", "ultima_atualizacao": "2020-02-07T22:24:44.277Z", "status": "OK", "tipo": "MATRIZ", "fantasia": "", "email": "", "efr": "", "motivo_situacao": "", "situacao_especial": "", "data_situacao_especial": "", "capital_social": "350000.00", "extra": {}, "billing": {"free": false, "database": true}}