{"data_situacao": "24/10/2018", "motivo_situacao": "OMISSAO DE DECLARACOES", "nome": "VIVA A VIDA DE ANGRA GRAFICA E EDITORA E BRINDES LTDA", "telefone": "(21) 2222-2222", "email": "todavia-angra@uol.com.br", "qsa": [{"qual": "49-S\u00f3cio-Administrador", "nome": "SANDRA REGINA SOARES"}, {"qual": "22-S\u00f3cio", "nome": "ADILSON LOPES"}], "situacao": "INAPTA", "porte": "EMPRESA DE PEQUENO PORTE", "abertura": "21/02/2000", "natureza_juridica": "206-2 - Sociedade Empres\u00e1ria Limitada", "fantasia": "GRAFICA DO FREITAS", "cnpj": "03.652.676/0001-58", "ultima_atualizacao": "2020-02-07T22:26:13.313Z", "status": "OK", "tipo": "MATRIZ", "logradouro": "", "numero": "", "complemento": "", "cep": "", "bairro": "", "municipio": "", "uf": "", "efr": "", "situacao_especial": "", "data_situacao_especial": "", "atividade_principal": [{"code": "00.00-0-00", "text": "********"}], "atividades_secundarias": [{"code": "00.00-0-00", "text": "N\u00e3o informada"}], "capital_social": "112000.00", "extra": {}, "billing": {"free": false, "database": true}}