{"atividade_principal": [{"text": "Condom\u00ednios prediais", "code": "81.12-5-00"}], "data_situacao": "17/02/2000", "nome": "CONDOMINIO DO EDIFICIO SOLAR ATLANTICO.", "uf": "RJ", "situacao": "ATIVA", "bairro": "PARQUE VAL. MIRANDA", "logradouro": "R DOS ADVOGADOS", "numero": "28", "cep": "27.915-210", "municipio": "MACAE", "porte": "DEMAIS", "abertura": "17/02/2000", "natureza_juridica": "308-5 - Condom\u00ednio Edil\u00edcio", "fantasia": "CONDOMINIO SOLAR ATLANTICO", "cnpj": "03.693.408/0001-84", "ultima_atualizacao": "2020-02-07T22:24:49.700Z", "status": "OK", "tipo": "MATRIZ", "complemento": "", "email": "", "telefone": "", "efr": "", "motivo_situacao": "", "situacao_especial": "", "data_situacao_especial": "", "atividades_secundarias": [{"code": "00.00-0-00", "text": "N\u00e3o informada"}], "capital_social": "0.00", "qsa": [], "extra": {}, "billing": {"free": false, "database": true}}