{"atividade_principal": [{"text": "Impress\u00e3o de jornais", "code": "18.11-3-01"}], "data_situacao": "03/11/2005", "complemento": "SALA 831", "nome": "TMX GRAFICA SERVICOS E COMERCIO LTDA", "uf": "RJ", "telefone": "(21) 3587-1842", "email": "contabilidade@jofra.com.br", "atividades_secundarias": [{"text": "Impress\u00e3o de livros, revistas e outras publica\u00e7\u00f5es peri\u00f3dicas", "code": "18.11-3-02"}, {"text": "Impress\u00e3o de material de seguran\u00e7a", "code": "18.12-1-00"}, {"text": "Impress\u00e3o de material para uso publicit\u00e1rio", "code": "18.13-0-01"}, {"text": "Impress\u00e3o de material para outros usos", "code": "18.13-0-99"}, {"text": "Servi\u00e7os de pr\u00e9-impress\u00e3o", "code": "18.21-1-00"}, {"text": "Servi\u00e7os de acabamentos gr\u00e1ficos, exceto encaderna\u00e7\u00e3o e plastifica\u00e7\u00e3o", "code": "18.22-9-99"}], "qsa": [{"qual": "49-S\u00f3cio-Administrador", "nome": "ELIANA DE LEMOS FIGUEIREDO"}, {"qual": "22-S\u00f3cio", "nome": "RAFAEL LEMOS FIGUEIREDO"}], "situacao": "ATIVA", "bairro": "ESTRELA DO NORTE", "logradouro": "AV PRESIDENTE KENNEDY", "numero": "735", "cep": "24.445-795", "municipio": "SAO GONCALO", "porte": "EMPRESA DE PEQUENO PORTE", "abertura": "18/05/2000", "natureza_juridica": "206-2 - Sociedade Empres\u00e1ria Limitada", "cnpj": "03.856.717/0001-28", "ultima_atualizacao": "2020-02-07T22:24:25.387Z", "status": "OK", "tipo": "MATRIZ", "fantasia": "", "efr": "", "motivo_situacao": "", "situacao_especial": "", "data_situacao_especial": "", "capital_social": "950000.00", "extra": {}, "billing": {"free": false, "database": true}}