{"data_situacao": "24/10/2018", "motivo_situacao": "OMISSAO DE DECLARACOES", "nome": "RENAGOBE SERVICOS GRAFICOS LTDA", "telefone": "(21) 3584-0909", "qsa": [{"qual": "49-S\u00f3cio-Administrador", "nome": "BRUNO LEONARDO CORTES DA SILVA FERREIRA"}, {"qual": "22-S\u00f3cio", "nome": "BRUNO AGOSTINI CARVALHO"}], "situacao": "INAPTA", "porte": "DEMAIS", "abertura": "14/12/2000", "natureza_juridica": "206-2 - Sociedade Empres\u00e1ria Limitada", "cnpj": "04.197.212/0001-61", "ultima_atualizacao": "2020-02-07T22:27:37.754Z", "status": "OK", "tipo": "MATRIZ", "fantasia": "", "logradouro": "", "numero": "", "complemento": "", "cep": "", "bairro": "", "municipio": "", "uf": "", "email": "", "efr": "", "situacao_especial": "", "data_situacao_especial": "", "atividade_principal": [{"code": "00.00-0-00", "text": "********"}], "atividades_secundarias": [{"code": "00.00-0-00", "text": "N\u00e3o informada"}], "capital_social": "100000.00", "extra": {}, "billing": {"free": false, "database": true}}