{"atividade_principal": [{"text": "Repara\u00e7\u00e3o e manuten\u00e7\u00e3o de equipamentos eletroeletr\u00f4nicos de uso pessoal e dom\u00e9stico", "code": "95.21-5-00"}], "data_situacao": "03/11/2005", "nome": "CRESPO AUTO SOM LTDA", "uf": "RJ", "telefone": "(024) 7721-922", "atividades_secundarias": [{"text": "Com\u00e9rcio a varejo de pe\u00e7as e acess\u00f3rios novos para ve\u00edculos automotores", "code": "45.30-7-03"}], "qsa": [{"qual": "49-S\u00f3cio-Administrador", "nome": "ALESSANDRO TINOCO CARNEIRO CRESPO"}, {"qual": "22-S\u00f3cio", "nome": "JEFERSON SEBASTIAO TINOCO CARNEIRO CRESPO"}], "situacao": "ATIVA", "bairro": "CENTRO", "logradouro": "R DR. JULIO OLIVIER", "numero": "308", "cep": "27.913-162", "municipio": "MACAE", "porte": "MICRO EMPRESA", "abertura": "07/08/2000", "natureza_juridica": "206-2 - Sociedade Empres\u00e1ria Limitada", "fantasia": "CRESPO AUTO SOM", "cnpj": "04.211.195/0001-70", "ultima_atualizacao": "2020-02-07T22:22:31.066Z", "status": "OK", "tipo": "MATRIZ", "complemento": "", "email": "", "efr": "", "motivo_situacao": "", "situacao_especial": "", "data_situacao_especial": "", "capital_social": "0.00", "extra": {}, "billing": {"free": false, "database": true}}