{"atividade_principal": [{"text": "Impress\u00e3o de livros, revistas e outras publica\u00e7\u00f5es peri\u00f3dicas", "code": "18.11-3-02"}], "data_situacao": "30/05/2001", "complemento": "PARTE", "nome": "SUMAUMA EDITORA E GRAFICA LTDA", "uf": "RJ", "telefone": "(24) 2420-490", "atividades_secundarias": [{"text": "Impress\u00e3o de jornais", "code": "18.11-3-01"}, {"text": "Edi\u00e7\u00e3o integrada \u00e0 impress\u00e3o de livros", "code": "58.21-2-00"}, {"text": "Aluguel de im\u00f3veis pr\u00f3prios", "code": "68.10-2-02"}], "qsa": [{"qual": "49-S\u00f3cio-Administrador", "nome": "FRANCISCO DE ORLEANS E BRAGANCA"}, {"qual": "22-S\u00f3cio", "nome": "HANS MULLER"}], "situacao": "ATIVA", "bairro": "CENTRO", "logradouro": "AV BARAO DO RIO BRANCO", "numero": "2.187", "cep": "25.745-071", "municipio": "PETROPOLIS", "porte": "EMPRESA DE PEQUENO PORTE", "abertura": "30/05/2001", "natureza_juridica": "206-2 - Sociedade Empres\u00e1ria Limitada", "cnpj": "04.489.601/0001-60", "ultima_atualizacao": "2020-02-07T22:22:57.806Z", "status": "OK", "tipo": "MATRIZ", "fantasia": "", "email": "", "efr": "", "motivo_situacao": "", "situacao_especial": "", "data_situacao_especial": "", "capital_social": "0.00", "extra": {}, "billing": {"free": false, "database": true}}