{"atividade_principal": [{"text": "Edi\u00e7\u00e3o integrada \u00e0 impress\u00e3o de livros", "code": "58.21-2-00"}], "data_situacao": "26/03/2004", "nome": "WALPRINT GRAFICA E EDITORA EIRELI", "uf": "RJ", "telefone": "(021) 2803-262", "atividades_secundarias": [{"text": "Impress\u00e3o de livros, revistas e outras publica\u00e7\u00f5es peri\u00f3dicas", "code": "18.11-3-02"}, {"text": "Edi\u00e7\u00e3o de livros", "code": "58.11-5-00"}, {"text": "Impress\u00e3o de material para uso publicit\u00e1rio", "code": "18.13-0-01"}], "qsa": [{"qual": "65-Titular Pessoa F\u00edsica Residente ou Domiciliado no Brasil", "nome": "WALTER BARBOSA DA SILVA"}], "situacao": "ATIVA", "bairro": "BONSUCESSO", "logradouro": "R FREI JABOATAO", "numero": "295", "cep": "21.041-110", "municipio": "RIO DE JANEIRO", "porte": "DEMAIS", "abertura": "04/09/2001", "natureza_juridica": "230-5 - Empresa Individual de Responsabilidade Limitada (de Natureza Empres\u00e1ria)", "fantasia": "WALPRINT", "cnpj": "04.656.762/0001-00", "ultima_atualizacao": "2020-02-07T22:25:08.068Z", "status": "OK", "tipo": "MATRIZ", "complemento": "", "email": "", "efr": "", "motivo_situacao": "", "situacao_especial": "", "data_situacao_especial": "", "capital_social": "0.00", "extra": {}, "billing": {"free": false, "database": true}}