{"atividade_principal": [{"text": "Ag\u00eancias de publicidade", "code": "73.11-4-00"}], "data_situacao": "03/11/2005", "nome": "L1 M3 PUBLICIDADE LTDA", "uf": "RJ", "telefone": "(21) 3607-5099", "email": "financeiro@amxpublicidade.com", "atividades_secundarias": [{"text": "Impress\u00e3o de material para uso publicit\u00e1rio", "code": "18.13-0-01"}, {"text": "Fabrica\u00e7\u00e3o de artefatos de material pl\u00e1stico para outros usos n\u00e3o especificados anteriormente", "code": "22.29-3-99"}, {"text": "Fabrica\u00e7\u00e3o de esquadrias de metal", "code": "25.12-8-00"}, {"text": "Fabrica\u00e7\u00e3o de artigos de serralheria, exceto esquadrias", "code": "25.42-0-00"}, {"text": "Servi\u00e7os de confec\u00e7\u00e3o de arma\u00e7\u00f5es met\u00e1licas para a constru\u00e7\u00e3o", "code": "25.99-3-01"}, {"text": "Fabrica\u00e7\u00e3o de m\u00f3veis com predomin\u00e2ncia de metal", "code": "31.02-1-00"}, {"text": "Fabrica\u00e7\u00e3o de m\u00f3veis de outros materiais, exceto madeira e metal", "code": "31.03-9-00"}, {"text": "Fabrica\u00e7\u00e3o de artefatos para pesca e esporte", "code": "32.30-2-00"}, {"text": "Fabrica\u00e7\u00e3o de outros brinquedos e jogos recreativos n\u00e3o especificados anteriormente", "code": "32.40-0-99"}, {"text": "Fabrica\u00e7\u00e3o de letras, letreiros e placas de qualquer material, exceto luminosos", "code": "32.99-0-03"}, {"text": "Fabrica\u00e7\u00e3o de pain\u00e9is e letreiros luminosos", "code": "32.99-0-04"}, {"text": "Instala\u00e7\u00e3o de pain\u00e9is publicit\u00e1rios", "code": "43.29-1-01"}, {"text": "Com\u00e9rcio varejista especializado de equipamentos e suprimentos de inform\u00e1tica", "code": "47.51-2-01"}, {"text": "Comissaria de despachos", "code": "52.50-8-01"}, {"text": "Provedores de acesso \u00e0s redes de comunica\u00e7\u00f5es", "code": "61.90-6-01"}, {"text": "Portais, provedores de conte\u00fado e outros servi\u00e7os de informa\u00e7\u00e3o na internet", "code": "63.19-4-00"}, {"text": "Ag\u00eancias de not\u00edcias", "code": "63.91-7-00"}, {"text": "Outras atividades de presta\u00e7\u00e3o de servi\u00e7os de informa\u00e7\u00e3o n\u00e3o especificadas anteriormente", "code": "63.99-2-00"}, {"text": "Pesquisas de mercado e de opini\u00e3o p\u00fablica", "code": "73.20-3-00"}, {"text": "Aluguel de m\u00e1quinas e equipamentos para escrit\u00f3rios", "code": "77.33-1-00"}, {"text": "Servi\u00e7os de reservas e outros servi\u00e7os de turismo n\u00e3o especificados anteriormente", "code": "79.90-2-00"}, {"text": "Servi\u00e7os combinados de escrit\u00f3rio e apoio administrativo", "code": "82.11-3-00"}, {"text": "Fotoc\u00f3pias", "code": "82.19-9-01"}, {"text": "Produ\u00e7\u00e3o teatral", "code": "90.01-9-01"}, {"text": "Produ\u00e7\u00e3o musical", "code": "90.01-9-02"}, {"text": "Artes c\u00eanicas, espet\u00e1culos e atividades complementares n\u00e3o especificadas anteriormente", "code": "90.01-9-99"}, {"text": "Gest\u00e3o de espa\u00e7os para artes c\u00eanicas, espet\u00e1culos e outras atividades art\u00edsticas", "code": "90.03-5-00"}, {"text": "Produ\u00e7\u00e3o e promo\u00e7\u00e3o de eventos esportivos", "code": "93.19-1-01"}], "qsa": [{"qual": "49-S\u00f3cio-Administrador", "nome": "ALLAN CARVALHO DOS SANTOS"}, {"qual": "22-S\u00f3cio", "qual_rep_legal": "05-Administrador", "nome_rep_legal": "DANYELLE CRUZ LOPES", "nome": "PLENA PARTICIPACOES S.A"}], "situacao": "ATIVA", "bairro": "FIGUEIRA", "logradouro": "EST DR. MELCHIADES PEIXOTO", "numero": "43", "cep": "24.140-070", "municipio": "NITEROI", "porte": "DEMAIS", "abertura": "27/02/2002", "natureza_juridica": "206-2 - Sociedade Empres\u00e1ria Limitada", "cnpj": "04.924.058/0001-82", "ultima_atualizacao": "2020-02-07T22:26:33.928Z", "status": "OK", "tipo": "MATRIZ", "fantasia": "", "complemento": "", "efr": "", "motivo_situacao": "", "situacao_especial": "", "data_situacao_especial": "", "capital_social": "200000.00", "extra": {}, "billing": {"free": false, "database": true}}