{"atividade_principal": [{"text": "Outras atividades de publicidade n\u00e3o especificadas anteriormente", "code": "73.19-0-99"}], "data_situacao": "18/10/2003", "complemento": "SALA 206", "nome": "PASSOS EMPREENDIMENTOS ESPORTIVOS LTDA", "uf": "RJ", "atividades_secundarias": [{"text": "Filmagem de festas e eventos", "code": "74.20-0-04"}, {"text": "Marketing direto", "code": "73.19-0-03"}, {"text": "Com\u00e9rcio varejista de m\u00f3veis", "code": "47.54-7-01"}, {"text": "Com\u00e9rcio varejista de artigos de papelaria", "code": "47.61-0-03"}, {"text": "Com\u00e9rcio varejista de artigos esportivos", "code": "47.63-6-02"}, {"text": "Produ\u00e7\u00e3o e promo\u00e7\u00e3o de eventos esportivos", "code": "93.19-1-01"}, {"text": "Edi\u00e7\u00e3o de livros", "code": "58.11-5-00"}, {"text": "Edi\u00e7\u00e3o de jornais di\u00e1rios", "code": "58.12-3-01"}, {"text": "Edi\u00e7\u00e3o de revistas", "code": "58.13-1-00"}], "qsa": [{"qual": "49-S\u00f3cio-Administrador", "nome": "WELLINGTON PASSOS"}, {"qual": "22-S\u00f3cio", "nome": "IOLANDA DOS SANTOS PASSOS"}], "situacao": "ATIVA", "bairro": "ALTO DOS CAJUEIROS", "logradouro": "AV RUI BARBOSA", "numero": "1860", "cep": "27.915-012", "municipio": "MACAE", "porte": "MICRO EMPRESA", "abertura": "05/06/2002", "natureza_juridica": "206-2 - Sociedade Empres\u00e1ria Limitada", "fantasia": "PASSOS EMPREENDIMENTOS", "cnpj": "05.089.483/0001-66", "ultima_atualizacao": "2020-02-07T22:25:47.887Z", "status": "OK", "tipo": "MATRIZ", "email": "", "telefone": "", "efr": "", "motivo_situacao": "", "situacao_especial": "", "data_situacao_especial": "", "capital_social": "50000.00", "extra": {}, "billing": {"free": false, "database": true}}