{"atividade_principal": [{"text": "Com\u00e9rcio varejista de combust\u00edveis para ve\u00edculos automotores", "code": "47.31-8-00"}], "data_situacao": "03/09/2002", "nome": "POSTO TREVO LITORAL LTDA", "uf": "RJ", "telefone": "(22) 2772-3860", "atividades_secundarias": [{"text": "Com\u00e9rcio varejista de lubrificantes", "code": "47.32-6-00"}], "qsa": [{"qual": "49-S\u00f3cio-Administrador", "nome": "PAULO CESAR DA SILVA ABREU"}, {"qual": "49-S\u00f3cio-Administrador", "nome": "VERA LUCIA SILVA DE MATOS ABREU"}], "situacao": "ATIVA", "bairro": "BOTAFOGO", "logradouro": "AV GASTAO HENRIQUE SCHUELER", "numero": "1178", "cep": "27.946-190", "municipio": "MACAE", "porte": "DEMAIS", "abertura": "03/09/2002", "natureza_juridica": "206-2 - Sociedade Empres\u00e1ria Limitada", "cnpj": "05.289.050/0001-54", "ultima_atualizacao": "2020-02-07T22:40:15.480Z", "status": "OK", "tipo": "MATRIZ", "fantasia": "", "complemento": "", "email": "", "efr": "", "motivo_situacao": "", "situacao_especial": "", "data_situacao_especial": "", "capital_social": "2700000.00", "extra": {}, "billing": {"free": false, "database": false}}