{"atividade_principal": [{"text": "Com\u00e9rcio varejista de combust\u00edveis para ve\u00edculos automotores", "code": "47.31-8-00"}], "data_situacao": "31/10/2002", "nome": "POSTO TITAN DE MACAE LTDA", "uf": "RJ", "telefone": "(22) 2762-610", "atividades_secundarias": [{"text": "Transporte rodovi\u00e1rio de produtos perigosos", "code": "49.30-2-03"}, {"text": "Com\u00e9rcio varejista de lubrificantes", "code": "47.32-6-00"}], "qsa": [{"qual": "49-S\u00f3cio-Administrador", "nome": "ANABEL GARCIA FREIRE"}, {"qual": "49-S\u00f3cio-Administrador", "nome": "IAN FREIRE CARNEIRO"}], "situacao": "ATIVA", "bairro": "NOVO CAVALEIROS", "logradouro": "AV ALUIZIO DA SILVA GOMES", "numero": "56", "cep": "27.930-560", "municipio": "MACAE", "porte": "DEMAIS", "abertura": "31/10/2002", "natureza_juridica": "206-2 - Sociedade Empres\u00e1ria Limitada", "fantasia": "POSTO TITAN", "cnpj": "05.374.546/0001-26", "ultima_atualizacao": "2020-02-07T22:23:02.303Z", "status": "OK", "tipo": "MATRIZ", "complemento": "", "email": "", "efr": "", "motivo_situacao": "", "situacao_especial": "", "data_situacao_especial": "", "capital_social": "200000.00", "extra": {}, "billing": {"free": false, "database": true}}