{"data_situacao": "29/03/2019", "motivo_situacao": "OMISSAO DE DECLARACOES", "nome": "C.R. PAIXAO BRANDAO", "qsa": [], "situacao": "INAPTA", "porte": "DEMAIS", "abertura": "26/12/2002", "natureza_juridica": "213-5 - Empres\u00e1rio (Individual)", "cnpj": "05.465.907/0001-40", "ultima_atualizacao": "2020-02-07T22:27:32.926Z", "status": "OK", "tipo": "MATRIZ", "fantasia": "", "logradouro": "", "numero": "", "complemento": "", "cep": "", "bairro": "", "municipio": "", "uf": "", "email": "", "telefone": "", "efr": "", "situacao_especial": "", "data_situacao_especial": "", "atividade_principal": [{"code": "00.00-0-00", "text": "********"}], "atividades_secundarias": [{"code": "00.00-0-00", "text": "N\u00e3o informada"}], "capital_social": "150000.00", "extra": {}, "billing": {"free": false, "database": true}}