{"atividade_principal": [{"text": "Com\u00e9rcio varejista de combust\u00edveis para ve\u00edculos automotores", "code": "47.31-8-00"}], "data_situacao": "03/11/2005", "complemento": "203", "nome": "RODRIGUES E ASCENCIANO COMERCIO DE COMBUSTIVEIS LTDA", "uf": "RJ", "telefone": "(22) 2779-2150", "atividades_secundarias": [{"text": "Com\u00e9rcio varejista de lubrificantes", "code": "47.32-6-00"}], "qsa": [{"qual": "49-S\u00f3cio-Administrador", "nome": "LUIS ALBERTO RODRIGUES ENNE"}, {"qual": "49-S\u00f3cio-Administrador", "nome": "JOSE LUIZ ASCENCIANO BIZZO"}], "situacao": "ATIVA", "bairro": "PORTO", "logradouro": "R CORONEL CASTRO", "numero": "201", "cep": "28.740-000", "municipio": "CONCEICAO DE MACABU", "porte": "EMPRESA DE PEQUENO PORTE", "abertura": "21/11/2002", "natureza_juridica": "206-2 - Sociedade Empres\u00e1ria Limitada", "fantasia": "POSTO MACABUENSE", "cnpj": "05.470.254/0001-97", "ultima_atualizacao": "2020-02-07T22:23:19.979Z", "status": "OK", "tipo": "MATRIZ", "email": "", "efr": "", "motivo_situacao": "", "situacao_especial": "", "data_situacao_especial": "", "capital_social": "0.00", "extra": {}, "billing": {"free": false, "database": true}}