{"atividade_principal": [{"text": "Com\u00e9rcio varejista de combust\u00edveis para ve\u00edculos automotores", "code": "47.31-8-00"}], "data_situacao": "24/03/2003", "complemento": "KM 179", "nome": "POSTO MOREIRA CABRAL LTDA", "uf": "RJ", "telefone": "(22) 2762-2785", "atividades_secundarias": [{"text": "Com\u00e9rcio varejista de lubrificantes", "code": "47.32-6-00"}, {"text": "Transporte rodovi\u00e1rio de produtos perigosos", "code": "49.30-2-03"}], "qsa": [{"qual": "49-S\u00f3cio-Administrador", "nome": "DAVID GOMES BATISTA JUNIOR"}, {"qual": "49-S\u00f3cio-Administrador", "nome": "ISRAEL MOREIRA DE BARROS"}], "situacao": "ATIVA", "bairro": "BARRA DE MACAE", "logradouro": "ROD AMARAL PEIXOTO", "numero": "2511", "cep": "27.973-030", "municipio": "MACAE", "porte": "DEMAIS", "abertura": "24/03/2003", "natureza_juridica": "206-2 - Sociedade Empres\u00e1ria Limitada", "fantasia": "POSTO MOREIRA CABRAL", "cnpj": "05.578.837/0001-36", "ultima_atualizacao": "2020-02-07T22:26:27.884Z", "status": "OK", "tipo": "MATRIZ", "email": "", "efr": "", "motivo_situacao": "", "situacao_especial": "", "data_situacao_especial": "", "capital_social": "0.00", "extra": {}, "billing": {"free": false, "database": true}}