{"atividade_principal": [{"text": "Transporte rodovi\u00e1rio coletivo de passageiros, sob regime de fretamento, intermunicipal, interestadual e internacional", "code": "49.29-9-02"}], "data_situacao": "16/09/2003", "complemento": "LOTE 06 E 07", "nome": "RONILDO C TRANSPORTE E TURISMO", "uf": "RJ", "telefone": "(22) 2779-4597", "atividades_secundarias": [{"text": "Com\u00e9rcio a varejo de pe\u00e7as e acess\u00f3rios novos para ve\u00edculos automotores", "code": "45.30-7-03"}, {"text": "Organiza\u00e7\u00e3o de excurs\u00f5es em ve\u00edculos rodovi\u00e1rios pr\u00f3prios, intermunicipal, interestadual e internacional", "code": "49.29-9-04"}, {"text": "Servi\u00e7o de transporte de passageiros - loca\u00e7\u00e3o de autom\u00f3veis com motorista", "code": "49.23-0-02"}, {"text": "Servi\u00e7os de manuten\u00e7\u00e3o e repara\u00e7\u00e3o mec\u00e2nica de ve\u00edculos automotores", "code": "45.20-0-01"}, {"text": "Transporte escolar", "code": "49.24-8-00"}, {"text": "Transporte rodovi\u00e1rio coletivo de passageiros, sob regime de fretamento, municipal", "code": "49.29-9-01"}, {"text": "Transporte rodovi\u00e1rio de carga, exceto produtos perigosos e mudan\u00e7as, municipal.", "code": "49.30-2-01"}], "qsa": [], "situacao": "ATIVA", "bairro": "USINA", "logradouro": "ROD RJ 182", "numero": "SN", "cep": "28.740-000", "municipio": "CONCEICAO DE MACABU", "porte": "MICRO EMPRESA", "abertura": "16/09/2003", "natureza_juridica": "213-5 - Empres\u00e1rio (Individual)", "fantasia": "TRANSPORTE CLASSE", "cnpj": "05.920.089/0001-28", "ultima_atualizacao": "2020-02-07T22:23:39.679Z", "status": "OK", "tipo": "MATRIZ", "email": "", "efr": "", "motivo_situacao": "", "situacao_especial": "", "data_situacao_especial": "", "capital_social": "100000.00", "extra": {}, "billing": {"free": false, "database": true}}