{"atividade_principal": [{"text": "Impress\u00e3o de livros, revistas e outras publica\u00e7\u00f5es peri\u00f3dicas", "code": "18.11-3-02"}], "data_situacao": "30/04/2003", "complemento": "PARTE", "nome": "GM MINISTER EDITORA EIRELI", "uf": "RJ", "telefone": "(21) 3878-8727", "atividades_secundarias": [{"text": "Impress\u00e3o de jornais", "code": "18.11-3-01"}], "qsa": [{"qual": "65-Titular Pessoa F\u00edsica Residente ou Domiciliado no Brasil", "nome": "FELIPE BEDRAN CALIL"}], "situacao": "ATIVA", "bairro": "SAO CRISTOVAO", "logradouro": "R CONDE DE LEOPOLDINA", "numero": "686", "cep": "20.930-460", "municipio": "RIO DE JANEIRO", "porte": "DEMAIS", "abertura": "30/04/2003", "natureza_juridica": "230-5 - Empresa Individual de Responsabilidade Limitada (de Natureza Empres\u00e1ria)", "cnpj": "05.944.063/0001-10", "ultima_atualizacao": "2020-02-07T22:22:45.626Z", "status": "OK", "tipo": "MATRIZ", "fantasia": "", "email": "", "efr": "", "motivo_situacao": "", "situacao_especial": "", "data_situacao_especial": "", "capital_social": "0.00", "extra": {}, "billing": {"free": false, "database": true}}