{"data_situacao": "28/11/2018", "motivo_situacao": "OMISSAO DE DECLARACOES", "nome": "I A S DE SOUZA E COMUNICACAO VISUAL LTDA", "telefone": "(22) 2764-6584", "email": "contabilidade@faciliti.com.br", "qsa": [{"qual": "49-S\u00f3cio-Administrador", "nome": "IGOR ALESSANDRO SILVA DE SOUZA"}, {"qual": "22-S\u00f3cio", "nome": "CELIA MARA SILVA DE SOUZA"}], "situacao": "INAPTA", "porte": "MICRO EMPRESA", "abertura": "04/07/2006", "natureza_juridica": "206-2 - Sociedade Empres\u00e1ria Limitada", "fantasia": "I. R. V. PROPAGANDA", "cnpj": "08.109.005/0001-69", "ultima_atualizacao": "2020-02-07T22:25:28.248Z", "status": "OK", "tipo": "MATRIZ", "logradouro": "", "numero": "", "complemento": "", "cep": "", "bairro": "", "municipio": "", "uf": "", "efr": "", "situacao_especial": "", "data_situacao_especial": "", "atividade_principal": [{"code": "00.00-0-00", "text": "********"}], "atividades_secundarias": [{"code": "00.00-0-00", "text": "N\u00e3o informada"}], "capital_social": "20000.00", "extra": {}, "billing": {"free": false, "database": true}}