{"atividade_principal": [{"text": "Servi\u00e7os de usinagem, tornearia e solda", "code": "25.39-0-01"}], "data_situacao": "18/08/2006", "complemento": "ANDAR 2", "nome": "DRILLER INDUSTRIA METALURGICA LTDA", "uf": "RJ", "telefone": "(22) 2773-5968", "atividades_secundarias": [{"text": "Fabrica\u00e7\u00e3o de obras de caldeiraria pesada", "code": "25.13-6-00"}, {"text": "Produ\u00e7\u00e3o de forjados de metais n\u00e3o-ferrosos e suas ligas", "code": "25.31-4-02"}, {"text": "Fabrica\u00e7\u00e3o de embalagens met\u00e1licas", "code": "25.91-8-00"}, {"text": "Fabrica\u00e7\u00e3o de outros produtos de metal n\u00e3o especificados anteriormente", "code": "25.99-3-99"}, {"text": "Administra\u00e7\u00e3o de obras", "code": "43.99-1-01"}, {"text": "Servi\u00e7os especializados para constru\u00e7\u00e3o n\u00e3o especificados anteriormente", "code": "43.99-1-99"}], "qsa": [{"qual": "22-S\u00f3cio", "nome": "GERALDO MIGUEL DE AZEVEDO"}, {"qual": "49-S\u00f3cio-Administrador", "nome": "CLAUDIO ROBERTO ALMIR"}], "situacao": "ATIVA", "bairro": "NOVO CAVALEIROS", "logradouro": "AL JEQUITIBA", "numero": "330", "cep": "27.930-370", "municipio": "MACAE", "porte": "DEMAIS", "abertura": "18/08/2006", "natureza_juridica": "206-2 - Sociedade Empres\u00e1ria Limitada", "fantasia": "DRILLER OFFSHORE", "cnpj": "08.291.431/0001-66", "ultima_atualizacao": "2020-02-07T22:24:33.705Z", "status": "OK", "tipo": "MATRIZ", "email": "", "efr": "", "motivo_situacao": "", "situacao_especial": "", "data_situacao_especial": "", "capital_social": "300000.00", "extra": {}, "billing": {"free": false, "database": true}}