{"atividade_principal": [{"text": "Servi\u00e7os de pr\u00e9-impress\u00e3o", "code": "18.21-1-00"}], "data_situacao": "17/05/2007", "complemento": "PARTE", "nome": "MONTEIRO E PESSANHA COMUNICACAO VISUAL LTDA", "uf": "RJ", "telefone": "(22) 2772-6363", "atividades_secundarias": [{"text": "Com\u00e9rcio varejista de artigos de papelaria", "code": "47.61-0-03"}], "qsa": [{"qual": "49-S\u00f3cio-Administrador", "nome": "JOAO BATISTA FERREIRA MONTEIRO"}, {"qual": "22-S\u00f3cio", "nome": "GISELLE MIRANDA PESSANHA MONTEIRO"}], "situacao": "ATIVA", "bairro": "PRAIA CAMPISTA", "logradouro": "R VEREADOR SENISIO VIEIRA", "numero": "175", "cep": "27.923-100", "municipio": "MACAE", "porte": "MICRO EMPRESA", "abertura": "17/05/2007", "natureza_juridica": "206-2 - Sociedade Empres\u00e1ria Limitada", "fantasia": "PONTO DA SINALIZACAO", "cnpj": "08.885.596/0001-66", "ultima_atualizacao": "2020-02-07T22:27:46.432Z", "status": "OK", "tipo": "MATRIZ", "email": "", "efr": "", "motivo_situacao": "", "situacao_especial": "", "data_situacao_especial": "", "capital_social": "30000.00", "extra": {}, "billing": {"free": false, "database": true}}