{"atividade_principal": [{"text": "Fabrica\u00e7\u00e3o de letras, letreiros e placas de qualquer material, exceto luminosos", "code": "32.99-0-03"}], "data_situacao": "02/07/2007", "nome": "MAILLET SINALIZACAO E PAPELARIA LTDA", "uf": "RJ", "telefone": "(22) 2762-2258/ (22) 2765-7120", "email": "quality.marvel@globo.com", "atividades_secundarias": [{"text": "Agenciamento de espa\u00e7os para publicidade, exceto em ve\u00edculos de comunica\u00e7\u00e3o", "code": "73.12-2-00"}, {"text": "Ag\u00eancias de publicidade", "code": "73.11-4-00"}, {"text": "Com\u00e9rcio varejista de artigos de papelaria", "code": "47.61-0-03"}, {"text": "Com\u00e9rcio varejista de artigos esportivos", "code": "47.63-6-02"}, {"text": "Com\u00e9rcio varejista especializado de equipamentos e suprimentos de inform\u00e1tica", "code": "47.51-2-01"}, {"text": "Edi\u00e7\u00e3o de cadastros, listas e de outros produtos gr\u00e1ficos", "code": "58.19-1-00"}, {"text": "Edi\u00e7\u00e3o de jornais di\u00e1rios", "code": "58.12-3-01"}, {"text": "Edi\u00e7\u00e3o de livros", "code": "58.11-5-00"}, {"text": "Edi\u00e7\u00e3o de revistas", "code": "58.13-1-00"}, {"text": "Instala\u00e7\u00e3o de pain\u00e9is publicit\u00e1rios", "code": "43.29-1-01"}, {"text": "Marketing direto", "code": "73.19-0-03"}, {"text": "Montagem e instala\u00e7\u00e3o de sistemas e equipamentos de ilumina\u00e7\u00e3o e sinaliza\u00e7\u00e3o em vias p\u00fablicas, portos e aeroportos", "code": "43.29-1-04"}, {"text": "Produ\u00e7\u00e3o e promo\u00e7\u00e3o de eventos esportivos", "code": "93.19-1-01"}, {"text": "Servi\u00e7os de organiza\u00e7\u00e3o de feiras, congressos, exposi\u00e7\u00f5es e festas", "code": "82.30-0-01"}], "qsa": [{"qual": "49-S\u00f3cio-Administrador", "nome": "MARVEL PAOLINO MAILLET"}, {"qual": "22-S\u00f3cio", "nome": "IOLANDA PAOLINO MAILLET"}], "situacao": "ATIVA", "bairro": "GRANJA DOS CAVALEIROS", "logradouro": "R MANOEL FRANCISCO NUNES", "numero": "1087", "cep": "27.930-045", "municipio": "MACAE", "porte": "MICRO EMPRESA", "abertura": "02/07/2007", "natureza_juridica": "206-2 - Sociedade Empres\u00e1ria Limitada", "fantasia": "QUALITY SINALIZACAO", "cnpj": "08.932.018/0001-33", "ultima_atualizacao": "2020-02-07T22:22:18.498Z", "status": "OK", "tipo": "MATRIZ", "complemento": "", "efr": "", "motivo_situacao": "", "situacao_especial": "", "data_situacao_especial": "", "capital_social": "40000.00", "extra": {}, "billing": {"free": false, "database": true}}