{"atividade_principal": [{"text": "Atividades de intermedia\u00e7\u00e3o e agenciamento de servi\u00e7os e neg\u00f3cios em geral, exceto imobili\u00e1rios (Dispensada *)", "code": "74.90-1-04"}], "data_situacao": "30/07/2007", "nome": "PAYU BRASIL INTERMEDIACAO DE NEGOCIOS LTDA.", "uf": "SP", "telefone": "(11) 3075-7520", "email": "atendimento@payu.com.br", "atividades_secundarias": [{"text": "Desenvolvimento e licenciamento de programas de computador customiz\u00e1veis (Dispensada *)", "code": "62.02-3-00"}, {"text": "Desenvolvimento e licenciamento de programas de computador n\u00e3o-customiz\u00e1veis (Dispensada *)", "code": "62.03-1-00"}, {"text": "Consultoria em tecnologia da informa\u00e7\u00e3o (Dispensada *)", "code": "62.04-0-00"}, {"text": "Tratamento de dados, provedores de servi\u00e7os de aplica\u00e7\u00e3o e servi\u00e7os de hospedagem na internet (Dispensada *)", "code": "63.11-9-00"}, {"text": "Administra\u00e7\u00e3o de cart\u00f5es de cr\u00e9dito", "code": "66.13-4-00"}, {"text": "Correspondentes de institui\u00e7\u00f5es financeiras", "code": "66.19-3-02"}, {"text": "Servi\u00e7os combinados de escrit\u00f3rio e apoio administrativo (Dispensada *)", "code": "82.11-3-00"}, {"text": "Prepara\u00e7\u00e3o de documentos e servi\u00e7os especializados de apoio administrativo n\u00e3o especificados anteriormente (Dispensada *)", "code": "82.19-9-99"}, {"text": "Atividades de teleatendimento (Dispensada *)", "code": "82.20-2-00"}], "qsa": [{"qual": "37-S\u00f3cio Pessoa Jur\u00eddica Domiciliado no Exterior", "pais_origem": "PA\u00cdSES BAIXOS (HOLANDA)", "nome_rep_legal": "LUCAS BRAUN", "qual_rep_legal": "17-Procurador", "nome": "PAYU GLOBAL B.V."}, {"qual": "37-S\u00f3cio Pessoa Jur\u00eddica Domiciliado no Exterior", "pais_origem": "ESPANHA", "nome_rep_legal": "LUCAS BRAUN", "qual_rep_legal": "17-Procurador", "nome": "GELSA INVESTMENTS, S.L."}, {"qual": "05-Administrador", "nome": "WAGNER EVANGELISTA DA SILVA"}, {"qual": "05-Administrador", "nome": "ALESSANDRA CRISTINA ALBINO DIONIZIO"}], "situacao": "ATIVA", "bairro": "JARDIM TANGARA", "logradouro": "AV DAS ESMERALDAS", "numero": "2635", "cep": "17.516-000", "municipio": "MARILIA", "porte": "DEMAIS", "abertura": "30/07/2007", "natureza_juridica": "206-2 - Sociedade Empres\u00e1ria Limitada", "fantasia": "PAYU BRASIL", "cnpj": "08.965.639/0001-13", "ultima_atualizacao": "2020-02-07T22:22:32.658Z", "status": "OK", "tipo": "MATRIZ", "complemento": "", "efr": "", "motivo_situacao": "", "situacao_especial": "", "data_situacao_especial": "", "capital_social": "103656231.00", "extra": {}, "billing": {"free": false, "database": true}}