{"atividade_principal": [{"text": "Atividades de grava\u00e7\u00e3o de som e de edi\u00e7\u00e3o de m\u00fasica", "code": "59.20-1-00"}], "data_situacao": "09/07/2019", "complemento": "PARTE", "nome": "LEONARDO ALMEIDA DOS SANTOS PASSOS PRODUCOES FONOGRAFICAS", "uf": "RJ", "telefone": "(22) 2770-0921/ (22) 2770-0921", "email": "miqueiascont@bol.com.br", "atividades_secundarias": [{"text": "Com\u00e9rcio varejista especializado de equipamentos e suprimentos de inform\u00e1tica", "code": "47.51-2-01"}, {"text": "Instala\u00e7\u00e3o de pain\u00e9is publicit\u00e1rios", "code": "43.29-1-01"}, {"text": "Agenciamento de espa\u00e7os para publicidade, exceto em ve\u00edculos de comunica\u00e7\u00e3o", "code": "73.12-2-00"}], "qsa": [], "situacao": "ATIVA", "bairro": "AROEIRA", "logradouro": "R JOAQUIM A BRITO PINTO", "numero": "46", "cep": "27.947-420", "municipio": "MACAE", "porte": "MICRO EMPRESA", "abertura": "27/07/2007", "natureza_juridica": "213-5 - Empres\u00e1rio (Individual)", "fantasia": "ESTUDIO CIA DIGITAL", "cnpj": "08.984.954/0001-98", "ultima_atualizacao": "2020-02-07T22:27:10.879Z", "status": "OK", "tipo": "MATRIZ", "efr": "", "motivo_situacao": "", "situacao_especial": "", "data_situacao_especial": "", "capital_social": "40000.00", "extra": {}, "billing": {"free": false, "database": true}}