{"data_situacao": "17/10/2018", "motivo_situacao": "OMISSAO DE DECLARACOES", "nome": "MICROWAVE PUBLICIDADE LTDA", "telefone": "(21) 4063-9286/ (21) 2577-9969", "email": "mauro@microwave.com.br", "qsa": [{"qual": "49-S\u00f3cio-Administrador", "nome": "MAURO VIEIRA GUIMARAES"}, {"qual": "22-S\u00f3cio", "nome": "DIOGO RIBEIRO E SILVA"}], "situacao": "INAPTA", "porte": "EMPRESA DE PEQUENO PORTE", "abertura": "06/12/2007", "natureza_juridica": "224-0 - Sociedade Simples Limitada", "cnpj": "09.298.181/0001-59", "ultima_atualizacao": "2020-02-07T22:41:03.531Z", "status": "OK", "tipo": "MATRIZ", "fantasia": "", "logradouro": "", "numero": "", "complemento": "", "cep": "", "bairro": "", "municipio": "", "uf": "", "efr": "", "situacao_especial": "", "data_situacao_especial": "", "atividade_principal": [{"code": "00.00-0-00", "text": "********"}], "atividades_secundarias": [{"code": "00.00-0-00", "text": "N\u00e3o informada"}], "capital_social": "50000.00", "extra": {}, "billing": {"free": false, "database": false}}