{"atividade_principal": [{"text": "Atividades de produ\u00e7\u00e3o cinematogr\u00e1fica, de v\u00eddeos e de programas de televis\u00e3o n\u00e3o especificadas anteriormente", "code": "59.11-1-99"}], "data_situacao": "29/10/2008", "complemento": "APT 1013", "nome": "CASULO RIO SERVICOS AUDIOVISUAIS LTDA", "uf": "RJ", "telefone": "(21) 3464-7919", "email": "jr_thimoteo@hotmail.com", "atividades_secundarias": [{"text": "Atividades de p\u00f3s-produ\u00e7\u00e3o cinematogr\u00e1fica, de v\u00eddeos e de programas de televis\u00e3o n\u00e3o especificadas anteriormente", "code": "59.12-0-99"}], "qsa": [{"qual": "49-S\u00f3cio-Administrador", "nome": "PEDRO AUGUSTO OLIVEIRA DA ROCHA"}, {"qual": "22-S\u00f3cio", "nome": "ANA TEODORA OLIVEIRA DA ROCHA"}], "situacao": "ATIVA", "bairro": "BARRA DA TIJUCA", "logradouro": "AV PEPE", "numero": "600", "cep": "22.620-170", "municipio": "RIO DE JANEIRO", "porte": "MICRO EMPRESA", "abertura": "29/10/2008", "natureza_juridica": "224-0 - Sociedade Simples Limitada", "cnpj": "10.477.062/0001-42", "ultima_atualizacao": "2020-02-07T22:25:57.051Z", "status": "OK", "tipo": "MATRIZ", "fantasia": "", "efr": "", "motivo_situacao": "", "situacao_especial": "", "data_situacao_especial": "", "capital_social": "3000.00", "extra": {}, "billing": {"free": false, "database": true}}