{"atividade_principal": [{"text": "Com\u00e9rcio varejista de mercadorias em geral, com predomin\u00e2ncia de produtos aliment\u00edcios - minimercados, mercearias e armaz\u00e9ns", "code": "47.12-1-00"}], "data_situacao": "22/05/2009", "nome": "GELOMANIA DE MACAE COMERCIAL LTDA", "uf": "RJ", "telefone": "(22) 9985-5531/ (22) 9957-2288", "email": "elaine-santos06@hotmail.com", "atividades_secundarias": [{"text": "Com\u00e9rcio atacadista de bebidas com atividade de fracionamento e acondicionamento associada", "code": "46.35-4-03"}, {"text": "Com\u00e9rcio atacadista especializado em outros produtos aliment\u00edcios n\u00e3o especificados anteriormente", "code": "46.37-1-99"}, {"text": "Com\u00e9rcio varejista de bebidas", "code": "47.23-7-00"}, {"text": "Com\u00e9rcio varejista de produtos aliment\u00edcios em geral ou especializado em produtos aliment\u00edcios n\u00e3o especificados anteriormente", "code": "47.29-6-99"}], "qsa": [{"qual": "49-S\u00f3cio-Administrador", "nome": "VALDINEI PESSANHA DE SOUZA"}, {"qual": "22-S\u00f3cio", "nome": "VERA LUCIA PESSANHA DE SOUZA"}], "situacao": "ATIVA", "bairro": "AROEIRA", "logradouro": "R ALOISIO PINTO DE ANDRADE", "numero": "145", "cep": "27.946-110", "municipio": "MACAE", "porte": "MICRO EMPRESA", "abertura": "22/05/2009", "natureza_juridica": "206-2 - Sociedade Empres\u00e1ria Limitada", "fantasia": "GELOMANIA", "cnpj": "10.847.123/0001-16", "ultima_atualizacao": "2020-02-07T22:41:37.119Z", "status": "OK", "tipo": "MATRIZ", "complemento": "", "efr": "", "motivo_situacao": "", "situacao_especial": "", "data_situacao_especial": "", "capital_social": "20000.00", "extra": {}, "billing": {"free": false, "database": false}}