{"data_situacao": "11/10/2018", "motivo_situacao": "OMISSAO DE DECLARACOES", "nome": "OH! AGENCIA DIGITAL LTDA.", "telefone": "(21) 2233-2163", "email": "dir@absgallucci.com.br", "qsa": [{"qual": "49-S\u00f3cio-Administrador", "nome": "RODRIGO ALVES DE ANDRE"}, {"qual": "49-S\u00f3cio-Administrador", "nome": "ANDRE LUIS DE WINDSOR MEDEIROS DE ALBUQUERQUE"}, {"qual": "49-S\u00f3cio-Administrador", "nome": "FELIPE SARDINHA ESTEVAM DA COSTA"}], "situacao": "INAPTA", "porte": "DEMAIS", "abertura": "18/06/2009", "natureza_juridica": "224-0 - Sociedade Simples Limitada", "cnpj": "10.964.063/0001-11", "ultima_atualizacao": "2020-02-07T22:22:42.847Z", "status": "OK", "tipo": "MATRIZ", "fantasia": "", "logradouro": "", "numero": "", "complemento": "", "cep": "", "bairro": "", "municipio": "", "uf": "", "efr": "", "situacao_especial": "", "data_situacao_especial": "", "atividade_principal": [{"code": "00.00-0-00", "text": "********"}], "atividades_secundarias": [{"code": "00.00-0-00", "text": "N\u00e3o informada"}], "capital_social": "10000.00", "extra": {}, "billing": {"free": false, "database": true}}