{"atividade_principal": [{"text": "Impress\u00e3o de material para uso publicit\u00e1rio", "code": "18.13-0-01"}], "data_situacao": "29/09/2018", "complemento": "QUADRA 21 PARTE", "nome": "RGA SERVICOS S/S LIMITADA", "uf": "RJ", "telefone": "(21) 2622-1703/ (21) 2621-2643", "email": "oliveira1210@hotmail.com", "atividades_secundarias": [{"text": "Aluguel de m\u00e1quinas e equipamentos para escrit\u00f3rios", "code": "77.33-1-00"}, {"text": "Agenciamento de espa\u00e7os para publicidade, exceto em ve\u00edculos de comunica\u00e7\u00e3o", "code": "73.12-2-00"}, {"text": "Impress\u00e3o de material para outros usos", "code": "18.13-0-99"}, {"text": "Servi\u00e7os de comunica\u00e7\u00e3o multim\u00eddia - SCM", "code": "61.10-8-03"}], "qsa": [{"qual": "49-S\u00f3cio-Administrador", "nome": "LUIZ RICARDO DE CARVALHO GUIMARAES"}, {"qual": "22-S\u00f3cio", "nome": "LAURA MARIA COELHO DE ARAUJO MASSE"}], "situacao": "ATIVA", "bairro": "ARGEU FAZENDINHA - ENGENHO DO MATO", "logradouro": "AV 2", "numero": "LOTE 8", "cep": "24.340-000", "municipio": "NITEROI", "porte": "MICRO EMPRESA", "abertura": "16/07/2009", "natureza_juridica": "224-0 - Sociedade Simples Limitada", "cnpj": "10.990.680/0001-91", "ultima_atualizacao": "2020-02-07T22:23:38.034Z", "status": "OK", "tipo": "MATRIZ", "fantasia": "", "efr": "", "motivo_situacao": "", "situacao_especial": "", "data_situacao_especial": "", "capital_social": "20000.00", "extra": {}, "billing": {"free": false, "database": true}}