{"atividade_principal": [{"text": "Impress\u00e3o de livros, revistas e outras publica\u00e7\u00f5es peri\u00f3dicas", "code": "18.11-3-02"}], "data_situacao": "04/08/2009", "complemento": "RECANTO DO TREVO", "nome": "J VASCONCELLOS EDITORA GRAFICA LTDA.", "uf": "RJ", "telefone": "(22) 2665-4517", "email": "printmastereditora@gmail.com", "atividades_secundarias": [{"text": "Fabrica\u00e7\u00e3o de produtos de papel, cartolina, papel cart\u00e3o e papel\u00e3o ondulado para uso comercial e de escrit\u00f3rio, exceto formul\u00e1rio cont\u00ednuo", "code": "17.41-9-02"}, {"text": "Impress\u00e3o de jornais", "code": "18.11-3-01"}, {"text": "Edi\u00e7\u00e3o de cadastros, listas e de outros produtos gr\u00e1ficos", "code": "58.19-1-00"}, {"text": "Edi\u00e7\u00e3o integrada \u00e0 impress\u00e3o de livros", "code": "58.21-2-00"}, {"text": "Edi\u00e7\u00e3o integrada \u00e0 impress\u00e3o de jornais di\u00e1rios", "code": "58.22-1-01"}, {"text": "Edi\u00e7\u00e3o integrada \u00e0 impress\u00e3o de revistas", "code": "58.23-9-00"}, {"text": "Edi\u00e7\u00e3o integrada \u00e0 impress\u00e3o de cadastros, listas e de outros produtos gr\u00e1ficos", "code": "58.29-8-00"}, {"text": "Repara\u00e7\u00e3o e manuten\u00e7\u00e3o de equipamentos eletroeletr\u00f4nicos de uso pessoal e dom\u00e9stico", "code": "95.21-5-00"}], "qsa": [{"qual": "49-S\u00f3cio-Administrador", "nome": "LETYCIA LUCIA MAFRA VASCONCELLOS"}, {"qual": "22-S\u00f3cio", "nome": "RENE PINTO"}], "situacao": "ATIVA", "bairro": "VILA CAPRI", "logradouro": "R PC GRACILIANO RAMOS", "numero": "560", "cep": "28.970-000", "municipio": "ARARUAMA", "porte": "EMPRESA DE PEQUENO PORTE", "abertura": "04/08/2009", "natureza_juridica": "206-2 - Sociedade Empres\u00e1ria Limitada", "fantasia": "PRINT MASTER EDITORA", "cnpj": "11.019.639/0001-35", "ultima_atualizacao": "2020-02-07T22:24:09.230Z", "status": "OK", "tipo": "MATRIZ", "efr": "", "motivo_situacao": "", "situacao_especial": "", "data_situacao_especial": "", "capital_social": "100000.00", "extra": {}, "billing": {"free": false, "database": true}}