{"data_situacao": "17/10/2018", "motivo_situacao": "OMISSAO DE DECLARACOES", "nome": "ADAILTON GOMES DOS SANTOS - GRAFICA E EDITORA", "telefone": "(21) 3733-3650", "qsa": [], "situacao": "INAPTA", "porte": "EMPRESA DE PEQUENO PORTE", "abertura": "24/07/2009", "natureza_juridica": "213-5 - Empres\u00e1rio (Individual)", "cnpj": "11.226.821/0001-67", "ultima_atualizacao": "2020-02-07T22:23:34.202Z", "status": "OK", "tipo": "MATRIZ", "fantasia": "", "logradouro": "", "numero": "", "complemento": "", "cep": "", "bairro": "", "municipio": "", "uf": "", "email": "", "efr": "", "situacao_especial": "", "data_situacao_especial": "", "atividade_principal": [{"code": "00.00-0-00", "text": "********"}], "atividades_secundarias": [{"code": "00.00-0-00", "text": "N\u00e3o informada"}], "capital_social": "200000.00", "extra": {}, "billing": {"free": false, "database": true}}