{"data_situacao": "11/10/2018", "motivo_situacao": "OMISSAO DE DECLARACOES", "nome": "M4E - MARKETING E PUBLICIDADE EIRELI", "telefone": "(21) 8362-0001/ (21) 8945-8041", "email": "eren.contabilidade@gmail.com", "qsa": [{"qual": "65-Titular Pessoa F\u00edsica Residente ou Domiciliado no Brasil", "nome": "MICHAEL LOPES DE LIMA"}], "situacao": "INAPTA", "porte": "DEMAIS", "abertura": "13/11/2009", "natureza_juridica": "231-3 - Empresa Individual de Responsabilidade Limitada (de Natureza Simples)", "cnpj": "11.346.773/0001-40", "ultima_atualizacao": "2020-02-07T22:22:38.400Z", "status": "OK", "tipo": "MATRIZ", "fantasia": "", "logradouro": "", "numero": "", "complemento": "", "cep": "", "bairro": "", "municipio": "", "uf": "", "efr": "", "situacao_especial": "", "data_situacao_especial": "", "atividade_principal": [{"code": "00.00-0-00", "text": "********"}], "atividades_secundarias": [{"code": "00.00-0-00", "text": "N\u00e3o informada"}], "capital_social": "200000.00", "extra": {}, "billing": {"free": false, "database": true}}