{"data_situacao": "29/03/2018", "motivo_situacao": "INTERRUPCAO TEMP ATIVIDADES", "nome": "SAMJO DO BRASIL LTDA", "telefone": "(22) 2762-9510/ (22) 2762-2109", "qsa": [{"qual": "22-S\u00f3cio", "nome": "JUSSARA COUTO PINHEIRO DA SILVA"}, {"qual": "49-S\u00f3cio-Administrador", "nome": "SAMUEL FERRAZ MARQUES"}], "situacao": "SUSPENSA", "porte": "DEMAIS", "abertura": "22/12/2009", "natureza_juridica": "206-2 - Sociedade Empres\u00e1ria Limitada", "fantasia": "IMPRIMIX IMPRESSOS E ETIQUETAS", "cnpj": "11.503.662/0001-09", "ultima_atualizacao": "2020-02-07T22:24:58.950Z", "status": "OK", "tipo": "MATRIZ", "logradouro": "", "numero": "", "complemento": "", "cep": "", "bairro": "", "municipio": "", "uf": "", "email": "", "efr": "", "situacao_especial": "", "data_situacao_especial": "", "atividade_principal": [{"code": "00.00-0-00", "text": "********"}], "atividades_secundarias": [{"code": "00.00-0-00", "text": "N\u00e3o informada"}], "capital_social": "10000.00", "extra": {}, "billing": {"free": false, "database": true}}