{"atividade_principal": [{"text": "Servi\u00e7os de acabamentos gr\u00e1ficos, exceto encaderna\u00e7\u00e3o e plastifica\u00e7\u00e3o", "code": "18.22-9-99"}], "data_situacao": "01/03/2010", "complemento": "QUADRA015 LOTE 004", "nome": "C. F. CASTELO FORTE COMUNICACAO VISUAL EIRELI", "uf": "RJ", "telefone": "(22) 2760-1934/ (22) 3324-8262", "email": "cf@cfvisual.com.br", "atividades_secundarias": [{"text": "Com\u00e9rcio varejista de ferragens e ferramentas", "code": "47.44-0-01"}, {"text": "Com\u00e9rcio varejista de materiais de constru\u00e7\u00e3o em geral", "code": "47.44-0-99"}, {"text": "Consultoria em publicidade", "code": "73.19-0-04"}], "qsa": [{"qual": "65-Titular Pessoa F\u00edsica Residente ou Domiciliado no Brasil", "nome": "DEBORA PERES GUSMAO DE MIRANDA"}], "situacao": "ATIVA", "bairro": "ATLANTICA", "logradouro": "R CAMPO DE ANCHOVA", "numero": "S/N", "cep": "28.895-666", "municipio": "RIO DAS OSTRAS", "porte": "MICRO EMPRESA", "abertura": "01/03/2010", "natureza_juridica": "230-5 - Empresa Individual de Responsabilidade Limitada (de Natureza Empres\u00e1ria)", "fantasia": "CASTELO FORTE COMUNICACAO VISUAL", "cnpj": "11.615.245/0001-40", "ultima_atualizacao": "2020-02-07T22:27:18.186Z", "status": "OK", "tipo": "MATRIZ", "efr": "", "motivo_situacao": "", "situacao_especial": "", "data_situacao_especial": "", "capital_social": "88000.00", "extra": {}, "billing": {"free": false, "database": true}}