{"atividade_principal": [{"text": "Transporte rodovi\u00e1rio coletivo de passageiros, com itiner\u00e1rio fixo, municipal", "code": "49.21-3-01"}], "data_situacao": "15/04/2010", "complemento": "LOT FAZ S TEREZINHA", "nome": "SIT MACAE TRANSPORTES S/A", "uf": "RJ", "telefone": "(21) 2109-1040/ (21) 2109-1118", "email": "fiscal@integrajca.com.br", "atividades_secundarias": [{"text": "Transporte escolar", "code": "49.24-8-00"}, {"text": "Transporte rodovi\u00e1rio coletivo de passageiros, sob regime de fretamento, municipal", "code": "49.29-9-01"}], "qsa": [{"qual": "10-Diretor", "nome": "CARLOS EDUARDO GOMES ROCHA"}, {"qual": "10-Diretor", "nome": "JUACIR TERRA"}, {"qual": "08-Conselheiro de Administra\u00e7\u00e3o", "nome": "FERNANDO MAURICIO ARAUJO GUIMARAES"}, {"qual": "08-Conselheiro de Administra\u00e7\u00e3o", "nome": "LUIS BALEEIRO COSTA LIMA"}, {"qual": "08-Conselheiro de Administra\u00e7\u00e3o", "nome": "GUSTAVO NADER DAMIAO RODRIGUES"}, {"qual": "08-Conselheiro de Administra\u00e7\u00e3o", "nome": "PAULO CESAR TERRA"}], "situacao": "ATIVA", "bairro": "AJUDA", "logradouro": "AV DOMINGOS DE MORAES", "numero": "600", "cep": "27.972-014", "municipio": "MACAE", "porte": "DEMAIS", "abertura": "15/04/2010", "natureza_juridica": "205-4 - Sociedade An\u00f4nima Fechada", "cnpj": "11.889.780/0001-99", "ultima_atualizacao": "2020-02-07T22:27:14.180Z", "status": "OK", "tipo": "MATRIZ", "fantasia": "", "efr": "", "motivo_situacao": "", "situacao_especial": "", "data_situacao_especial": "", "capital_social": "3000000.00", "extra": {}, "billing": {"free": false, "database": true}}