{"data_situacao": "26/09/2014", "motivo_situacao": "EXTINCAO - TRAT. DIF. DADO AS ME E EPP", "nome": "W CABRAL C ROSA", "telefone": "(22) 2796-4943/ (22) 2796-4943", "email": "adm@tecnoconta.com.br", "situacao": "BAIXADA", "porte": "MICRO EMPRESA", "abertura": "16/07/2010", "natureza_juridica": "213-5 - Empres\u00e1rio (Individual)", "fantasia": "W. E. CONFECCOES", "cnpj": "12.251.246/0001-15", "ultima_atualizacao": "2020-02-07T22:26:44.369Z", "status": "OK", "tipo": "MATRIZ", "logradouro": "", "numero": "", "complemento": "", "cep": "", "bairro": "", "municipio": "", "uf": "", "efr": "", "situacao_especial": "", "data_situacao_especial": "", "atividade_principal": [{"code": "00.00-0-00", "text": "********"}], "atividades_secundarias": [{"code": "00.00-0-00", "text": "N\u00e3o informada"}], "capital_social": "0.00", "qsa": [], "extra": {}, "billing": {"free": false, "database": true}}