{"atividade_principal": [{"text": "Constru\u00e7\u00e3o de edif\u00edcios", "code": "41.20-4-00"}], "data_situacao": "19/08/2010", "nome": "CONSTRUCTION SERVICE 2010 - COMERCIO E SERVICOS LTDA", "uf": "RJ", "telefone": "(21) 8821-8849", "atividades_secundarias": [{"text": "Outras obras de acabamento da constru\u00e7\u00e3o", "code": "43.30-4-99"}, {"text": "Servi\u00e7os de pintura de edif\u00edcios em geral", "code": "43.30-4-04"}, {"text": "Obras de acabamento em gesso e estuque", "code": "43.30-4-03"}, {"text": "Instala\u00e7\u00e3o de portas, janelas, tetos, divis\u00f3rias e arm\u00e1rios embutidos de qualquer material", "code": "43.30-4-02"}, {"text": "Impermeabiliza\u00e7\u00e3o em obras de engenharia civil", "code": "43.30-4-01"}, {"text": "Tratamentos t\u00e9rmicos, ac\u00fasticos ou de vibra\u00e7\u00e3o", "code": "43.29-1-05"}, {"text": "Prepara\u00e7\u00e3o de canteiro e limpeza de terreno", "code": "43.11-8-02"}, {"text": "Instala\u00e7\u00e3o de pain\u00e9is publicit\u00e1rios", "code": "43.29-1-01"}, {"text": "Servi\u00e7os de montagem de m\u00f3veis de qualquer material", "code": "33.29-5-01"}, {"text": "Manuten\u00e7\u00e3o e repara\u00e7\u00e3o de equipamentos e produtos n\u00e3o especificados anteriormente", "code": "33.19-8-00"}, {"text": "Com\u00e9rcio varejista de materiais de constru\u00e7\u00e3o em geral", "code": "47.44-0-99"}, {"text": "Servi\u00e7os de usinagem, tornearia e solda", "code": "25.39-0-01"}, {"text": "Montagem de estruturas met\u00e1licas", "code": "42.92-8-01"}, {"text": "Instala\u00e7\u00e3o e manuten\u00e7\u00e3o el\u00e9trica", "code": "43.21-5-00"}, {"text": "Instala\u00e7\u00e3o e manuten\u00e7\u00e3o de sistemas centrais de ar condicionado, de ventila\u00e7\u00e3o e refrigera\u00e7\u00e3o", "code": "43.22-3-02"}, {"text": "Montagem e desmontagem de andaimes e outras estruturas tempor\u00e1rias", "code": "43.99-1-02"}, {"text": "Repara\u00e7\u00e3o de artigos do mobili\u00e1rio", "code": "95.29-1-05"}, {"text": "Transporte rodovi\u00e1rio de carga, exceto produtos perigosos e mudan\u00e7as, intermunicipal, interestadual e internacional", "code": "49.30-2-02"}, {"text": "Servi\u00e7os de arquitetura", "code": "71.11-1-00"}, {"text": "Atividades de produ\u00e7\u00e3o de fotografias, exceto a\u00e9rea e submarina", "code": "74.20-0-01"}, {"text": "Repara\u00e7\u00e3o e manuten\u00e7\u00e3o de equipamentos de comunica\u00e7\u00e3o", "code": "95.12-6-00"}, {"text": "Fabrica\u00e7\u00e3o de artigos de serralheria, exceto esquadrias", "code": "25.42-0-00"}, {"text": "Fabrica\u00e7\u00e3o de m\u00f3veis com predomin\u00e2ncia de madeira", "code": "31.01-2-00"}, {"text": "Com\u00e9rcio atacadista de outros equipamentos e artigos de uso pessoal e dom\u00e9stico n\u00e3o especificados anteriormente", "code": "46.49-4-99"}], "qsa": [{"qual": "49-S\u00f3cio-Administrador", "nome": "ELIENISON DA SILVA PINHEIRO"}, {"qual": "22-S\u00f3cio", "nome": "ALBERTINO GOMES DA SILVA JUNIOR"}], "situacao": "ATIVA", "bairro": "CENTRO", "logradouro": "PC ROBERTO SILVEIRA", "numero": "24", "cep": "25.900-001", "municipio": "MAGE", "porte": "MICRO EMPRESA", "abertura": "19/08/2010", "natureza_juridica": "206-2 - Sociedade Empres\u00e1ria Limitada", "fantasia": "CONSTRUCTION SERVICE", "cnpj": "12.404.227/0001-81", "ultima_atualizacao": "2020-02-07T22:26:19.929Z", "status": "OK", "tipo": "MATRIZ", "complemento": "", "email": "", "efr": "", "motivo_situacao": "", "situacao_especial": "", "data_situacao_especial": "", "capital_social": "60000.00", "extra": {}, "billing": {"free": false, "database": true}}