{"data_situacao": "29/03/2019", "motivo_situacao": "OMISSAO DE DECLARACOES", "nome": "TRES MIDIAS AGENCIA E PUBLICIDADE LTDA", "telefone": "(22) 2105-0250", "qsa": [{"qual": "49-S\u00f3cio-Administrador", "nome": "ALBERTO RIBEIRO DA SILVA"}, {"qual": "49-S\u00f3cio-Administrador", "nome": "WAGNER MIRANDA COSTA"}, {"qual": "49-S\u00f3cio-Administrador", "nome": "BRUNO DA SILVA MIRANDA"}], "situacao": "INAPTA", "porte": "DEMAIS", "abertura": "19/08/2010", "natureza_juridica": "206-2 - Sociedade Empres\u00e1ria Limitada", "cnpj": "12.430.837/0001-50", "ultima_atualizacao": "2020-02-07T22:24:12.958Z", "status": "OK", "tipo": "MATRIZ", "fantasia": "", "logradouro": "", "numero": "", "complemento": "", "cep": "", "bairro": "", "municipio": "", "uf": "", "email": "", "efr": "", "situacao_especial": "", "data_situacao_especial": "", "atividade_principal": [{"code": "00.00-0-00", "text": "********"}], "atividades_secundarias": [{"code": "00.00-0-00", "text": "N\u00e3o informada"}], "capital_social": "852000.00", "extra": {}, "billing": {"free": false, "database": true}}