{"atividade_principal": [{"text": "Com\u00e9rcio varejista de combust\u00edveis para ve\u00edculos automotores", "code": "47.31-8-00"}], "data_situacao": "24/03/2010", "complemento": "LOTE: FAZ SANTA TERESINHA;", "nome": "POSTO DE COMBUSTIVEL MODELO DE MACAE EIRELI", "uf": "RJ", "telefone": "(22) 2791-2368", "email": "d28.silva@gmail.com", "atividades_secundarias": [{"text": "Com\u00e9rcio varejista de lubrificantes", "code": "47.32-6-00"}, {"text": "Com\u00e9rcio a varejo de pe\u00e7as e acess\u00f3rios novos para ve\u00edculos automotores", "code": "45.30-7-03"}, {"text": "Servi\u00e7os de lavagem, lubrifica\u00e7\u00e3o e polimento de ve\u00edculos automotores", "code": "45.20-0-05"}, {"text": "Servi\u00e7os de manuten\u00e7\u00e3o e repara\u00e7\u00e3o mec\u00e2nica de ve\u00edculos automotores", "code": "45.20-0-01"}, {"text": "Com\u00e9rcio varejista de mercadorias em lojas de conveni\u00eancia", "code": "47.29-6-02"}, {"text": "Com\u00e9rcio varejista de jornais e revistas", "code": "47.61-0-02"}, {"text": "Padaria e confeitaria com predomin\u00e2ncia de revenda", "code": "47.21-1-02"}, {"text": "Com\u00e9rcio varejista de bebidas", "code": "47.23-7-00"}, {"text": "Transporte rodovi\u00e1rio de produtos perigosos", "code": "49.30-2-03"}], "qsa": [{"qual": "65-Titular Pessoa F\u00edsica Residente ou Domiciliado no Brasil", "nome": "DANIEL TEIXEIRA DA SILVA"}], "situacao": "ATIVA", "bairro": "PARQUE AEROPORTO", "logradouro": "EST HILDEBRANDO ALVES BARBOSA", "numero": "5000", "cep": "27.963-774", "municipio": "MACAE", "porte": "DEMAIS", "abertura": "24/03/2010", "natureza_juridica": "230-5 - Empresa Individual de Responsabilidade Limitada (de Natureza Empres\u00e1ria)", "fantasia": "POSTO AJUDA DE CIMA", "cnpj": "12.448.421/0001-69", "ultima_atualizacao": "2020-02-07T22:26:58.379Z", "status": "OK", "tipo": "MATRIZ", "efr": "", "motivo_situacao": "", "situacao_especial": "", "data_situacao_especial": "", "capital_social": "400000.00", "extra": {}, "billing": {"free": false, "database": true}}