{"data_situacao": "21/07/2016", "motivo_situacao": "EXTINCAO P/ ENC LIQ VOLUNTARIA", "nome": "SUCENA CONFECCOES DE ROUPAS LTDA", "telefone": "(22) 2772-4971", "email": "gerencia@sucenaconfeccoes.com.br", "situacao": "BAIXADA", "porte": "MICRO EMPRESA", "abertura": "08/09/2010", "natureza_juridica": "206-2 - Sociedade Empres\u00e1ria Limitada", "fantasia": "SUCENA", "cnpj": "12.612.983/0001-04", "ultima_atualizacao": "2020-02-07T22:25:50.329Z", "status": "OK", "tipo": "MATRIZ", "logradouro": "", "numero": "", "complemento": "", "cep": "", "bairro": "", "municipio": "", "uf": "", "efr": "", "situacao_especial": "", "data_situacao_especial": "", "atividade_principal": [{"code": "00.00-0-00", "text": "********"}], "atividades_secundarias": [{"code": "00.00-0-00", "text": "N\u00e3o informada"}], "capital_social": "0.00", "qsa": [], "extra": {}, "billing": {"free": false, "database": true}}