{"data_situacao": "01/02/2018", "motivo_situacao": "REGISTRO CANCELADO", "nome": "JEANDERSON RIBEIRO DE FIGUEIREDO 08136985707", "telefone": "(22) 3015-5005", "email": "vianaconsultoria@hotmail.com", "situacao": "BAIXADA", "porte": "MICRO EMPRESA", "abertura": "25/01/2011", "natureza_juridica": "213-5 - Empres\u00e1rio (Individual)", "fantasia": "JF. COMUNICACAO VISUAL", "cnpj": "13.153.061/0001-30", "ultima_atualizacao": "2020-02-07T22:27:34.643Z", "status": "OK", "tipo": "MATRIZ", "logradouro": "", "numero": "", "complemento": "", "cep": "", "bairro": "", "municipio": "", "uf": "", "efr": "", "situacao_especial": "", "data_situacao_especial": "", "atividade_principal": [{"code": "00.00-0-00", "text": "********"}], "atividades_secundarias": [{"code": "00.00-0-00", "text": "N\u00e3o informada"}], "capital_social": "0.00", "qsa": [], "extra": {}, "billing": {"free": false, "database": true}}