{"atividade_principal": [{"text": "Edi\u00e7\u00e3o de cadastros, listas e de outros produtos gr\u00e1ficos", "code": "58.19-1-00"}], "data_situacao": "07/02/2011", "nome": "NOVA UNIVERSO DIGITAL COMERCIO E SERVICOS GRAFICOS LTDA", "uf": "RJ", "telefone": "(21) 2263-1046/ (21) 2263-1048", "email": "legalizacaorj@moraiscontabil.com.br", "atividades_secundarias": [{"text": "Com\u00e9rcio varejista de outros produtos n\u00e3o especificados anteriormente", "code": "47.89-0-99"}, {"text": "Fabrica\u00e7\u00e3o de artigos de serralheria, exceto esquadrias", "code": "25.42-0-00"}], "qsa": [{"qual": "49-S\u00f3cio-Administrador", "nome": "MARIA CELESTE ZAGO VIANA"}, {"qual": "49-S\u00f3cio-Administrador", "nome": "MARIANA ROSA DEODATO DA SILVA CAMPOS"}], "situacao": "ATIVA", "bairro": "CRUZEIRO DO SUL", "logradouro": "R GOVERNADOR CELSO PECANHA", "numero": "100", "cep": "26.551-200", "municipio": "MESQUITA", "porte": "MICRO EMPRESA", "abertura": "07/02/2011", "natureza_juridica": "206-2 - Sociedade Empres\u00e1ria Limitada", "fantasia": "NOVA UNIVERSO DIGITAL", "cnpj": "13.366.923/0001-03", "ultima_atualizacao": "2020-02-07T22:24:29.507Z", "status": "OK", "tipo": "MATRIZ", "complemento": "", "efr": "", "motivo_situacao": "", "situacao_especial": "", "data_situacao_especial": "", "capital_social": "60000.00", "extra": {}, "billing": {"free": false, "database": true}}