{"atividade_principal": [{"text": "Servi\u00e7os de pr\u00e9-impress\u00e3o", "code": "18.21-1-00"}], "data_situacao": "19/10/2011", "complemento": "LOJA", "nome": "S. DA SILVA SOUZA SERVICOS DE IMPRESSAO", "uf": "RJ", "telefone": "(22) 2772-4728", "email": "sol.boop@hotmail.com", "atividades_secundarias": [{"text": "Impress\u00e3o de material para uso publicit\u00e1rio", "code": "18.13-0-01"}, {"text": "Impress\u00e3o de material para outros usos", "code": "18.13-0-99"}], "qsa": [], "situacao": "ATIVA", "bairro": "BARRA", "logradouro": "AV LUIZ LIRIO", "numero": "483", "cep": "27.961-070", "municipio": "MACAE", "porte": "MICRO EMPRESA", "abertura": "19/10/2011", "natureza_juridica": "213-5 - Empres\u00e1rio (Individual)", "fantasia": "GRAFICA IMPACTO VISUAL", "cnpj": "14.481.510/0001-32", "ultima_atualizacao": "2020-02-07T22:26:36.685Z", "status": "OK", "tipo": "MATRIZ", "efr": "", "motivo_situacao": "", "situacao_especial": "", "data_situacao_especial": "", "capital_social": "50000.00", "extra": {}, "billing": {"free": false, "database": true}}