{"atividade_principal": [{"text": "Outras atividades de servi\u00e7os prestados principalmente \u00e0s empresas n\u00e3o especificadas anteriormente", "code": "82.99-7-99"}], "data_situacao": "24/11/2011", "complemento": "COND WT MORUMBI CONJ 1701B ALA B", "nome": "ADYEN DO BRASIL LTDA.", "uf": "SP", "telefone": "(11) 3187-4315", "email": "brazil@adyen.com", "atividades_secundarias": [{"text": "Outras atividades auxiliares dos servi\u00e7os financeiros n\u00e3o especificadas anteriormente", "code": "66.19-3-99"}, {"text": "Administra\u00e7\u00e3o de cart\u00f5es de cr\u00e9dito", "code": "66.13-4-00"}, {"text": "Com\u00e9rcio varejista especializado de equipamentos e suprimentos de inform\u00e1tica", "code": "47.51-2-01"}], "qsa": [{"qual": "05-Administrador", "nome": "JEAN CHRISTIAN MIES"}, {"qual": "37-S\u00f3cio Pessoa Jur\u00eddica Domiciliado no Exterior", "pais_origem": "ANTILHAS HOLANDESAS", "nome_rep_legal": "JEAN CHRISTIAN MIES", "qual_rep_legal": "17-Procurador", "nome": "ADYEN INTERNATIONAL B.V."}, {"qual": "37-S\u00f3cio Pessoa Jur\u00eddica Domiciliado no Exterior", "pais_origem": "PA\u00cdSES BAIXOS (HOLANDA)", "nome_rep_legal": "JEAN CHRISTIAN MIES", "qual_rep_legal": "17-Procurador", "nome": "ADYEN N.V."}], "situacao": "ATIVA", "bairro": "VILA GERTRUDES", "logradouro": "AV DAS NACOES UNIDAS", "numero": "14261", "cep": "04.794-000", "municipio": "SAO PAULO", "porte": "DEMAIS", "abertura": "24/11/2011", "natureza_juridica": "206-2 - Sociedade Empres\u00e1ria Limitada", "fantasia": "ADYEN LATIN AMERICA", "cnpj": "14.796.606/0001-90", "ultima_atualizacao": "2020-02-07T22:28:56.351Z", "status": "OK", "tipo": "MATRIZ", "efr": "", "motivo_situacao": "", "situacao_especial": "", "data_situacao_especial": "", "capital_social": "19760597.00", "extra": {}, "billing": {"free": false, "database": true}}