{"data_situacao": "07/02/2020", "motivo_situacao": "EXTINCAO P/ ENC LIQ VOLUNTARIA", "nome": "ATALIA SANTANA SILVA QUINTANILHA 12201386730", "telefone": "(21) 8652-9218", "email": "ataliasantana@hotmail.com", "situacao": "BAIXADA", "porte": "MICRO EMPRESA", "abertura": "28/02/2012", "natureza_juridica": "213-5 - Empres\u00e1rio (Individual)", "fantasia": "CASA DOS MUSICOS", "cnpj": "15.109.491/0001-80", "ultima_atualizacao": "2020-02-07T22:22:27.698Z", "status": "OK", "tipo": "MATRIZ", "logradouro": "", "numero": "", "complemento": "", "cep": "", "bairro": "", "municipio": "", "uf": "", "efr": "", "situacao_especial": "", "data_situacao_especial": "", "atividade_principal": [{"code": "00.00-0-00", "text": "********"}], "atividades_secundarias": [{"code": "00.00-0-00", "text": "N\u00e3o informada"}], "capital_social": "0.00", "qsa": [], "extra": {}, "billing": {"free": false, "database": true}}