{"data_situacao": "23/02/2017", "motivo_situacao": "EXTINCAO P/ ENC LIQ VOLUNTARIA", "nome": "SMART PRINT GRAFICA E COMERCIO DE MATERIAL DE ESCRITORIO INFORMATICA PUBLICIDADE LTDA", "telefone": "(22) 2554-1426/ (22) 2551-2072", "email": "arrudaneves@yahoo.com.br", "situacao": "BAIXADA", "porte": "MICRO EMPRESA", "abertura": "24/01/2013", "natureza_juridica": "206-2 - Sociedade Empres\u00e1ria Limitada", "fantasia": "SMART PRINT GRAFICA", "cnpj": "17.467.538/0001-03", "ultima_atualizacao": "2020-02-07T22:35:38.290Z", "status": "OK", "tipo": "MATRIZ", "logradouro": "", "numero": "", "complemento": "", "cep": "", "bairro": "", "municipio": "", "uf": "", "efr": "", "situacao_especial": "", "data_situacao_especial": "", "atividade_principal": [{"code": "00.00-0-00", "text": "********"}], "atividades_secundarias": [{"code": "00.00-0-00", "text": "N\u00e3o informada"}], "capital_social": "0.00", "qsa": [], "extra": {}, "billing": {"free": false, "database": false}}