{"atividade_principal": [{"text": "Com\u00e9rcio varejista de mercadorias em geral, com predomin\u00e2ncia de produtos aliment\u00edcios - minimercados, mercearias e armaz\u00e9ns", "code": "47.12-1-00"}], "data_situacao": "20/02/2013", "complemento": "LOJA 01", "nome": "RESTAURANTE DIAGONAL EIRELI", "uf": "RJ", "telefone": "(22) 2762-1378", "atividades_secundarias": [{"text": "Restaurantes e similares", "code": "56.11-2-01"}], "qsa": [{"qual": "65-Titular Pessoa F\u00edsica Residente ou Domiciliado no Brasil", "nome": "LEANDRO DA SILVA CORTEZ"}], "situacao": "ATIVA", "bairro": "CENTRO", "logradouro": "R TIRADENTES", "numero": "1435", "cep": "27.915-060", "municipio": "MACAE", "porte": "MICRO EMPRESA", "abertura": "20/02/2013", "natureza_juridica": "230-5 - Empresa Individual de Responsabilidade Limitada (de Natureza Empres\u00e1ria)", "fantasia": "RESTAURANTE DIAGONAL LTDA", "cnpj": "17.652.362/0001-60", "ultima_atualizacao": "2020-02-07T22:22:37.417Z", "status": "OK", "tipo": "MATRIZ", "email": "", "efr": "", "motivo_situacao": "", "situacao_especial": "", "data_situacao_especial": "", "capital_social": "88000.00", "extra": {}, "billing": {"free": false, "database": true}}