{"atividade_principal": [{"text": "Instala\u00e7\u00e3o de pain\u00e9is publicit\u00e1rios", "code": "43.29-1-01"}], "data_situacao": "10/07/2013", "nome": "G. F. OLIVEIRA JUNIOR COMERCIO E SERVICOS GRAFICOS", "uf": "RJ", "telefone": "(22) 2772-6270", "atividades_secundarias": [{"text": "Fabrica\u00e7\u00e3o de letras, letreiros e placas de qualquer material, exceto luminosos", "code": "32.99-0-03"}, {"text": "Impress\u00e3o de material para outros usos", "code": "18.13-0-99"}, {"text": "Impress\u00e3o de material para uso publicit\u00e1rio", "code": "18.13-0-01"}, {"text": "Servi\u00e7os de acabamentos gr\u00e1ficos, exceto encaderna\u00e7\u00e3o e plastifica\u00e7\u00e3o", "code": "18.22-9-99"}], "qsa": [], "situacao": "ATIVA", "bairro": "GRANJA DOS CAVALEIROS", "logradouro": "R MANOEL FRANCISCO NUNES", "numero": "1350", "cep": "27.930-045", "municipio": "MACAE", "porte": "MICRO EMPRESA", "abertura": "10/07/2013", "natureza_juridica": "213-5 - Empres\u00e1rio (Individual)", "fantasia": "MIL ARTES", "cnpj": "18.643.844/0001-16", "ultima_atualizacao": "2020-02-07T22:26:31.908Z", "status": "OK", "tipo": "MATRIZ", "complemento": "", "email": "", "efr": "", "motivo_situacao": "", "situacao_especial": "", "data_situacao_especial": "", "capital_social": "100000.00", "extra": {}, "billing": {"free": false, "database": true}}