{"data_situacao": "01/02/2018", "motivo_situacao": "REGISTRO CANCELADO", "nome": "LUIZ HENRIQUE XAVIER AZEVEDO 97499137791", "telefone": "(22) 8851-5060", "email": "aquiadesivos@hotmail.com", "situacao": "BAIXADA", "porte": "MICRO EMPRESA", "abertura": "29/10/2013", "natureza_juridica": "213-5 - Empres\u00e1rio (Individual)", "fantasia": "AQUI ADESIVOS", "cnpj": "19.160.187/0001-19", "ultima_atualizacao": "2020-02-07T22:24:48.767Z", "status": "OK", "tipo": "MATRIZ", "logradouro": "", "numero": "", "complemento": "", "cep": "", "bairro": "", "municipio": "", "uf": "", "efr": "", "situacao_especial": "", "data_situacao_especial": "", "atividade_principal": [{"code": "00.00-0-00", "text": "********"}], "atividades_secundarias": [{"code": "00.00-0-00", "text": "N\u00e3o informada"}], "capital_social": "0.00", "qsa": [], "extra": {}, "billing": {"free": false, "database": true}}