{"atividade_principal": [{"text": "Aluguel de m\u00f3veis, utens\u00edlios e aparelhos de uso dom\u00e9stico e pessoal; instrumentos musicais", "code": "77.29-2-02"}], "data_situacao": "24/07/2019", "complemento": "ANEXO: 1;", "nome": "LUPA EVENTOS E LOCACAO DE EQUIPAMENTOS PARA SHOW EIRELI", "uf": "RJ", "telefone": "(22) 7811-3092", "email": "jairovieira.vieira@bol.com.br", "atividades_secundarias": [{"text": "Aluguel de equipamentos recreativos e esportivos", "code": "77.21-7-00"}, {"text": "Aluguel de palcos, coberturas e outras estruturas de uso tempor\u00e1rio, exceto andaimes", "code": "77.39-0-03"}], "qsa": [{"qual": "65-Titular Pessoa F\u00edsica Residente ou Domiciliado no Brasil", "nome": "LUIS PAULO SOUZA GONCALVES"}], "situacao": "ATIVA", "bairro": "CAMPO DO OESTE", "logradouro": "R DJANIR MENDES DOS SANTOS", "numero": "110", "cep": "27.935-620", "municipio": "MACAE", "porte": "MICRO EMPRESA", "abertura": "25/02/2014", "natureza_juridica": "230-5 - Empresa Individual de Responsabilidade Limitada (de Natureza Empres\u00e1ria)", "fantasia": "LUPA EVENTOS", "cnpj": "19.793.779/0001-78", "ultima_atualizacao": "2020-02-07T22:24:42.799Z", "status": "OK", "tipo": "MATRIZ", "efr": "", "motivo_situacao": "", "situacao_especial": "", "data_situacao_especial": "", "capital_social": "72400.00", "extra": {}, "billing": {"free": false, "database": true}}