{"atividade_principal": [{"text": "Com\u00e9rcio varejista de materiais de constru\u00e7\u00e3o em geral", "code": "47.44-0-99"}], "data_situacao": "20/05/2014", "nome": "JULIANA MONTEIRO DO NASCIMENTO 12475496746", "uf": "RJ", "telefone": "(22) 3087-1003", "atividades_secundarias": [{"text": "Com\u00e9rcio varejista de material el\u00e9trico", "code": "47.42-3-00"}, {"text": "Com\u00e9rcio varejista de materiais hidr\u00e1ulicos", "code": "47.44-0-03"}, {"text": "Com\u00e9rcio varejista de cal, areia, pedra britada, tijolos e telhas", "code": "47.44-0-04"}], "qsa": [], "situacao": "ATIVA", "bairro": "LAGOMAR", "logradouro": "AV DOUTOR SERGIO VIEIRA DE MELLO", "numero": "154", "cep": "27.966-620", "municipio": "MACAE", "porte": "MICRO EMPRESA", "abertura": "20/05/2014", "natureza_juridica": "213-5 - Empres\u00e1rio (Individual)", "fantasia": "LAGO CENTER MATERIAIS DE CONSTRUCAO", "cnpj": "20.280.816/0001-23", "ultima_atualizacao": "2020-02-07T22:22:22.221Z", "status": "OK", "tipo": "MATRIZ", "complemento": "", "email": "", "efr": "", "motivo_situacao": "", "situacao_especial": "", "data_situacao_especial": "", "capital_social": "5000.00", "extra": {}, "billing": {"free": false, "database": true}}