{"atividade_principal": [{"text": "Transporte rodovi\u00e1rio coletivo de passageiros, sob regime de fretamento, intermunicipal, interestadual e internacional", "code": "49.29-9-02"}], "data_situacao": "02/07/2014", "nome": "ETM - EMPRESA DE TRANSPORTE MACABUENSE EIRELI", "uf": "RJ", "telefone": "(22) 2772-6532", "atividades_secundarias": [{"text": "Organiza\u00e7\u00e3o de excurs\u00f5es em ve\u00edculos rodovi\u00e1rios pr\u00f3prios, intermunicipal, interestadual e internacional", "code": "49.29-9-04"}, {"text": "Servi\u00e7o de transporte de passageiros - loca\u00e7\u00e3o de autom\u00f3veis com motorista", "code": "49.23-0-02"}, {"text": "Transporte rodovi\u00e1rio de carga, exceto produtos perigosos e mudan\u00e7as, intermunicipal, interestadual e internacional", "code": "49.30-2-02"}], "qsa": [{"qual": "65-Titular Pessoa F\u00edsica Residente ou Domiciliado no Brasil", "nome": "MARIA ILZA RIBEIRO DA SILVA MOTTA"}], "situacao": "ATIVA", "bairro": "BOCAINA", "logradouro": "R PASTOR MANOEL DE BRITO", "numero": "355", "cep": "28.740-000", "municipio": "CONCEICAO DE MACABU", "porte": "MICRO EMPRESA", "abertura": "02/07/2014", "natureza_juridica": "230-5 - Empresa Individual de Responsabilidade Limitada (de Natureza Empres\u00e1ria)", "cnpj": "20.548.304/0001-03", "ultima_atualizacao": "2020-02-07T22:27:41.682Z", "status": "OK", "tipo": "MATRIZ", "fantasia": "", "complemento": "", "email": "", "efr": "", "motivo_situacao": "", "situacao_especial": "", "data_situacao_especial": "", "capital_social": "75000.00", "extra": {}, "billing": {"free": false, "database": true}}