{"atividade_principal": [{"text": "Edi\u00e7\u00e3o de jornais di\u00e1rios", "code": "58.12-3-01"}], "data_situacao": "23/10/2014", "nome": "KAEL CARMONA GOMES 16530540776", "uf": "RJ", "telefone": "(22) 8823-8449", "email": "oguiadamontanha@gmail.com", "atividades_secundarias": [{"text": "Operadores tur\u00edsticos", "code": "79.12-1-00"}, {"text": "Ensino de arte e cultura n\u00e3o especificado anteriormente", "code": "85.92-9-99"}, {"text": "Com\u00e9rcio varejista de suvenires, bijuterias e artesanatos", "code": "47.89-0-01"}, {"text": "Atividades de produ\u00e7\u00e3o de fotografias, exceto a\u00e9rea e submarina", "code": "74.20-0-01"}, {"text": "Atividades de produ\u00e7\u00e3o de fotografias a\u00e9reas e submarinas", "code": "74.20-0-02"}, {"text": "Edi\u00e7\u00e3o de livros", "code": "58.11-5-00"}, {"text": "Edi\u00e7\u00e3o de revistas", "code": "58.13-1-00"}], "qsa": [], "situacao": "ATIVA", "bairro": "Sana", "logradouro": "EST Do Sana, Sitio Regalo", "numero": "00", "cep": "27.995-000", "municipio": "MACAE", "porte": "MICRO EMPRESA", "abertura": "23/10/2014", "natureza_juridica": "213-5 - Empres\u00e1rio (Individual)", "fantasia": "O GUIA DA MONTANHA EDITORA", "cnpj": "21.278.732/0001-18", "ultima_atualizacao": "2020-02-07T22:23:23.206Z", "status": "OK", "tipo": "MATRIZ", "complemento": "", "efr": "", "motivo_situacao": "", "situacao_especial": "", "data_situacao_especial": "", "capital_social": "5000.00", "extra": {}, "billing": {"free": false, "database": true}}