{"atividade_principal": [{"text": "Servi\u00e7os combinados de escrit\u00f3rio e apoio administrativo", "code": "82.11-3-00"}], "data_situacao": "03/12/2014", "complemento": "BLC 1 SAL 1009", "nome": "IMPACTO TECNOLOGIA E GESTAO EMPRESARIAL LTDA.", "uf": "RJ", "telefone": "(21) 3258-2391", "email": "contato@impactotecnologia.com.br", "atividades_secundarias": [{"text": "Desenvolvimento de programas de computador sob encomenda", "code": "62.01-5-01"}, {"text": "Web design", "code": "62.01-5-02"}, {"text": "Tratamento de dados, provedores de servi\u00e7os de aplica\u00e7\u00e3o e servi\u00e7os de hospedagem na internet", "code": "63.11-9-00"}, {"text": "Portais, provedores de conte\u00fado e outros servi\u00e7os de informa\u00e7\u00e3o na internet", "code": "63.19-4-00"}, {"text": "Ag\u00eancias de publicidade", "code": "73.11-4-00"}, {"text": "Aluguel de m\u00e1quinas e equipamentos para escrit\u00f3rios", "code": "77.33-1-00"}, {"text": "Outras atividades de servi\u00e7os de seguran\u00e7a", "code": "80.20-0-02"}, {"text": "Treinamento em desenvolvimento profissional e gerencial", "code": "85.99-6-04"}, {"text": "Repara\u00e7\u00e3o e manuten\u00e7\u00e3o de computadores e de equipamentos perif\u00e9ricos", "code": "95.11-8-00"}, {"text": "Repara\u00e7\u00e3o e manuten\u00e7\u00e3o de equipamentos de comunica\u00e7\u00e3o", "code": "95.12-6-00"}], "qsa": [{"qual": "49-S\u00f3cio-Administrador", "nome": "ANDRE LUIZ PEREIRA LIMA"}, {"qual": "22-S\u00f3cio", "nome": "TATIANA VELOZO PINHEIRO LIMA"}], "situacao": "ATIVA", "bairro": "RECREIO DOS BANDEIRANTES", "logradouro": "AV DAS AMERICAS", "numero": "19005", "cep": "22.790-703", "municipio": "RIO DE JANEIRO", "porte": "MICRO EMPRESA", "abertura": "03/12/2014", "natureza_juridica": "206-2 - Sociedade Empres\u00e1ria Limitada", "cnpj": "21.513.768/0001-39", "ultima_atualizacao": "2020-02-07T22:25:01.436Z", "status": "OK", "tipo": "MATRIZ", "fantasia": "", "efr": "", "motivo_situacao": "", "situacao_especial": "", "data_situacao_especial": "", "capital_social": "100000.00", "extra": {}, "billing": {"free": false, "database": true}}