{"atividade_principal": [{"text": "Impress\u00e3o de material para uso publicit\u00e1rio", "code": "18.13-0-01"}], "data_situacao": "31/07/2015", "nome": "LERIC CARDOSO MENDES 14148114702", "uf": "RJ", "telefone": "(22) 9722-5657", "email": "topdesignmacae@hotmail.com", "atividades_secundarias": [{"text": "Instala\u00e7\u00e3o de pain\u00e9is publicit\u00e1rios", "code": "43.29-1-01"}, {"text": "Fabrica\u00e7\u00e3o de letras, letreiros e placas de qualquer material, exceto luminosos", "code": "32.99-0-03"}, {"text": "Com\u00e9rcio varejista especializado de equipamentos e suprimentos de inform\u00e1tica", "code": "47.51-2-01"}], "qsa": [], "situacao": "ATIVA", "bairro": "PARQUE AEROPORTO", "logradouro": "R MACIEL JOSE VILARINDO", "numero": "86", "cep": "27.963-692", "municipio": "MACAE", "porte": "MICRO EMPRESA", "abertura": "31/07/2015", "natureza_juridica": "213-5 - Empres\u00e1rio (Individual)", "fantasia": "TOPDESIGN", "cnpj": "22.966.112/0001-34", "ultima_atualizacao": "2020-02-07T22:24:11.828Z", "status": "OK", "tipo": "MATRIZ", "complemento": "", "efr": "", "motivo_situacao": "", "situacao_especial": "", "data_situacao_especial": "", "capital_social": "5000.00", "extra": {}, "billing": {"free": false, "database": true}}