{"atividade_principal": [{"text": "Repara\u00e7\u00e3o e manuten\u00e7\u00e3o de computadores e de equipamentos perif\u00e9ricos", "code": "95.11-8-00"}], "data_situacao": "02/08/2015", "complemento": "SALA 203", "nome": "MARCELA DE SOUZA MARUJO 11474525717", "uf": "RJ", "telefone": "(22) 9986-6965", "email": "contato@augustosaggese.com", "atividades_secundarias": [{"text": "Outras atividades de ensino n\u00e3o especificadas anteriormente", "code": "85.99-6-99"}, {"text": "Treinamento em inform\u00e1tica", "code": "85.99-6-03"}], "qsa": [], "situacao": "ATIVA", "bairro": "NOVO HORIZONTE", "logradouro": "R SAO LUIZ", "numero": "101", "cep": "27.935-130", "municipio": "MACAE", "porte": "MICRO EMPRESA", "abertura": "02/08/2015", "natureza_juridica": "213-5 - Empres\u00e1rio (Individual)", "fantasia": "DIRECT MARK - STRATEGIC SOLUTIONS", "cnpj": "22.973.746/0001-14", "ultima_atualizacao": "2020-02-07T22:26:07.469Z", "status": "OK", "tipo": "MATRIZ", "efr": "", "motivo_situacao": "", "situacao_especial": "", "data_situacao_especial": "", "capital_social": "5000.00", "extra": {}, "billing": {"free": false, "database": true}}