{"atividade_principal": [{"text": "Marketing direto", "code": "73.19-0-03"}], "data_situacao": "10/11/2015", "complemento": "CASA 01", "nome": "LEONARDO NECCO RAMOS 08138019743", "uf": "RJ", "telefone": "(22) 9774-6106", "email": "leo.necco@gmail.com", "atividades_secundarias": [{"text": "Atividades de produ\u00e7\u00e3o de fotografias, exceto a\u00e9rea e submarina", "code": "74.20-0-01"}, {"text": "Com\u00e9rcio varejista de outros artigos usados", "code": "47.85-7-99"}, {"text": "Com\u00e9rcio varejista de artigos fotogr\u00e1ficos e para filmagem", "code": "47.89-0-08"}], "qsa": [], "situacao": "ATIVA", "bairro": "TERRA FIRME", "logradouro": "R ADOLFO FREJAT", "numero": "593", "cep": "28.897-036", "municipio": "RIO DAS OSTRAS", "porte": "MICRO EMPRESA", "abertura": "10/11/2015", "natureza_juridica": "213-5 - Empres\u00e1rio (Individual)", "fantasia": "ECCO CRIATIVO SOLUCOES EM COMUNICACAO", "cnpj": "23.638.982/0001-47", "ultima_atualizacao": "2020-02-07T22:24:38.063Z", "status": "OK", "tipo": "MATRIZ", "efr": "", "motivo_situacao": "", "situacao_especial": "", "data_situacao_especial": "", "capital_social": "100.00", "extra": {}, "billing": {"free": false, "database": true}}