{"atividade_principal": [{"text": "Atividades de contabilidade", "code": "69.20-6-01"}], "data_situacao": "22/12/2015", "complemento": "CASA 1", "nome": "R. C. GOUVEA ADMINISTRACAO DE COBRANCA E CONTABILIDADE LTDA", "uf": "RJ", "telefone": "(24) 3323-3167", "email": "fiscal@generoso.com.br", "atividades_secundarias": [{"text": "Atividades de consultoria e auditoria cont\u00e1bil e tribut\u00e1ria", "code": "69.20-6-02"}, {"text": "Atividades de consultoria em gest\u00e3o empresarial, exceto consultoria t\u00e9cnica espec\u00edfica", "code": "70.20-4-00"}, {"text": "Servi\u00e7os combinados de escrit\u00f3rio e apoio administrativo", "code": "82.11-3-00"}, {"text": "Prepara\u00e7\u00e3o de documentos e servi\u00e7os especializados de apoio administrativo n\u00e3o especificados anteriormente", "code": "82.19-9-99"}, {"text": "Atividades de cobran\u00e7as e informa\u00e7\u00f5es cadastrais", "code": "82.91-1-00"}, {"text": "Outras atividades de servi\u00e7os prestados principalmente \u00e0s empresas n\u00e3o especificadas anteriormente", "code": "82.99-7-99"}], "qsa": [{"qual": "49-S\u00f3cio-Administrador", "nome": "RODRIGO CARVALHO DE GOUVEA"}, {"qual": "49-S\u00f3cio-Administrador", "nome": "LUIZ MARCELO CORREA RAMOS"}], "situacao": "ATIVA", "bairro": "GOIABAL", "logradouro": "R VIRGILINO ALVES NOGUEIRA", "numero": "205", "cep": "27.340-140", "municipio": "BARRA MANSA", "porte": "MICRO EMPRESA", "abertura": "22/12/2015", "natureza_juridica": "206-2 - Sociedade Empres\u00e1ria Limitada", "cnpj": "23.882.578/0001-14", "ultima_atualizacao": "2020-02-07T22:27:01.726Z", "status": "OK", "tipo": "MATRIZ", "fantasia": "", "efr": "", "motivo_situacao": "", "situacao_especial": "", "data_situacao_especial": "", "capital_social": "15000.00", "extra": {}, "billing": {"free": false, "database": true}}