{"atividade_principal": [{"text": "Com\u00e9rcio varejista de bebidas", "code": "47.23-7-00"}], "data_situacao": "31/03/2016", "complemento": "GALPAOA", "nome": "DJB DISTRIBUIDORA EIRELI", "uf": "RJ", "telefone": "(22) 3051-6079", "email": "dp@comercial55.com.br", "atividades_secundarias": [{"text": "Com\u00e9rcio varejista de produtos aliment\u00edcios em geral ou especializado em produtos aliment\u00edcios n\u00e3o especificados anteriormente", "code": "47.29-6-99"}], "qsa": [{"qual": "65-Titular Pessoa F\u00edsica Residente ou Domiciliado no Brasil", "nome": "DENILSON JERONIMO"}], "situacao": "ATIVA", "bairro": "AEROPORTO", "logradouro": "R FRANCISCO DE MATTOS", "numero": "688", "cep": "27.963-782", "municipio": "MACAE", "porte": "MICRO EMPRESA", "abertura": "31/03/2016", "natureza_juridica": "230-5 - Empresa Individual de Responsabilidade Limitada (de Natureza Empres\u00e1ria)", "fantasia": "LUNA DISTRIBUIDORA DE BEBIDAS", "cnpj": "24.501.507/0001-97", "ultima_atualizacao": "2020-02-07T22:26:15.165Z", "status": "OK", "tipo": "MATRIZ", "efr": "", "motivo_situacao": "", "situacao_especial": "", "data_situacao_especial": "", "capital_social": "88800.00", "extra": {}, "billing": {"free": false, "database": true}}