{"atividade_principal": [{"text": "Com\u00e9rcio varejista de outros produtos n\u00e3o especificados anteriormente", "code": "47.89-0-99"}], "data_situacao": "18/09/2016", "nome": "ROBERTA DOS SANTOS DE LIMA 09675783702", "uf": "RJ", "telefone": "(22) 2768-3796", "email": "robertalima35ml@gmail.com", "atividades_secundarias": [{"text": "Com\u00e9rcio varejista de suvenires, bijuterias e artesanatos", "code": "47.89-0-01"}, {"text": "Servi\u00e7os de organiza\u00e7\u00e3o de feiras, congressos, exposi\u00e7\u00f5es e festas", "code": "82.30-0-01"}, {"text": "Aluguel de m\u00f3veis, utens\u00edlios e aparelhos de uso dom\u00e9stico e pessoal; instrumentos musicais", "code": "77.29-2-02"}], "qsa": [], "situacao": "ATIVA", "bairro": "CENTRO", "logradouro": "R PRATA MANCEBO", "numero": "312", "cep": "27.998-000", "municipio": "CARAPEBUS", "porte": "MICRO EMPRESA", "abertura": "18/09/2016", "natureza_juridica": "213-5 - Empres\u00e1rio (Individual)", "fantasia": "ATELIE ROBERTA LIMA", "cnpj": "26.189.197/0001-42", "ultima_atualizacao": "2020-02-07T22:25:52.776Z", "status": "OK", "tipo": "MATRIZ", "complemento": "", "efr": "", "motivo_situacao": "", "situacao_especial": "", "data_situacao_especial": "", "capital_social": "25000.00", "extra": {}, "billing": {"free": false, "database": true}}