{"atividade_principal": [{"text": "Com\u00e9rcio varejista de combust\u00edveis para ve\u00edculos automotores", "code": "47.31-8-00"}], "data_situacao": "27/07/2002", "nome": "POSTO TIC TAC DE MACAE LTDA", "uf": "RJ", "atividades_secundarias": [{"text": "Com\u00e9rcio varejista de lubrificantes", "code": "47.32-6-00"}], "qsa": [{"qual": "49-S\u00f3cio-Administrador", "nome": "MARABEL GARCIA FREIRE"}, {"qual": "49-S\u00f3cio-Administrador", "nome": "CARLOS FREDERICO KOHLER FILHO"}, {"qual": "22-S\u00f3cio", "qual_rep_legal": "05-Administrador", "nome_rep_legal": "CARLOS FREDERICO KOHLER FILHO", "nome": "HANS KOHLER PARTICIPACOES EIRELI"}], "situacao": "ATIVA", "bairro": "CAJUEIROS", "logradouro": "AV RUI BARBOSA", "numero": "1492", "cep": "27.910-361", "municipio": "MACAE", "porte": "DEMAIS", "abertura": "16/12/1981", "natureza_juridica": "206-2 - Sociedade Empres\u00e1ria Limitada", "fantasia": "POSTO TIC TAC", "cnpj": "27.718.287/0001-46", "ultima_atualizacao": "2020-02-07T22:05:14.799Z", "status": "OK", "tipo": "MATRIZ", "complemento": "", "email": "", "telefone": "", "efr": "", "motivo_situacao": "", "situacao_especial": "", "data_situacao_especial": "", "capital_social": "27000.00", "extra": {}, "billing": {"free": false, "database": true}}