{"atividade_principal": [{"text": "Servi\u00e7os de acabamentos gr\u00e1ficos, exceto encaderna\u00e7\u00e3o e plastifica\u00e7\u00e3o", "code": "18.22-9-99"}], "data_situacao": "18/10/2003", "nome": "GRAFICA MINERVA DE MACAE - EIRELI", "uf": "RJ", "telefone": "(22) 2772-1302", "atividades_secundarias": [{"text": "Servi\u00e7os de pr\u00e9-impress\u00e3o", "code": "18.21-1-00"}, {"text": "Impress\u00e3o de material para uso publicit\u00e1rio", "code": "18.13-0-01"}, {"text": "Impress\u00e3o de material para outros usos", "code": "18.13-0-99"}, {"text": "Impress\u00e3o de livros, revistas e outras publica\u00e7\u00f5es peri\u00f3dicas", "code": "18.11-3-02"}, {"text": "Fabrica\u00e7\u00e3o de letras, letreiros e placas de qualquer material, exceto luminosos", "code": "32.99-0-03"}, {"text": "Com\u00e9rcio varejista de artigos de papelaria", "code": "47.61-0-03"}], "qsa": [{"qual": "65-Titular Pessoa F\u00edsica Residente ou Domiciliado no Brasil", "nome": "LUIS RENATO NOCCHI FRANCO"}], "situacao": "ATIVA", "bairro": "CENTRO", "logradouro": "R CONDE DE ARARUAMA", "numero": "135", "cep": "27.910-640", "municipio": "MACAE", "porte": "EMPRESA DE PEQUENO PORTE", "abertura": "22/12/1983", "natureza_juridica": "230-5 - Empresa Individual de Responsabilidade Limitada (de Natureza Empres\u00e1ria)", "fantasia": "GRAFICA MINERVA", "cnpj": "28.192.987/0001-02", "ultima_atualizacao": "2020-02-07T22:24:27.959Z", "status": "OK", "tipo": "MATRIZ", "complemento": "", "email": "", "efr": "", "motivo_situacao": "", "situacao_especial": "", "data_situacao_especial": "", "capital_social": "0.00", "extra": {}, "billing": {"free": false, "database": true}}