{"atividade_principal": [{"text": "Impress\u00e3o de livros, revistas e outras publica\u00e7\u00f5es peri\u00f3dicas", "code": "18.11-3-02"}], "data_situacao": "03/11/2005", "nome": "GRAFICA EDITORA STAMPPA LTDA", "uf": "RJ", "telefone": "(0021) 3867-2555", "atividades_secundarias": [{"text": "Impress\u00e3o de material para outros usos", "code": "18.13-0-99"}, {"text": "Edi\u00e7\u00e3o integrada \u00e0 impress\u00e3o de livros", "code": "58.21-2-00"}, {"text": "Impress\u00e3o de material para uso publicit\u00e1rio", "code": "18.13-0-01"}, {"text": "Com\u00e9rcio atacadista de livros, jornais e outras publica\u00e7\u00f5es", "code": "46.47-8-02"}], "qsa": [{"qual": "49-S\u00f3cio-Administrador", "nome": "LUIZ CARLOS GAGLIANONE"}, {"qual": "22-S\u00f3cio", "nome": "ANGELINA RIBEIRO GAGLIANONE"}], "situacao": "ATIVA", "bairro": "RAMOS", "logradouro": "R JOAO SANTANA", "numero": "44", "cep": "21.031-060", "municipio": "RIO DE JANEIRO", "porte": "DEMAIS", "abertura": "31/05/1984", "natureza_juridica": "206-2 - Sociedade Empres\u00e1ria Limitada", "cnpj": "28.844.405/0001-25", "ultima_atualizacao": "2020-02-07T22:16:07.628Z", "status": "OK", "tipo": "MATRIZ", "fantasia": "", "complemento": "", "email": "", "efr": "", "motivo_situacao": "", "situacao_especial": "", "data_situacao_especial": "", "capital_social": "0.00", "extra": {}, "billing": {"free": false, "database": true}}