{"atividade_principal": [{"text": "Servi\u00e7os de acabamentos gr\u00e1ficos, exceto encaderna\u00e7\u00e3o e plastifica\u00e7\u00e3o", "code": "18.22-9-99"}], "data_situacao": "03/11/2005", "nome": "GRAFICA SILVA SANTOS LTDA", "uf": "RJ", "atividades_secundarias": [{"text": "Com\u00e9rcio varejista de artigos de papelaria", "code": "47.61-0-03"}, {"text": "Servi\u00e7os de encaderna\u00e7\u00e3o e plastifica\u00e7\u00e3o", "code": "18.22-9-01"}], "qsa": [{"qual": "49-S\u00f3cio-Administrador", "nome": "ARISTOTELES CLITON DA SILVA SANTOS"}, {"qual": "22-S\u00f3cio", "nome": "VITOR MEIRELES DA SILVA"}], "situacao": "ATIVA", "bairro": "CENTRO", "logradouro": "R TEIXEIRA DE GOUVEA", "numero": "398", "cep": "27.937-300", "municipio": "MACAE", "porte": "MICRO EMPRESA", "abertura": "20/07/1973", "natureza_juridica": "206-2 - Sociedade Empres\u00e1ria Limitada", "fantasia": "GRAFICA SILVA SANTOS", "cnpj": "28.927.770/0001-01", "ultima_atualizacao": "2020-02-07T22:24:17.290Z", "status": "OK", "tipo": "MATRIZ", "complemento": "", "email": "", "telefone": "", "efr": "", "motivo_situacao": "", "situacao_especial": "", "data_situacao_especial": "", "capital_social": "0.00", "extra": {}, "billing": {"free": false, "database": true}}