{"data_situacao": "31/12/2008", "motivo_situacao": "INAPTIDAO (LEI 11.941/2009 ART.54)", "nome": "AMERICANO FUTEBOL CLUBE", "situacao": "BAIXADA", "porte": "DEMAIS", "abertura": "09/05/1974", "natureza_juridica": "399-9 - Associa\u00e7\u00e3o Privada", "cnpj": "29.253.622/0001-03", "ultima_atualizacao": "2020-02-07T22:05:21.207Z", "status": "OK", "tipo": "MATRIZ", "fantasia": "", "logradouro": "", "numero": "", "complemento": "", "cep": "", "bairro": "", "municipio": "", "uf": "", "email": "", "telefone": "", "efr": "", "situacao_especial": "", "data_situacao_especial": "", "atividade_principal": [{"code": "00.00-0-00", "text": "********"}], "atividades_secundarias": [{"code": "00.00-0-00", "text": "N\u00e3o informada"}], "capital_social": "0.00", "qsa": [], "extra": {}, "billing": {"free": false, "database": true}}