{"atividade_principal": [{"text": "Com\u00e9rcio varejista de combust\u00edveis para ve\u00edculos automotores", "code": "47.31-8-00"}], "data_situacao": "26/05/2001", "nome": "POSTO TOP 7 LTDA", "uf": "RJ", "atividades_secundarias": [{"text": "Com\u00e9rcio varejista de lubrificantes", "code": "47.32-6-00"}], "qsa": [{"qual": "49-S\u00f3cio-Administrador", "nome": "ALEXANDRE SANTOS DE SOUZA"}, {"qual": "22-S\u00f3cio", "qual_rep_legal": "05-Administrador", "nome_rep_legal": "ALEXANDRE SANTOS DE SOUZA", "nome": "TREVO RIO DAS OSTRAS EMPREENDIMENTOS E PARTICIPACOES LTDA."}], "situacao": "ATIVA", "bairro": "CENTRO", "logradouro": "AV RUY BARBOSA", "numero": "975", "cep": "27.937-300", "municipio": "MACAE", "porte": "DEMAIS", "abertura": "10/10/1973", "natureza_juridica": "206-2 - Sociedade Empres\u00e1ria Limitada", "fantasia": "POSTO TOP 7", "cnpj": "29.253.283/0001-65", "ultima_atualizacao": "2020-02-07T22:25:36.720Z", "status": "OK", "tipo": "MATRIZ", "complemento": "", "email": "", "telefone": "", "efr": "", "motivo_situacao": "", "situacao_especial": "", "data_situacao_especial": "", "capital_social": "80000.00", "extra": {}, "billing": {"free": false, "database": true}}