{"atividade_principal": [{"text": "Cart\u00f3rios", "code": "69.12-5-00"}], "data_situacao": "03/11/2005", "nome": "MACAE CARTORIO DO SEGUNDO OFICIO", "uf": "RJ", "telefone": "(22) 2762-0450", "situacao": "ATIVA", "bairro": "CENTRO", "logradouro": "R MARECHAL DEODORO", "numero": "351", "cep": "27.910-310", "municipio": "MACAE", "porte": "DEMAIS", "abertura": "28/04/1978", "natureza_juridica": "303-4 - Servi\u00e7o Notarial e Registral (Cart\u00f3rio)", "fantasia": "CARTORIO DOMINGOS DA COSTA PEIXOTO", "cnpj": "29.635.059/0001-38", "ultima_atualizacao": "2020-02-07T22:28:59.783Z", "status": "OK", "tipo": "MATRIZ", "complemento": "", "email": "", "efr": "", "motivo_situacao": "", "situacao_especial": "", "data_situacao_especial": "", "atividades_secundarias": [{"code": "00.00-0-00", "text": "N\u00e3o informada"}], "capital_social": "0.00", "qsa": [], "extra": {}, "billing": {"free": false, "database": true}}