{"atividade_principal": [{"text": "Atividades de associa\u00e7\u00f5es de defesa de direitos sociais", "code": "94.30-8-00"}], "data_situacao": "03/11/2005", "nome": "SOCIEDADE MUSICAL BENEFICENTE LIRA DOS CONSPIRADORES", "uf": "RJ", "atividades_secundarias": [{"text": "Atividades de organiza\u00e7\u00f5es associativas ligadas \u00e0 cultura e \u00e0 arte", "code": "94.93-6-00"}, {"text": "Atividades associativas n\u00e3o especificadas anteriormente", "code": "94.99-5-00"}], "qsa": [{"qual": "16-Presidente", "nome": "LAURO NUNES DO NASCIMENTO"}], "situacao": "ATIVA", "bairro": "CENTRO", "logradouro": "R SACRAMENTO", "numero": "63", "cep": "27.913-150", "municipio": "MACAE", "porte": "DEMAIS", "abertura": "22/05/1970", "natureza_juridica": "399-9 - Associa\u00e7\u00e3o Privada", "cnpj": "29.700.101/0001-57", "ultima_atualizacao": "2020-02-07T22:24:51.454Z", "status": "OK", "tipo": "MATRIZ", "fantasia": "", "complemento": "", "email": "", "telefone": "", "efr": "", "motivo_situacao": "", "situacao_especial": "", "data_situacao_especial": "", "capital_social": "0.00", "extra": {}, "billing": {"free": false, "database": true}}