{"atividade_principal": [{"text": "Com\u00e9rcio varejista de combust\u00edveis para ve\u00edculos automotores", "code": "47.31-8-00"}], "data_situacao": "03/11/2005", "nome": "POSTO JOSE BAPTISTA LTDA", "uf": "RJ", "atividades_secundarias": [{"text": "Com\u00e9rcio varejista de lubrificantes", "code": "47.32-6-00"}], "qsa": [{"qual": "49-S\u00f3cio-Administrador", "nome": "LUIZ CARLOS FRAGOSO FILHO"}, {"qual": "22-S\u00f3cio", "nome": "LUIZ CARLOS FRAGOSO"}, {"qual": "22-S\u00f3cio", "nome": "MARIA HELENA TAVARES FRAGOSO"}], "situacao": "ATIVA", "bairro": "CENTRO", "logradouro": "PC WASHINGTON LUIZ", "numero": "59", "cep": "27.910-050", "municipio": "MACAE", "porte": "DEMAIS", "abertura": "15/10/1971", "natureza_juridica": "206-2 - Sociedade Empres\u00e1ria Limitada", "fantasia": "POSTO JOSE BAPTISTA", "cnpj": "29.701.513/0001-01", "ultima_atualizacao": "2020-02-07T22:27:51.807Z", "status": "OK", "tipo": "MATRIZ", "complemento": "", "email": "", "telefone": "", "efr": "", "motivo_situacao": "", "situacao_especial": "", "data_situacao_especial": "", "capital_social": "0.00", "extra": {}, "billing": {"free": false, "database": true}}