{"data_situacao": "28/11/2018", "motivo_situacao": "OMISSAO DE DECLARACOES", "nome": "SOCIEDADE MUSICAL ACADEMICOS DA AROEIRA", "qsa": [{"qual": "16-Presidente", "nome": "ROBSON MONTEIRO BATISTA"}], "situacao": "INAPTA", "porte": "DEMAIS", "abertura": "10/01/1986", "natureza_juridica": "399-9 - Associa\u00e7\u00e3o Privada", "cnpj": "30.412.647/0001-91", "ultima_atualizacao": "2020-02-07T22:23:55.948Z", "status": "OK", "tipo": "MATRIZ", "fantasia": "", "logradouro": "", "numero": "", "complemento": "", "cep": "", "bairro": "", "municipio": "", "uf": "", "email": "", "telefone": "", "efr": "", "situacao_especial": "", "data_situacao_especial": "", "atividade_principal": [{"code": "00.00-0-00", "text": "********"}], "atividades_secundarias": [{"code": "00.00-0-00", "text": "N\u00e3o informada"}], "capital_social": "0.00", "extra": {}, "billing": {"free": false, "database": true}}