{"atividade_principal": [{"text": "Com\u00e9rcio varejista de combust\u00edveis para ve\u00edculos automotores", "code": "47.31-8-00"}], "data_situacao": "03/11/2005", "nome": "FELIX E FELIX COMERCIO DE COMBUSTIVEIS LTDA", "uf": "RJ", "atividades_secundarias": [{"text": "Com\u00e9rcio varejista de lubrificantes", "code": "47.32-6-00"}], "qsa": [{"qual": "22-S\u00f3cio", "nome": "ALESSANDRA BARBOSA FELIX BIZZO"}, {"qual": "22-S\u00f3cio", "nome": "JOSE EDUARDO FELIX"}, {"qual": "05-Administrador", "nome": "EDUARDA BARBOSA FELIX SIQUEIRA"}], "situacao": "ATIVA", "bairro": "CENTRO", "logradouro": "PC N S DA CONCEICAO", "numero": "114", "cep": "28.740-000", "municipio": "CONCEICAO DE MACABU", "porte": "EMPRESA DE PEQUENO PORTE", "abertura": "02/09/1980", "natureza_juridica": "206-2 - Sociedade Empres\u00e1ria Limitada", "fantasia": "POSTO CAROL", "cnpj": "30.915.094/0001-90", "ultima_atualizacao": "2020-02-07T22:26:16.850Z", "status": "OK", "tipo": "MATRIZ", "complemento": "", "email": "", "telefone": "", "efr": "", "motivo_situacao": "", "situacao_especial": "", "data_situacao_especial": "", "capital_social": "40000.00", "extra": {}, "billing": {"free": false, "database": true}}