{"atividade_principal": [{"text": "Com\u00e9rcio varejista de artigos de papelaria", "code": "47.61-0-03"}], "data_situacao": "03/11/2005", "complemento": "APT: 01;", "nome": "PAPELARIA CENTRAL DE MACAE EIRELI", "uf": "RJ", "telefone": "(22) 2762-9150", "atividades_secundarias": [{"text": "Com\u00e9rcio varejista de brinquedos e artigos recreativos", "code": "47.63-6-01"}, {"text": "Com\u00e9rcio varejista especializado de equipamentos e suprimentos de inform\u00e1tica", "code": "47.51-2-01"}, {"text": "Fotoc\u00f3pias", "code": "82.19-9-01"}, {"text": "Servi\u00e7os de encaderna\u00e7\u00e3o e plastifica\u00e7\u00e3o", "code": "18.22-9-01"}], "qsa": [{"qual": "65-Titular Pessoa F\u00edsica Residente ou Domiciliado no Brasil", "nome": "MARIO LUIZ FIGUEIRO LOUREIRO"}], "situacao": "ATIVA", "bairro": "VISCONDE DE ARAUJO", "logradouro": "AV DUQUE DE CAXIAS", "numero": "169", "cep": "27.943-031", "municipio": "MACAE", "porte": "EMPRESA DE PEQUENO PORTE", "abertura": "13/01/1987", "natureza_juridica": "230-5 - Empresa Individual de Responsabilidade Limitada (de Natureza Empres\u00e1ria)", "fantasia": "PAPELARIA CENTRAL", "cnpj": "31.338.775/0001-03", "ultima_atualizacao": "2020-02-07T09:01:25.312Z", "status": "OK", "tipo": "MATRIZ", "email": "", "efr": "", "motivo_situacao": "", "situacao_especial": "", "data_situacao_especial": "", "capital_social": "280000.00", "extra": {}, "billing": {"free": false, "database": true}}