{"atividade_principal": [{"text": "Com\u00e9rcio varejista de combust\u00edveis para ve\u00edculos automotores", "code": "47.31-8-00"}], "data_situacao": "04/10/2003", "nome": "POSTO SAO JOAO DE MACAE LTDA", "uf": "RJ", "atividades_secundarias": [{"text": "Com\u00e9rcio varejista de lubrificantes", "code": "47.32-6-00"}, {"text": "Com\u00e9rcio varejista de mercadorias em lojas de conveni\u00eancia", "code": "47.29-6-02"}, {"text": "Com\u00e9rcio varejista de bebidas", "code": "47.23-7-00"}, {"text": "Padaria e confeitaria com predomin\u00e2ncia de revenda", "code": "47.21-1-02"}], "qsa": [{"qual": "49-S\u00f3cio-Administrador", "nome": "MARIA JOSE LEITE PAULOS CAMPOS FERREIRA"}, {"qual": "49-S\u00f3cio-Administrador", "nome": "ANTONIO JOSE PAULOS CAMPOS FERREIRA"}, {"qual": "49-S\u00f3cio-Administrador", "nome": "LUIS MANUEL PAULOS CAMPOS FERREIRA"}], "situacao": "ATIVA", "bairro": "COSTA DO SOL", "logradouro": "R JOSE DE AGUIAR FRANCO", "numero": "270", "cep": "27.923-320", "municipio": "MACAE", "porte": "DEMAIS", "abertura": "22/10/1990", "natureza_juridica": "206-2 - Sociedade Empres\u00e1ria Limitada", "cnpj": "31.507.809/0001-38", "ultima_atualizacao": "2020-02-07T22:26:57.060Z", "status": "OK", "tipo": "MATRIZ", "fantasia": "", "complemento": "", "email": "", "telefone": "", "efr": "", "motivo_situacao": "", "situacao_especial": "", "data_situacao_especial": "", "capital_social": "50000.00", "extra": {}, "billing": {"free": false, "database": true}}