{"atividade_principal": [{"text": "Impress\u00e3o de material para outros usos", "code": "18.13-0-99"}], "data_situacao": "16/07/2005", "nome": "GRAPHOSET MAQUINAS ARTES GRAFICAS LTDA", "uf": "RJ", "telefone": "(21) 3979-9314", "atividades_secundarias": [{"text": "Impress\u00e3o de material para uso publicit\u00e1rio", "code": "18.13-0-01"}], "qsa": [{"qual": "49-S\u00f3cio-Administrador", "nome": "LUIZ CARLOS GAGLIANONE"}, {"qual": "22-S\u00f3cio", "nome": "VALNEY FRANCELINO DOS SANTOS"}], "situacao": "ATIVA", "bairro": "RAMOS", "logradouro": "R JOAO SANTANA", "numero": "50", "cep": "21.021-060", "municipio": "RIO DE JANEIRO", "porte": "EMPRESA DE PEQUENO PORTE", "abertura": "16/05/1989", "natureza_juridica": "206-2 - Sociedade Empres\u00e1ria Limitada", "cnpj": "32.244.634/0001-86", "ultima_atualizacao": "2020-02-07T22:17:25.974Z", "status": "OK", "tipo": "MATRIZ", "fantasia": "", "complemento": "", "email": "", "efr": "", "motivo_situacao": "", "situacao_especial": "", "data_situacao_especial": "", "capital_social": "78800.00", "extra": {}, "billing": {"free": false, "database": true}}