{"atividade_principal": [{"text": "Gest\u00e3o de espa\u00e7os para artes c\u00eanicas, espet\u00e1culos e outras atividades art\u00edsticas", "code": "90.03-5-00"}], "data_situacao": "16/02/2016", "nome": "CATALUNYA EM MISSAO", "uf": "RJ", "telefone": "(22) 9811-1617", "email": "r.henrique.lima@bol.com.br", "atividades_secundarias": [{"text": "Outras atividades de recrea\u00e7\u00e3o e lazer n\u00e3o especificadas anteriormente", "code": "93.29-8-99"}, {"text": "Gest\u00e3o de instala\u00e7\u00f5es de esportes", "code": "93.11-5-00"}], "situacao": "ATIVA", "bairro": "MORRO SANTANA", "logradouro": "R LEOPOLDINA NEVES PINHEIRO", "numero": "377", "cep": "27.945-330", "municipio": "MACAE", "porte": "DEMAIS", "abertura": "16/02/2016", "natureza_juridica": "399-9 - Associa\u00e7\u00e3o Privada", "fantasia": "BARCELONA CLUB", "cnpj": "36.568.541/0002-49", "ultima_atualizacao": "2020-02-07T22:23:59.283Z", "status": "OK", "tipo": "FILIAL", "complemento": "", "efr": "", "motivo_situacao": "", "situacao_especial": "", "data_situacao_especial": "", "capital_social": "0.00", "qsa": [], "extra": {}, "billing": {"free": false, "database": true}}