{"atividade_principal": [{"text": "Com\u00e9rcio varejista de artigos de papelaria", "code": "47.61-0-03"}], "data_situacao": "22/09/2001", "complemento": "1236/1248", "nome": "CARTEL MAC PAPELARIA LTDA", "uf": "RJ", "qsa": [{"qual": "49-S\u00f3cio-Administrador", "nome": "ELIZABETH ALVIM LOPES"}, {"qual": "22-S\u00f3cio", "nome": "PAULA ALVIM LOPES"}], "situacao": "ATIVA", "bairro": "CENTRO", "logradouro": "AV RUI BARBOSA", "numero": "S/N", "cep": "27.910-361", "municipio": "MACAE", "porte": "EMPRESA DE PEQUENO PORTE", "abertura": "19/05/1992", "natureza_juridica": "206-2 - Sociedade Empres\u00e1ria Limitada", "fantasia": "PAPELARIA AVENIDA/CORREIO AVENIDA", "cnpj": "36.578.003/0001-54", "ultima_atualizacao": "2020-02-07T22:26:05.867Z", "status": "OK", "tipo": "MATRIZ", "email": "", "telefone": "", "efr": "", "motivo_situacao": "", "situacao_especial": "", "data_situacao_especial": "", "atividades_secundarias": [{"code": "00.00-0-00", "text": "N\u00e3o informada"}], "capital_social": "0.00", "extra": {}, "billing": {"free": false, "database": true}}