{"atividade_principal": [{"text": "Atividades de organiza\u00e7\u00f5es sindicais", "code": "94.20-1-00"}], "data_situacao": "08/04/2019", "nome": "SINDICATO DOS TRABALHADORES OFFSHORE DO BRASIL", "uf": "RJ", "telefone": "(22) 2772-3287", "situacao": "ATIVA", "bairro": "COSTA DO SOL", "logradouro": "R EDSON TORRES DE CASTRO", "numero": "20", "cep": "27.923-280", "municipio": "MACAE", "porte": "DEMAIS", "abertura": "10/03/1993", "natureza_juridica": "313-1 - Entidade Sindical", "fantasia": "SINDITOB", "cnpj": "39.223.862/0001-19", "ultima_atualizacao": "2020-02-07T22:25:58.802Z", "status": "OK", "tipo": "MATRIZ", "complemento": "", "email": "", "efr": "", "motivo_situacao": "", "situacao_especial": "", "data_situacao_especial": "", "atividades_secundarias": [{"code": "00.00-0-00", "text": "N\u00e3o informada"}], "capital_social": "0.00", "qsa": [], "extra": {}, "billing": {"free": false, "database": true}}