{"data_situacao": "29/03/2019", "motivo_situacao": "OMISSAO DE DECLARACOES", "nome": "AKBAMENTO MIDIA VISUAL LTDA.", "telefone": "(24) 2772-2265", "qsa": [{"qual": "49-S\u00f3cio-Administrador", "nome": "GERALDO LUIZ PROENCA CORGA"}, {"qual": "22-S\u00f3cio", "nome": "ANDREA PROENCA CORGA"}], "situacao": "INAPTA", "porte": "MICRO EMPRESA", "abertura": "29/08/1994", "natureza_juridica": "206-2 - Sociedade Empres\u00e1ria Limitada", "cnpj": "39.691.134/0001-31", "ultima_atualizacao": "2020-02-07T22:22:40.192Z", "status": "OK", "tipo": "MATRIZ", "fantasia": "", "logradouro": "", "numero": "", "complemento": "", "cep": "", "bairro": "", "municipio": "", "uf": "", "email": "", "efr": "", "situacao_especial": "", "data_situacao_especial": "", "atividade_principal": [{"code": "00.00-0-00", "text": "********"}], "atividades_secundarias": [{"code": "00.00-0-00", "text": "N\u00e3o informada"}], "capital_social": "0.00", "extra": {}, "billing": {"free": false, "database": true}}