{"atividade_principal": [{"text": "Artes c\u00eanicas, espet\u00e1culos e atividades complementares n\u00e3o especificadas anteriormente", "code": "90.01-9-99"}], "data_situacao": "03/11/2005", "complemento": "LOJA PARTE", "nome": "PAN PRODUCOES ARTISTICAS E CULTURAIS LTDA", "uf": "RJ", "telefone": "(22) 2773-8461", "email": "contato@panproducoes.com.br", "atividades_secundarias": [{"text": "Aluguel de outras m\u00e1quinas e equipamentos comerciais e industriais n\u00e3o especificados anteriormente, sem operador", "code": "77.39-0-99"}, {"text": "Instala\u00e7\u00e3o de pain\u00e9is publicit\u00e1rios", "code": "43.29-1-01"}, {"text": "Produ\u00e7\u00e3o de filmes para publicidade", "code": "59.11-1-02"}, {"text": "Outras atividades de publicidade n\u00e3o especificadas anteriormente", "code": "73.19-0-99"}, {"text": "Aluguel de palcos, coberturas e outras estruturas de uso tempor\u00e1rio, exceto andaimes", "code": "77.39-0-03"}, {"text": "Servi\u00e7os de organiza\u00e7\u00e3o de feiras, congressos, exposi\u00e7\u00f5es e festas", "code": "82.30-0-01"}, {"text": "Atividades de grava\u00e7\u00e3o de som e de edi\u00e7\u00e3o de m\u00fasica", "code": "59.20-1-00"}, {"text": "Atividades de monitoramento de sistemas de seguran\u00e7a eletr\u00f4nico", "code": "80.20-0-01"}, {"text": "Atividades de vigil\u00e2ncia e seguran\u00e7a privada", "code": "80.11-1-01"}, {"text": "Produ\u00e7\u00e3o musical", "code": "90.01-9-02"}, {"text": "Montagem e desmontagem de andaimes e outras estruturas tempor\u00e1rias", "code": "43.99-1-02"}, {"text": "Atividades de exibi\u00e7\u00e3o cinematogr\u00e1fica", "code": "59.14-6-00"}, {"text": "Atividades de sonoriza\u00e7\u00e3o e de ilumina\u00e7\u00e3o", "code": "90.01-9-06"}, {"text": "Filmagem de festas e eventos", "code": "74.20-0-04"}, {"text": "Atividades de produ\u00e7\u00e3o cinematogr\u00e1fica, de v\u00eddeos e de programas de televis\u00e3o n\u00e3o especificadas anteriormente", "code": "59.11-1-99"}, {"text": "Instala\u00e7\u00e3o e manuten\u00e7\u00e3o el\u00e9trica", "code": "43.21-5-00"}, {"text": "Servi\u00e7os de alimenta\u00e7\u00e3o para eventos e recep\u00e7\u00f5es - buf\u00ea", "code": "56.20-1-02"}, {"text": "Casas de festas e eventos", "code": "82.30-0-02"}], "qsa": [{"qual": "49-S\u00f3cio-Administrador", "nome": "CARLOS LAZARO VIEIRA"}, {"qual": "49-S\u00f3cio-Administrador", "nome": "MARCIA GOMES DE BRITTO"}], "situacao": "ATIVA", "bairro": "CAVALEIROS", "logradouro": "AV NOSSA SENHORA DA GLORIA", "numero": "2987", "cep": "27.920-360", "municipio": "MACAE", "porte": "MICRO EMPRESA", "abertura": "11/04/1995", "natureza_juridica": "206-2 - Sociedade Empres\u00e1ria Limitada", "cnpj": "39.709.720/0001-66", "ultima_atualizacao": "2020-02-07T22:26:49.914Z", "status": "OK", "tipo": "MATRIZ", "fantasia": "", "efr": "", "motivo_situacao": "", "situacao_especial": "", "data_situacao_especial": "", "capital_social": "1101000.00", "extra": {}, "billing": {"free": false, "database": true}}