{"atividade_principal": [{"text": "Com\u00e9rcio varejista de mercadorias em geral, com predomin\u00e2ncia de produtos aliment\u00edcios - minimercados, mercearias e armaz\u00e9ns", "code": "47.12-1-00"}], "data_situacao": "03/11/2005", "nome": "J B M PACHECO", "uf": "RJ", "atividades_secundarias": [{"text": "Com\u00e9rcio varejista de bebidas", "code": "47.23-7-00"}], "qsa": [], "situacao": "ATIVA", "bairro": "NOVO VISCONDE", "logradouro": "R CORONEL SIZENANDO", "numero": "967", "cep": "27.937-300", "municipio": "MACAE", "porte": "MICRO EMPRESA", "abertura": "12/09/1995", "natureza_juridica": "213-5 - Empres\u00e1rio (Individual)", "cnpj": "39.709.670/0001-17", "ultima_atualizacao": "2020-02-07T22:22:35.228Z", "status": "OK", "tipo": "MATRIZ", "fantasia": "", "complemento": "", "email": "", "telefone": "", "efr": "", "motivo_situacao": "", "situacao_especial": "", "data_situacao_especial": "", "capital_social": "10000.00", "extra": {}, "billing": {"free": false, "database": true}}