{"atividade_principal": [{"text": "Servi\u00e7os de pr\u00e9-impress\u00e3o", "code": "18.21-1-00"}], "data_situacao": "01/12/2001", "complemento": "LOJA 01", "nome": "LOUREIRO & LOUREIRO LTDA", "uf": "RJ", "telefone": "(22) 2762-8124", "qsa": [{"qual": "49-S\u00f3cio-Administrador", "nome": "TAIS DA SILVA LOUREIRO"}, {"qual": "49-S\u00f3cio-Administrador", "nome": "SEILOR ALMEIDA NUNES"}], "situacao": "ATIVA", "bairro": "SOL & MAR", "logradouro": "AV CARLOS AUGUSTO TINOCO GARCIA", "numero": "1618", "cep": "27.940-290", "municipio": "MACAE", "porte": "MICRO EMPRESA", "abertura": "24/03/1995", "natureza_juridica": "206-2 - Sociedade Empres\u00e1ria Limitada", "fantasia": "GRAFICA LOUREIRO", "cnpj": "39.711.817/0001-03", "ultima_atualizacao": "2020-02-07T22:25:03.653Z", "status": "OK", "tipo": "MATRIZ", "email": "", "efr": "", "motivo_situacao": "", "situacao_especial": "", "data_situacao_especial": "", "atividades_secundarias": [{"code": "00.00-0-00", "text": "N\u00e3o informada"}], "capital_social": "5000.00", "extra": {}, "billing": {"free": false, "database": true}}