{"atividade_principal": [{"text": "Desenvolvimento e licenciamento de programas de computador n\u00e3o-customiz\u00e1veis", "code": "62.03-1-00"}], "data_situacao": "08/01/2005", "complemento": "A", "nome": "CIA. BRASILEIRA DE SOFTWARE E SERVICOS LTDA", "uf": "SP", "telefone": "(17) 3215-8181", "email": "alessandro@trevizanauditores.com.br", "atividades_secundarias": [{"text": "Desenvolvimento e licenciamento de programas de computador customiz\u00e1veis", "code": "62.02-3-00"}, {"text": "Treinamento em inform\u00e1tica", "code": "85.99-6-03"}, {"text": "Repara\u00e7\u00e3o e manuten\u00e7\u00e3o de computadores e de equipamentos perif\u00e9ricos", "code": "95.11-8-00"}, {"text": "Suporte t\u00e9cnico, manuten\u00e7\u00e3o e outros servi\u00e7os em tecnologia da informa\u00e7\u00e3o", "code": "62.09-1-00"}, {"text": "Com\u00e9rcio varejista especializado de equipamentos e suprimentos de inform\u00e1tica", "code": "47.51-2-01"}, {"text": "Gest\u00e3o de ativos intang\u00edveis n\u00e3o-financeiros", "code": "77.40-3-00"}], "qsa": [{"qual": "49-S\u00f3cio-Administrador", "nome": "ROGERIO CESAR DE AQUINO"}, {"qual": "49-S\u00f3cio-Administrador", "nome": "ASSIS CASTELLAN"}, {"qual": "49-S\u00f3cio-Administrador", "nome": "ALTAMIRO CASTELAN"}], "situacao": "ATIVA", "bairro": "JARDIM PAULISTA", "logradouro": "AV DR. FERNANDO COSTA", "numero": "1005", "cep": "15.061-000", "municipio": "SAO JOSE DO RIO PRETO", "porte": "DEMAIS", "abertura": "19/04/1990", "natureza_juridica": "206-2 - Sociedade Empres\u00e1ria Limitada", "cnpj": "62.700.455/0001-77", "ultima_atualizacao": "2020-02-07T22:05:03.978Z", "status": "OK", "tipo": "MATRIZ", "fantasia": "", "efr": "", "motivo_situacao": "", "situacao_especial": "", "data_situacao_especial": "", "capital_social": "300000.00", "extra": {}, "billing": {"free": false, "database": true}}