{"data_situacao": "23/07/2014", "motivo_situacao": "EXTINCAO P/ ENC LIQ VOLUNTARIA", "nome": "P. C. COSTA MOVEIS & DIVISORIAS", "telefone": "(21) 2734-2376/ (21) 2734-5455", "email": "valdemircontabilidade@gmail.com", "situacao": "BAIXADA", "porte": "MICRO EMPRESA", "abertura": "07/07/2010", "natureza_juridica": "213-5 - Empres\u00e1rio (Individual)", "cnpj": "10.861.954/0002-23", "ultima_atualizacao": "2020-02-07T21:54:19.343Z", "status": "OK", "tipo": "FILIAL", "fantasia": "", "logradouro": "", "numero": "", "complemento": "", "cep": "", "bairro": "", "municipio": "", "uf": "", "efr": "", "situacao_especial": "", "data_situacao_especial": "", "atividade_principal": [{"code": "00.00-0-00", "text": "********"}], "atividades_secundarias": [{"code": "00.00-0-00", "text": "N\u00e3o informada"}], "capital_social": "0.00", "qsa": [], "extra": {}, "billing": {"free": false, "database": true}}