{"atividade_principal": [{"text": "Com\u00e9rcio varejista de artigos do vestu\u00e1rio e acess\u00f3rios", "code": "47.81-4-00"}], "data_situacao": "26/06/2009", "complemento": "LOJA 01", "nome": "DIVINA INSPIRACAO COMERCIO DE ROUPAS EIRELI", "uf": "RJ", "telefone": "(22) 2762-5020", "atividades_secundarias": [{"text": "Com\u00e9rcio varejista de cal\u00e7ados", "code": "47.82-2-01"}, {"text": "Com\u00e9rcio varejista de artigos esportivos", "code": "47.63-6-02"}], "qsa": [{"qual": "49-S\u00f3cio-Administrador", "nome": "BARBARA FERRAZ TAVARES DE AZEVEDO"}], "situacao": "ATIVA", "bairro": "CENTRO", "logradouro": "AV RUI BARBOSA", "numero": "688", "cep": "27.910-362", "municipio": "MACAE", "porte": "EMPRESA DE PEQUENO PORTE", "abertura": "26/06/2009", "natureza_juridica": "230-5 - Empresa Individual de Responsabilidade Limitada (de Natureza Empres\u00e1ria)", "fantasia": "ANACAPRI", "cnpj": "10.977.159/0001-14", "ultima_atualizacao": "2020-02-07T21:56:15.035Z", "status": "OK", "tipo": "MATRIZ", "email": "", "efr": "", "motivo_situacao": "", "situacao_especial": "", "data_situacao_especial": "", "capital_social": "78800.00", "extra": {}, "billing": {"free": false, "database": true}}