{"data_situacao": "17/10/2018", "motivo_situacao": "OMISSAO DE DECLARACOES", "nome": "LEME GOURMET RESTAURANTE LTDA", "telefone": "(21) 3579-3445/ (21) 3579-3445", "qsa": [{"qual": "22-S\u00f3cio", "nome": "MARCIA DA SILVA LOBO"}, {"qual": "49-S\u00f3cio-Administrador", "nome": "LEONARDO ARANTES"}], "situacao": "INAPTA", "porte": "EMPRESA DE PEQUENO PORTE", "abertura": "26/07/2011", "natureza_juridica": "206-2 - Sociedade Empres\u00e1ria Limitada", "fantasia": "DONA ZELITA RESTAURANTE", "cnpj": "14.006.659/0001-60", "ultima_atualizacao": "2020-02-07T21:55:24.975Z", "status": "OK", "tipo": "MATRIZ", "logradouro": "", "numero": "", "complemento": "", "cep": "", "bairro": "", "municipio": "", "uf": "", "email": "", "efr": "", "situacao_especial": "", "data_situacao_especial": "", "atividade_principal": [{"code": "00.00-0-00", "text": "********"}], "atividades_secundarias": [{"code": "00.00-0-00", "text": "N\u00e3o informada"}], "capital_social": "50000.00", "extra": {}, "billing": {"free": false, "database": true}}