{"atividade_principal": [{"text": "Com\u00e9rcio varejista de artigos de \u00f3ptica", "code": "47.74-1-00"}], "data_situacao": "24/12/2004", "complemento": "LOJA 2", "nome": "OTICA CENTRAL LTDA M E", "uf": "RJ", "qsa": [{"qual": "49-S\u00f3cio-Administrador", "nome": "TEREZA CRISTINA RAMOS"}, {"qual": "49-S\u00f3cio-Administrador", "nome": "CRISTIANE RAMOS CARNEIRO DA SILVA DE ABREU"}], "situacao": "ATIVA", "bairro": "CENTRO", "logradouro": "AV RUI BARBOSA", "numero": "336", "cep": "27.910-361", "municipio": "MACAE", "porte": "MICRO EMPRESA", "abertura": "05/09/1966", "natureza_juridica": "206-2 - Sociedade Empres\u00e1ria Limitada", "cnpj": "29.690.567/0001-19", "ultima_atualizacao": "2020-02-07T21:54:41.405Z", "status": "OK", "tipo": "MATRIZ", "fantasia": "", "email": "", "telefone": "", "efr": "", "motivo_situacao": "", "situacao_especial": "", "data_situacao_especial": "", "atividades_secundarias": [{"code": "00.00-0-00", "text": "N\u00e3o informada"}], "capital_social": "100000.00", "extra": {}, "billing": {"free": false, "database": true}}