{"atividade_principal": [{"text": "Com\u00e9rcio varejista de combust\u00edveis para ve\u00edculos automotores", "code": "47.31-8-00"}], "data_situacao": "03/11/2005", "nome": "SERRAMAR COMERCIO DE COMBUSTIVEIS LTDA", "uf": "RJ", "atividades_secundarias": [{"text": "Com\u00e9rcio a varejo de pe\u00e7as e acess\u00f3rios novos para ve\u00edculos automotores", "code": "45.30-7-03"}, {"text": "Com\u00e9rcio varejista de produtos aliment\u00edcios em geral ou especializado em produtos aliment\u00edcios n\u00e3o especificados anteriormente", "code": "47.29-6-99"}, {"text": "Com\u00e9rcio varejista de artigos de papelaria", "code": "47.61-0-03"}, {"text": "Com\u00e9rcio varejista de g\u00e1s liq\u00fcefeito de petr\u00f3leo (GLP)", "code": "47.84-9-00"}], "qsa": [{"qual": "49-S\u00f3cio-Administrador", "nome": "EVANDRO COSTA ATHAYDE"}, {"qual": "49-S\u00f3cio-Administrador", "nome": "ARTHUR MENDES ATHAYDE"}], "situacao": "ATIVA", "bairro": "CENTRO", "logradouro": "R DR TELIO BARRETO", "numero": "1074", "cep": "27.910-060", "municipio": "MACAE", "porte": "DEMAIS", "abertura": "19/03/1986", "natureza_juridica": "206-2 - Sociedade Empres\u00e1ria Limitada", "fantasia": "POSTO SERRAMAR", "cnpj": "30.144.588/0001-18", "ultima_atualizacao": "2020-02-07T21:54:27.377Z", "status": "OK", "tipo": "MATRIZ", "complemento": "", "email": "", "telefone": "", "efr": "", "motivo_situacao": "", "situacao_especial": "", "data_situacao_especial": "", "capital_social": "400000.00", "extra": {}, "billing": {"free": false, "database": true}}