{"atividade_principal": [{"text": "Com\u00e9rcio varejista de artigos do vestu\u00e1rio e acess\u00f3rios", "code": "47.81-4-00"}], "data_situacao": "17/01/2004", "complemento": "LOJA 29", "nome": "IMMENSE COMERCIO DE ROUPAS LTDA", "uf": "RJ", "email": "contato@immense.fashion.com.br", "qsa": [{"qual": "22-S\u00f3cio", "nome": "FLAVIO MANCEBO DE AZEVEDO"}, {"qual": "49-S\u00f3cio-Administrador", "nome": "ANDREZZA FERRAZ TAVARES DE AZEVEDO"}], "situacao": "ATIVA", "bairro": "CENTRO", "logradouro": "R TEIXEIRA DE GOUVEIA", "numero": "901", "cep": "27.910-110", "municipio": "MACAE", "porte": "EMPRESA DE PEQUENO PORTE", "abertura": "08/10/1986", "natureza_juridica": "206-2 - Sociedade Empres\u00e1ria Limitada", "fantasia": "IMMENSE", "cnpj": "31.198.427/0001-70", "ultima_atualizacao": "2020-02-07T21:56:00.433Z", "status": "OK", "tipo": "MATRIZ", "telefone": "", "efr": "", "motivo_situacao": "", "situacao_especial": "", "data_situacao_especial": "", "atividades_secundarias": [{"code": "00.00-0-00", "text": "N\u00e3o informada"}], "capital_social": "50000.00", "extra": {}, "billing": {"free": false, "database": true}}