{"atividade_principal": [{"text": "Com\u00e9rcio varejista de combust\u00edveis para ve\u00edculos automotores", "code": "47.31-8-00"}], "data_situacao": "09/12/2000", "complemento": "KM 164 7", "nome": "POSTO IMBOASSICA COMERCIO E SERVICOS LTDA", "uf": "RJ", "telefone": "(22) 2772-6393", "email": "postoimboassica@grupotutoia.com.br", "atividades_secundarias": [{"text": "Com\u00e9rcio varejista de lubrificantes", "code": "47.32-6-00"}, {"text": "Servi\u00e7os de lavagem, lubrifica\u00e7\u00e3o e polimento de ve\u00edculos automotores", "code": "45.20-0-05"}, {"text": "Com\u00e9rcio varejista de bebidas", "code": "47.23-7-00"}], "qsa": [{"qual": "49-S\u00f3cio-Administrador", "nome": "EVANDRO COSTA ATHAYDE"}, {"qual": "49-S\u00f3cio-Administrador", "nome": "GABRIEL MENDES ATHAYDE"}, {"qual": "49-S\u00f3cio-Administrador", "nome": "ARTHUR MENDES ATHAYDE"}, {"qual": "49-S\u00f3cio-Administrador", "nome": "MARIANNA MENDES ATHAYDE"}, {"qual": "49-S\u00f3cio-Administrador", "nome": "MARIA TERESA MENDES ATHAYDE"}], "situacao": "ATIVA", "bairro": "IMBOASSICA", "logradouro": "ROD AMARAL PEIXOTO", "numero": "S/N", "cep": "27.932-050", "municipio": "MACAE", "porte": "DEMAIS", "abertura": "31/12/1986", "natureza_juridica": "206-2 - Sociedade Empres\u00e1ria Limitada", "cnpj": "31.341.944/0001-56", "ultima_atualizacao": "2020-02-07T21:54:49.714Z", "status": "OK", "tipo": "MATRIZ", "fantasia": "", "efr": "", "motivo_situacao": "", "situacao_especial": "", "data_situacao_especial": "", "capital_social": "60000.00", "extra": {}, "billing": {"free": false, "database": true}}