{"data_situacao": "02/09/2015", "motivo_situacao": "LOCALIZACAO DESCONHECIDA", "nome": "H M TRANSPORTES LTDA", "telefone": "(21) 2584-4117", "qsa": [{"qual": "49-S\u00f3cio-Administrador", "nome": "JACIB CHERENE"}, {"qual": "49-S\u00f3cio-Administrador", "nome": "CLEBER MUNIZ CHERENE"}, {"qual": "49-S\u00f3cio-Administrador", "nome": "JACYRENE MUNIZ CHERENE"}], "situacao": "INAPTA", "porte": "DEMAIS", "abertura": "11/08/1989", "natureza_juridica": "206-2 - Sociedade Empres\u00e1ria Limitada", "cnpj": "35.779.768/0001-90", "ultima_atualizacao": "2020-02-07T21:56:22.648Z", "status": "OK", "tipo": "MATRIZ", "fantasia": "", "logradouro": "", "numero": "", "complemento": "", "cep": "", "bairro": "", "municipio": "", "uf": "", "email": "", "efr": "", "situacao_especial": "", "data_situacao_especial": "", "atividade_principal": [{"code": "00.00-0-00", "text": "********"}], "atividades_secundarias": [{"code": "00.00-0-00", "text": "N\u00e3o informada"}], "capital_social": "500000.00", "extra": {}, "billing": {"free": false, "database": true}}