{"atividade_principal": [{"text": "Com\u00e9rcio atacadista de M\u00e1quinas e equipamentos para uso industrial; partes e pe\u00e7as", "code": "46.63-0-00"}], "data_situacao": "01/02/2003", "nome": "GLOBOMAR COMERCIAL LTDA", "uf": "RJ", "atividades_secundarias": [{"text": "Com\u00e9rcio atacadista de ferragens e ferramentas", "code": "46.72-9-00"}], "qsa": [{"qual": "49-S\u00f3cio-Administrador", "nome": "RENATO FRANCISCO GON"}, {"qual": "49-S\u00f3cio-Administrador", "nome": "RITA DE CASSIA SABAINI GON"}], "situacao": "ATIVA", "bairro": "NOVO CAVALEIROS", "logradouro": "AV PREF ARISTEU F DA SILVA", "numero": "900", "cep": "27.930-070", "municipio": "MACAE", "porte": "DEMAIS", "abertura": "04/07/1991", "natureza_juridica": "206-2 - Sociedade Empres\u00e1ria Limitada", "fantasia": "GLOBOMAR", "cnpj": "36.293.264/0001-28", "ultima_atualizacao": "2020-02-07T21:55:40.430Z", "status": "OK", "tipo": "MATRIZ", "complemento": "", "email": "", "telefone": "", "efr": "", "motivo_situacao": "", "situacao_especial": "", "data_situacao_especial": "", "capital_social": "2000000.00", "extra": {}, "billing": {"free": false, "database": true}}