{"atividade_principal": [{"text": "Restaurantes e similares", "code": "56.11-2-01"}], "data_situacao": "10/07/2004", "nome": "ILHOTE SUL DE MACAE RESTAURANTE LTDA", "uf": "RJ", "telefone": "(22) 2773-4402/ (22) 2773-5045", "email": "luciano@santiliano.com.br", "qsa": [{"qual": "22-S\u00f3cio", "nome": "GERSON LUCAS MARTINS"}, {"qual": "49-S\u00f3cio-Administrador", "nome": "LUIZ RENATO LUCAS MARTINS"}], "situacao": "ATIVA", "bairro": "CAVALEIROS", "logradouro": "AV ATLANTICA", "numero": "2620", "cep": "27.920-390", "municipio": "MACAE", "porte": "EMPRESA DE PEQUENO PORTE", "abertura": "08/05/1991", "natureza_juridica": "206-2 - Sociedade Empres\u00e1ria Limitada", "fantasia": "ILHOTE SUL RESTAURANTE", "cnpj": "36.291.870/0001-04", "ultima_atualizacao": "2020-02-07T21:56:34.749Z", "status": "OK", "tipo": "MATRIZ", "complemento": "", "efr": "", "motivo_situacao": "", "situacao_especial": "", "data_situacao_especial": "", "atividades_secundarias": [{"code": "00.00-0-00", "text": "N\u00e3o informada"}], "capital_social": "67800.00", "extra": {}, "billing": {"free": false, "database": true}}